BioWare Version 5.4.3.0 Export
Device:	Kistler Grande1 9287CA	Kistler Grande1 9287CA	Kistler Grande1 9287CA	Kistler Grande2 9287CA	Kistler Grande2 9287CA	Kistler Grande2 9287CA
Samples (#):	8000	8000	8000	8000	8000	8000
Rate (Hz):	1000.000000	1000.000000	1000.000000	1000.000000	1000.000000	1000.000000
Contact period start (sample #):	0	0	0	3302	3302	3302
Contact period end (sample #):	7999	7999	7999	3365	3365	3365
Contact period start time (s):	0.000000	0.000000	0.000000	3.302000	3.302000	3.302000
Contact period end time (s):	7.999000	7.999000	7.999000	3.365000	3.365000	3.365000
First sample time (s):	0.000000	0.000000	0.000000	0.000000	0.000000	0.000000
Normalized force (N):	658.043884	658.043884	658.043884	658.043884	658.043884	658.043884
Normalized length (m):	1.000000	1.000000	1.000000	1.000000	1.000000	1.000000
File Information
Date	Oct 29, 2025  14:05:40
Name	
ID	
Classification	
Description	
abs time (s)	Fx	Fy	Fz	Fx	Fy	Fz
	N	N	N	N	N	N
0.000000	2.932833	1.340294	657.803688	0.324076	0.440330	2.418234
0.001000	2.891939	1.300406	656.550537	0.164589	0.081317	0.991093
0.002000	2.650210	0.979539	655.458710	0.324076	0.360524	1.784760
0.003000	3.335312	1.701491	660.145935	0.284278	0.280488	2.576859
0.004000	3.335312	1.741378	660.614082	0.084406	0.161123	1.150537
0.005000	2.730382	1.099643	655.928619	0.324076	0.360524	1.942145
0.006000	2.609719	1.099643	655.457909	0.364168	0.240700	2.102079
0.007000	3.294418	1.701491	661.707581	0.044315	0.200682	0.516879
0.008000	3.213841	1.580944	659.835732	0.324076	0.240700	3.211826
0.009000	2.891939	1.420953	658.115494	0.324076	0.360524	1.626135
0.010000	2.932025	1.340736	657.644768	0.324076	0.240700	2.258882
0.011000	2.932025	1.380623	658.581070	0.324076	0.360524	2.259211
0.012000	3.213841	1.741821	660.145935	0.084406	0.081317	1.152175
0.013000	3.173755	1.741821	660.772034	0.324076	0.320735	2.735392
0.014000	2.649805	1.340736	657.176712	0.164003	0.161123	0.834128
0.015000	2.730382	1.180303	657.019394	0.563746	0.440559	4.161638
0.016000	3.294418	1.902255	662.176453	0.004516	0.081088	-0.114865
0.017000	2.891939	1.580944	658.584274	0.444058	0.400541	3.843990
0.018000	2.609719	1.260520	656.396599	-0.035283	0.081088	0.200633
0.019000	2.811363	1.381066	657.800308	0.283985	0.121105	1.466783
0.020000	3.173350	1.701491	660.612488	0.284278	0.320735	2.100678
0.021000	2.932025	1.661604	659.054108	0.004516	0.121105	0.675267
0.022000	3.132860	1.782151	659.522163	0.444058	0.360753	3.212155
0.023000	2.689892	1.300849	656.863228	-0.155264	-0.038507	-1.385624
0.024000	3.012198	1.461283	659.051613	0.684020	0.520136	5.587470
0.025000	3.294418	2.022801	660.927483	-0.035283	0.041299	-0.593196
0.026000	2.932025	1.622160	658.739822	0.643636	0.520365	4.795043
0.027000	2.689892	1.341179	655.929268	0.004516	0.041070	-0.434664
0.028000	3.092774	1.622160	659.987991	0.324076	0.320735	2.258882
0.029000	3.374590	1.902697	661.083031	0.284278	0.241159	1.626135
0.030000	2.891535	1.582273	657.336189	-0.035575	0.041299	-1.068466
0.031000	3.012198	1.582715	657.020370	0.603838	0.480348	4.954487
0.032000	3.052688	1.582715	658.112846	-0.075374	-0.038507	-0.910262
0.033000	3.213436	1.782593	659.518967	0.684020	0.560154	5.745674
0.034000	3.132860	1.903140	659.053215	0.004516	0.041299	-0.593196
0.035000	3.173350	1.822923	659.364304	0.843508	0.639960	6.697055
0.036000	2.891535	1.502499	656.395004	-0.155264	-0.078295	-2.337167
0.037000	3.253927	1.903140	659.674515	0.324076	0.360524	2.733915
0.038000	3.455571	2.184563	661.239220	0.284278	0.240700	1.783849
0.039000	2.891535	1.622602	657.018600	-0.155264	-0.038507	-1.701870
0.040000	2.810554	1.623045	655.146042	0.684020	0.520365	5.429757
0.041000	3.294013	2.064016	659.515594	-0.035283	0.041299	-0.274966
0.042000	3.374590	2.144233	660.299713	0.643636	0.560383	5.587470
0.043000	2.891535	1.824252	655.771339	-0.195063	-0.118313	-2.019519
0.044000	2.891535	1.783479	655.771248	0.803416	0.560154	6.063651
0.045000	3.213436	1.824252	658.265900	-0.035575	-0.038507	-0.592048
0.046000	3.374590	2.144676	659.050819	0.324076	0.240700	1.465964
0.047000	3.294013	2.185006	657.958115	0.364168	0.360524	2.258882
0.048000	3.213436	1.984242	657.173363	-0.075374	0.041299	-1.068466
0.049000	2.770468	1.623488	653.425797	0.603838	0.560154	5.587470
0.050000	3.576233	2.144676	659.050018	-0.075374	-0.078524	-0.910354
0.051000	3.817558	2.625978	661.862900	0.843508	0.599942	6.379897
0.052000	3.052284	1.904468	655.614204	-0.115173	-0.038507	-1.068466
0.053000	2.810554	1.703705	654.207268	0.563746	0.440330	4.636510
0.054000	3.616319	2.345440	660.298759	-0.035575	0.001282	-0.434664
0.055000	3.535743	2.345883	659.363426	0.164003	0.081088	1.624987
0.056000	3.253927	2.105232	656.863075	0.483856	0.440330	3.528892
0.057000	3.294013	2.225779	657.018623	-0.195355	-0.198348	-1.544157
0.058000	3.052284	1.784364	655.610100	0.723819	0.679748	5.903716
0.059000	3.575829	2.386212	659.049942	-0.235154	-0.238366	-2.178051
0.060000	3.737386	2.626420	660.614006	0.723819	0.560154	5.588618
0.061000	3.213436	1.985128	656.237000	-0.035575	-0.078295	-0.750910
0.062000	2.971707	1.824694	654.205589	0.523655	0.360524	4.003434
0.063000	3.817962	2.546646	660.924034	0.044315	0.121105	0.675666
0.064000	3.697300	2.506316	660.300522	0.044315	0.041299	0.832889
0.065000	3.374590	2.225779	657.017914	0.563746	0.559924	4.797010
0.066000	3.334504	2.105232	656.235397	-0.155264	-0.118313	-1.702690
0.067000	3.736982	2.426099	659.360153	0.883306	0.759324	6.379897
0.068000	3.737386	2.386212	659.049942	-0.235154	-0.198348	-2.969331
0.069000	3.656405	2.426542	658.581902	0.803416	0.719766	5.745184
0.070000	3.575829	2.105232	657.016869	-0.035283	-0.038277	-0.593854
0.071000	3.374590	1.904911	655.922791	0.444058	0.440559	3.211993
0.072000	4.099778	2.466872	659.675323	0.363875	0.320735	2.576859
0.073000	3.858049	2.426542	659.050041	0.364168	0.240700	2.418326
0.074000	3.575829	1.905354	655.612679	0.403966	0.440330	2.893105
0.075000	3.656405	1.985571	655.766541	-0.115465	-0.118083	-1.386443
0.076000	4.179951	2.346325	660.142677	0.883306	0.799801	7.015943
0.077000	4.139865	2.266109	659.050850	-0.235154	-0.278154	-2.335436
0.078000	4.059692	2.226222	657.643295	0.523948	0.520136	4.795700
0.079000	3.736578	1.865024	655.922798	0.084406	0.001511	0.675666
0.080000	3.897731	1.865024	657.170975	0.444058	0.480348	4.003763
0.081000	4.260527	2.226222	659.361931	0.364168	0.240700	2.259701
0.082000	4.099374	2.105232	657.486954	0.364168	0.320735	2.892448
0.083000	3.656001	1.825137	654.672302	0.364168	0.360524	3.209513
0.084000	3.777068	1.744920	655.609398	-0.155264	-0.118313	-1.701450
0.085000	4.341103	2.306438	659.047646	0.643636	0.599942	4.953904
0.086000	4.058479	2.106117	657.174347	-0.115173	-0.078295	-0.909114
0.087000	3.897731	1.825137	654.985718	0.523948	0.480348	3.686115
0.088000	3.938221	1.744920	655.453133	0.204680	0.081317	1.784431
0.089000	4.220037	1.985128	658.578705	0.483856	0.440559	3.844319
0.090000	4.099374	1.905354	656.236465	0.284278	0.241159	2.576859
0.091000	4.179951	1.945241	656.391121	0.324369	0.161123	2.258882
0.092000	4.018393	1.824694	656.077713	0.483856	0.440559	3.211993
0.093000	4.098565	1.864581	656.701317	0.044607	-0.038277	0.517461
0.094000	4.341103	2.185892	658.109833	0.364168	0.400541	1.943293
0.095000	4.058479	1.824694	656.078514	-0.035283	0.001741	0.358017
0.096000	3.736578	1.463940	653.424324	0.563746	0.520365	4.480273
0.097000	4.139460	1.784364	655.920570	0.364168	0.241159	2.418326
0.098000	4.501852	2.145119	659.671425	0.324076	0.241159	2.418326
0.099000	3.816750	1.704590	654.361412	0.444058	0.400771	2.734572
0.100000	3.736578	1.544157	654.047913	0.324369	0.241159	1.783191
0.101000	4.018393	1.744478	656.546570	0.204680	0.161123	1.625316
0.102000	4.179546	1.904911	657.485359	0.284278	0.041529	1.309070
0.103000	4.099374	1.985128	656.860161	0.284278	0.320735	1.467602
0.104000	4.098565	1.945241	657.171951	0.204680	0.081547	1.149389
0.105000	3.534934	1.423610	652.953690	0.364168	0.400771	2.418655
0.106000	4.017989	1.865024	656.857582	0.324369	0.320735	2.418655
0.107000	4.541938	2.305996	660.607719	0.324369	0.281177	2.734572
0.108000	3.856836	1.623931	655.139755	0.404259	0.440559	3.209513
0.109000	3.494444	1.463940	652.484665	0.084406	0.041529	1.149626
0.110000	4.058479	1.945241	657.324120	0.284278	0.320735	1.465872
0.111000	4.219632	2.105232	658.888901	0.324369	0.081547	2.416757
0.112000	3.856836	1.865024	655.140556	0.244772	0.320735	1.468842
0.113000	3.816750	1.865024	655.138870	0.204680	0.201371	1.783612
0.114000	3.575021	1.544157	654.511978	0.444058	0.440559	2.733661
0.115000	3.856836	1.865024	655.763374	0.164882	0.121335	1.626718
0.116000	4.219632	2.266109	658.265228	0.364168	0.360753	1.942964
0.117000	3.897326	1.905354	656.544113	0.364168	0.400541	3.211336
0.118000	3.292801	1.424053	651.231674	0.284863	0.201371	2.259701
0.119000	4.017989	2.025458	657.011528	0.084406	0.121335	0.673773
0.120000	4.138652	2.306438	659.045341	0.523948	0.321195	4.003106
0.121000	3.534530	1.785250	654.827072	0.244186	0.320735	1.310708
0.122000	3.453953	1.785250	653.732834	0.324369	0.161123	1.942145
0.123000	3.856836	2.025458	656.855095	0.403966	0.360753	2.259211
0.124000	3.896922	2.146447	657.170280	0.284278	0.240700	1.942964
0.125000	3.615107	2.106560	655.452362	0.284278	0.320735	2.259211
0.126000	3.816750	2.066230	656.231491	0.084406	0.081317	0.990602
0.127000	3.413463	1.744920	654.511101	0.603838	0.440559	5.112108
0.128000	3.896922	2.306881	657.326530	0.084406	0.121105	0.358017
0.129000	4.017989	2.467315	658.731056	0.563746	0.480348	4.953247
0.130000	3.615107	2.106560	656.385368	-0.075374	0.081317	-0.273980
0.131000	3.292801	1.825580	652.636833	0.403966	0.320735	3.528073
0.132000	3.977499	2.387098	659.199112	0.324076	0.320735	1.624987
0.133000	4.058075	2.467315	659.511795	0.164589	0.200682	0.357619
0.134000	3.574616	2.187220	655.919716	0.483856	0.440330	3.528892
0.135000	3.413867	2.066673	655.136398	-0.035283	0.041299	-0.593196
0.136000	3.856432	2.227107	658.258728	0.563746	0.480348	4.953247
0.137000	3.816346	2.468200	657.481285	0.084406	0.041299	0.517790
0.138000	3.615107	2.387541	656.231506	0.843508	0.639960	6.221364
0.139000	3.574616	2.227107	656.543221	-0.075374	-0.038507	-1.701542
0.140000	3.372973	1.866795	654.667366	0.483856	0.400541	3.686277
0.141000	3.735365	2.468200	658.574623	0.084406	0.081088	0.834527
0.142000	3.937008	2.588304	658.886429	-0.035575	0.041299	-1.068795
0.143000	3.413059	2.147333	655.607834	0.523655	0.480348	4.161967
0.144000	3.413463	2.026786	654.979256	0.044315	0.121105	0.041938
0.145000	3.896518	2.548417	659.510124	0.803416	0.520365	5.904628
0.146000	3.614298	2.267880	656.856689	-0.154971	-0.078524	-1.385624
0.147000	3.453549	2.147333	655.449883	0.723819	0.600171	5.904207
0.148000	3.775451	2.468200	658.104080	0.004516	-0.038507	-1.226180
0.149000	3.654384	2.227550	657.632568	0.563746	0.480348	4.478306
0.150000	3.694875	2.428756	657.947647	0.004516	0.081088	-0.118255
0.151000	3.694470	2.508530	657.950142	0.004516	0.081317	0.199813
0.152000	3.332482	2.107446	654.823792	0.603838	0.560154	5.428845
0.153000	3.533317	2.187663	655.915543	-0.075374	-0.038507	-1.226509
0.154000	4.177929	2.869728	661.697083	0.843215	0.640189	6.062249
0.155000	3.653980	2.388426	657.166039	0.004516	0.041299	-0.274309
0.156000	3.251502	2.147776	654.354759	0.723819	0.600171	5.905447
0.157000	3.493635	2.308652	655.447388	-0.035283	-0.078295	-0.750581
0.158000	3.975882	2.588747	659.351280	0.444058	0.400541	2.892119
0.159000	3.694066	2.548860	657.635071	0.204680	0.320735	1.467602
0.160000	3.613894	2.508530	655.916336	-0.035283	0.001511	-0.116595
0.161000	3.331674	2.227993	654.822914	0.643636	0.599942	5.745092
0.162000	3.613490	2.348539	656.539215	-0.115173	-0.078295	-1.069706
0.163000	4.056863	2.910057	660.292542	0.723819	0.600171	5.745512
0.164000	3.734152	2.589190	657.791397	-0.115173	-0.118083	-1.226180
0.165000	3.210607	2.107889	653.415977	0.723819	0.679748	6.062832
0.166000	3.613490	2.429199	657.165230	0.044607	-0.038507	0.042100
0.167000	4.015968	2.869728	660.605072	0.284278	0.201371	2.100349
0.168000	3.572999	2.549746	656.701271	0.444058	0.400541	3.528401
0.169000	3.613490	2.509416	656.229729	0.164589	0.001511	0.992333
0.170000	3.532913	2.469086	656.385277	0.723819	0.679977	5.587799
0.171000	3.774238	2.710180	657.946045	-0.235154	-0.118313	-2.336256
0.172000	3.975478	2.950830	659.353783	0.843508	0.639960	6.855588
0.173000	3.734152	2.750067	658.103188	-0.195063	-0.197889	-1.859746
0.174000	3.330866	2.309095	654.196014	0.523948	0.520365	3.845230
0.175000	3.653171	2.629520	657.164436	0.164589	0.081547	1.467274
0.176000	4.096140	3.071376	660.292389	0.364168	0.241159	2.258882
0.177000	3.653171	2.549746	657.008888	0.284278	0.161123	1.942964
0.178000	3.370952	2.429642	654.822823	-0.035575	-0.038277	-0.116595
0.179000	3.813920	2.750509	657.162743	0.723819	0.639960	5.588618
0.180000	4.136227	3.071376	660.758125	-0.354550	-0.277925	-3.128683
0.181000	3.572191	2.830726	655.917946	0.684020	0.639960	5.269822
0.182000	3.693258	2.790839	656.382965	-0.115173	-0.197889	-1.068466
0.183000	3.612277	2.509858	656.694511	0.403966	0.400541	2.892286
0.184000	3.854007	2.871055	657.789719	0.244186	0.121335	1.624987
0.185000	4.015159	3.152036	658.572960	0.444058	0.440559	3.686606
0.186000	3.854007	3.031489	658.414116	0.404259	0.400541	3.209513
0.187000	3.370547	2.430084	653.571518	-0.035283	0.001511	-0.752387
0.188000	3.894093	2.911385	657.943657	0.603838	0.600171	4.954233
0.189000	4.336657	3.272583	661.540558	-0.154971	-0.158101	-1.859255
0.190000	3.772622	2.871498	656.542427	0.603838	0.600171	4.636838
0.191000	3.611468	2.751394	655.447388	-0.075374	-0.118313	-0.910262
0.192000	4.014755	2.951715	658.568054	0.404259	0.400771	3.528401
0.193000	4.054437	2.871498	658.102402	0.324076	0.161123	2.258882
0.194000	3.893688	3.032375	656.854309	0.364168	0.320735	2.893267
0.195000	4.175504	3.152479	659.509323	0.404259	0.400541	2.577187
0.196000	3.692045	2.671178	655.913139	0.044607	0.001741	0.991093
0.197000	4.135014	3.072705	658.414932	0.444058	0.480348	3.053622
0.198000	4.336253	3.353243	660.290947	-0.154971	-0.118083	-1.544157
0.199000	4.013947	2.871498	656.850304	0.484149	0.520365	3.369707
0.200000	3.692045	2.711507	655.445717	0.124790	0.121335	1.783520
0.201000	4.376743	3.313356	660.912071	0.403966	0.281177	2.576859
0.202000	4.215186	3.112592	659.351402	0.284278	0.201371	1.783520
0.203000	3.812708	2.791724	655.757675	0.284278	0.161123	2.260612
0.204000	4.094523	3.032375	657.161240	0.324369	0.400771	2.259211
0.205000	4.215186	3.032375	658.878357	0.124790	0.001741	1.467602
0.206000	4.255272	3.113034	658.100807	0.284278	0.320735	1.626556
0.207000	4.255272	3.193251	657.476326	0.124790	-0.038277	0.673536
0.208000	4.134610	3.032818	656.693962	0.444058	0.400541	2.893105
0.209000	3.973052	2.711950	654.976768	0.284278	0.121335	1.942964
0.210000	4.617260	3.313356	660.600433	0.364168	0.360753	2.734572
0.211000	4.536683	3.313356	659.192650	0.444350	0.400771	3.209513
0.212000	4.134205	2.752280	655.757675	0.164589	0.121335	1.625807
0.213000	4.214782	2.832054	656.068764	0.283985	0.360753	1.942145
0.214000	4.738327	3.273468	661.222450	0.364168	0.121794	2.733494
0.215000	4.576770	3.113034	659.038071	0.004516	0.161123	0.200471
0.216000	4.375126	2.912714	656.538597	0.204680	0.041529	1.624168
0.217000	4.294550	2.872827	656.224304	0.404259	0.400771	2.893105
0.218000	4.415617	2.872827	657.316780	0.164589	0.161123	1.626227
0.219000	4.778413	3.353685	659.818092	0.284278	0.121335	1.625316
0.220000	4.576365	3.193694	658.411896	0.444058	0.440559	3.369869
0.221000	4.334636	2.711950	655.442688	0.324369	0.121335	1.785251
0.222000	4.133397	2.832940	655.442688	0.004516	0.161123	0.199813
0.223000	4.979248	3.313798	660.595627	0.524240	0.281177	3.685458
0.224000	4.777605	3.273468	659.661766	0.164589	0.121335	0.675994
0.225000	4.375126	2.913156	655.911789	0.324369	0.281177	3.211336
0.226000	4.294550	2.752280	654.503983	0.364168	0.320735	2.102408
0.227000	4.737114	3.153364	659.502937	0.164589	0.241159	1.784431
0.228000	4.737114	3.153364	658.879326	0.324369	0.161123	1.783520
0.229000	4.495789	2.953043	656.849678	0.164003	0.201371	1.150537
0.230000	4.374722	2.751837	655.910919	0.484149	0.320735	3.684783
0.231000	4.414808	2.752280	655.910027	0.044607	0.121335	-0.274309
0.232000	4.737114	3.193251	658.254997	0.444058	0.400771	3.844902
0.233000	4.696624	3.153364	658.410545	0.044607	0.001511	-0.274309
0.234000	4.172674	2.711950	654.193871	0.403966	0.360753	3.209185
0.235000	4.414808	2.752280	655.283936	0.364168	0.241159	1.943783
0.236000	5.019334	3.353685	660.440987	0.044315	0.121335	1.149626
0.237000	4.495385	2.953043	656.225212	0.444350	0.360753	3.052457
0.238000	4.414808	2.953043	655.754654	-0.035283	0.041529	-0.433661
0.239000	4.494980	2.872827	656.690231	0.564039	0.480577	4.636838
0.240000	4.535471	3.032818	656.846481	0.004516	0.041529	-0.116595
0.241000	4.736306	3.233581	657.941513	0.644222	0.600171	5.905118
0.242000	4.776796	3.193251	658.878616	0.044607	0.041529	-1.068466
0.243000	4.172270	2.672063	654.346039	0.403966	0.400771	3.846049
0.244000	4.575153	2.912714	656.846481	0.244186	0.081088	1.308158
0.245000	4.937949	3.474232	660.440262	0.084406	0.161123	0.515823
0.246000	4.494172	3.113034	656.223602	0.324369	0.360753	2.576859
0.247000	4.333828	2.872827	654.658722	-0.035283	-0.038277	-1.384384
0.248000	4.575153	2.993373	656.843994	0.684020	0.560383	5.905118
0.249000	4.776796	3.193251	658.877014	0.044607	0.001741	-0.433499
0.250000	4.494172	3.193694	655.910194	0.763910	0.640189	6.697217
0.251000	4.655729	3.113477	656.533089	-0.075374	-0.038277	-1.860075
0.252000	4.292933	2.752280	654.969009	0.564039	0.480577	4.795043
0.253000	4.534258	2.953043	656.376656	-0.034990	0.041759	-0.115776
0.254000	4.816882	3.313798	658.097954	0.044607	-0.078065	-0.433661
0.255000	4.695816	3.153364	657.159164	0.564039	0.560383	5.429757
0.256000	4.212356	2.672063	653.094849	0.004809	0.001741	-1.226180
0.257000	4.655325	3.073148	657.158287	0.603838	0.560383	5.588289
0.258000	4.977227	3.353685	658.720673	-0.035283	0.041529	-0.274309
0.259000	4.333019	2.872827	654.661301	0.723819	0.520595	6.062832
0.260000	4.453682	2.993373	654.502548	-0.234568	-0.038277	-2.019190
0.261000	4.735902	3.113034	657.624825	0.523948	0.400771	3.844902
0.262000	4.614430	3.153364	656.689339	0.004809	0.081547	0.358837
0.263000	4.453682	3.153364	655.754654	-0.035283	0.001741	-0.752549
0.264000	4.493768	3.113477	656.221283	0.564039	0.480577	5.587799
0.265000	4.372701	2.872827	654.501579	0.004809	0.041529	0.199813
0.266000	4.775988	3.233581	657.781967	0.684020	0.520595	5.429266
0.267000	4.936332	3.474675	658.250992	-0.155264	-0.038277	-1.544157
0.268000	4.493364	3.032818	655.126076	0.763910	0.520595	6.380808
0.269000	4.292529	2.993373	653.564590	-0.115173	0.001741	-0.432513
0.270000	5.017717	3.393572	659.030060	0.404259	0.241388	2.100349
0.271000	4.896246	3.394458	658.719772	0.204680	0.201371	1.627046
0.272000	4.292529	2.953043	653.877258	-0.075081	-0.078065	-0.910262
0.273000	4.211952	2.913156	653.720856	0.684020	0.560383	5.587470
0.274000	4.734689	3.153364	657.468483	-0.195063	-0.038277	-2.019519
0.275000	4.896650	3.434345	657.470177	0.804002	0.640189	6.696144
0.276000	4.533854	3.273911	655.284828	-0.195063	-0.197889	-1.860075
0.277000	4.453277	3.153364	655.282417	0.684020	0.600171	4.795043
0.278000	4.131376	2.832940	652.782959	0.004809	-0.038047	0.042919
0.279000	4.815669	3.313798	657.470177	0.204680	0.281177	2.100349
0.280000	5.017313	3.674995	659.344353	0.404259	0.281177	3.053460
0.281000	4.412787	3.033703	654.502380	-0.035283	0.001741	-0.275785
0.282000	4.050395	2.873269	652.781364	0.923398	0.679977	6.696306
0.283000	4.896246	3.515004	659.030861	-0.274660	-0.158101	-2.335436
0.284000	4.614430	3.394458	657.158287	0.843508	0.639960	6.219963
0.285000	4.533854	3.273911	655.438683	-0.075081	-0.118083	-0.592377
0.286000	4.533854	3.273911	655.594933	0.563746	0.600171	4.003763
0.287000	4.412787	3.153807	655.125198	0.204680	0.081317	1.783612
0.288000	4.856160	3.515004	657.626427	0.324076	0.320735	2.418326
0.289000	4.856160	3.555334	657.938957	0.483856	0.440330	3.844319
0.290000	4.332211	3.114363	654.188087	-0.035283	-0.038277	-0.910262
0.291000	4.171462	3.034146	653.093880	0.723819	0.679977	5.904536
0.292000	4.936736	3.836315	659.186325	-0.274660	-0.397519	-2.812857
0.293000	4.855756	3.595221	657.938866	0.723819	0.639960	4.952756
0.294000	4.252038	3.274797	654.345238	-0.155264	-0.158101	-1.384713
0.295000	4.412787	3.395343	654.499817	0.563746	0.480348	3.846049
0.296000	4.735497	3.515447	657.781013	0.324369	0.161123	2.418326
0.297000	4.654517	3.555777	656.217903	0.483856	0.360753	2.892448
0.298000	4.614430	3.515447	656.062363	0.324076	0.400541	2.101497
0.299000	4.332211	3.315127	654.656166	0.004516	-0.078295	-0.117252
0.300000	4.412787	3.195023	654.186409	0.643636	0.560154	4.480273
0.301000	4.856160	3.836315	658.094498	-0.275245	-0.197889	-2.176903
0.302000	4.654517	3.555777	656.218628	0.563453	0.520136	3.686115
0.303000	4.291720	3.114363	653.720680	0.044607	0.081317	1.308741
0.304000	4.412787	3.355014	654.655365	0.444350	0.400541	3.369869
0.305000	4.936332	3.716211	658.091919	0.363875	0.360753	2.418326
0.306000	4.453277	3.595664	655.596542	0.403966	0.360753	3.846049
0.307000	4.492959	3.515447	655.125908	0.403966	0.360524	2.259211
0.308000	4.332211	3.315127	654.811707	-0.075374	-0.038277	-0.593854
0.309000	4.452873	3.475560	655.747192	0.403966	0.480348	2.100678
0.310000	4.774775	3.716211	656.843102	-0.035283	-0.078295	-0.117252
0.311000	4.533450	3.635551	656.218536	0.404259	0.400541	3.054280
0.312000	4.291720	3.274797	654.030006	0.324076	0.241159	1.940905
0.313000	4.452873	3.555334	656.059784	0.403966	0.360753	3.054280
0.314000	4.573536	3.756541	657.467430	0.403966	0.400541	3.053460
0.315000	4.331806	3.475560	654.968758	0.204680	0.041529	1.626718
0.316000	4.130567	3.395343	653.875343	0.403966	0.440559	2.735392
0.317000	4.412383	3.515447	655.432808	0.284278	0.081547	1.625316
0.318000	4.492959	3.635551	658.090240	0.164589	0.241159	1.309398
0.319000	4.210740	3.475560	654.031609	0.124790	0.041529	0.674027
0.320000	4.210740	3.515447	654.654472	0.484149	0.440559	3.686115
0.321000	4.210740	3.435230	656.215973	0.284278	0.161123	2.418326
0.322000	4.492959	3.595664	656.684906	0.364168	0.400771	2.260941
0.323000	4.412383	3.676324	656.373276	0.444058	0.400771	3.212155
0.324000	4.290912	3.515447	656.059784	0.204680	0.121335	1.626718
0.325000	3.928520	3.114363	652.311440	0.204680	0.400771	1.466783
0.326000	4.452065	3.636437	657.778358	0.364168	0.121335	2.418488
0.327000	4.976014	3.996749	659.966019	0.324369	0.360753	1.783849
0.328000	3.928520	3.315127	654.030884	0.124790	0.081547	1.307010
0.329000	4.089268	3.315127	653.561050	0.444058	0.400771	2.735392
0.330000	4.613218	3.595664	657.933090	0.284278	0.241159	2.100678
0.331000	4.612814	3.676324	657.622093	0.364168	0.320735	2.101168
0.332000	4.452065	3.515447	655.904243	0.364168	0.321195	2.893267
0.333000	4.371084	3.636437	656.528564	0.324369	0.241159	1.783849
0.334000	4.209931	3.235353	654.026604	0.084406	0.320735	0.991421
0.335000	4.653304	3.676324	657.778435	0.404259	0.281177	3.686277
0.336000	5.015292	3.997191	660.277832	0.244186	0.161123	0.675342
0.337000	4.371084	3.355456	655.122528	0.284278	0.201371	1.942964
0.338000	4.048778	3.115248	652.776131	0.444058	0.360753	2.100678
0.339000	4.814053	3.796870	659.338242	-0.035283	0.081317	1.150865
0.340000	4.773967	3.796870	659.807274	0.324076	0.320735	2.417415
0.341000	4.330594	3.435673	655.276466	0.204680	0.360753	1.626718
0.342000	4.330998	3.435673	655.121719	0.444058	0.400771	3.846049
0.343000	4.451256	3.435673	656.994240	0.124790	0.081317	-0.116595
0.344000	4.612409	3.636437	657.464943	0.564039	0.480577	5.270404
0.345000	4.612814	3.676766	657.465744	0.124790	0.081317	0.042100
0.346000	4.330594	3.395343	656.369019	0.404259	0.281177	3.050981
0.347000	4.007884	3.195465	654.181427	0.284278	0.320735	2.101497
0.348000	4.773562	3.837200	659.182793	0.283985	0.240700	1.783520
0.349000	4.733072	3.916974	659.493790	0.164589	0.161123	2.418234
0.350000	4.209527	3.355456	655.902489	-0.075374	0.041299	-1.384713
0.351000	4.209527	3.355456	654.962181	0.684020	0.520595	5.905118
0.352000	4.733072	3.676766	659.338242	0.004516	0.041529	-0.591374
0.353000	4.733072	3.756983	658.713120	0.803416	0.520365	6.063651
0.354000	4.531429	3.676766	657.464142	-0.035283	0.041529	-0.751401
0.355000	4.531024	3.596550	656.995117	0.563746	0.440559	4.160657
0.356000	4.409958	3.395786	657.305313	0.044607	0.001511	0.358346
0.357000	4.933907	3.957304	659.963615	0.084406	0.121335	0.200396
0.358000	4.773158	3.877530	659.182793	0.403966	0.440559	3.687517
0.359000	4.450448	3.516776	656.837975	-0.035283	-0.038507	-0.116595
0.360000	4.450448	3.356342	655.742935	0.684020	0.520365	5.429757
0.361000	4.973993	3.997634	660.116676	-0.035283	0.081317	0.042100
0.362000	4.933503	3.917860	659.807274	0.803416	0.600171	6.221364
0.363000	4.692582	3.677209	657.464066	-0.155264	-0.038507	-1.861805
0.364000	4.490534	3.596992	655.898483	0.523948	0.440559	3.844902
0.365000	5.013675	3.837643	660.273750	0.044607	0.081088	0.833616
0.366000	4.893417	3.877973	658.555969	0.004516	0.001511	-0.274966
0.367000	4.893417	3.877973	657.933090	0.603838	0.400541	4.477395
0.368000	4.731859	3.757426	658.243286	0.004516	0.081317	-0.116595
0.369000	4.731455	3.637322	657.616402	0.723819	0.560154	5.270404
0.370000	4.933503	3.998520	659.025803	-0.075374	0.001282	-1.386443
0.371000	4.933098	3.998520	658.869461	0.843508	0.600171	6.537773
0.372000	4.570706	3.677209	655.901840	-0.115173	0.001511	-1.226272
0.373000	4.731455	3.717539	657.616402	0.483856	0.440559	3.370451
0.374000	5.335577	4.198398	661.366440	0.284278	0.241159	1.310708
0.375000	4.690965	3.838086	656.995995	-0.075374	0.001511	-0.910262
0.376000	4.731051	3.798199	656.994392	0.723819	0.600171	5.745184
0.377000	4.933098	3.877973	658.400520	-0.155264	-0.118083	-1.384713
0.378000	4.892204	3.958633	659.335930	0.763910	0.679748	6.061921
0.379000	5.013675	4.198841	659.179741	-0.075374	-0.038277	-0.910262
0.380000	4.973184	4.118624	659.025009	0.684020	0.560383	5.587470
0.381000	4.569898	3.757869	656.056427	-0.075374	0.041529	-0.593196
0.382000	4.892204	3.998520	659.022446	0.364168	0.320735	2.734734
0.383000	5.335173	4.479821	661.834663	0.364168	0.241159	2.576859
0.384000	4.690561	3.958633	656.837250	-0.115173	-0.118083	-1.544157
0.385000	4.368659	3.678095	654.492439	0.763910	0.719766	6.379897
0.386000	4.852118	4.079180	658.552864	-0.195063	-0.198348	-2.178051
0.387000	5.214510	4.279500	660.742836	0.763910	0.639960	6.062249
0.388000	4.811628	4.038850	657.775307	-0.155264	-0.118083	-0.910845
0.389000	4.731051	4.038850	657.617363	0.643636	0.560154	4.953247
0.390000	4.731051	3.798199	656.992783	-0.035283	0.041529	0.517461
0.391000	4.931886	3.998963	658.399002	0.164589	0.121335	1.150537
0.392000	5.335173	4.439934	661.057129	0.444058	0.480348	3.528401
0.393000	4.931886	4.039292	659.024300	0.004516	-0.038277	-0.117252
0.394000	4.529004	3.598321	654.807701	0.883599	0.679977	6.220453
0.395000	5.133529	4.079180	659.804970	-0.394641	-0.277925	-3.127864
0.396000	5.375259	4.400047	661.681625	0.843508	0.679977	6.219963
0.397000	4.851714	3.798199	656.995285	-0.155264	-0.158101	-1.226272
0.398000	4.690561	3.798199	656.215424	0.444058	0.400541	3.369869
0.399000	5.052549	4.039292	658.399887	0.164589	0.201371	1.466454
0.400000	5.214106	4.079180	659.649582	0.284278	0.161123	2.258882
0.401000	5.093443	4.119509	658.872040	0.284278	0.121335	1.625316
0.402000	5.133529	3.998963	658.556152	-0.075081	-0.078295	-1.068795
0.403000	4.811223	3.598321	655.899529	0.843508	0.679977	6.221364
0.404000	5.254192	4.199283	659.495735	-0.314751	-0.197889	-3.128775
0.405000	5.536412	4.440376	661.212769	0.523948	0.560154	4.478634
0.406000	4.971972	3.878858	658.242737	-0.035283	-0.038277	0.042100
0.407000	4.650070	3.678095	654.806976	0.444058	0.520365	3.846049
0.408000	5.254192	4.199283	659.336189	0.204680	0.201371	1.625316
0.409000	5.375259	4.279500	660.745430	0.364168	0.360753	2.734734
0.410000	4.851714	3.879301	656.370964	0.324369	0.400541	2.576859
0.411000	4.851714	3.878858	656.370964	-0.035283	-0.078295	-0.593854
0.412000	5.012462	3.798199	658.086395	0.563746	0.600171	4.794460
0.413000	5.133529	4.119509	658.400780	-0.155264	-0.118083	-1.385624
0.414000	5.053357	4.079622	657.933350	0.483856	0.480348	2.734572
0.415000	4.931886	3.959075	657.931747	0.124790	0.041529	0.835110
0.416000	4.609984	3.557991	654.652245	0.483856	0.440559	4.003763
0.417000	5.093443	4.039292	658.557030	0.403966	0.321195	2.895747
0.418000	5.335173	4.360602	660.901131	0.164589	0.081547	1.309070
0.419000	4.690561	3.758312	655.904518	0.324076	0.400541	2.261270
0.420000	4.529004	3.637765	655.121269	-0.115465	-0.078065	-0.593196
0.421000	5.174019	4.119509	660.276649	0.403966	0.480348	2.576039
0.422000	5.012462	4.039292	658.560326	-0.075081	-0.078295	-0.432680
0.423000	4.771137	3.959075	656.840797	0.484149	0.440330	2.893105
0.424000	5.012462	3.959075	658.245232	0.444058	0.400771	2.893267
0.425000	4.650070	3.717982	656.370163	0.284278	0.161123	2.100678
0.426000	4.972376	3.959075	658.715073	0.444058	0.400541	3.369869
0.427000	5.012462	4.159839	659.029358	0.204680	0.081547	1.783191
0.428000	4.771137	3.878858	657.151886	0.403966	0.480348	2.734572
0.429000	4.569090	3.557991	655.276817	-0.075374	-0.118083	-0.117252
0.430000	5.173615	4.159839	660.587646	0.324369	0.440330	1.626135
0.431000	4.931886	3.999405	657.777969	0.044607	0.041529	0.991093
0.432000	4.650070	3.758312	655.747452	0.484149	0.400541	3.053460
0.433000	4.730647	3.918746	656.682228	0.284278	0.360753	2.258882
0.434000	5.012462	3.958633	659.024460	0.284278	0.161123	1.941234
0.435000	4.730647	3.878858	657.466179	0.404259	0.440559	3.050981
0.436000	4.730647	3.758312	656.372742	0.004809	-0.038277	1.149626
0.437000	4.690156	3.717982	656.214798	0.284278	0.360753	1.626227
0.438000	4.609176	3.637765	656.682137	0.284278	0.041529	1.943547
0.439000	5.092635	4.158954	659.184097	0.284278	0.320735	1.467602
0.440000	4.690156	3.798199	656.842575	0.164589	0.041529	0.992333
0.441000	4.407937	3.437444	654.341484	0.364168	0.360753	2.893267
0.442000	4.609984	3.637322	656.059258	0.284278	0.201371	1.942964
0.443000	5.092635	4.038850	660.121185	0.404259	0.241159	1.785251
0.444000	4.730242	3.677652	656.371941	0.364168	0.360753	2.734572
0.445000	4.448427	3.517661	655.122330	0.324369	0.161582	2.101168
0.446000	4.568685	3.516776	655.434036	-0.035283	0.081317	-1.069049
0.447000	4.891395	3.637322	658.090027	0.364168	0.161582	3.211007
0.448000	5.052549	3.877973	658.716026	0.284278	0.320735	1.625316
0.449000	4.730242	3.637322	656.998993	0.244772	0.081547	1.307010
0.450000	4.326956	3.196351	653.560677	0.364168	0.400541	2.734572
0.451000	4.730242	3.557105	657.152054	0.284278	0.241159	1.942474
0.452000	5.132721	3.917860	660.276100	0.324369	0.241159	2.419145
0.453000	4.850501	3.516776	656.215752	0.164589	0.081317	0.357619
0.454000	4.326956	3.156021	653.560738	0.484149	0.400771	4.161967
0.455000	4.609176	3.316012	655.120720	0.004809	-0.038507	-0.910753
0.456000	5.092230	3.636879	658.715317	0.644222	0.321195	4.636510
0.457000	4.729434	3.516776	655.750107	0.004809	0.161123	0.676323
0.458000	4.729434	3.275682	654.966049	0.444058	0.400771	3.685786
0.459000	4.568685	3.155578	654.809708	0.244772	0.241159	1.784760
0.460000	4.810415	3.276125	656.060211	0.124790	0.121335	0.517461
0.461000	5.052144	3.596992	658.091713	0.404259	0.360753	3.051800
0.462000	4.931077	3.395786	657.466423	0.044607	0.081547	0.199813
0.463000	4.326956	2.714164	652.156395	0.603838	0.440789	5.112691
0.464000	4.890587	3.115248	656.215752	-0.035283	0.041529	-0.116595
0.465000	5.252979	3.515890	659.497841	0.763910	0.600401	6.854931
0.466000	4.688944	2.914485	654.032249	-0.075081	-0.038277	-1.543828
0.467000	4.648453	2.874155	653.874298	0.444058	0.400771	3.528073
0.468000	4.930673	2.954372	656.999069	0.204680	0.121335	1.309398
0.469000	5.051740	3.034589	656.688156	0.124790	0.121335	0.515823
0.470000	4.971164	3.155578	656.220100	0.404259	0.321195	3.053460
0.471000	4.970759	3.115248	656.684776	-0.075081	0.001511	-1.068466
0.472000	4.487705	2.593618	652.780151	0.723819	0.600401	6.379240
0.473000	5.051740	2.994259	656.531013	0.044607	0.041529	-0.116595
0.474000	5.494709	3.475560	659.968445	0.684020	0.560383	5.905118
0.475000	4.809606	2.713721	655.122498	-0.154971	-0.038277	-1.543828
0.476000	4.487300	2.473071	652.624695	0.484149	0.360753	3.686697
0.477000	5.091826	2.994259	657.934647	-0.035283	0.041529	0.201290
0.478000	5.091826	3.074476	657.934647	0.004516	0.121335	0.199813
0.479000	4.890587	2.833825	654.656021	0.524240	0.520365	5.270312
0.480000	4.809606	2.833825	655.123367	-0.035283	-0.038277	-1.068466
0.481000	4.849693	2.633505	655.589821	0.603838	0.560383	4.636838
0.482000	4.930673	2.754051	655.906693	-0.035283	-0.038277	-0.910262
0.483000	4.970759	2.954372	656.220100	0.763910	0.520595	6.537773
0.484000	5.010845	2.793495	655.593117	-0.154971	-0.078295	-2.019190
0.485000	4.607963	2.432741	652.780243	0.484149	0.400771	3.368720
0.486000	5.171999	2.914042	657.000114	0.284278	0.161123	1.625807
0.487000	5.212085	2.954372	657.625420	-0.115173	-0.078065	-1.386114
0.488000	4.889779	2.673392	654.969604	0.763910	0.679977	6.061921
0.489000	4.889779	2.633505	654.967995	0.084992	0.041529	0.359257
0.490000	5.292661	2.873712	658.249008	0.603838	0.560383	5.428355
0.491000	5.171594	2.754051	656.844666	-0.154971	-0.078295	-1.542098
0.492000	4.970759	2.633947	655.282288	0.723819	0.560383	6.221364
0.493000	5.051336	2.713721	655.748741	-0.035283	-0.078295	-0.432513
0.494000	5.131104	2.552845	656.216087	0.284278	0.241159	1.624987
0.495000	5.292661	2.873712	658.093468	0.484149	0.440559	3.528401
0.496000	5.131104	2.793495	656.689926	-0.035283	0.001511	0.199813
0.497000	4.849288	2.512958	654.655312	0.684020	0.600171	5.903716
0.498000	4.889779	2.512515	654.968796	-0.154971	-0.078295	-1.861805
0.499000	5.494304	3.034146	659.967018	0.923398	0.679977	7.013463
0.500000	5.252171	2.873712	657.623810	-0.115173	-0.078295	-1.701870
0.501000	4.768712	2.472628	654.033295	0.484149	0.520365	4.318862
0.502000	4.889779	2.552845	655.279785	0.084992	-0.038277	0.200633
0.503000	5.332747	2.913599	659.028954	0.324076	0.241159	1.942964
0.504000	5.212085	2.913599	657.313599	0.404259	0.360753	3.528401
0.505000	4.889779	2.793495	655.751945	0.004516	0.001511	-0.752549
0.506000	4.809202	2.512515	654.968796	0.763910	0.639960	6.379897
0.507000	4.809202	2.633505	655.592400	-0.274660	-0.238136	-2.653413
0.508000	5.333151	3.034589	658.875168	0.763910	0.679977	6.063980
0.509000	5.131508	2.833825	657.468346	-0.035283	-0.078065	-1.068558
0.510000	4.526982	2.352524	652.626450	0.483856	0.480348	4.003763
0.511000	4.728626	2.593618	654.810844	0.204680	0.081317	1.309070
0.512000	5.413324	3.194137	660.124863	0.204680	0.241159	1.942964
0.513000	4.929865	2.914042	656.847076	0.404259	0.400771	3.369869
0.514000	4.849693	2.713721	655.595680	0.004516	-0.038277	-0.910262
0.515000	4.728221	2.593618	655.593193	0.723819	0.760013	5.904536
0.516000	4.889779	2.713721	656.844574	-0.354843	-0.277925	-2.971061
0.517000	5.131508	3.074476	659.033112	0.723819	0.600171	5.746003
0.518000	5.010845	2.994259	658.408539	-0.154971	-0.078295	-0.593196
0.519000	4.406724	2.432741	653.094521	0.483856	0.480577	3.844319
0.520000	4.768712	2.793495	656.375641	0.284278	0.121335	1.943875
0.521000	5.292661	3.315127	661.065247	0.364168	0.360753	3.369540
0.522000	4.768712	2.793495	656.063828	0.364168	0.400541	2.259211
0.523000	4.567473	2.593618	654.658508	0.084406	0.041529	0.515823
0.524000	4.809202	2.833825	657.000099	0.684020	0.640189	5.430085
0.525000	5.091018	2.994259	658.251389	-0.314751	-0.197889	-2.494880
0.526000	4.889779	2.994259	657.315994	0.603838	0.560154	4.477395
0.527000	4.769116	2.954372	657.001701	-0.035283	-0.038277	0.359257
0.528000	4.567473	2.593618	654.969498	0.444058	0.360753	3.369869
0.529000	4.809202	2.914042	657.157242	0.284278	0.241159	2.576859
0.530000	5.212085	3.235353	659.034630	0.444058	0.281177	3.369540
0.531000	4.849288	2.873712	657.157967	0.364168	0.360753	2.418655
0.532000	4.285657	2.433184	653.564255	-0.075081	-0.078065	-0.275785
0.533000	4.849288	2.874155	657.157967	0.564039	0.560383	4.320829
0.534000	5.171999	3.155136	659.972618	-0.115173	-0.118083	-0.750910
0.535000	4.728626	2.794381	656.067825	0.444058	0.440559	2.734572
0.536000	4.648453	2.754051	656.064629	0.204680	0.081547	1.624987
0.537000	4.728626	2.633505	656.689011	0.364168	0.281177	2.733004
0.538000	4.769116	2.833825	657.784943	0.404259	0.360753	3.053460
0.539000	4.889779	2.954372	657.942085	0.204680	0.081547	1.624987
0.540000	4.889779	2.994702	658.564804	0.444058	0.480577	3.845467
0.541000	4.526982	2.473071	654.814758	0.004809	-0.078065	0.358017
0.542000	4.809202	2.874155	658.407730	0.324076	0.400541	1.942474
0.543000	5.091826	3.074476	660.284409	-0.075081	-0.157871	-0.274966
0.544000	4.728626	2.754051	657.159561	0.603838	0.560383	4.636256
0.545000	4.607963	2.633947	655.753540	0.164589	0.161123	2.100349
0.546000	5.011250	2.954372	659.343941	0.364168	0.360753	2.101497
0.547000	5.010845	2.954372	659.190002	0.404259	0.360753	3.366898
0.548000	4.607963	2.633947	655.599678	0.124790	0.241159	1.309070
0.549000	4.729030	2.754051	657.001694	0.404259	0.400771	3.053460
0.550000	4.849693	2.673834	658.250587	0.204680	0.081547	1.942964
0.551000	4.889779	2.794381	658.409256	0.324369	0.360753	1.783520
0.552000	4.970759	2.914485	657.628586	0.004809	-0.078065	0.357290
0.553000	4.769116	2.754494	657.472244	0.444058	0.400541	3.209513
0.554000	4.607963	2.513844	654.815552	0.284278	0.241159	2.101168
0.555000	5.091826	2.994702	659.190094	0.444058	0.440559	3.370688
0.556000	5.333151	3.115248	660.596222	0.284278	0.241159	2.260122
0.557000	4.527791	2.513844	654.659302	0.324369	0.121335	1.942964
0.558000	4.688944	2.594060	655.129845	0.284278	0.320735	1.626227
0.559000	5.252575	2.954815	660.437378	0.324369	0.201371	2.576201
0.560000	5.011250	2.674277	658.097458	0.044607	0.241159	0.676323
0.561000	4.769520	2.594060	655.598717	0.324369	0.281177	2.574471
0.562000	4.890587	2.674277	656.847755	0.444058	0.400771	2.101497
0.563000	4.729030	2.433184	655.597923	0.044607	0.041529	0.832889
0.564000	5.252979	2.875040	659.190895	0.444058	0.400771	3.212155
0.565000	5.212085	2.954815	658.879089	0.364168	0.281177	2.575128
0.566000	4.607963	2.433184	654.502869	0.364460	0.241159	2.735392
0.567000	4.568281	2.473956	654.502068	-0.035283	0.041299	-0.274309
0.568000	5.414132	3.075361	661.065956	0.524240	0.400771	4.951187
0.569000	5.171999	2.954815	658.410065	0.084406	0.161123	0.517461
0.570000	4.809606	2.633947	655.753464	0.444058	0.281177	3.528073
0.571000	4.890587	2.674720	655.595512	0.284278	0.241159	1.943293
0.572000	5.051336	2.754494	658.251236	0.244186	0.241159	1.783520
0.573000	5.132317	2.954815	658.253723	0.284278	0.121335	1.784760
0.574000	5.051740	2.835153	657.002419	0.124790	0.121335	0.832889
0.575000	4.769520	2.594060	655.441658	0.524240	0.440559	4.479033
0.576000	4.729030	2.554173	655.441582	0.044607	0.041529	-0.593687
0.577000	5.333151	3.075361	659.035355	0.684020	0.480577	5.745674
0.578000	5.011250	2.794824	657.003067	-0.035283	0.041529	-0.593196
0.579000	4.527791	2.513844	654.191078	0.523948	0.400771	4.161967
0.580000	4.809606	2.554173	654.659210	0.124790	0.121335	0.360077
0.581000	5.414132	2.954372	659.345642	0.284278	0.320735	2.100678
0.582000	5.212489	2.875040	657.629227	0.364460	0.281177	2.575948
0.583000	5.051740	2.714607	656.223198	-0.035283	0.041529	-0.591865
0.584000	4.931077	2.473956	655.127289	0.484149	0.360753	4.320171
0.585000	5.091826	2.633947	656.846893	0.124790	0.121335	0.835438
0.586000	5.494709	3.115691	658.879013	0.644222	0.520365	6.063651
0.587000	5.252979	2.835153	657.629227	-0.075081	-0.038277	-1.067318
0.588000	4.890587	2.393297	654.505280	0.684020	0.520365	5.587470
0.589000	5.132317	2.634390	656.221695	0.004809	0.081317	-0.434664
0.590000	5.736034	3.155578	660.284332	0.284278	0.201371	1.625898
0.591000	5.414132	2.794824	657.004044	0.404259	0.321195	3.054280
0.592000	5.252979	2.594503	656.066856	-0.035283	0.041529	-0.591374
0.593000	5.293065	2.554173	656.376343	0.644222	0.480577	5.112108
0.594000	5.575285	2.794824	658.407654	-0.035283	-0.038277	-0.593196
0.595000	5.615371	2.835153	658.097458	0.763910	0.600401	6.539341
0.596000	5.615775	2.794824	658.251236	-0.035283	-0.038277	-1.068466
0.597000	5.293065	2.514286	655.906509	0.524240	0.440789	4.635599
0.598000	5.454218	2.594503	656.688156	-0.035283	0.041529	-0.434335
0.599000	5.857101	3.075804	659.501091	0.004809	0.081317	0.357619
0.600000	5.696352	2.794824	658.564804	0.603838	0.440789	5.112108
0.601000	5.333151	2.434512	654.814682	-0.075374	-0.038047	-1.068466
0.602000	5.575285	2.594503	657.314156	0.564039	0.600171	5.588289
0.603000	6.018254	3.035474	660.439880	-0.075081	-0.038277	-0.436140
0.604000	5.373238	2.594946	655.286118	0.564039	0.520365	4.477395
0.605000	5.736034	2.715050	657.002518	-0.035283	-0.038277	-0.749578
0.606000	5.776120	2.714607	658.250511	0.444058	0.440559	4.002125
0.607000	5.776120	2.675163	657.783165	0.124790	0.121335	0.676323
0.608000	5.897187	2.915813	659.033035	-0.115173	-0.038277	-1.226999
0.609000	5.897187	2.835153	659.344841	0.763910	0.640189	6.062249
0.610000	5.534795	2.434512	655.284439	-0.155264	-0.118083	-1.383894
0.611000	6.058340	2.915813	659.812981	0.843508	0.639960	6.063160
0.612000	6.300069	3.236238	662.002258	-0.154971	-0.078295	-1.544157
0.613000	5.574881	2.594946	656.065353	0.763910	0.679977	6.379897
0.614000	5.695544	2.635276	656.689034	-0.155264	-0.118313	-1.228002
0.615000	6.299665	3.116134	660.592926	0.284278	0.241159	2.418326
0.616000	6.259579	2.916256	660.124786	0.363875	0.281177	3.053460
0.617000	5.816206	2.875926	657.471298	0.004809	-0.038277	-0.433499
0.618000	5.937273	2.875926	658.718742	0.603838	0.560383	5.270970
0.619000	5.856697	2.635276	657.781563	-0.314751	-0.158101	-2.178051
0.620000	6.179003	2.996473	659.813698	0.923398	0.760013	7.013463
0.621000	6.380241	3.317341	661.063560	-0.195063	-0.197889	-2.018607
0.622000	5.937273	2.836039	657.781563	0.684020	0.600171	4.954487
0.623000	5.695139	2.635276	655.595604	-0.035283	0.081317	0.359748
0.624000	6.299665	3.116134	660.280235	0.364168	0.320735	2.575128
0.625000	6.339751	3.076690	661.531631	0.204680	0.121105	1.625316
0.626000	5.816206	2.875926	657.001640	0.164589	0.081317	0.991093
0.627000	5.776120	2.836039	656.689827	0.603838	0.600171	5.430085
0.628000	6.138512	2.956143	659.810493	-0.314458	-0.277925	-2.970150
0.629000	6.259175	3.156464	660.595421	0.843508	0.640189	6.379897
0.630000	5.896379	3.036360	658.096581	-0.115173	-0.158101	-1.543828
0.631000	5.936869	2.956143	658.562325	0.484149	0.520365	3.685786
0.632000	5.614563	2.675163	656.218315	0.044607	0.081547	0.517790
0.633000	6.178598	3.236681	660.438179	0.444058	0.360753	3.528073
0.634000	6.339347	3.477331	661.533234	0.284278	0.241159	2.259211
0.635000	5.775311	2.795266	657.782288	0.004516	0.001741	0.515823
0.636000	5.453410	2.755379	655.125687	0.603838	0.560383	4.952664
0.637000	6.258770	3.397115	661.530655	-0.274660	-0.197889	-2.335765
0.638000	6.097618	3.316455	661.218048	0.563746	0.560383	4.953667
0.639000	5.735225	3.036360	657.782288	-0.115173	-0.078065	-1.385624
0.640000	5.694735	2.956143	657.625145	0.484149	0.480577	3.687845
0.641000	5.815802	3.116134	659.028778	0.364168	0.281177	2.418326
0.642000	6.016637	3.437444	659.811996	0.404259	0.281177	2.893267
0.643000	5.896379	3.437444	659.185921	0.404259	0.400541	2.735392
0.644000	5.694735	3.156464	658.562225	0.124790	0.041759	1.150046
0.645000	5.211276	2.795266	654.655052	0.564039	0.520365	4.320829
0.646000	5.977359	3.557991	660.436417	-0.195063	-0.197889	-1.860986
0.647000	6.137704	3.678095	661.842461	0.523948	0.560154	4.319190
0.648000	5.372833	3.036360	655.905632	0.204680	0.041529	1.150537
0.649000	5.292257	3.116134	655.281052	0.364460	0.281177	2.894927
0.650000	5.735225	3.557105	660.280075	0.404259	0.360753	2.576859
0.651000	5.654649	3.437444	658.094803	0.404259	0.281177	2.260612
0.652000	5.654649	3.437444	657.780624	0.364168	0.400771	2.893105
0.653000	5.412920	3.317341	657.154434	0.004516	-0.038277	-0.594673
0.654000	5.211276	3.036360	655.904655	0.444058	0.520365	3.211336
0.655000	5.735225	3.678095	659.185829	-0.154971	-0.118083	-1.226509
0.656000	5.694735	3.718425	659.030380	0.403966	0.400541	2.418655
0.657000	5.211276	3.196794	655.124710	0.284278	0.081547	1.784431
0.658000	5.211276	3.196794	655.123108	0.404259	0.400771	2.893267
0.659000	5.694735	3.678095	659.965790	0.364168	0.241159	2.260122
0.660000	5.452601	3.517661	657.311501	0.244772	0.201371	1.466783
0.661000	5.332343	3.477774	656.998108	0.523948	0.520365	4.003763
0.662000	5.372429	3.477774	656.998169	0.124790	0.001741	0.834198
0.663000	5.372429	3.397115	657.621590	0.284278	0.400541	1.309398
0.664000	5.412920	3.597435	657.310684	0.044607	0.001511	0.832889
0.665000	5.372429	3.637765	657.467819	0.523948	0.440559	4.003181
0.666000	5.089805	3.317341	655.435623	0.124790	0.001511	0.517461
0.667000	5.211276	3.357228	656.528267	0.484149	0.400541	2.734572
0.668000	5.613755	3.878858	659.029320	0.404259	0.400771	3.528401
0.669000	5.211276	3.517661	656.373604	0.244186	0.161123	1.625316
0.670000	4.928652	3.317341	654.655678	0.204680	0.320735	1.626227
0.671000	5.171190	3.317341	655.749832	0.404259	0.121335	3.369540
0.672000	5.532774	3.678095	658.872887	0.244186	0.161123	0.516879
0.673000	5.210468	3.517661	656.842445	0.324076	0.081547	1.625898
0.674000	5.089805	3.397557	655.906158	0.444058	0.480348	2.893105
0.675000	5.009229	3.276568	655.905281	0.124790	0.081317	0.832889
0.676000	5.170382	3.397115	657.780334	0.284278	0.320735	1.942964
0.677000	5.452601	3.677652	658.717438	0.364168	0.241159	1.942964
0.678000	5.169977	3.397115	657.467735	0.364168	0.281177	3.051800
0.679000	4.727413	3.036360	654.500938	0.164589	0.121335	0.358276
0.680000	5.049315	3.317341	656.999504	0.484149	0.320735	3.845721
0.681000	5.411707	3.597435	660.748848	0.044607	0.161123	0.516550
0.682000	4.928248	3.236681	656.219559	0.444058	0.241159	3.528073
0.683000	4.847672	3.156464	655.595070	0.284278	0.320735	1.627046
0.684000	4.968738	3.317341	657.312187	0.164589	0.121105	1.150865
0.685000	5.250150	3.397115	659.341827	0.284278	0.161123	1.942964
0.686000	4.968738	3.397557	657.470039	0.164003	0.121335	1.150537
0.687000	5.008824	3.357670	657.624779	0.404259	0.281177	3.209513
0.688000	4.726200	2.996473	655.905975	0.084406	0.081317	-0.115776
0.689000	4.928248	3.357228	658.250702	0.603838	0.440559	5.112691
0.690000	5.209659	3.637765	659.967911	-0.115173	-0.038277	-1.384384
0.691000	4.806777	3.317341	657.156555	0.523948	0.440559	4.635599
0.692000	4.323318	2.836039	653.875542	0.084406	0.121105	0.359257
0.693000	4.968334	3.317341	658.873596	0.324076	0.240700	2.418326
0.694000	5.209659	3.557991	661.217598	0.204680	0.161123	1.783849
0.695000	4.484875	2.996473	655.283974	0.084406	0.121105	0.042192
0.696000	4.444385	2.956586	654.969688	0.523948	0.440559	4.321411
0.697000	4.605134	3.076690	657.781761	0.044315	0.121105	0.675994
0.698000	4.726200	3.317341	658.251595	0.723819	0.560154	6.062832
0.699000	4.927035	3.518104	659.656898	-0.035283	0.081317	-0.434664
0.700000	4.766286	3.317341	658.406227	0.564039	0.440559	4.794714
0.701000	4.041098	2.595831	653.564445	-0.115173	-0.038507	-1.861805
0.702000	4.806373	3.397557	659.344925	0.324076	0.320735	2.574471
0.703000	5.249745	3.758312	662.470573	0.404259	0.360753	2.576859
0.704000	4.363000	3.036803	656.377403	-0.075374	0.041299	-1.385624
0.705000	4.322914	3.077133	655.752831	0.643636	0.560154	5.270404
0.706000	4.765882	3.397557	659.344032	-0.035283	0.041299	-0.591374
0.707000	4.805968	3.437887	659.346535	0.684020	0.560383	5.587470
0.708000	4.765882	3.437887	658.721306	0.044607	0.081317	-0.115776
0.709000	4.685306	3.317341	658.564163	0.723819	0.600171	6.221364
0.710000	4.402682	2.956586	656.374916	0.004516	0.041299	0.200471
0.711000	4.725392	3.397557	658.719711	-0.035575	0.001282	-0.911082
0.712000	5.007208	3.638650	660.751923	0.523948	0.520365	4.794460
0.713000	4.725392	3.196794	658.408623	-0.075374	0.001511	-1.067976
0.714000	4.241933	2.916256	654.814133	0.803416	0.600171	5.903716
0.715000	4.886545	3.397557	659.814751	-0.035283	0.001511	-0.751401
0.716000	4.966717	3.397557	659.971008	0.723819	0.600171	5.906266
0.717000	4.563835	3.036360	656.691612	-0.155264	-0.118313	-1.860075
0.718000	4.523749	2.956586	656.535347	0.523948	0.440559	4.162878
0.719000	4.765478	3.036360	659.032318	0.164589	0.121335	0.992731
0.720000	4.765478	3.156464	658.722107	0.084406	0.081317	0.674684
0.721000	4.644815	3.036803	656.848816	0.523948	0.480348	5.112108
0.722000	4.563835	2.956143	657.315361	-0.195063	-0.158101	-2.020338
0.723000	4.282019	2.594946	655.598251	0.763910	0.679748	6.538430
0.724000	4.846055	3.116134	659.035599	-0.155264	-0.078295	-1.544157
0.725000	4.886545	3.236681	659.191139	0.843508	0.679977	6.379897
0.726000	4.443172	2.755379	656.223549	-0.115173	-0.078295	-0.274309
0.727000	4.282019	2.594946	654.815010	0.364168	0.360524	2.734734
0.728000	5.006803	3.075804	660.283783	0.164589	0.121105	0.835438
0.729000	4.805968	2.996030	658.410316	0.283985	0.161123	1.625316
0.730000	4.523749	2.755379	655.911743	0.643636	0.560154	4.953904
0.731000	4.563835	2.875926	657.316238	-0.195063	-0.198348	-2.020338
0.732000	4.563835	2.674720	657.470009	0.803416	0.679748	6.221693
0.733000	4.725392	2.916256	657.785095	-0.115173	-0.198348	-1.703601
0.734000	4.563835	2.915813	657.472504	0.723233	0.679748	5.587470
0.735000	4.443172	2.675163	656.222649	0.004516	0.001511	0.042100
0.736000	4.402682	2.554616	654.971275	0.483856	0.480348	4.003763
0.737000	4.805968	2.955700	658.565056	0.324076	0.320735	2.100678
0.738000	4.644815	2.795266	657.317673	0.044607	-0.038507	0.675666
0.739000	4.201443	2.394625	653.255028	0.563746	0.480348	4.003763
0.740000	4.443172	2.434512	655.127617	-0.075374	-0.118313	-1.544157
0.741000	4.805968	2.915813	658.721306	0.723819	0.679748	6.221693
0.742000	4.483258	2.634390	655.910858	-0.235154	-0.238136	-2.494552
0.743000	4.402682	2.554616	654.816612	0.483856	0.520136	3.685786
0.744000	4.443172	2.514286	655.284767	0.164589	0.121105	1.626718
0.745000	4.442768	2.514286	655.754593	0.444058	0.360753	3.051800
0.746000	4.684901	2.794824	657.787498	0.284278	0.320735	2.100678
0.747000	4.482854	2.594503	655.910858	0.324076	0.161123	1.942635
0.748000	3.919223	2.153089	652.162399	0.483856	0.440330	3.529059
0.749000	4.362191	2.473956	655.441032	-0.115465	-0.118083	-1.544157
0.750000	4.926227	3.035474	659.347397	0.723233	0.639960	5.429266
0.751000	4.241529	2.473956	654.975357	-0.035283	-0.078295	-0.591374
0.752000	4.120866	2.313523	653.410492	0.443765	0.440330	2.895747
0.753000	4.120866	2.394182	654.660263	0.244186	0.161123	2.258882
0.754000	4.402278	2.554173	656.847923	0.363875	0.360753	2.576039
0.755000	4.442768	2.714607	657.630356	0.324076	0.360524	2.733823
0.756000	4.241529	2.674277	656.536118	0.164003	0.081317	1.309981
0.757000	3.838242	2.072429	652.628052	0.483856	0.520136	4.320829
0.758000	4.321701	2.473956	656.378098	-0.075374	-0.158101	-1.067976
0.759000	4.563835	2.875040	658.568161	0.403966	0.440330	2.417415
0.760000	4.039886	2.393297	654.661766	0.084406	0.041299	0.518044
0.761000	3.838646	2.192976	652.474205	0.444058	0.480348	3.528401
0.762000	4.039886	2.393297	654.818108	0.403966	0.360753	2.734734
0.763000	4.442768	2.714164	658.254768	0.284278	0.240700	2.417415
0.764000	4.039886	2.393297	654.663376	0.483856	0.480348	4.163115
0.765000	3.919223	2.393297	653.724754	0.164589	0.081317	1.466454
0.766000	3.959309	2.232863	654.349083	0.324076	0.440330	1.624497
0.767000	4.039886	2.513844	655.755203	0.084406	0.001511	0.199156
0.768000	4.201443	2.634390	657.319267	0.403966	0.480348	3.054280
0.769000	4.120866	2.513844	656.537636	0.044607	0.121105	1.149297
0.770000	3.596917	2.032542	652.320259	0.483856	0.480118	3.051800
0.771000	4.039886	2.433184	655.910744	0.403966	0.280488	2.576859
0.772000	4.483258	2.834711	659.194252	0.324076	0.240700	1.942145
0.773000	3.838646	2.352967	654.662567	0.403966	0.280488	2.576859
0.774000	3.637407	2.192976	653.098595	0.284278	0.121105	1.943783
0.775000	4.079972	2.513844	656.846222	0.084406	0.200682	0.199813
0.776000	4.161356	2.633947	657.162117	0.244186	0.121335	2.416757
0.777000	3.959309	2.513844	654.663361	0.443765	0.480118	3.052457
0.778000	3.959309	2.594060	656.222618	0.283985	0.240700	1.784431
0.779000	3.677493	2.153089	654.503738	0.443765	0.360524	2.417415
0.780000	3.878732	2.473956	655.441803	0.284278	0.240700	1.624987
0.781000	4.201443	2.754494	657.318459	0.403966	0.360524	3.526579
0.782000	3.878732	2.433184	655.754395	0.244186	0.200682	1.149626
0.783000	3.435360	2.152646	652.005165	0.364168	0.320735	3.370359
0.784000	3.998991	2.553731	656.691475	0.004516	0.081088	-0.593687
0.785000	4.120058	2.754051	658.256363	0.483856	0.360753	4.003434
0.786000	3.515936	2.312637	653.100266	0.164589	0.320735	1.625807
0.787000	3.515936	2.392854	654.037270	0.324076	0.240700	2.260122
0.788000	3.998991	2.673834	657.783226	0.403966	0.360753	3.049250
0.789000	3.717175	2.553731	655.444199	0.244186	0.240700	1.468514
0.790000	3.515532	2.433184	654.037270	0.324076	0.161123	2.417415
0.791000	3.556022	2.512958	655.912331	0.044315	0.081317	-0.433661
0.792000	3.354379	2.192533	653.255798	0.603838	0.440559	5.429757
0.793000	3.837838	2.713721	657.005768	0.004516	0.041299	-0.435483
0.794000	3.717175	2.754051	656.848717	0.603838	0.480348	5.270404
0.795000	3.233716	2.231977	653.101784	0.004516	0.081088	-0.116595
0.796000	3.233716	2.312194	653.725555	0.324076	0.320735	2.258882
0.797000	3.878328	2.873712	659.037079	0.283985	0.200682	2.101826
0.798000	3.757666	2.552402	656.381187	0.244186	0.200682	1.309070
0.799000	3.314293	2.432741	653.726982	0.444058	0.400312	3.687517
0.800000	3.354379	2.512515	655.130707	-0.035575	-0.038507	-1.385624
0.801000	3.475042	2.512515	656.380386	0.723819	0.600171	5.428026
0.802000	3.556022	2.592732	656.381187	-0.075374	-0.038507	-0.910262
0.803000	3.435360	2.672506	655.602043	0.723819	0.560154	6.221364
0.804000	3.233716	2.352081	654.039665	-0.115465	0.001511	-2.018699
0.805000	3.072563	2.352081	653.255547	0.443765	0.360524	3.685786
0.806000	3.556022	2.833825	657.786499	0.044315	0.121105	0.675083
0.807000	3.475446	2.592732	656.539139	-0.075374	0.001282	-1.384713
0.808000	3.152736	2.352524	653.258911	0.643636	0.480348	5.429757
0.809000	3.032477	2.391968	653.415253	0.084406	0.160664	0.201544
0.810000	3.515532	2.833382	658.256165	0.723819	0.600171	5.587470
0.811000	3.354379	2.592732	656.383682	-0.155557	-0.078524	-1.385624
0.812000	3.032477	2.512515	654.665756	0.843508	0.559924	6.061921
0.813000	3.032073	2.432298	654.508614	-0.115173	-0.038507	-1.860986
0.814000	3.233716	2.472185	656.070190	0.363875	0.240700	1.941816
0.815000	3.475446	2.913599	657.790657	0.324076	0.320276	2.101168
0.816000	3.274207	2.753166	656.696350	-0.035575	0.001282	-0.593854
0.817000	2.830834	2.311751	652.635315	0.643636	0.480118	4.952664
0.818000	2.951901	2.432298	654.508690	-0.115465	-0.118313	-1.385624
0.819000	3.717175	3.113477	659.509232	0.843215	0.639730	6.220453
0.820000	3.314293	2.753166	656.071877	-0.115465	-0.078524	-1.385624
0.821000	2.991987	2.432298	654.041260	0.563746	0.560154	5.429266
0.822000	2.951901	2.431856	654.665756	-0.035283	0.041299	-0.115776
0.823000	3.354783	2.672506	657.007339	0.164003	0.081317	1.308250
0.824000	3.314697	2.873269	657.011436	0.403966	0.280488	2.895747
0.825000	3.395274	2.832940	657.165283	0.044315	0.081088	-0.116595
0.826000	2.750662	2.271422	653.572227	0.803416	0.679748	6.378167
0.827000	2.951901	2.512072	655.445793	-0.314751	-0.238366	-2.494880
0.828000	3.395678	2.993373	658.260239	0.723233	0.599942	5.587799
0.829000	3.153948	2.712393	656.697060	-0.155264	-0.198578	-1.385624
0.830000	2.710980	2.351639	653.260513	0.683142	0.560154	4.795043
0.831000	2.831642	2.591846	655.134705	0.164589	0.001282	0.359748
0.832000	3.315506	2.752280	658.729996	0.324076	0.161123	1.784431
0.833000	2.711384	2.431856	653.888290	0.363875	0.400312	3.050981
0.834000	2.711384	2.512072	654.511810	-0.155264	-0.118313	-1.702690
0.835000	2.912219	2.391526	655.759964	0.803416	0.679748	6.221364
0.836000	2.872941	2.431856	655.292709	-0.275245	-0.318172	-2.653413
0.837000	2.993200	2.752280	657.013123	0.843215	0.759324	6.379897
0.838000	2.993604	2.672063	657.324829	-0.155264	-0.238366	-2.018699
0.839000	2.268011	2.110103	652.011444	0.403966	0.440100	3.209513
0.840000	2.791960	2.631733	656.854202	0.284278	0.161123	1.466454
0.841000	3.235333	2.992488	659.512428	0.364168	0.320735	2.734734
0.842000	2.590721	2.391083	654.826080	0.403966	0.360524	2.417415
0.843000	2.389886	2.391083	654.511795	0.044315	0.001282	-0.436140
0.844000	2.873345	2.671620	657.791206	0.603838	0.599942	5.270641
0.845000	2.751874	2.591404	657.323074	-0.275245	-0.317943	-2.652594
0.846000	2.470463	2.431413	655.138687	0.723233	0.639730	4.795043
0.847000	2.631616	2.671620	656.231216	0.004223	-0.038507	0.042100
0.848000	2.470463	2.310423	655.761482	0.444058	0.480348	3.209513
0.849000	2.510953	2.631733	657.012787	0.324076	0.121105	1.467274
0.850000	2.712597	2.711950	657.482613	0.444058	0.360524	3.686277
0.851000	2.390291	2.470857	656.074875	0.324076	0.360524	2.733661
0.852000	2.189051	2.230207	654.357765	0.044315	-0.078524	-0.593854
0.853000	2.632424	2.671178	658.262558	0.603545	0.599942	5.270970
0.854000	2.632424	2.711507	659.512329	-0.195355	-0.278154	-1.703272
0.855000	2.028303	2.230207	654.671158	0.483856	0.400312	2.734572
0.856000	2.149370	2.310423	654.672050	0.044607	0.041299	1.467274
0.857000	2.552252	2.590961	659.198837	0.443765	0.440330	3.367227
0.858000	2.431185	2.630848	658.265762	0.364168	0.320735	1.942964
0.859000	2.149370	2.391083	655.452881	0.284278	0.200682	2.101168
0.860000	2.149370	2.390197	655.763885	0.283985	0.280488	2.418655
0.861000	2.068793	2.189877	655.762993	0.164589	0.001511	0.832889
0.862000	2.552252	2.671178	659.513931	0.363582	0.320276	2.100678
0.863000	2.592742	2.711507	659.513931	-0.075667	-0.118313	-0.116762
0.864000	2.028707	2.229764	655.607544	0.483856	0.440330	2.735392
0.865000	1.988621	2.149990	654.671959	0.244186	0.121105	1.941886
0.866000	2.753895	2.790839	660.919876	0.324076	0.280488	2.260122
0.867000	2.593146	2.671178	660.763550	0.523655	0.400541	3.844319
0.868000	2.149774	2.430084	656.232826	0.324076	0.200682	2.258882
0.869000	2.109688	2.390197	656.231064	0.363875	0.400312	2.418655
0.870000	2.431994	2.550631	659.667618	0.164003	0.081088	1.309070
0.871000	2.512570	2.711065	659.670921	0.244186	0.280488	1.307668
0.872000	2.351821	2.550631	658.108612	0.044315	0.001282	0.991093
0.873000	2.109688	2.270094	656.856339	0.403966	0.400312	3.051800
0.874000	2.029111	2.149547	655.605850	0.324076	0.240470	2.575290
0.875000	2.633637	2.831168	660.450920	0.324076	0.280258	1.783520
0.876000	2.472484	2.671178	660.296272	0.324076	0.240470	2.576859
0.877000	1.948939	2.149547	655.140106	0.244186	0.240470	1.783520
0.878000	1.828276	2.109217	655.296356	0.123912	0.240470	1.466783
0.879000	2.673723	2.790839	661.544273	0.284278	0.121105	1.784922
0.880000	2.512974	2.590518	659.827263	0.363875	0.360065	1.783849
0.881000	2.271649	2.430084	657.953064	0.203802	0.160664	1.625898
0.882000	2.110092	2.389755	657.013405	0.403966	0.320276	2.576859
0.883000	2.029515	2.109217	657.328499	0.044315	0.200682	1.147895
0.884000	2.553060	2.630405	659.671059	0.324076	0.320276	2.417415
0.885000	2.593551	2.750509	660.452614	0.363875	0.240470	2.734572
0.886000	1.868767	2.028557	655.453499	0.324076	0.240470	1.783520
0.887000	2.110496	2.068444	657.169113	0.004223	0.120646	0.041938
0.888000	2.755512	2.790839	661.546051	0.444058	0.360524	3.687188
0.889000	2.311735	2.429642	658.422028	0.164003	0.160664	0.042757
0.890000	2.191477	2.349425	657.015182	0.283985	0.240470	2.258882
0.891000	2.231967	2.349425	658.265671	0.443765	0.440100	3.370688
0.892000	2.352630	2.309095	659.356766	0.244186	0.280488	1.149626
0.893000	2.433206	2.549746	659.517914	0.283985	0.280258	2.419145
0.894000	2.433610	2.469529	659.985985	0.244186	0.160664	0.515823
0.895000	1.949747	1.947898	656.389801	0.563746	0.400312	4.161967
0.896000	2.272053	2.268765	657.795120	-0.075667	0.001282	-0.435483
0.897000	2.594763	2.710180	660.609756	0.723819	0.480118	5.112691
0.898000	2.312543	2.348982	658.736305	0.044315	0.200452	0.517790
0.899000	1.990238	2.028114	655.922615	0.363875	0.240470	3.209513
0.900000	2.231967	2.188106	657.483315	0.283985	0.160664	0.517461
0.901000	2.513783	2.388869	660.764404	0.244186	0.240470	1.783520
0.902000	2.272053	2.308652	657.175682	0.323783	0.240700	2.418234
0.903000	2.191881	2.227993	657.017731	-0.035575	-0.038736	-1.543828
0.904000	2.191881	2.107446	657.795982	0.603545	0.480348	5.428845
0.905000	2.312543	2.227993	658.424500	-0.075667	0.041070	-0.591374
0.906000	2.433610	2.508530	659.205322	0.803416	0.560154	5.270895
0.907000	2.433610	2.267880	658.580040	-0.115465	0.041070	-0.910845
0.908000	1.950151	1.947455	655.455200	0.483856	0.440330	5.270312
0.909000	2.433610	2.307767	659.047394	0.244186	0.240470	0.516550
0.910000	2.755916	2.588747	661.078697	-0.035868	0.041070	-0.436140
0.911000	2.071218	2.027229	655.769562	0.443765	0.400312	3.846049
0.912000	2.111709	2.067116	655.298935	0.004516	0.081088	-0.274309
0.913000	2.555082	2.347211	659.047287	0.684020	0.520136	5.587470
0.914000	2.595168	2.387541	659.203720	-0.075374	0.001282	-0.752640
0.915000	2.152199	2.147333	655.613220	0.643636	0.560154	5.905118
0.916000	2.393524	2.187220	656.861389	-0.195355	-0.078524	-1.703272
0.917000	2.152199	2.067116	656.546295	0.444058	0.360524	3.685786
0.918000	2.474505	2.187220	657.796890	0.244186	0.121105	0.993060
0.919000	2.755916	2.588304	659.205322	0.004516	0.001282	-0.910262
0.920000	2.272862	2.066673	656.547104	0.523948	0.520136	4.477395
0.921000	1.950960	1.786136	652.800262	0.044315	0.001282	-0.435483
0.922000	2.676148	2.346768	658.423683	0.803416	0.560154	6.221364
0.923000	2.877387	2.467315	660.454376	-0.035575	-0.038507	-0.910262
0.924000	2.072027	1.905797	654.050034	0.723233	0.639960	6.063651
0.925000	2.112517	1.986456	654.049156	-0.035575	-0.078524	-0.592868
0.926000	2.555486	2.146447	657.798401	0.363875	0.280488	2.259793
0.927000	2.555486	2.266551	657.644554	0.244186	0.240700	2.101497
0.928000	2.515399	2.266551	656.864594	0.044315	0.001282	-0.435483
0.929000	2.475313	2.066230	656.239311	0.883306	0.639960	6.222184
0.930000	1.951364	1.665146	653.114548	-0.155264	-0.118313	-1.385624
0.931000	2.636466	2.306881	657.955551	0.803416	0.599942	6.063160
0.932000	2.878196	2.507202	659.674355	-0.115465	-0.038736	-1.068795
0.933000	2.193094	1.865467	654.049957	0.643636	0.599942	5.270404
0.934000	2.032345	1.865467	653.581802	0.044315	-0.038507	-0.434335
0.935000	2.878600	2.466872	660.143288	0.284278	0.240700	1.784431
0.936000	2.676957	2.346325	658.426163	0.403966	0.400312	3.212155
0.937000	2.355055	1.985571	655.926704	-0.075374	-0.078524	-1.544157
0.938000	2.314969	1.945684	654.831673	0.803416	0.599942	6.220453
0.939000	2.355459	1.905354	655.923332	-0.155264	-0.198348	-2.019519
0.940000	2.718255	2.266551	658.113495	0.883306	0.759324	6.854839
0.941000	2.638083	2.346325	657.800896	-0.155264	-0.198348	-1.543338
0.942000	2.274883	1.825137	655.299736	0.603545	0.559924	5.112108
0.943000	2.074048	1.744920	653.268486	0.164589	0.001282	0.358017
0.944000	2.838918	2.346325	658.269020	0.324076	0.280488	3.050981
0.945000	2.959985	2.386212	659.049057	0.403966	0.440330	3.210171
0.946000	2.396354	1.945241	654.831596	0.004516	0.001282	-0.591374
0.947000	2.315777	1.865024	653.581726	0.643636	0.679748	6.063980
0.948000	2.718255	2.225779	657.954750	-0.435025	-0.318172	-3.760939
0.949000	2.758746	2.266109	657.021828	0.843508	0.679748	6.379078
0.950000	2.678574	2.266109	656.865486	-0.035575	-0.038507	0.199813
0.951000	2.638487	2.064902	656.236015	0.523948	0.480118	3.686606
0.952000	2.477335	1.784364	655.301430	0.283985	0.161123	1.624987
0.953000	2.879813	2.305996	658.114365	0.403966	0.360524	3.528073
0.954000	2.880217	2.305996	657.644554	0.403966	0.360524	2.258882
0.955000	2.437248	1.784807	654.831596	-0.115465	-0.038507	-0.274966
0.956000	2.558315	1.904911	654.674446	0.723233	0.719766	6.222513
0.957000	3.081860	2.345883	658.893509	-0.195063	-0.198578	-2.177232
0.958000	2.880217	2.225779	657.644463	0.403966	0.440330	2.892286
0.959000	2.678978	2.105232	655.301430	0.044315	0.081317	0.358017
0.960000	2.638487	1.904911	655.769485	0.483856	0.440330	3.528073
0.961000	3.001284	2.105232	657.954674	0.363875	0.200682	2.733004
0.962000	3.001688	2.266109	657.177124	0.363875	0.400312	2.576201
0.963000	3.001688	2.105232	656.864594	0.443765	0.440100	3.845467
0.964000	2.719872	1.904468	655.769485	-0.075374	-0.078524	-0.749907
0.965000	2.558315	1.744478	654.673653	0.563746	0.559924	3.844319
0.966000	3.203331	2.346325	658.425301	-0.115465	0.001282	0.199813
0.967000	3.082264	2.225779	657.021584	0.523655	0.480118	3.369869
0.968000	2.639296	1.824694	654.050766	0.403966	0.320735	2.576859
0.969000	2.679382	1.904911	654.829193	0.363875	0.400312	2.576859
0.970000	3.324398	2.265666	659.206146	0.443765	0.400312	3.369869
0.971000	2.719872	1.944798	655.458488	0.164589	0.161123	1.942635
0.972000	2.921516	2.105232	655.613945	0.403966	0.480118	2.575948
0.973000	2.881025	2.064902	656.082176	0.164589	0.041299	1.149954
0.974000	2.921516	1.944798	656.393265	0.363875	0.320276	2.101006
0.975000	3.324802	2.305553	657.644714	-0.075374	-0.038736	-0.593854
0.976000	2.921920	2.064902	656.239319	0.483856	0.440100	3.528401
0.977000	2.519037	1.744478	652.959015	0.283985	0.280488	2.734734
0.978000	3.082669	2.024572	656.862045	0.323783	0.280488	1.942964
0.979000	3.445869	2.385770	659.830605	0.443472	0.400312	3.367227
0.980000	2.841343	1.944798	654.676857	0.164003	0.200452	1.150865
0.981000	2.720681	1.865024	654.362648	0.323783	0.320276	1.784431
0.982000	3.042987	2.064902	656.705856	0.123912	-0.038736	0.993314
0.983000	3.284716	2.144676	658.111816	0.363875	0.440100	1.626135
0.984000	3.244630	2.145119	657.331779	0.123912	0.041299	1.308741
0.985000	2.962814	2.105232	655.925026	0.444058	0.440100	2.576859
0.986000	2.720681	1.583601	653.423866	0.203802	0.160664	1.625316
0.987000	3.124372	2.064902	657.330986	0.324076	0.240700	2.418655
0.988000	3.486360	2.426099	659.205246	0.483856	0.440330	3.686606
0.989000	2.962814	1.864581	655.613144	0.283985	0.121105	2.260030
0.990000	2.640913	1.663818	652.332932	0.164003	0.280258	0.991421
0.991000	3.083881	1.904468	655.769485	0.403966	0.240700	3.369540
0.992000	3.406187	2.265666	659.206055	0.044315	0.081088	0.516550
0.993000	3.003709	1.904468	654.677567	0.324076	0.161123	1.942635
0.994000	2.882642	1.824252	654.833199	0.483856	0.440100	4.161385
0.995000	2.882642	1.703705	654.517311	0.084406	0.081088	1.149626
0.996000	3.164862	2.064459	656.396217	0.403966	0.320735	1.942053
0.997000	3.204948	2.145119	657.488922	0.244186	0.200682	1.625898
0.998000	3.164862	2.024572	655.768593	0.444058	0.320735	3.369869
0.999000	2.560740	1.502941	652.334465	0.044315	0.121105	-0.115776
1.000000	3.205352	2.024572	656.707207	0.523655	0.440559	5.112108
1.001000	3.608639	2.425657	659.831268	0.044315	0.121105	-0.116595
1.002000	2.882642	1.623488	654.518822	0.403966	0.360524	3.050981
1.003000	2.762384	1.743592	653.113518	0.164003	0.121105	0.833217
1.004000	3.084690	1.824252	656.550865	0.283985	0.280488	1.942964
1.005000	3.406592	2.184563	658.425934	0.364168	0.280488	3.368866
1.006000	3.165670	2.064459	655.614662	0.044315	0.120646	-1.068466
1.007000	3.004113	1.703705	655.613853	0.603838	0.520136	5.428026
1.008000	2.843365	1.623045	654.361671	-0.035575	0.001282	-0.274309
1.009000	3.085094	1.743592	655.924934	0.723819	0.560154	5.745674
1.010000	3.447890	2.224893	658.739426	-0.075667	-0.038507	-1.068558
1.011000	3.165670	1.984242	657.018295	0.523948	0.440330	4.161967
1.012000	2.561145	1.302621	652.333481	0.244186	0.200682	1.149954
1.013000	3.166075	1.943913	656.706398	0.004516	0.041299	-0.275785
1.014000	3.327228	2.064459	659.207497	0.403966	0.360753	3.210004
1.015000	2.803682	1.623488	653.895943	0.083820	-0.038507	0.358017
1.016000	2.884259	1.703262	654.990173	0.603838	0.559924	4.953247
1.017000	3.166075	1.703262	657.487167	0.004516	0.121105	0.199813
1.018000	2.924345	1.703705	655.459114	0.803416	0.560154	5.904207
1.019000	2.924749	1.743592	656.085129	-0.235154	-0.038736	-2.653413
1.020000	3.085902	1.783479	657.334099	0.444058	0.400541	4.318862
1.021000	2.521867	1.342507	652.802437	0.044315	0.160664	0.517698
1.022000	3.085902	1.743149	657.799850	-0.075667	0.041070	-1.068466
1.023000	3.327632	2.144676	659.521690	0.483856	0.400312	4.002523
1.024000	2.683020	1.462612	654.679085	-0.035575	0.041070	-1.227420
1.025000	2.723510	1.382837	654.209167	0.803416	0.560154	6.854019
1.026000	3.327632	2.024129	659.831894	-0.075374	0.001052	-0.751401
1.027000	3.247055	1.863253	657.802155	0.723233	0.560154	5.904207
1.028000	2.885067	1.663375	654.835335	-0.115465	-0.038736	-0.594108
1.029000	2.965240	1.743592	656.396126	0.403966	0.400312	2.417668
1.030000	2.925558	1.542828	656.550781	0.164589	0.160664	1.308158
1.031000	3.126797	1.743592	657.959297	-0.115465	-0.038736	-0.910262
1.032000	3.046625	1.743592	656.553185	0.843215	0.599942	5.746003
1.033000	2.925154	1.502941	656.396843	-0.155264	-0.158560	-1.544157
1.034000	2.804491	1.382837	654.676430	0.723233	0.639730	5.746003
1.035000	3.247864	1.783479	658.895599	-0.115465	-0.158790	-1.544157
1.036000	3.086711	1.743592	657.959297	0.563453	0.480118	4.952756
1.037000	2.844981	1.423167	654.521851	0.044315	0.041070	0.516879
1.038000	2.844981	1.423167	655.771637	0.403966	0.280488	2.892448
1.039000	3.409017	1.703262	659.520813	0.443765	0.280488	2.893267
1.040000	3.127201	1.663375	657.803757	-0.115465	-0.078524	-1.386443
1.041000	2.764809	1.423167	655.304207	0.723233	0.639730	6.062249
1.042000	2.885067	1.462612	655.771545	-0.195355	-0.238366	-2.178051
1.043000	2.925558	1.302621	657.022141	0.803416	0.719306	6.537611
1.044000	3.409017	1.943913	659.521591	-0.155557	-0.238366	-1.543338
1.045000	3.167287	1.663375	657.649117	0.643636	0.559924	4.794552
1.046000	2.724319	1.142187	654.679794	0.044315	0.001282	1.467274
1.047000	2.885472	1.342950	654.990723	0.363875	0.240470	2.102079
1.048000	3.570170	1.863253	660.302429	0.363875	0.400312	3.051800
1.049000	3.288354	1.663375	658.585320	-0.035283	-0.038736	-0.433661
1.050000	2.844981	1.342507	654.836136	0.803416	0.679748	6.220453
1.051000	3.006538	1.342507	655.616890	-0.355428	-0.278154	-3.287308
1.052000	3.288354	1.582715	658.740761	0.803416	0.679748	5.746914
1.053000	3.247864	1.663375	658.742447	-0.115465	-0.078524	-1.067976
1.054000	3.167691	1.582715	657.022934	0.443765	0.440100	3.050981
1.055000	2.844981	1.141744	654.990631	0.324076	0.200682	1.942964
1.056000	2.965644	1.221518	655.773140	0.483563	0.400312	3.844319
1.057000	3.450315	1.863253	659.364517	0.324076	0.280488	2.101497
1.058000	3.207778	1.542828	657.805351	-0.075374	-0.038736	-0.910262
1.059000	2.684637	1.182074	653.273674	0.683142	0.559924	5.268911
1.060000	2.966452	1.181631	654.834534	-0.235154	-0.238366	-2.493640
1.061000	3.651150	1.822923	660.459572	0.563453	0.480118	3.845230
1.062000	3.208182	1.622602	657.180153	0.084406	0.081088	0.991421
1.063000	3.087519	1.261848	656.242973	0.483856	0.480118	3.528401
1.064000	3.047029	1.221518	655.305717	0.324076	0.280488	2.575290
1.065000	2.966452	1.181631	655.931183	0.364168	0.280488	2.575290
1.066000	3.651150	1.822923	659.680405	0.443765	0.320276	3.367227
1.067000	3.328845	1.622602	658.118828	0.004516	-0.078524	-0.274966
1.068000	2.644146	0.900208	652.806335	0.483856	0.480118	3.209513
1.069000	3.047029	1.221518	655.930283	-0.155264	-0.198578	-1.225689
1.070000	3.610660	1.702819	660.462051	0.483856	0.480118	2.735392
1.071000	3.127605	1.261848	655.934380	0.283985	0.081088	1.783191
1.072000	3.047029	1.341622	655.775642	0.363875	0.400312	3.528401
1.073000	3.087519	1.140858	656.243774	0.443765	0.400312	3.209513
1.074000	3.248268	1.341622	656.712723	0.164003	0.121105	1.466454
1.075000	3.208182	1.542386	656.869942	0.324076	0.320276	2.259211
1.076000	3.410229	1.421396	657.492744	0.084406	0.001282	0.675994
1.077000	2.886280	1.020755	654.366295	0.283985	0.400312	1.783849
1.078000	3.168096	1.141301	656.086624	0.044315	0.001282	0.199156
1.079000	3.611468	1.701934	658.899742	0.443765	0.400312	2.893267
1.080000	3.248268	1.140858	656.245377	0.283985	0.240470	1.784431
1.081000	2.806108	0.899765	652.963470	0.164003	0.160664	1.309070
1.082000	3.208586	1.140858	656.556442	0.363875	0.280488	2.417415
1.083000	3.611064	1.381066	658.900383	0.363875	0.200682	2.101168
1.084000	3.087519	1.100971	654.526817	0.324076	0.280488	2.102408
1.085000	3.087519	1.100529	654.995674	0.084406	0.041070	1.149297
1.086000	3.047433	0.899765	654.836929	0.123912	0.160664	0.676323
1.087000	3.168096	1.140858	657.026993	0.283985	0.160664	1.783612
1.088000	3.410229	1.300849	656.559639	0.523655	0.440330	3.528401
1.089000	3.289567	1.180303	657.652283	0.164003	0.160664	1.942964
1.090000	2.765213	0.699444	653.119812	0.403673	0.440100	2.101497
1.091000	3.168096	1.019869	657.026192	0.324076	0.280488	3.054280
1.092000	3.409825	1.260520	659.057526	0.084406	0.081088	1.148715
1.093000	2.967261	0.859435	654.528336	0.203802	0.160664	0.835438
1.094000	2.886280	0.859878	654.841827	0.443765	0.280488	4.162878
1.095000	3.410229	1.099643	658.588394	0.164003	0.240470	0.358346
1.096000	3.329653	1.019869	657.963272	0.164003	0.081088	1.784431
1.097000	2.846194	0.779661	654.529129	0.403966	0.440100	2.892286
1.098000	2.967261	0.859435	655.309784	0.244186	0.200682	1.942964
1.099000	3.047433	0.658672	656.244545	0.284278	0.200682	2.101168
1.100000	3.370143	0.899322	657.183334	0.283985	0.320276	1.465964
1.101000	3.289567	0.979539	657.027786	0.363875	0.280488	3.369869
1.102000	3.047433	0.699002	655.933464	0.004516	0.120646	-0.593196
1.103000	2.524292	0.418021	653.122208	0.523655	0.440330	5.111451
1.104000	3.329653	0.859435	658.433655	0.044315	0.160664	1.149626
1.105000	3.531296	1.059313	659.685120	0.403673	0.280488	2.575290
1.106000	2.524292	0.337804	653.122208	0.244186	0.240470	1.470152
1.107000	2.766022	0.377691	653.434799	0.283985	0.200452	1.466783
1.108000	3.289567	0.858550	659.216095	0.324076	0.280488	2.418234
1.109000	3.047433	0.578012	657.810928	-0.075374	-0.158560	-0.910262
1.110000	3.007751	0.698559	656.250870	0.723233	0.559924	5.429757
1.111000	2.806108	0.537682	656.249268	-0.035575	0.081088	0.199813
1.112000	2.563974	0.176928	654.529663	0.643636	0.440100	4.952756
1.113000	3.249480	0.858550	659.216896	-0.115465	-0.038507	-1.701542
1.114000	3.329653	0.818663	659.686707	0.563453	0.440100	4.952664
1.115000	2.644551	0.417135	655.310410	0.044315	0.160664	-0.118255
1.116000	2.484206	0.176928	654.218567	0.044315	0.160664	0.042192
1.117000	3.370143	0.898879	660.779251	0.443765	0.240700	4.003763
1.118000	2.967665	0.778333	659.218475	-0.115465	0.041070	-1.068466
1.119000	2.564783	0.297032	656.093643	0.723233	0.559924	5.905118
1.120000	2.645763	0.577569	656.247490	-0.075667	0.041070	-0.752640
1.121000	2.725935	0.457465	658.277222	0.923105	0.759324	7.012223
1.122000	3.048242	0.738446	659.374741	-0.075667	-0.038736	-1.544157
1.123000	2.766426	0.778333	658.125740	0.563453	0.480118	4.636838
1.124000	2.282563	0.176928	655.467461	0.044315	0.001052	0.042757
1.125000	2.282967	0.297032	655.000107	-0.075667	0.041070	-0.117252
1.126000	2.847002	0.778776	659.530983	0.563746	0.520136	4.635599
1.127000	2.806512	0.617456	659.063553	0.004223	0.001052	-0.274309
1.128000	2.242476	0.337361	655.313522	0.763032	0.759324	6.537773
1.129000	2.082132	0.055938	654.689026	0.004516	0.041070	-0.119075
1.130000	2.686254	0.577127	659.219017	0.603545	0.519906	5.904207
1.131000	2.645763	0.617899	658.908806	-0.035575	0.001052	-1.226272
1.132000	2.404034	0.417135	657.659035	0.523655	0.440100	4.794223
1.133000	2.202390	0.256702	656.561615	0.084406	0.160664	0.834527
1.134000	2.282967	0.095825	657.345543	0.044315	0.041070	0.199813
1.135000	2.404034	0.537239	658.752464	0.603545	0.599712	5.746003
1.136000	2.444524	0.497352	658.752464	-0.035575	0.001052	-1.385624
1.137000	2.001556	0.015608	655.001534	0.723233	0.519906	6.220453
1.138000	2.001556	0.055938	656.251213	-0.155557	-0.118772	-1.543666
1.139000	2.565591	0.617456	660.471825	0.843215	0.599712	6.221364
1.140000	2.082132	0.337361	657.659744	-0.075667	-0.158560	-1.068068
1.141000	1.921383	0.136155	655.784584	0.443765	0.320047	2.574471
1.142000	1.921383	0.015608	656.877228	0.363875	0.280258	3.211993
1.143000	2.162708	0.457022	660.000389	0.083820	0.080629	-0.436140
1.144000	2.082536	0.417135	657.973061	0.722941	0.599712	5.587378
1.145000	1.881297	0.417135	657.972260	-0.235447	-0.238596	-1.701051
1.146000	1.639163	0.015608	656.408997	0.883013	0.719077	5.903716
1.147000	1.639568	0.095825	657.033394	-0.195648	-0.318402	-1.860986
1.148000	1.961470	0.537239	659.691605	0.563453	0.559694	4.477395
1.149000	1.801125	0.336476	658.441833	0.323783	0.200452	1.943455
1.150000	1.196195	-0.104496	655.161530	0.323783	0.240470	2.737214
1.151000	1.478415	0.095825	656.565964	0.363875	0.359835	2.101497
1.152000	1.801125	0.416693	660.629318	0.004223	-0.118772	0.201544
1.153000	1.116023	0.055938	656.101738	0.683142	0.719077	5.428845
1.154000	1.358156	0.176042	657.349823	-0.195648	-0.278384	-2.493969
1.155000	1.236685	0.095825	658.286095	0.883013	0.758865	7.013463
1.156000	1.397838	0.176042	658.597122	-0.075667	-0.118772	-1.702781
1.157000	1.317666	0.376806	659.225510	0.363582	0.359835	3.528401
1.158000	1.196599	0.135712	659.068359	0.203802	0.120646	1.149297
1.159000	0.632564	-0.225485	654.536766	0.403673	0.240241	3.528073
1.160000	1.115618	0.095825	660.160202	0.363582	0.280029	2.893267
1.161000	1.599481	0.697230	662.975548	0.083528	0.000593	-0.593196
1.162000	0.591669	-0.064608	656.880592	0.683142	0.679059	5.904536
1.163000	0.511092	-0.184712	655.943428	-0.275831	-0.278843	-2.337167
1.164000	0.914379	0.255816	660.004478	0.562868	0.519217	3.844319
1.165000	1.034638	0.255816	661.725586	0.083820	0.000593	0.992731
1.166000	0.712332	0.176042	658.446098	0.602959	0.439641	3.844319
1.167000	0.511092	0.055495	658.600761	0.283399	0.240241	2.418326
1.168000	0.430516	-0.185598	657.662773	0.483563	0.319817	3.208365
1.169000	0.430516	0.215486	660.163124	0.363582	0.319817	2.260030
1.170000	0.752418	0.255816	661.883354	0.083820	-0.039425	0.674027
1.171000	0.390026	0.015166	659.381401	0.483271	0.519217	3.212155
1.172000	-0.295077	-0.466136	655.632957	-0.075960	-0.119001	-0.593196
1.173000	0.511092	0.175156	661.570656	0.523362	0.519217	3.846049
1.174000	0.551179	0.335590	663.445557	0.003638	0.040381	0.359257
1.175000	-0.214500	-0.386362	657.665779	0.443472	0.399623	3.209185
1.176000	-0.254586	-0.265815	657.040497	0.363582	0.319817	2.893267
1.177000	0.108210	-0.025164	660.787964	0.283399	0.240011	2.575290
1.178000	0.228468	0.055053	661.883095	0.403381	0.240011	2.417415
1.179000	-0.093029	0.055053	659.853279	0.123619	0.040381	1.467274
1.180000	-0.254586	-0.266258	660.164360	0.243308	0.279799	1.309398
1.181000	-0.576488	-0.506466	657.038635	-0.035868	-0.079443	0.199156
1.182000	-0.012857	0.055053	662.039162	0.483271	0.559006	3.844319
1.183000	0.349940	0.335148	664.696571	0.323198	0.199993	3.051471
1.184000	-0.455825	-0.185598	660.009361	0.283399	0.319817	2.099767
1.185000	-0.737641	-0.586682	656.884438	0.483271	0.319587	3.367718
1.186000	-0.173605	0.094497	662.976799	0.083528	0.000134	0.993314
1.187000	-0.052943	0.215044	663.758430	0.403381	0.359605	2.575290
1.188000	-0.616574	-0.306587	659.228432	0.243308	0.000363	2.417577
1.189000	-0.657065	-0.306587	659.381393	0.123619	0.279799	0.834527
1.190000	-0.576488	-0.386804	661.100838	0.403381	0.160205	2.733915
1.191000	-0.535998	-0.186484	661.261261	0.243601	0.279799	2.100257
1.192000	-0.536402	-0.186041	661.417603	0.163418	0.159746	1.148386
1.193000	-0.657065	-0.387247	661.103241	0.323198	0.279799	2.418234
1.194000	-1.140524	-0.828219	657.196846	0.403381	0.359605	2.893267
1.195000	-0.576892	-0.347360	662.509193	0.243308	0.119958	1.784339
1.196000	-0.415335	-0.066823	664.697014	0.123326	0.159746	1.625316
1.197000	-1.060351	-0.828219	659.543175	0.443472	0.279799	3.369540
1.198000	-1.140524	-0.949208	658.761452	0.043729	0.040152	0.516879
1.199000	-0.496316	-0.387247	663.915047	0.403381	0.240011	2.575290
1.200000	-0.697555	-0.588454	661.731483	0.443179	0.478970	3.528401
1.201000	-1.019861	-0.708115	660.793571	0.123619	0.080169	1.466783
1.202000	-0.899198	-0.828661	661.106163	0.283399	0.279570	1.624076
1.203000	-1.140928	-1.110085	659.853905	0.163418	0.239781	1.783191
1.204000	-0.657469	-0.628783	662.980347	0.403381	0.319587	3.051800
1.205000	-0.657469	-0.628783	662.357536	0.123326	0.119958	0.358346
1.206000	-1.140524	-1.270075	660.011047	0.643051	0.399623	5.111451
1.207000	-1.261995	-1.430952	657.978836	0.163711	0.159746	0.516550
1.208000	-0.697555	-0.909764	663.761810	0.283399	0.199993	3.051471
1.209000	-0.980179	-1.109642	661.105179	0.243601	0.239781	0.831978
1.210000	-1.100033	-1.230631	659.542793	0.243308	0.239781	2.100257
1.211000	-1.140928	-1.310405	659.697456	0.323198	0.279799	3.527070
1.212000	-0.859112	-1.391065	661.414505	0.003638	0.000134	-1.703601
1.213000	-0.939689	-1.230631	660.950432	0.443179	0.359605	5.112108
1.214000	-1.060351	-1.391065	660.010864	0.083528	0.079940	-0.276788
1.215000	-1.140928	-1.711932	658.760994	0.682849	0.479200	5.904207
1.216000	-1.100437	-1.711932	659.541840	-0.036454	-0.119460	-1.068558
1.217000	-0.576892	-1.311291	662.041298	0.682849	0.518988	4.795043
1.218000	-1.060351	-1.631715	658.607132	0.003638	-0.039654	-0.274309
1.219000	-1.342975	-1.992913	656.574127	0.203216	0.159746	0.356379
1.220000	-1.060351	-1.952583	658.292839	0.443179	0.319587	3.845467
1.221000	-0.456634	-1.592271	662.353905	-0.116051	-0.079672	-1.227420
1.222000	-0.819430	-1.832922	658.921341	0.762446	0.559006	5.587961
1.223000	-0.980179	-1.913139	657.826385	-0.036454	-0.079672	-0.434664
1.224000	-0.900007	-2.153347	657.042259	0.762739	0.638582	6.062832
1.225000	-0.738449	-2.033243	659.701279	-0.316215	-0.159478	-1.860986
1.226000	-0.658277	-1.752262	659.857620	0.602666	0.399164	4.320171
1.227000	-0.738854	-1.913139	659.076797	0.003638	0.079710	-0.275311
1.228000	-1.020669	-2.314223	655.795685	0.243015	0.159746	1.783520
1.229000	-0.698767	-2.033243	658.606155	0.642465	0.438952	3.686277
1.230000	-0.336375	-1.632158	661.262932	-0.196234	-0.079672	-1.067318
1.231000	-0.860325	-2.193676	656.576431	0.762446	0.598794	6.062740
1.232000	-1.061564	-2.394440	655.015724	0.003638	-0.039884	-1.385624
1.233000	-0.618595	-2.193676	658.137207	0.722355	0.518758	6.062740
1.234000	-0.296289	-1.793035	660.482010	-0.036454	-0.040114	-1.861314
1.235000	-0.779748	-2.033243	657.202599	0.562868	0.478970	4.953247
1.236000	-0.860325	-2.153347	656.264534	0.043436	-0.039884	-0.593196
1.237000	-1.061968	-2.514101	655.482994	0.043436	0.079940	0.042100
1.238000	-0.699980	-2.113459	657.357887	0.602666	0.558776	5.746822
1.239000	-0.336780	-1.672488	660.171722	0.043436	-0.039884	-1.227420
1.240000	-0.821047	-2.113459	657.359566	0.642758	0.558776	5.904536
1.241000	-1.304102	-2.554431	652.202591	-0.036454	-0.039884	-1.069706
1.242000	-0.821047	-2.113459	657.046082	0.642758	0.598564	5.112108
1.243000	-0.337992	-1.591829	660.641380	-0.236032	-0.159708	-1.228002
1.244000	-1.022286	-2.233563	654.393471	0.442594	0.438952	2.892448
1.245000	-1.022690	-2.233563	654.391068	0.203216	0.359146	2.259701
1.246000	-0.781365	-2.113459	656.108986	0.123034	0.039922	0.673445
1.247000	-0.821451	-2.032800	657.048477	0.522776	0.518758	4.003671
1.248000	-0.579722	-1.711932	657.361870	-0.276124	-0.159708	-1.861314
1.249000	-0.700788	-1.871923	657.203941	0.842336	0.678370	6.220453
1.250000	-1.345805	-2.473771	652.203300	-0.276124	-0.199496	-2.018699
1.251000	-0.539635	-1.752262	657.359383	0.722648	0.558776	4.952756
1.252000	-0.257820	-1.431395	661.111931	0.083528	0.000134	0.042100
1.253000	-0.942922	-2.032800	655.173409	0.283106	0.159746	2.099438
1.254000	-1.224738	-2.193234	653.769768	0.243308	0.279570	2.733823
1.255000	-0.500358	-1.631715	658.923370	0.083528	0.079940	0.991093
1.256000	-0.419377	-1.632158	658.767899	0.642758	0.558776	4.795770
1.257000	-0.902836	-1.952583	656.426292	-0.276124	-0.199496	-2.969660
1.258000	-0.902836	-1.792149	655.955650	0.722648	0.678370	6.062249
1.259000	-1.023499	-2.153347	656.265854	-0.276124	-0.199496	-2.177232
1.260000	-0.782174	-1.751819	657.832321	0.443179	0.518758	3.528401
1.261000	-0.660702	-1.511169	658.302948	0.123326	0.079940	1.467274
1.262000	-0.862750	-1.792149	657.676781	0.443179	0.518758	3.844810
1.263000	-1.265228	-2.113017	654.237717	0.322905	0.359146	3.367718
1.264000	-0.741279	-1.631715	658.770218	0.043436	-0.039884	0.359257
1.265000	-0.580934	-1.430952	660.644371	0.602666	0.558547	4.479362
1.266000	-1.103671	-1.792149	656.428596	-0.356014	-0.399126	-2.812857
1.267000	-1.184652	-1.992470	655.958046	0.682556	0.717929	4.952756
1.268000	-0.701597	-1.511169	660.799042	-0.116637	-0.159708	-1.385133
1.269000	-0.862346	-1.591386	659.243256	0.522776	0.518758	4.161385
1.270000	-0.943326	-1.590943	657.210945	0.163418	0.159516	1.624987
1.271000	-0.942922	-1.711932	657.833755	0.283106	0.279570	2.575290
1.272000	-1.184652	-1.871923	657.053719	0.322905	0.318899	2.417415
1.273000	-0.741279	-1.350292	659.708809	0.203216	0.039922	0.993314
1.274000	-0.741683	-1.270075	660.492836	0.522776	0.518758	3.845958
1.275000	-1.023499	-1.551056	658.301979	-0.116637	-0.119690	-0.751821
1.276000	-1.264824	-1.831594	657.052994	0.522776	0.558547	3.846049
1.277000	-0.821451	-1.310405	662.363747	0.003638	-0.079902	-0.751568
1.278000	-0.902027	-1.149971	662.051941	0.362996	0.359146	2.893105
1.279000	-1.183439	-1.511169	659.552483	0.283106	0.279111	2.893267
1.280000	-1.062776	-1.269633	660.956184	0.323198	0.239093	2.417415
1.281000	-0.861537	-1.310405	663.767464	0.163125	0.159516	1.626135
1.282000	-0.780961	-1.109642	663.300209	0.203216	0.079940	0.991093
1.283000	-0.740066	-1.229746	662.206856	0.243015	0.398934	1.625316
1.284000	-0.579317	-1.349850	663.924690	0.123326	-0.039884	1.465543
1.285000	-0.458655	-1.390179	662.672684	0.443179	0.438952	2.893267
1.286000	0.346706	-1.029425	666.735512	0.243308	0.159516	2.101168
1.287000	0.709098	-1.028982	666.580055	0.442594	0.359146	3.209513
1.288000	0.306216	-1.710604	662.204811	0.203216	0.199534	1.625807
1.289000	0.829356	-1.429624	664.702759	0.243015	0.159516	1.941724
1.290000	1.997109	-0.907992	670.169930	0.442594	0.438952	3.051800
1.291000	1.996705	-1.309077	667.514297	0.203216	0.079940	1.943455
1.292000	2.157454	-1.429181	665.638596	0.043436	0.079710	-0.594108
1.293000	2.439269	-1.548842	665.950577	0.203216	0.040152	1.942635
1.294000	2.841343	-1.589172	666.728203	0.243308	0.359146	1.624076
1.295000	3.566532	-1.188530	669.385704	0.203509	0.080169	1.307339
1.296000	3.767367	-1.308191	668.292442	0.283106	0.319587	2.259701
1.297000	3.565319	-1.669389	664.696342	0.403381	0.319587	2.258882
1.298000	4.129355	-1.629059	666.570694	0.203509	0.080169	1.467602
1.299000	4.974802	-1.067541	671.257027	0.163418	0.279799	1.307339
1.300000	4.692582	-1.508512	667.352417	0.363582	0.160205	3.051471
1.301000	4.732668	-1.668946	665.788673	0.003638	0.080169	-0.593196
1.302000	4.973993	-1.629059	666.724159	0.363582	0.200223	2.259793
1.303000	5.537624	-1.388851	669.223015	0.403381	0.359605	2.101497
1.304000	5.698373	-1.348521	668.910423	0.123619	0.160205	1.625807
1.305000	5.657883	-1.468625	667.036232	0.203509	0.240011	1.149626
1.306000	5.416153	-1.909596	664.847946	0.283399	0.279799	2.417415
1.307000	5.939698	-1.588729	667.034004	0.363582	0.200223	2.893267
1.308000	6.463244	-1.147758	670.003387	0.123912	0.160205	0.516550
1.309000	6.221514	-1.548399	667.503998	0.483563	0.359835	4.321082
1.310000	5.778545	-1.949926	663.753967	0.123619	0.160205	0.199813
1.311000	6.100043	-1.629059	665.625916	0.443472	0.280029	3.369540
1.312000	6.704165	-1.228417	669.688644	0.163711	0.199993	0.834527
1.313000	6.421945	-1.388851	666.567184	0.243601	0.200223	2.258882
1.314000	6.421945	-1.468625	665.470718	0.323783	0.280029	2.417744
1.315000	6.140129	-1.589172	664.530334	0.043729	0.000593	-0.274966
1.316000	6.582694	-1.268747	666.563362	0.443472	0.359605	3.686606
1.317000	6.864509	-0.827333	667.656891	0.003638	0.040381	-0.276788
1.318000	6.663270	-1.067984	666.405586	0.603545	0.559694	5.429757
1.319000	6.259983	-1.348964	662.499283	-0.035868	0.040381	-0.274309
1.320000	6.622780	-0.867663	664.841705	0.523362	0.479888	4.953247
1.321000	7.226497	-0.306145	668.280922	0.083820	0.080629	-0.593196
1.322000	6.622376	-0.546353	664.215790	0.163711	0.200223	1.466783
1.323000	6.300069	-0.787446	661.405388	0.323783	0.280258	2.101497
1.324000	6.783528	-0.506466	664.212585	-0.155557	-0.078984	-1.544157
1.325000	6.944681	-0.065051	666.089264	0.643636	0.519906	5.110960
1.326000	6.662866	-0.104938	662.498932	-0.035868	-0.078984	-1.701870
1.327000	6.622780	-0.225485	662.496368	0.643636	0.559694	6.061921
1.328000	6.421137	-0.466136	661.714020	-0.075667	0.001052	-0.752640
1.329000	6.502117	-0.104938	662.339401	0.723233	0.559694	5.586559
1.330000	6.865318	0.376363	664.527153	-0.075667	0.001052	-0.434664
1.331000	6.663270	0.135712	663.742325	0.363582	0.200452	1.942145
1.332000	5.858314	-0.225485	657.962563	0.443472	0.360065	3.051800
1.333000	6.301687	0.255816	662.803635	-0.155557	-0.119001	-2.177723
1.334000	6.583502	0.576684	664.681190	0.723233	0.559694	5.587470
1.335000	5.859122	0.135712	659.994957	-0.075667	-0.078984	-0.749088
1.336000	5.939698	0.336476	660.930367	0.923105	0.639730	6.379897
1.337000	6.221918	0.576684	663.272774	-0.195355	-0.038736	-1.860986
1.338000	6.061574	0.536797	662.336494	0.763032	0.639730	6.379078
1.339000	6.021488	0.737560	661.087677	-0.075374	-0.158790	-1.068558
1.340000	6.061978	0.817334	662.492912	0.123912	0.120646	0.517461
1.341000	5.740481	0.456580	659.521233	0.563746	0.480118	4.161967
1.342000	6.345006	1.098315	662.645279	-0.035575	0.081088	-0.274309
1.343000	6.425987	1.338965	663.585678	0.643636	0.520136	5.112108
1.344000	6.023509	0.737560	659.991150	-0.035283	-0.038507	-0.751401
1.345000	5.903250	0.697673	658.116264	0.723233	0.679748	5.905447
1.346000	6.588353	1.259191	662.955673	-0.155264	-0.158101	-1.226272
1.347000	6.508180	1.098758	662.176620	0.483856	0.440330	4.003434
1.348000	6.306941	1.018541	658.897209	0.244186	0.041529	0.674754
1.349000	6.428412	1.178974	659.206696	0.284278	0.121335	1.784431
1.350000	6.670142	1.058871	660.454712	0.403966	0.520136	3.528401
1.351000	6.751122	1.219304	660.144760	0.004516	-0.038507	-0.436140
1.352000	6.590374	1.179417	658.272118	0.723233	0.639960	6.063489
1.353000	6.711441	1.139087	658.427582	-0.195063	-0.118313	-2.335765
1.354000	6.550691	1.018983	656.394646	0.723819	0.560154	5.746003
1.355000	7.154813	1.580059	660.615425	0.084992	0.081547	0.675994
1.356000	6.994065	1.419625	658.737961	0.364168	0.360753	3.053622
1.357000	6.511010	0.978654	655.301575	0.204680	0.161123	1.625316
1.358000	6.471328	1.018983	654.676208	0.324369	0.241159	2.259793
1.359000	7.156026	1.499842	660.143379	0.484149	0.520365	4.003671
1.360000	7.035363	1.380181	658.425644	-0.035283	-0.118083	-1.068466
1.361000	6.673779	1.139087	654.362099	0.843508	0.760013	6.379897
1.362000	6.673779	1.139087	654.830246	-0.274660	-0.197889	-2.336676
1.363000	6.674184	1.139087	655.454735	0.603838	0.560383	4.477395
1.364000	6.956403	1.459955	656.392799	-0.034990	0.001741	0.199813
1.365000	6.674588	1.419625	655.144646	0.404259	0.400771	3.369869
1.366000	6.352686	1.058871	652.016678	0.404259	0.400771	2.893267
1.367000	6.353090	1.059313	651.860413	0.204680	0.081547	1.625898
1.368000	6.876636	1.660275	656.234970	0.524240	0.480577	3.686606
1.369000	6.554734	1.459955	653.736389	-0.154971	-0.157871	-2.020338
1.370000	6.112169	1.098758	650.142609	0.883599	0.760013	6.379897
1.371000	6.072083	1.058871	649.827599	-0.234568	-0.237448	-2.018699
1.372000	6.555542	1.459955	653.735519	0.564039	0.560383	4.321411
1.373000	6.233640	1.259191	652.019287	0.204680	0.201371	1.625898
1.374000	5.991911	1.139087	649.514999	0.404259	0.361212	2.895747
1.375000	5.710096	0.978654	648.421509	0.324369	0.321195	2.418326
1.376000	5.871653	1.018541	648.890533	0.324369	0.241388	2.737214
1.377000	6.193959	1.459955	651.704460	0.444058	0.480807	3.054280
1.378000	6.073296	1.338965	650.764900	-0.115173	-0.117853	-1.226180
1.379000	5.267935	0.818220	644.829514	0.684020	0.640189	4.794552
1.380000	5.348512	0.938324	646.389481	-0.114880	-0.117853	-1.544157
1.381000	5.912951	1.459512	651.546532	0.484149	0.440789	3.367227
1.382000	5.469579	1.179417	647.486298	0.204680	0.161582	1.942964
1.383000	5.268339	1.058871	647.326653	0.564039	0.480807	3.846049
1.384000	5.308830	1.058871	646.857712	0.364168	0.281177	2.734572
1.385000	5.228657	1.018541	647.952850	0.244772	0.161582	1.308250
1.386000	5.430301	1.339851	649.673164	0.404259	0.480577	2.895256
1.387000	5.269148	1.259191	648.736092	-0.034990	-0.197430	0.042100
1.388000	4.624940	0.657786	644.670937	0.484149	0.480577	2.576368
1.389000	4.987737	1.018541	647.795708	0.164882	0.161582	1.468023
1.390000	5.350937	1.499842	650.453201	0.444350	0.361212	3.369869
1.391000	4.665835	1.018541	646.704758	0.244772	0.201371	2.100349
1.392000	4.343933	0.778776	644.516296	0.244772	0.241388	2.101168
1.393000	4.384423	0.898879	646.857826	0.404259	0.440789	2.893267
1.394000	4.666643	1.139087	648.890038	0.204680	0.161582	1.942964
1.395000	4.465404	1.179417	647.799088	0.284278	0.400771	0.990602
1.396000	4.345146	1.139530	647.172997	0.364460	0.161582	2.734734
1.397000	4.022840	0.818663	645.609657	0.244772	0.321195	1.784760
1.398000	4.143907	0.898879	646.860313	0.164882	0.041759	0.832889
1.399000	4.345550	1.340736	649.208412	0.364460	0.400771	3.528401
1.400000	4.225291	1.019869	648.268852	0.404259	0.281406	3.369869
1.401000	3.701746	0.658672	644.518005	0.284278	0.161582	1.942145
1.402000	4.185609	1.180303	648.737083	0.404259	0.400771	3.053460
1.403000	4.346762	1.381066	650.454918	0.244772	0.121794	2.417415
1.404000	3.984774	1.100529	647.178726	0.164589	0.121335	0.359257
1.405000	3.944688	0.979982	646.550949	0.324369	0.201600	2.895089
1.406000	4.266994	1.220632	649.985085	0.284278	0.281177	1.784178
1.407000	4.307889	1.341179	649.830521	0.324369	0.281406	2.417507
1.408000	4.227717	1.341622	648.271362	0.364460	0.241388	2.259211
1.409000	4.308697	1.381509	650.145630	0.204680	0.281406	2.100678
1.410000	3.865325	1.021197	647.019180	0.204973	0.201371	1.626227
1.411000	4.268207	1.341622	650.458313	0.284278	0.241159	1.782701
1.412000	4.550427	1.702819	652.645966	0.404552	0.241618	2.893267
1.413000	4.269016	1.221961	649.990173	0.164882	0.201371	0.358346
1.414000	3.785556	1.061527	646.552719	0.524240	0.321424	4.161638
1.415000	4.510341	1.542828	652.017509	0.125083	0.241388	1.149954
1.416000	4.430169	1.623045	652.802338	0.244772	0.201600	2.260122
1.417000	3.866133	1.142187	646.867905	0.284863	0.241388	2.101497
1.418000	4.067776	1.303063	648.741287	0.164882	0.161582	1.784431
1.419000	4.269016	1.382837	651.393814	0.204973	0.241618	2.419474
1.420000	4.269420	1.423610	651.240852	0.164882	0.241388	1.149626
1.421000	4.108266	1.463940	650.461617	0.524240	0.361212	4.635599
1.422000	4.067776	1.383280	650.929764	0.084992	0.081547	-0.114865
1.423000	3.464059	0.942309	647.335266	0.484442	0.361212	4.321411
1.424000	4.188439	1.704590	653.583260	0.244772	0.241388	0.993971
1.425000	4.430169	1.905354	655.616982	0.244772	0.241618	2.417835
1.426000	3.423569	1.223732	649.211922	0.284863	0.281406	2.260941
1.427000	3.423569	1.264062	649.367470	0.084992	0.161582	0.833471
1.428000	4.107862	1.785250	655.457458	0.524240	0.401230	4.003763
1.429000	3.745066	1.545042	653.584869	-0.074788	0.001970	-0.274309
1.430000	3.543827	1.545485	651.867836	0.764203	0.640648	6.221364
1.431000	3.543827	1.545485	652.178917	0.084992	0.041759	0.359257
1.432000	3.261203	1.224617	651.083801	0.644515	0.520824	5.587470
1.433000	3.704576	1.907125	655.147354	-0.075081	-0.038047	-1.226180
1.434000	3.623999	2.027229	655.305374	0.404552	0.321424	3.050161
1.435000	3.100050	1.386380	651.553627	0.204973	0.241388	1.626135
1.436000	2.978983	1.386380	650.146812	-0.114880	-0.077836	-1.544976
1.437000	3.704576	2.107889	657.332703	0.684313	0.520824	4.795043
1.438000	3.462038	1.987785	656.551865	-0.075081	-0.037818	-0.593196
1.439000	3.019069	1.707247	652.647957	0.724112	0.520824	5.587470
1.440000	2.938493	1.747577	652.021156	-0.075081	-0.038047	-1.385203
1.441000	3.260394	1.908011	655.300499	0.724112	0.520824	6.062832
1.442000	3.421548	2.149104	656.083893	-0.194477	-0.117853	-1.860075
1.443000	3.099241	2.109217	654.211227	0.244772	0.281406	2.099530
1.444000	2.978175	1.908453	653.270943	0.284863	0.281406	2.259701
1.445000	2.857108	1.748020	652.334747	-0.034990	-0.038047	-1.385624
1.446000	3.340567	2.309538	656.867134	0.484442	0.480807	4.636838
1.447000	3.380653	2.310423	656.710068	-0.114880	-0.038047	-1.067976
1.448000	2.856704	1.828679	653.274323	0.804002	0.680436	6.379897
1.449000	2.695551	1.869009	652.179283	-0.074788	-0.038047	-1.542917
1.450000	3.420739	2.310423	658.114510	0.764203	0.640648	6.063651
1.451000	3.219096	2.270536	657.336327	-0.114880	-0.038047	-0.908785
1.452000	2.897194	2.110103	654.992317	0.164882	0.201600	1.308250
1.453000	2.735637	1.989999	654.367027	0.244772	0.281406	2.102408
1.454000	2.815809	2.029886	655.303238	-0.074788	-0.038047	-1.226999
1.455000	3.259182	2.431413	657.491867	0.764203	0.680666	6.221364
1.456000	3.178201	2.551517	657.649017	-0.034990	-0.038047	-1.069706
1.457000	2.654656	2.110545	654.679710	0.724112	0.640648	5.586559
1.458000	2.533993	1.869895	653.272018	-0.114880	-0.037818	-1.702361
1.459000	3.138115	2.471743	657.959221	0.604423	0.480807	4.319773
1.460000	3.178201	2.591846	657.803764	-0.034990	0.001970	-0.593196
1.461000	2.654656	2.150875	654.524284	0.164882	0.121794	1.308741
1.462000	2.614166	2.150875	654.522568	0.604423	0.480807	4.003763
1.463000	2.935663	2.431856	657.958420	-0.114880	-0.077836	-1.702690
1.464000	2.775319	2.391968	656.711304	0.724112	0.640648	5.429266
1.465000	2.734828	2.432298	656.555763	-0.194477	-0.077836	-1.702361
1.466000	2.654252	2.191648	655.461433	0.763910	0.680436	5.585740
1.467000	2.613762	2.070658	655.459038	-0.075081	-0.037818	-0.593196
1.468000	3.097220	2.592732	658.743423	0.484442	0.401230	3.685786
1.469000	2.936067	2.512515	657.650963	0.364460	0.201830	1.942635
1.470000	2.452609	1.950997	653.745377	0.204680	0.161812	1.309981
1.471000	2.573676	1.950997	655.148918	0.484442	0.480807	4.003181
1.472000	3.298460	2.552845	659.993210	-0.234568	-0.157412	-1.544976
1.473000	2.815000	2.231977	656.091789	0.804295	0.720454	6.379897
1.474000	2.855491	2.352524	657.026474	-0.314458	-0.277236	-2.970150
1.475000	2.855491	2.231977	656.713791	0.724112	0.640648	5.112200
1.476000	2.895577	2.111874	657.181129	0.045193	0.001970	-0.591374
1.477000	3.178201	2.432298	658.433311	0.364460	0.361212	2.417835
1.478000	3.097625	2.392411	658.276970	0.245064	0.201600	2.258882
1.479000	2.654252	1.911553	655.774223	0.284863	0.281406	2.892448
1.480000	3.017048	2.071987	658.274490	0.364460	0.401230	2.576859
1.481000	3.460017	2.512958	661.244591	-0.194477	-0.157412	-1.702690
1.482000	2.976962	2.071987	657.027199	0.804002	0.800260	6.538851
1.483000	2.735637	1.791449	655.465614	-0.394348	-0.317254	-2.494880
1.484000	3.057539	1.951440	657.962685	0.524240	0.520824	4.319190
1.485000	3.259182	2.192533	661.089859	0.045193	0.001970	0.517461
1.486000	3.138519	2.152646	658.589661	0.644222	0.520824	4.953904
1.487000	2.977771	2.072429	657.808907	0.364460	0.201600	2.418326
1.488000	2.937280	1.831779	657.650795	0.364460	0.281406	2.100678
1.489000	3.138519	1.992213	659.213181	0.364460	0.361212	2.100678
1.490000	3.340567	2.192976	660.153564	-0.114880	-0.157412	-1.385953
1.491000	3.098433	1.831779	658.745827	0.524240	0.520595	3.687845
1.492000	2.817022	1.551241	656.247963	-0.154971	-0.197430	-1.226180
1.493000	3.300481	1.912439	659.995453	0.524240	0.440789	4.003763
1.494000	3.622382	2.152646	662.809357	0.164882	0.161582	1.309981
1.495000	2.978175	1.671788	658.279297	0.444350	0.361212	3.686115
1.496000	2.857512	1.511797	657.342911	0.364460	0.241388	2.576859
1.497000	3.179414	1.671788	659.996246	0.324955	0.241388	2.259793
1.498000	3.622382	1.992655	662.027664	0.244772	0.241388	1.785089
1.499000	3.340971	1.832664	660.155167	0.045193	0.082006	1.467602
1.500000	3.381461	1.712118	660.153564	0.364460	0.480577	1.942145
1.501000	2.938088	1.271589	657.341141	-0.074788	-0.077836	-1.068795
1.502000	3.421548	1.631901	661.403168	0.444350	0.321195	3.209513
1.503000	3.864516	2.033427	664.371574	0.244772	0.201600	2.101168
1.504000	3.421548	1.511797	659.996170	0.364460	0.281406	2.100678
1.505000	2.978579	1.151042	656.716667	0.404552	0.361212	3.050981
1.506000	3.582701	1.632344	661.087997	0.244772	0.241618	1.782701
1.507000	3.945092	1.833107	664.058807	0.244772	0.321195	1.942145
1.508000	3.300885	1.311919	657.811768	0.164882	0.121794	1.625898
1.509000	3.502124	1.272032	659.529617	0.164882	0.201371	0.676323
1.510000	3.622382	1.312362	660.308762	0.324369	0.241618	3.052803
1.511000	3.824026	1.472795	661.091202	0.404552	0.361212	2.895747
1.512000	3.944688	1.633672	662.185524	0.125083	0.161582	1.309070
1.513000	3.864112	1.352692	661.091919	0.324369	0.281177	2.100678
1.514000	3.219096	0.791173	656.248428	0.404259	0.321195	3.050981
1.515000	4.186014	1.472795	662.496338	0.204973	0.161812	1.942964
1.516000	4.548810	1.833992	664.842049	0.244772	0.241388	0.991421
1.517000	3.782727	1.072154	659.217735	0.404259	0.201600	3.211336
1.518000	3.742641	1.032267	658.277443	0.084992	0.121794	-0.114865
1.519000	4.306272	1.353134	662.183807	0.284863	0.121794	1.784431
1.520000	4.306272	1.352692	661.402115	0.244772	0.321195	2.101497
1.521000	4.265782	1.353134	660.622246	0.244772	0.201600	1.784431
1.522000	4.265782	1.272918	660.465828	0.244772	0.241388	1.625316
1.523000	4.063734	0.911277	659.369896	0.404259	0.321195	2.259793
1.524000	4.506703	1.433794	661.716476	0.404552	0.281406	2.260612
1.525000	4.627365	1.594228	662.965271	0.124790	0.161582	0.359257
1.526000	4.345146	1.112926	660.307076	0.524240	0.361442	4.318862
1.527000	3.982754	0.831946	657.182228	0.164882	0.081547	0.673773
1.528000	4.586875	1.393907	661.244148	0.364460	0.281406	3.369540
1.529000	4.788114	1.433794	663.120819	0.164882	0.241388	0.990931
1.530000	4.304251	1.073482	659.370789	0.244772	0.241388	1.784760
1.531000	4.183184	0.993265	658.434402	0.364460	0.321195	2.735392
1.532000	4.666239	1.193143	661.866867	-0.034990	0.081547	-0.117252
1.533000	4.585663	1.314133	661.089493	0.604423	0.361212	4.161967
1.534000	4.464596	1.274246	659.685783	0.164882	0.121794	1.150865
1.535000	4.424105	1.194472	659.681694	0.724112	0.560613	5.588052
1.536000	4.222462	0.832832	657.806549	-0.034990	0.001970	-0.909114
1.537000	4.584854	1.314575	661.087662	0.524240	0.401230	4.477395
1.538000	4.746007	1.514896	661.244804	0.125083	0.121794	0.200633
1.539000	4.422893	1.154585	658.742920	0.164882	0.121794	0.831741
1.540000	4.301826	1.073925	657.649406	0.484442	0.401230	4.163444
1.541000	4.986524	1.635443	663.114960	-0.034990	0.001741	-1.384713
1.542000	4.824966	1.515782	661.710541	0.684313	0.560613	5.746003
1.543000	4.663814	1.435565	659.054726	0.045193	0.001970	-0.910262
1.544000	4.824562	1.516667	660.146561	0.764203	0.640648	6.221364
1.545000	5.025397	1.596442	662.019867	-0.074788	-0.038047	-1.226180
1.546000	5.146060	1.797205	662.021629	0.684313	0.520824	5.112108
1.547000	5.186146	1.877864	662.020920	0.084992	0.041759	0.042757
1.548000	5.225828	1.597327	660.298897	0.244772	0.161812	1.308250
1.549000	5.225828	1.597327	659.986214	0.484442	0.441248	4.320829
1.550000	5.869632	2.158845	664.048225	-0.194477	-0.117853	-1.704091
1.551000	5.829141	1.998854	662.330322	0.804002	0.640648	6.379078
1.552000	5.506431	1.678429	659.049202	-0.075081	-0.077836	-1.069706
1.553000	5.948995	1.919080	660.609985	0.844093	0.680666	6.380808
1.554000	6.593607	2.320164	665.139275	-0.075081	-0.038047	-1.384384
1.555000	6.270493	1.999739	661.548050	0.684313	0.520824	5.111871
1.556000	6.310579	1.999739	660.768105	-0.074788	0.001970	-0.593196
1.557000	6.511010	1.959852	660.764908	0.045193	0.082006	-0.117252
1.558000	6.671758	1.999739	661.388512	0.604423	0.520824	5.271552
1.559000	7.195304	2.481484	664.201622	0.005394	-0.037818	-1.226509
1.560000	7.114323	2.240833	662.171204	0.724405	0.640648	6.221364
1.561000	6.710632	1.880078	658.578201	-0.114880	0.082006	-1.068466
1.562000	7.234177	2.000182	660.918121	0.764203	0.680666	6.221364
1.563000	7.717232	2.642360	664.825394	-0.274660	-0.237218	-2.019190
1.564000	7.474694	2.240833	660.450073	0.604423	0.401230	4.160657
1.565000	7.394522	2.161059	659.980408	0.125083	0.161812	0.835438
1.566000	7.595357	2.321493	660.761963	0.125083	0.122024	0.990602
1.567000	7.836277	2.441597	662.479156	0.484442	0.520824	4.320829
1.568000	7.956940	2.682690	662.792648	-0.154386	-0.117394	-1.068466
1.569000	7.916450	2.442039	660.760529	0.764203	0.640878	5.903716
1.570000	7.513163	2.161502	657.946846	-0.194477	-0.157412	-1.702690
1.571000	8.076390	2.642360	661.696808	0.724405	0.600860	5.903716
1.572000	8.479677	3.003114	664.351913	0.125083	0.122024	0.518609
1.573000	8.035900	2.481926	659.976494	0.324955	0.281636	2.259793
1.574000	7.632613	2.241719	656.853432	0.165174	0.161812	1.150865
1.575000	7.995006	2.642803	659.975861	0.204973	0.042218	0.992333
1.576000	8.478060	3.003114	662.630798	0.484442	0.521284	4.003763
1.577000	8.074773	2.762907	659.352341	-0.194477	-0.197200	-2.335765
1.578000	7.913620	2.642803	657.790756	0.804295	0.800490	6.697384
1.579000	7.953707	2.602473	658.412750	-0.154386	-0.117394	-1.860075
1.580000	8.154946	2.922898	659.975929	0.604423	0.640878	4.163207
1.581000	8.315695	3.163991	660.756775	0.085284	0.082236	0.517461
1.582000	8.154137	2.883011	660.444084	0.404552	0.281636	2.417835
1.583000	7.630592	2.481926	655.757034	0.324955	0.321654	2.576039
1.584000	8.154137	3.003114	658.880905	0.125376	0.082236	0.991093
1.585000	8.556211	3.444086	662.941956	0.644515	0.680666	4.638477
1.586000	7.952090	2.922898	658.256500	-0.234568	-0.197200	-2.176812
1.587000	7.629784	2.762907	656.224304	0.804295	0.720684	6.063651
1.588000	8.193415	3.163548	660.440872	-0.274367	-0.197200	-2.019190
1.589000	8.072348	3.244208	660.441757	0.604716	0.600860	4.477395
1.590000	7.911195	3.123662	657.945496	0.165174	0.162042	1.624987
1.591000	7.950877	3.323982	659.660042	0.324955	0.361671	3.369869
1.592000	7.668657	2.883011	657.470779	0.324955	0.361442	2.576859
1.593000	7.749234	3.163991	658.097664	0.204973	0.162042	1.942635
1.594000	7.990963	3.484416	660.285416	0.444643	0.481495	3.527582
1.595000	7.708744	3.283652	659.035713	-0.234276	-0.236989	-2.019098
1.596000	7.144708	2.802351	654.973000	0.684313	0.680896	5.269914
1.597000	7.708744	3.323982	659.502098	-0.234276	-0.236989	-2.178051
1.598000	7.829406	3.524303	661.534393	0.365046	0.401460	2.576859
1.599000	7.144708	2.962785	656.223503	0.245064	0.162042	1.625898
1.600000	7.104622	3.003114	656.536079	0.524826	0.361671	4.002523
1.601000	7.386437	3.283652	659.970253	0.284863	0.241848	2.260122
1.602000	7.184794	3.163548	658.408745	0.284863	0.241848	1.942635
1.603000	7.064131	3.323539	657.943016	0.444643	0.401230	3.211993
1.604000	7.063727	3.163548	658.566612	0.005394	-0.037359	-0.435483
1.605000	6.620758	2.762021	656.223389	0.444643	0.441248	2.734572
1.606000	7.064131	3.163548	659.815498	0.085284	0.002659	0.515240
1.607000	7.023641	3.323539	660.128990	0.564625	0.441248	3.844319
1.608000	6.580672	2.681361	656.380531	0.404552	0.201830	2.259211
1.609000	6.500096	2.681361	656.534393	0.444643	0.361442	3.529312
1.610000	6.983151	3.042559	661.534294	0.404552	0.321424	3.053460
1.611000	6.661249	2.841795	659.191002	0.245064	0.122024	1.625898
1.612000	6.298857	2.641032	657.162086	0.204973	0.281636	1.466783
1.613000	6.540182	2.681361	657.942108	0.125376	0.042218	1.466454
1.614000	6.500096	2.560372	659.344780	0.284863	0.321424	1.943293
1.615000	6.580672	2.761135	660.128899	0.284863	0.122024	1.624987
1.616000	6.339347	2.600702	658.099174	0.484442	0.521284	3.686115
1.617000	6.017041	2.119401	656.533508	0.324955	0.361442	2.576039
1.618000	5.936060	2.079071	656.534386	0.205266	0.201830	1.784431
1.619000	6.339347	2.600259	660.439087	0.324955	0.361442	3.211993
1.620000	6.177790	2.279392	659.346466	0.205266	0.162042	2.260612
1.621000	5.734821	1.958524	656.378044	0.125083	0.201600	0.042849
1.622000	5.654649	1.877864	655.910690	0.245064	0.122024	1.625898
1.623000	6.137300	2.199175	660.595413	0.204973	0.241618	1.467931
1.624000	6.016637	2.078628	659.504410	0.204973	0.122024	1.942145
1.625000	5.533582	1.877864	657.161278	0.404552	0.361442	2.737543
1.626000	5.573668	1.757761	656.846992	0.284863	0.281636	2.576859
1.627000	5.653841	1.837535	658.879036	0.284863	0.281636	1.942964
1.628000	5.936060	2.158402	660.597015	0.444350	0.361442	3.529312
1.629000	5.613755	1.877422	658.722763	0.165174	0.161812	1.625807
1.630000	5.130296	1.476780	655.129768	0.204973	0.201830	0.833217
1.631000	5.331939	1.596884	656.379463	0.444643	0.281636	4.160329
1.632000	5.975742	2.118515	662.314857	0.125083	0.201830	0.676323
1.633000	5.573264	1.917309	659.503487	0.364460	0.201830	2.892448
1.634000	5.130296	1.636771	657.003227	0.444643	0.401230	3.211174
1.635000	5.089805	1.596884	656.690544	0.204973	0.162042	1.466783
1.636000	5.371621	1.837092	659.813622	0.165174	0.161812	1.783030
1.637000	5.412111	1.957196	660.285851	0.244772	0.241618	1.467694
1.638000	5.089805	1.837092	659.189117	0.444643	0.281865	3.846049
1.639000	4.888162	1.475895	657.314865	0.125083	0.161812	0.041938
1.640000	4.848076	1.596884	658.408279	0.604423	0.441248	4.952756
1.641000	5.251362	2.118072	662.159142	0.084992	0.161812	0.358346
1.642000	4.848076	1.796762	659.346176	0.324955	0.281636	3.052803
1.643000	4.162569	1.355791	654.970848	0.204973	0.201600	1.309398
1.644000	4.565856	1.596442	657.627357	0.164882	0.201830	1.624987
1.645000	4.928248	2.037412	661.847252	0.404552	0.321654	3.528401
1.646000	4.485279	1.796762	658.723282	-0.075081	-0.038047	-1.385624
1.647000	4.485279	1.837092	659.815834	0.724405	0.600860	5.587470
1.648000	4.162569	1.596442	657.783615	0.084992	0.082006	-0.433661
1.649000	4.162569	1.676216	658.722237	0.604423	0.441248	5.270404
1.650000	4.565452	2.278064	661.690025	0.045193	0.082006	-1.226180
1.651000	4.444385	2.118072	661.063850	0.404552	0.321424	3.687026
1.652000	3.719196	1.556555	656.533745	0.164882	0.241618	1.467602
1.653000	4.202251	1.957196	660.594818	-0.034990	0.001970	-0.750398
1.654000	4.444385	2.438497	662.939613	0.444643	0.361442	3.845230
1.655000	3.799369	1.957639	659.034828	-0.074788	-0.038047	-1.385624
1.656000	3.718792	1.917309	659.034737	0.604423	0.401230	4.953247
1.657000	4.040694	2.077300	661.218315	0.045193	-0.037818	-0.274309
1.658000	4.000608	2.278064	661.531006	0.804295	0.680666	7.013463
1.659000	3.919627	2.438497	661.845291	-0.114880	-0.117853	-2.019519
1.660000	3.798964	2.478827	661.844391	0.604423	0.401230	3.845230
1.661000	3.395678	1.997525	658.717964	0.125083	0.161582	0.676323
1.662000	3.758474	2.478827	661.372955	-0.075081	-0.038047	-1.068795
1.663000	3.919223	2.840024	663.250275	0.604423	0.401230	4.161967
1.664000	3.596917	2.599374	661.845116	-0.034990	0.001970	-1.068466
1.665000	3.194439	2.358723	659.031281	0.804002	0.640648	6.537773
1.666000	3.637407	2.879911	663.093132	-0.154971	-0.117853	-1.068466
1.667000	3.637003	3.000458	663.561264	0.764203	0.720454	6.062832
1.668000	3.233716	2.760250	659.656479	-0.075081	-0.038047	-1.702361
1.669000	3.273803	2.880354	659.813622	0.444350	0.321195	3.369540
1.670000	3.394465	2.960571	661.996323	0.084992	0.121794	0.042100
1.671000	3.475042	3.201664	662.309807	0.044607	0.081547	0.515240
1.672000	3.232908	3.241994	660.749908	0.644222	0.640648	5.428026
1.673000	3.272994	3.281881	661.683632	-0.075081	-0.077836	-1.542426
1.674000	2.910602	3.001343	658.871567	0.724112	0.680436	5.903716
1.675000	3.313080	3.442758	662.308029	-0.154971	-0.077836	-1.385624
1.676000	3.433339	3.683408	663.872017	0.724112	0.640648	5.903716
1.677000	3.030860	3.161777	659.496674	-0.194477	-0.117853	-1.384476
1.678000	2.870112	3.282324	658.871399	0.364460	0.361212	3.208365
1.679000	3.473425	3.763625	664.338478	0.244772	0.281406	1.943293
1.680000	3.271781	3.723295	662.464294	-0.075081	-0.077836	-0.749907
1.681000	2.869303	3.362984	658.871300	0.644222	0.560613	5.271552
1.682000	2.949476	3.603191	660.276535	-0.195063	-0.077836	-1.384713
1.683000	3.030456	3.483087	661.526230	0.804002	0.600401	6.220453
1.684000	3.231291	3.843842	662.307846	-0.274660	-0.237448	-1.701542
1.685000	3.191609	3.843842	661.526230	0.564039	0.520595	4.636838
1.686000	2.747832	3.523417	660.277245	0.004809	0.001970	0.835438
1.687000	2.506103	3.322211	657.619820	0.324369	0.281406	1.942964
1.688000	3.231291	3.924502	663.399506	0.324369	0.400771	2.418326
1.689000	3.230887	3.883729	663.403587	0.124790	0.041759	0.674027
1.690000	2.546189	3.282324	658.248314	0.684020	0.600401	5.904536
1.691000	2.626361	3.523417	658.872795	-0.274660	-0.197889	-2.811617
1.692000	3.109820	3.763625	663.401024	0.923690	0.840049	7.171177
1.693000	2.868091	3.683408	661.372261	-0.154971	-0.117853	-1.543338
1.694000	2.585871	3.603191	659.810600	0.404259	0.400771	2.576859
1.695000	2.465208	3.442758	658.715393	0.204680	0.201600	1.943875
1.696000	2.344141	3.202107	657.932976	0.404259	0.241388	3.050981
1.697000	2.988349	3.883729	663.403496	0.364168	0.281177	2.735392
1.698000	2.706533	3.763625	661.998085	-0.114880	0.041759	-0.907621
1.699000	2.021835	3.202107	657.154610	0.763910	0.640189	5.430085
1.700000	2.021835	3.241994	658.091713	-0.314751	-0.277466	-2.493969
1.701000	2.666043	3.843399	663.403313	0.603838	0.560154	4.794552
1.702000	2.343737	3.602306	661.217964	-0.075374	-0.078065	-1.067976
1.703000	2.021431	3.362098	659.342094	0.523948	0.480577	3.845559
1.704000	1.820192	3.321768	659.028603	0.204680	0.201371	2.101168
1.705000	1.900364	3.441872	660.433769	0.364168	0.321195	2.734734
1.706000	2.061517	3.722410	661.841568	0.404259	0.360753	3.051800
1.707000	1.779702	3.642635	661.374046	-0.035283	-0.038047	0.197846
1.708000	1.175176	3.160892	657.932594	0.484149	0.520365	3.528401
1.709000	1.296243	3.241109	659.653641	-0.274660	-0.277466	-1.859746
1.710000	1.618549	3.802626	663.248123	0.684020	0.600171	4.795700
1.711000	1.175176	3.481316	661.373848	-0.035283	-0.038047	-0.274966
1.712000	0.570650	3.080232	658.249023	0.483856	0.440789	3.528401
1.713000	0.530564	3.120119	658.717148	0.284278	0.320735	2.418326
1.714000	0.892956	3.600977	663.561440	0.364168	0.321195	2.734734
1.715000	0.570650	3.560648	662.312454	0.364168	0.320735	2.259211
1.716000	0.369007	3.440544	661.530823	0.044607	0.041529	0.832889
1.717000	0.007019	3.199450	660.591064	0.364168	0.440330	1.784431
1.718000	0.006615	3.359441	662.312271	-0.075374	-0.118083	-0.751568
1.719000	0.247940	3.760968	664.190445	0.404259	0.400541	3.211993
1.720000	-0.033472	3.640422	663.250076	0.164589	0.081317	0.991093
1.721000	-0.517335	3.238895	660.595764	0.483856	0.360524	3.686606
1.722000	-0.316500	3.599649	663.093628	0.364168	0.241159	2.258882
1.723000	0.086383	3.960404	666.689011	0.324076	0.161123	1.784431
1.724000	-0.436758	3.719753	662.470650	0.324076	0.360524	2.576039
1.725000	-0.637997	3.679866	662.001717	0.204680	-0.038507	1.307339
1.726000	-0.517739	3.799970	663.248108	0.044315	0.200682	-0.751401
1.727000	-0.316500	3.919631	665.281830	0.324076	0.161123	2.575290
1.728000	-0.517739	4.160725	664.190872	0.403966	0.320735	2.734572
1.729000	-0.397076	4.080065	664.813675	0.283985	0.200682	1.309070
1.730000	-0.840449	3.718425	662.468857	0.403966	0.280488	3.211336
1.731000	-0.800363	3.919188	663.563721	0.324076	0.360524	2.893105
1.732000	-0.437567	4.320273	665.439682	0.164589	0.001511	0.834198
1.733000	-0.759873	3.918746	662.783768	0.164003	0.360524	1.624497
1.734000	-1.243331	3.637765	659.816872	0.444058	0.121105	3.370359
1.735000	-0.840449	3.998963	664.344543	0.044315	0.200682	-0.116266
1.736000	-0.478057	4.158511	665.439568	0.364168	0.121335	2.892119
1.737000	-1.363994	3.557105	659.661476	0.244186	0.400312	1.942964
1.738000	-1.243331	3.677209	660.599281	0.284278	0.200682	2.100678
1.739000	-1.001602	3.555777	662.628220	0.123912	0.121105	0.990182
1.740000	-1.123073	3.475560	662.474350	0.443765	0.360065	2.576859
1.741000	-0.880535	3.716211	663.255974	0.324076	0.161123	1.943783
1.742000	-1.001602	3.394901	662.787018	0.044315	0.240470	0.358346
1.743000	-1.605724	2.793053	658.256874	0.523655	0.320735	4.003434
1.744000	-0.921026	3.152922	664.036713	0.044315	0.280258	0.991421
1.745000	-0.719382	3.313356	665.444328	0.444058	0.081088	3.527253
1.746000	-1.363590	2.631291	660.134232	0.084406	0.280488	0.676323
1.747000	-1.363994	2.510744	660.602371	0.364168	0.200682	2.417415
1.748000	-0.678488	2.790839	665.287979	0.363875	0.480118	2.417415
1.749000	-0.920621	2.469971	664.197754	0.163711	0.120646	0.991093
1.750000	-1.121456	2.228878	661.387283	0.363875	0.320276	2.893267
1.751000	-1.121860	1.987785	661.228455	0.044315	0.160664	0.515240
1.752000	-1.404080	1.545928	659.977066	0.563453	0.440330	5.112691
1.753000	-0.799554	2.067559	664.355690	0.083820	0.120646	0.041938
1.754000	-0.678488	2.027229	664.823837	0.563453	0.400312	4.161967
1.755000	-1.161542	1.344721	660.918152	0.044315	0.320047	0.834527
1.756000	-1.604915	1.024297	657.637856	0.164003	0.041070	1.624987
1.757000	-0.880131	1.505155	663.573959	0.324076	0.360065	2.418234
1.758000	-0.718574	1.424496	664.982468	0.004223	0.001052	-0.117252
1.759000	-1.322291	0.782760	659.359764	0.603545	0.519906	4.635599
1.760000	-1.523934	0.542110	658.421059	0.083820	0.001052	0.359257
1.761000	-1.040071	0.741988	662.793839	0.723233	0.639730	6.539503
1.762000	-0.959899	0.822205	663.420799	0.004223	0.001052	-0.593196
1.763000	-1.161138	0.701658	661.078484	0.603545	0.479888	5.270312
1.764000	-1.241310	0.340461	660.606155	-0.035575	0.160435	0.200633
1.765000	-1.764856	-0.180727	657.797119	0.323783	0.200452	0.832889
1.766000	-1.080157	0.500452	662.794540	0.363875	0.479888	2.893267
1.767000	-0.797938	0.660443	665.138474	-0.075667	-0.158790	-1.544647
1.768000	-1.604107	-0.061066	659.512550	0.763032	0.759095	6.223095
1.769000	-1.925604	-0.422264	657.170052	0.044315	-0.039425	-0.119075
1.770000	-1.280992	0.058595	663.103683	0.683142	0.559924	5.905937
1.771000	-1.200416	0.179142	663.418762	-0.155557	-0.039425	-1.385624
1.772000	-1.804537	-0.342489	658.887169	0.843215	0.519906	6.696306
1.773000	-1.723557	-0.182056	659.666161	-0.155557	0.000593	-0.910025
1.774000	-1.683471	-0.303045	659.977074	0.203509	0.080629	1.149135
1.775000	-1.602894	0.018265	662.010887	0.523655	0.559694	4.480763
1.776000	-1.562404	0.218586	662.320999	-0.035575	-0.119001	-1.386443
1.777000	-1.965286	-0.222828	659.507965	0.563453	0.519906	5.270641
1.778000	-2.650388	-0.623027	655.289673	-0.075667	0.080629	-0.752640
1.779000	-1.723557	0.258473	661.850273	0.843215	0.599712	6.379897
1.780000	-1.642980	0.539453	664.195816	-0.315630	-0.118772	-2.177232
1.781000	-2.247102	-0.021622	658.258820	0.763032	0.519677	4.794223
1.782000	-2.448745	0.058595	658.101669	-0.075667	0.120646	0.675902
1.783000	-1.965690	0.338690	661.378700	0.123912	0.120417	0.198175
1.784000	-2.247102	0.499566	659.975868	0.483271	0.360065	3.846049
1.785000	-2.207420	0.700330	659.663887	-0.075667	0.080629	-0.276788
1.786000	-2.247102	0.579783	659.505234	0.843215	0.559694	5.428026
1.787000	-2.610707	0.419792	657.317383	-0.275831	0.000593	-1.067976
1.788000	-1.965690	1.181188	660.753952	0.923105	0.719077	6.221364
1.789000	-1.845432	1.462612	662.002937	-0.155557	-0.078984	-0.431693
1.790000	-2.328487	1.061527	657.315704	0.443765	0.519677	4.003434
1.791000	-2.530130	0.940980	655.907104	0.123912	-0.078984	0.199813
1.792000	-1.644597	1.783479	662.781990	0.043729	0.160435	1.309070
1.793000	-1.805346	1.783479	660.126175	0.643636	0.599253	5.269401
1.794000	-1.886327	1.824252	659.032753	-0.275831	-0.118772	-1.385624
1.795000	-1.966499	1.783479	657.936897	0.723233	0.719077	6.061921
1.796000	-1.885922	1.663375	658.402397	-0.035868	-0.159019	-2.176321
1.797000	-1.725174	2.144676	659.655548	0.443472	0.559694	5.429757
1.798000	-1.805346	2.184563	658.249428	0.044315	0.000593	0.042100
1.799000	-1.966499	1.863253	656.998756	0.403381	0.280258	3.371599
1.800000	-2.208633	1.943913	655.591133	0.323783	0.320047	3.050981
1.801000	-1.523126	2.304667	659.499031	0.203802	0.240241	0.835110
1.802000	-1.764856	2.505431	659.655373	0.483271	0.519677	4.955214
1.803000	-2.087161	2.064016	656.218719	-0.155557	-0.159019	-2.020338
1.804000	-2.409063	1.903140	654.968086	0.643051	0.559694	5.904536
1.805000	-1.926008	2.424328	659.652794	-0.275831	-0.278613	-2.177232
1.806000	-1.925604	2.344112	658.093628	0.643051	0.679059	5.112108
1.807000	-2.408659	2.504988	656.375862	0.123912	0.000593	1.307830
1.808000	-2.207420	2.224008	656.841362	0.363875	0.399853	2.419145
1.809000	-2.207016	2.343669	657.310219	0.483563	0.359835	3.369869
1.810000	-2.207016	2.625092	658.091049	0.083820	0.001052	0.991093
1.811000	-2.166930	2.544875	657.468956	0.483271	0.718847	4.321648
1.812000	-2.730561	2.344112	654.656105	-0.236032	-0.318631	-2.179291
1.813000	-2.609898	2.224008	655.277916	0.802538	0.838671	6.855750
1.814000	-1.884710	2.945517	660.277756	-0.115758	-0.278613	-1.702781
1.815000	-2.408659	2.665422	657.310143	0.562868	0.439641	3.528401
1.816000	-2.528917	2.464215	654.810410	0.163711	0.240011	1.942635
1.817000	-2.770647	2.625092	654.653358	0.443472	0.240011	2.576039
1.818000	-2.207016	2.785083	658.557083	0.243601	0.359835	1.942964
1.819000	-2.327274	3.146280	656.996307	0.083528	0.040381	1.467274
1.820000	-2.730561	2.865300	655.588661	0.682849	0.718847	5.271881
1.821000	-2.770647	2.785083	654.494255	-0.395520	-0.318631	-2.336676
1.822000	-3.415259	2.785083	653.867294	0.602959	0.559006	4.159418
1.823000	-2.489236	3.346601	658.397194	-0.075960	0.000593	-0.593854
1.824000	-3.294596	3.346158	655.273964	0.483271	0.399623	3.845230
1.825000	-4.020189	2.705309	651.834923	0.243308	0.199993	1.624987
1.826000	-3.818141	3.146280	653.395531	0.403381	0.320047	4.320829
1.827000	-3.818545	3.586809	658.550819	0.483271	0.359605	2.733823
1.828000	-4.221428	3.386488	655.113190	0.123619	0.160205	0.993642
1.829000	-4.906126	3.507035	653.394302	0.403381	0.359605	2.735392
1.830000	-5.229240	3.346601	652.923515	0.003638	-0.039425	0.200633
1.831000	-5.511056	3.546922	653.389168	0.362996	0.479200	3.209513
1.832000	-5.551546	4.309646	656.827332	0.123619	-0.039654	0.039129
1.833000	-6.115582	4.189542	653.858665	0.522776	0.519217	4.161385
1.834000	-7.404806	3.788457	648.699127	0.283399	0.159746	2.258882
1.835000	-7.244057	4.309646	651.820503	0.323198	0.319817	2.417577
1.836000	-7.003136	5.152145	655.882431	0.323198	0.319587	2.418655
1.837000	-7.970458	4.951824	651.506058	0.363582	0.240011	2.734734
1.838000	-8.373341	5.152587	649.628510	0.123619	0.239781	1.150865
1.839000	-8.736541	5.433567	649.314842	0.083528	-0.079443	0.675666
1.840000	-8.616282	6.075745	651.810936	0.403381	0.439182	2.575948
1.841000	-8.818330	6.597377	651.498253	0.083528	0.040152	1.626718
1.842000	-9.222021	6.637264	648.840523	0.323198	0.279570	1.941724
1.843000	-10.027786	6.597377	645.713364	0.203509	0.239781	2.576859
1.844000	-9.787269	7.239997	647.585777	0.283106	0.199993	1.784431
1.845000	-9.626520	8.121940	649.615494	0.362996	0.359605	2.576859
1.846000	-10.554160	8.002278	645.551865	0.203216	0.040152	1.942053
1.847000	-11.199177	7.962391	641.955528	0.202924	0.279570	0.516879
1.848000	-11.522291	8.483580	641.642113	0.203509	0.040152	2.576201
1.849000	-11.160707	9.205532	645.076172	0.243308	0.239781	1.308158
1.850000	-11.845809	9.285306	640.702370	0.123326	0.080169	1.783520
1.851000	-12.531720	9.365523	638.668465	0.362996	0.399164	3.209513
1.852000	-13.056074	9.365080	636.632957	0.283106	0.239781	2.259701
1.853000	-13.339102	9.846381	637.729599	0.043436	0.039922	0.992731
1.854000	-13.501468	10.287795	637.570053	0.322905	0.359146	1.465215
1.855000	-14.306828	10.126476	634.599083	0.203216	0.079940	2.577021
1.856000	-15.396430	9.765721	629.130287	0.083235	0.079481	-0.119075
1.857000	-15.356748	10.126033	630.377579	0.362996	0.159746	3.050652
1.858000	-15.317066	10.846657	633.503220	0.442594	0.279111	2.894086
1.859000	-16.366177	10.325468	627.097351	0.163125	0.159746	1.309070
1.860000	-17.132260	10.123819	623.344109	0.203216	0.159516	1.626135
1.861000	-17.334713	10.243480	623.810730	0.243015	0.159746	1.941724
1.862000	-17.336733	10.564348	623.654465	0.283399	0.159746	1.942053
1.863000	-17.700742	10.604235	619.750557	0.003345	-0.039884	0.039458
1.864000	-17.863512	10.684009	618.964279	0.602959	0.439182	4.162458
1.865000	-18.308097	10.322369	614.119202	0.163125	0.159746	0.991750
1.866000	-18.108879	10.723453	613.181473	0.443179	0.239781	3.050981
1.867000	-17.788594	11.044764	613.961586	0.163418	0.199534	0.516550
1.868000	-17.709635	10.883445	609.116508	0.123326	0.080169	1.783520
1.869000	-18.155028	10.402586	602.552780	0.283399	0.279799	1.942053
1.870000	-17.271112	10.803670	604.736618	0.123326	0.080169	-0.117252
1.871000	-16.748780	11.244641	603.955956	0.443472	0.359835	4.479033
1.872000	-16.952848	10.643679	596.300415	0.123619	0.080169	0.516550
1.873000	-16.511093	10.803670	594.110519	0.562868	0.439641	4.953247
1.874000	-16.190403	10.763783	591.918037	-0.115758	0.000593	-1.068558
1.875000	-15.789542	10.603349	588.948921	0.643051	0.479888	4.477066
1.876000	-15.065566	11.084651	587.230377	-0.075667	0.080629	-0.115614
1.877000	-14.865135	10.803670	584.257256	0.283399	0.200452	1.465543
1.878000	-14.987415	10.161935	576.443672	0.363582	0.320276	2.575948
1.879000	-14.142776	10.603349	578.316269	-0.155557	-0.118772	-1.385624
1.880000	-13.659721	10.723011	576.596191	0.603545	0.480118	4.162458
1.881000	-13.902664	9.961172	568.157433	-0.155264	0.041070	0.042100
1.882000	-13.580762	9.840625	565.811111	0.843215	0.599942	6.537773
1.883000	-12.695229	10.000616	566.277740	-0.035283	0.001511	-1.226180
1.884000	-12.332837	9.879627	562.837990	0.444058	0.480348	4.795043
1.885000	-12.212578	9.599089	556.902763	0.084406	0.041299	-0.434664
1.886000	-11.850591	9.518872	554.242172	-0.035283	0.041529	0.041210
1.887000	-11.649755	9.117345	550.173912	0.404259	0.281177	3.053622
1.888000	-10.844395	9.357996	549.236916	0.004809	-0.038277	-1.226180
1.889000	-10.200187	9.478099	546.892929	0.684020	0.560613	6.223095
1.890000	-9.958457	9.197562	543.138885	0.004809	0.001741	-0.593854
1.891000	-9.757219	8.836807	537.044121	0.684313	0.640648	5.587799
1.892000	-8.710128	9.238334	538.446266	-0.234568	-0.077836	-1.543246
1.893000	-7.944853	9.318551	536.726662	0.724405	0.520824	5.269164
1.894000	-7.864277	8.917467	529.381332	-0.154386	-0.037818	-0.273160
1.895000	-7.461799	8.998127	526.098633	0.204973	0.082006	0.514092
1.896000	-6.373410	9.239220	527.655251	0.604423	0.481495	4.796283
1.897000	-5.769289	9.319880	523.903557	-0.074788	0.042218	-0.749578
1.898000	-5.527155	9.400982	518.902214	0.804295	0.680896	5.587799
1.899000	-5.003206	9.361095	516.553169	-0.194477	-0.037359	-0.591374
1.900000	-4.761476	9.201104	511.394539	0.724405	0.680896	5.428118
1.901000	-3.753664	9.883611	512.484711	-0.194184	-0.077147	-1.543828
1.902000	-3.108648	10.125148	510.919884	0.325247	0.441707	3.686697
1.903000	-3.268992	9.804280	504.040909	0.325247	0.162271	1.942964
1.904000	-3.026858	9.965600	499.036858	0.045486	0.002659	0.042192
1.905000	-1.978556	10.648107	502.156677	0.644807	0.521513	4.794552
1.906000	-1.857085	10.889643	497.935135	-0.034111	-0.037129	-1.226999
1.907000	-2.097601	10.690208	490.745895	0.724697	0.601549	5.745512
1.908000	-1.693506	11.252169	489.022049	-0.114001	-0.156723	-1.860894
1.909000	-1.692698	11.453375	486.673019	0.684899	0.601319	5.904628
1.910000	-1.329093	12.015779	484.794613	0.125669	0.042906	0.833217
1.911000	-1.247304	12.578625	480.417465	0.285449	0.282095	2.260122
1.912000	-1.649378	12.459407	474.941254	0.245650	0.242307	1.942964
1.913000	-1.808914	12.661056	468.844501	0.005980	-0.036670	0.039642
1.914000	-1.001937	13.866080	470.869987	0.645100	0.561760	4.953904
1.915000	-0.880870	14.348709	468.523289	-0.393470	-0.356124	-2.968420
1.916000	-1.563951	14.309708	459.300167	0.884770	0.801408	6.697384
1.917000	-1.401990	14.712564	456.015549	-0.193599	-0.196512	-2.178213
1.918000	-0.635098	15.636607	457.099796	0.445522	0.442166	3.054371
1.919000	-0.714463	16.239784	452.256187	0.205851	0.083154	0.833471
1.920000	-0.512011	16.602752	446.625160	0.325833	0.242766	2.259302
1.921000	-0.511202	17.005165	442.713596	0.205559	0.362360	2.260122
1.922000	-0.308346	17.408463	438.175995	-0.033819	-0.036670	-0.749907
1.923000	0.498631	18.613487	438.486794	0.724990	0.681814	5.904956
1.924000	0.741573	19.136890	434.418968	-0.353379	-0.355665	-3.604045
1.925000	0.380394	19.138660	426.598518	0.685192	0.602237	4.794552
1.926000	0.583250	19.702393	422.219669	-0.233397	-0.235841	-1.860075
1.927000	1.591871	20.907417	424.090275	0.445814	0.362819	2.894927
1.928000	1.795939	21.350160	418.616402	0.006273	0.083613	0.357290
1.929000	1.635999	21.713128	413.613091	0.365924	0.243225	2.417507
1.930000	1.799173	22.236088	409.230785	0.445814	0.362819	2.737214
1.931000	2.244971	22.838821	407.506180	-0.073617	-0.155805	-1.701779
1.932000	2.488722	23.563430	404.066833	0.605594	0.562449	4.480273
1.933000	2.531637	24.005729	399.218170	-0.352793	-0.355435	-3.127535
1.934000	2.574149	24.128047	394.837570	0.525704	0.522891	3.528493
1.935000	2.696832	24.811440	391.393333	-0.033526	-0.115787	-1.068795
1.936000	3.384360	25.775813	391.704132	0.445814	0.323031	2.894927
1.937000	3.546725	26.218556	388.417763	0.286034	0.203437	2.101589
1.938000	3.347912	26.582410	383.726154	0.406016	0.243225	2.101589
1.939000	3.066096	27.507782	380.438179	0.206437	0.203437	1.308579
1.940000	4.802331	28.430499	382.465206	0.006566	-0.155805	-0.750726
1.941000	5.327088	29.236210	379.339252	0.485906	0.482414	2.736395
1.942000	6.135683	29.639507	376.520233	-0.193306	-0.275399	-2.336256
1.943000	6.983151	30.805088	376.044411	0.406016	0.443084	2.736723
1.944000	7.467418	31.489810	374.789455	0.086456	0.044054	0.357290
1.945000	8.436762	33.056474	374.630234	0.365924	0.283243	2.101589
1.946000	9.525959	33.901186	374.625847	0.326126	0.243225	1.784760
1.947000	9.970544	34.506132	370.713299	0.166638	0.203207	1.308250
1.948000	10.939079	35.751930	372.739525	0.246528	0.323261	1.784760
1.949000	11.665480	36.957397	376.330338	-0.073324	-0.115787	-0.591374
1.950000	12.351794	37.962542	372.106789	0.206437	0.323031	0.675434
1.951000	12.433583	38.927801	371.166996	0.006566	-0.075999	-0.274055
1.952000	13.322754	39.851845	373.035004	0.325833	0.283013	1.784431
1.953000	14.452442	40.976652	375.375587	0.205851	0.203207	1.467694
1.954000	14.697405	41.499613	372.405907	0.286034	0.283013	1.783941
1.955000	15.384124	42.263222	373.808411	0.365924	0.283013	3.529312
1.956000	15.628279	43.026390	373.492123	0.126254	0.123401	1.309490
1.957000	16.153441	43.629564	374.581955	0.325833	0.322801	1.467694
1.958000	16.638921	44.593498	376.925636	0.006273	-0.036440	0.200396
1.959000	16.519472	44.956020	375.360542	0.125669	0.242766	0.199813
1.960000	16.320253	45.277777	371.921185	0.046071	0.003348	0.517063
1.961000	17.168126	46.241264	377.542763	0.445522	0.402378	3.369869
1.962000	17.692883	46.883883	379.259563	0.325833	0.163189	1.785671
1.963000	17.170551	46.885213	375.511768	0.205559	0.202978	1.468023
1.964000	17.614732	47.527833	376.289063	0.445522	0.402148	3.053460
1.965000	18.098999	48.130123	379.254131	0.245650	0.202978	1.943293
1.966000	18.542371	48.772743	379.723625	0.125669	0.122712	-0.116595
1.967000	19.188197	49.335147	380.660641	0.405430	0.202978	3.052803
1.968000	19.874511	49.616570	381.595169	0.125669	0.162730	0.992661
1.969000	20.156327	49.457022	380.343639	0.325833	0.122942	1.943056
1.970000	21.406273	50.259190	386.123402	0.245650	0.242307	1.784760
1.971000	22.333105	50.740935	388.467327	0.285449	0.162730	1.626227
1.972000	22.696305	50.019425	384.872662	0.245650	0.242766	1.626227
1.973000	23.220659	49.858551	384.875862	0.165760	0.162730	1.308250
1.974000	24.509881	50.018983	391.123035	0.405430	0.322342	2.418326
1.975000	25.558994	49.576683	392.687183	0.125669	0.122942	0.358276
1.976000	25.881704	48.814402	390.503601	0.525412	0.402378	4.477977
1.977000	26.407269	47.970575	390.659130	0.125669	0.122712	0.517790
1.978000	27.253119	47.125861	393.319107	0.325833	0.242995	2.894927
1.979000	28.181569	46.562573	395.511971	0.125669	0.122942	0.676905
1.980000	28.625751	45.317663	395.515472	0.205559	0.122942	0.990602
1.981000	29.150912	44.071865	395.830635	0.405723	0.362360	2.577187
1.982000	29.434344	42.503874	394.898651	0.005980	0.082924	-0.910753
1.983000	30.523138	41.539056	400.686024	0.645100	0.442396	4.636838
1.984000	31.370202	40.291930	403.660416	0.085577	0.082924	-0.274309
1.985000	31.089194	38.122975	400.854259	0.684899	0.601778	5.587562
1.986000	31.654847	36.314775	401.639469	0.005980	0.082924	-0.593196
1.987000	32.783725	34.947547	409.771637	0.525412	0.362360	3.529312
1.988000	32.944880	33.299781	411.656052	0.125669	0.082924	0.991750
1.989000	33.429550	31.330261	412.599125	0.205266	0.242766	1.308250
1.990000	33.549404	30.204124	415.418049	0.485613	0.362360	3.369869
1.991000	33.992373	27.994841	419.329704	-0.153800	0.003118	-1.226671
1.992000	34.516323	26.627612	424.339581	0.805173	0.561760	5.587562
1.993000	34.876288	25.221380	429.193203	-0.033819	0.003118	-0.274309
1.994000	34.633751	23.332964	430.293488	0.605009	0.481954	5.112200
1.995000	34.268530	22.207713	433.578960	-0.034111	0.002889	-1.227910
1.996000	34.870630	21.322671	442.181896	0.684899	0.561760	5.428118
1.997000	34.223594	20.197420	444.534283	0.085577	0.082695	-0.273980
1.998000	33.293124	18.872292	445.947182	0.204973	0.202289	0.673536
1.999000	32.767154	17.907476	450.169735	0.644807	0.481725	4.796283
2.000000	32.359825	17.504620	456.269855	-0.074203	-0.077147	-1.543828
2.001000	31.348374	16.662121	457.060650	0.684606	0.601319	5.587470
2.002000	30.337731	16.299153	461.282402	0.085577	0.002659	0.200633
2.003000	29.244493	15.577201	463.319725	0.844386	0.601319	6.221364
2.004000	27.951226	15.054685	465.199795	-0.074788	-0.077147	-1.700631
2.005000	26.898883	15.134902	469.112247	0.524826	0.481495	4.478306
2.006000	25.968009	14.934138	470.052769	0.085284	0.082236	-0.115776
2.007000	24.110303	14.252073	467.244915	0.085284	0.002659	-0.117252
2.008000	23.461245	14.452394	471.778332	0.604716	0.481495	5.271552
2.009000	22.369218	14.492724	474.437641	0.005394	0.122024	-0.910262
2.010000	20.673474	14.492724	469.284832	0.764496	0.680896	6.061921
2.011000	19.581043	14.412950	470.536343	0.005394	-0.037359	-0.591374
2.012000	18.611700	14.773705	471.786266	0.764496	0.680896	6.063160
2.013000	17.358520	14.814476	470.381912	0.045486	-0.037359	-0.274309
2.014000	16.146638	15.256334	468.822174	0.444643	0.401460	3.527253
2.015000	15.136805	15.577201	468.668301	0.245357	0.202059	1.625316
2.016000	13.683599	15.457983	464.760387	0.125083	0.082236	0.515823
2.017000	13.156416	16.340369	466.792583	0.644515	0.521284	5.429757
2.018000	12.267649	16.822113	467.261684	-0.194477	-0.197200	-1.860403
2.019000	10.814443	17.023761	462.262585	0.764203	0.720684	6.221364
2.020000	9.483112	17.345072	458.826096	-0.194184	-0.157412	-1.701450
2.021000	9.078208	18.027580	460.230522	0.684313	0.640878	5.269822
2.022000	8.189442	18.870963	461.167698	-0.074788	-0.037359	-0.751401
2.023000	6.778343	19.071727	455.077026	0.444643	0.361442	3.211336
2.024000	5.487502	19.554357	452.890068	0.245064	0.241848	2.260941
2.025000	4.841273	20.396412	454.449249	0.125083	0.082236	0.515823
2.026000	3.994209	21.039033	452.889275	0.684606	0.640648	5.271881
2.027000	2.824840	21.600995	448.514736	-0.314166	-0.237218	-2.337075
2.028000	1.937690	22.082739	446.794498	0.724405	0.720454	5.905447
2.029000	0.970772	22.524154	441.638512	-0.314166	-0.237218	-2.335436
2.030000	0.930686	23.526642	442.731777	0.644515	0.600860	4.636348
2.031000	0.810023	24.488802	442.419273	0.165174	0.082006	0.832889
2.032000	-0.357325	24.408585	434.450081	0.324955	0.281865	2.418326
2.033000	-1.041619	25.130536	429.293301	0.365046	0.361671	2.737214
2.034000	-0.878849	26.133027	431.010357	0.205266	0.162271	0.992096
2.035000	-1.240433	26.613885	426.635921	0.564917	0.481495	3.845559
2.036000	-1.721870	26.854535	419.760426	-0.274074	-0.196971	-2.494788
2.037000	-1.921088	27.255177	416.322033	0.844386	0.641337	6.697055
2.038000	-1.879386	27.415167	412.880611	-0.274074	-0.236759	-2.177723
2.039000	-1.434396	28.297553	411.319942	0.684606	0.601319	4.636256
2.040000	-1.311712	28.819184	407.410297	0.245357	0.122712	1.784431
2.041000	-1.390268	28.738968	401.783516	0.405430	0.362131	3.053622
2.042000	-1.710148	28.699523	395.062595	0.245357	0.322342	1.943875
2.043000	-0.338732	29.942663	397.560490	0.125669	0.082924	1.309981
2.044000	-0.055299	30.465180	395.214897	0.525412	0.521743	3.529312
2.045000	-0.094981	30.345519	387.402077	-0.193599	-0.236070	-1.860894
2.046000	0.350817	30.747489	384.116909	0.565503	0.521972	3.687026
2.047000	1.196668	31.510655	385.206123	-0.033819	-0.076458	-0.907292
2.048000	1.278862	31.791636	381.769676	0.485613	0.442396	4.001542
2.049000	1.965985	31.831967	377.705181	0.086163	0.043366	0.675267
2.050000	1.884196	32.114717	374.731831	0.445522	0.362819	3.527582
2.051000	1.927111	31.472540	369.262203	0.286034	0.242995	1.942145
2.052000	2.692386	32.356254	370.823006	0.086163	0.083613	0.833471
2.053000	2.774175	31.875395	368.164822	0.485906	0.362819	3.053460
2.054000	2.735302	31.474311	361.129513	0.006566	0.004036	-0.116595
2.055000	2.736514	31.314763	358.471233	0.286034	0.283243	2.101918
2.056000	3.907501	31.474311	359.878185	0.006566	-0.115787	-0.434318
2.057000	4.351682	31.354208	354.875984	0.366217	0.323261	2.576039
2.058000	3.508256	31.032454	351.594894	0.246528	0.203666	2.417835
2.059000	3.507448	30.913679	348.153473	0.286620	0.203666	1.783941
2.060000	3.187163	30.791804	346.900429	0.366217	0.243684	1.942964
2.061000	3.228462	30.872462	344.246231	0.126840	0.044054	1.309981
2.062000	3.149098	30.712030	341.119900	0.246528	0.283472	1.151286
2.063000	2.506103	30.430606	337.211838	-0.032940	-0.075310	-0.592194
2.064000	2.587892	30.109740	335.335194	0.206730	0.283472	0.992661
2.065000	2.588700	30.630927	336.117634	0.126840	0.044284	1.150629
2.066000	2.106454	30.109296	333.930866	0.286620	0.243684	1.942145
2.067000	1.824638	29.788428	330.492706	0.326711	0.244143	1.467694
2.068000	1.503141	29.787542	330.803719	0.206730	0.164108	1.467694
2.069000	1.503141	29.506563	333.147648	0.326711	0.363508	2.260122
2.070000	0.818443	29.024819	330.026260	-0.032940	0.004496	0.201544
2.071000	0.496137	28.462416	329.558281	-0.032940	0.124090	-0.750069
2.072000	0.335388	27.779465	330.493851	0.286913	0.084531	2.420148
2.073000	0.255216	27.256948	332.058720	0.166931	0.323720	1.151194
2.074000	-0.148071	26.534111	332.216892	0.126840	0.124319	0.675267
2.075000	-0.348906	25.329086	331.908455	0.286620	0.244143	2.101589
2.076000	-1.194353	24.044288	329.566288	0.126840	0.084531	1.467694
2.077000	-0.992709	23.200462	333.005653	0.126840	0.044513	-0.117322
2.078000	-0.750980	22.275532	336.916367	0.246821	0.244143	1.150138
2.079000	-1.475764	20.749640	333.328594	0.207023	0.164567	1.783941
2.080000	-2.160866	19.022542	333.332909	0.047243	0.044513	-0.749578
2.081000	-1.717494	18.298376	338.335537	0.366803	0.284161	3.369960
2.082000	-1.758388	17.173126	339.745098	0.246821	0.204355	1.150375
2.083000	-2.603835	15.286037	336.940636	0.087041	0.004725	0.516734
2.084000	-2.725306	14.401880	338.505810	0.207023	0.244373	1.309490
2.085000	-3.087698	12.714226	339.447212	0.207023	0.164567	1.626227
2.086000	-2.807095	12.191710	342.421715	0.286913	0.284161	2.260450
2.087000	-2.443895	11.266780	345.239075	0.047243	0.044743	-0.749487
2.088000	-3.251276	9.941652	344.460327	0.366803	0.324179	3.528493
2.089000	-3.816120	8.737071	341.809727	0.047243	0.044743	-0.592194
2.090000	-3.373960	8.495092	349.158672	0.446985	0.284391	3.686697
2.091000	-2.973503	8.173339	354.005657	-0.072739	0.004725	-1.226180
2.092000	-3.860653	6.767994	350.419563	0.286913	0.284161	2.099858
2.093000	-3.701117	6.365581	353.077370	0.246821	0.244373	1.308579
2.094000	-3.219679	6.205147	359.329609	0.047243	0.084531	-0.590954
2.095000	-3.422939	5.601971	361.208195	0.526583	0.324408	3.371437
2.096000	-3.667094	5.482310	362.932030	-0.072739	-0.035063	-1.703180
2.097000	-3.548452	4.880020	365.432617	0.606473	0.483791	4.478306
2.098000	-4.314939	3.876644	364.655312	-0.112830	-0.035063	-1.543736
2.099000	-3.552898	4.518379	372.783401	0.606473	0.523809	4.795463
2.100000	-3.271891	4.236956	376.068031	-0.272318	-0.154887	-2.493549
2.101000	-3.999909	3.355014	373.884514	0.326711	0.244373	2.417835
2.102000	-4.324640	2.953929	374.668877	0.127133	0.164567	0.042849
2.103000	-3.520088	3.434345	382.483486	-0.072739	0.044743	-0.751708
2.104000	-3.400638	3.515004	384.988079	0.327004	0.324179	3.052803
2.105000	-3.318849	3.634223	383.585484	-0.152922	-0.075310	-2.019098
2.106000	-2.107372	4.675714	383.429226	0.646271	0.483791	5.429848
2.107000	-1.340076	5.557214	386.709702	-0.152336	-0.114869	-2.019098
2.108000	-1.138029	7.200995	389.211727	0.686363	0.483791	5.112691
2.109000	-0.814510	8.404249	389.839596	-0.112830	-0.035063	-2.493549
2.110000	-0.733125	8.603684	389.995937	0.366803	0.364197	2.895838
2.111000	-0.974451	8.924994	388.903385	-0.072739	0.004725	-0.749578
2.112000	-0.409607	9.887154	393.748627	-0.072739	-0.075081	-1.543408
2.113000	-0.288136	10.448229	397.033012	0.606473	0.364197	4.478306
2.114000	-0.730700	10.608220	396.254036	0.007444	-0.035063	-1.701450
2.115000	-1.254245	10.808984	396.097771	0.646564	0.483791	4.953996
2.116000	-0.770382	11.690041	404.066872	-0.072739	-0.035063	-1.860894
2.117000	-1.334417	11.810588	405.009819	0.686363	0.523809	4.955398
2.118000	-1.938135	11.609824	406.262161	-0.272318	-0.194905	-2.652664
2.119000	-2.300931	11.408617	410.169342	0.246821	0.244373	1.783704
2.120000	-2.864158	10.846657	412.514053	0.207023	0.204355	1.309490
2.121000	-2.944331	10.726110	417.833214	-0.152922	-0.154887	-1.859654
2.122000	-2.862945	10.364913	421.742073	0.606180	0.483332	4.478634
2.123000	-3.587730	9.401425	423.618011	-0.032940	0.044284	-0.908111
2.124000	-4.030698	8.519039	425.494576	0.606180	0.563138	5.112200
2.125000	-3.707584	8.518596	435.028473	-0.193013	-0.195364	-2.335344
2.126000	-3.988995	7.676098	437.377357	0.606180	0.483102	4.478306
2.127000	-4.512136	6.794155	438.472534	-0.113123	-0.075540	-1.226180
2.128000	-4.270002	6.553947	444.879997	0.086456	0.084072	0.832980
2.129000	-3.906802	6.192307	452.537224	0.446107	0.283472	2.895256
2.130000	-4.390261	5.551458	454.571930	0.046657	-0.035752	-0.908111
2.131000	-4.188213	5.310364	458.481590	0.765374	0.642485	5.269914
2.132000	-4.228299	4.910166	462.230827	-0.233104	-0.315417	-2.810706
2.133000	-4.268386	4.428864	466.605347	0.565796	0.642485	4.796283
2.134000	-3.422130	4.830834	473.171638	-0.193013	-0.195593	-1.701870
2.135000	-3.582879	4.590183	475.205460	0.445814	0.323261	2.736395
2.136000	-3.703138	4.229872	476.768723	0.046364	0.044054	-0.431930
2.137000	-3.099420	4.511295	482.861969	0.326126	0.203666	1.942145
2.138000	-2.292443	5.113143	490.362152	0.446107	0.363049	3.054371
2.139000	-2.494490	4.833048	489.897377	-0.193306	-0.235611	-2.177631
2.140000	-2.211866	5.034255	492.554855	0.685777	0.602467	5.271552
2.141000	-1.687513	5.195131	497.087349	-0.352793	-0.235611	-2.652173
2.142000	-1.123477	5.636545	502.086456	0.765374	0.682273	5.904628
2.143000	-0.478057	6.118732	506.464355	-0.153214	-0.155805	-1.542098
2.144000	-0.276414	6.119175	507.717415	0.525704	0.402837	3.843920
2.145000	-0.034280	6.120060	507.716705	0.126254	0.123631	0.833471
2.146000	1.054109	6.641692	514.281464	0.206437	0.123401	0.992424
2.147000	2.061113	7.444746	520.844719	0.365924	0.323031	2.576859
2.148000	2.464400	7.285197	521.004440	-0.073324	-0.155805	-1.542917
2.149000	3.068925	7.526291	523.195480	0.805173	0.642255	5.905447
2.150000	4.358554	8.048807	528.508858	-0.432976	-0.355435	-3.920453
2.151000	5.648182	8.610768	536.009125	0.845264	0.762079	5.747006
2.152000	6.534927	8.852304	537.419403	-0.113416	-0.155805	-1.224358
2.153000	7.502653	8.933850	538.671761	0.405723	0.323031	2.579010
2.154000	8.509658	9.094284	541.799088	0.286034	0.203437	1.943875
2.155000	10.041015	9.536140	547.426048	0.325833	0.203437	2.420477
2.156000	11.209980	10.058214	551.959488	0.286034	0.203437	1.308579
2.157000	12.257475	10.139760	553.836166	-0.113123	-0.155805	-1.543246
2.158000	12.862405	10.060429	552.901817	0.685777	0.602467	5.588710
2.159000	14.393763	10.582502	558.838814	-0.233104	-0.275399	-2.653084
2.160000	15.885034	11.385556	565.716286	0.406016	0.363049	2.259302
2.161000	16.288321	11.145791	564.002632	0.006566	0.004266	0.042192
2.162000	17.013913	11.146234	564.940750	0.446107	0.323031	2.894927
2.163000	18.021726	11.387770	569.004311	0.086456	0.084072	0.992333
2.164000	18.948557	11.789297	573.538544	0.246528	0.203666	1.943056
2.165000	19.674958	11.990504	575.571724	0.406308	0.403296	2.737543
2.166000	20.279485	11.991389	578.698967	0.006566	-0.075540	-0.432750
2.167000	20.441850	11.670522	578.388054	0.406016	0.482873	2.736395
2.168000	21.288105	11.911615	583.080246	-0.073324	-0.155576	-1.226509
2.169000	22.256235	12.313585	590.268616	0.406308	0.363049	2.417835
2.170000	22.095891	11.832726	590.272705	0.086456	0.044054	1.308250
2.171000	22.056614	11.311538	589.804642	0.365924	0.283243	2.418326
2.172000	22.863590	11.673178	597.307137	0.406016	0.283472	2.418326
2.173000	23.549502	11.753395	604.030640	0.205851	0.163649	1.625898
2.174000	23.268899	11.313309	603.253082	0.405723	0.482873	3.211993
2.175000	23.511841	11.072659	607.943520	0.046364	-0.155576	0.359257
2.176000	23.593225	10.751791	612.007042	0.286034	0.322801	1.150375
2.177000	23.675014	10.632573	616.072968	-0.073324	-0.195823	-0.749907
2.178000	24.078706	10.873224	622.483711	0.405723	0.402837	3.053460
2.179000	24.039428	10.552799	626.078209	0.206437	0.123401	1.625898
2.180000	23.315048	9.751073	625.768723	0.405723	0.322801	2.418326
2.181000	23.718739	10.072383	633.739517	0.365631	0.283013	2.894927
2.182000	23.840614	10.072383	640.148575	0.086163	0.043366	0.992333
2.183000	22.955081	9.310987	639.529053	0.245650	0.202978	1.467694
2.184000	22.633180	9.110667	642.968010	-0.073617	0.003348	-0.116762
2.185000	22.673670	9.150996	650.314056	0.205559	0.242766	0.992661
2.186000	22.110038	8.830129	652.660538	0.165760	0.082924	0.992915
2.187000	21.707561	8.750355	655.009338	0.485320	0.441937	3.369707
2.188000	21.384851	8.710468	659.384659	0.205559	0.162730	1.625898
2.189000	20.418336	8.069175	660.636917	0.324955	0.362131	2.260122
2.190000	20.256780	8.470702	665.797165	0.325247	0.401919	2.576039
2.191000	19.813406	8.752125	669.864685	0.205266	0.042677	1.626556
2.192000	19.006833	8.430815	671.429443	0.165174	0.361671	1.466783
2.193000	18.200665	8.270824	673.307785	0.365046	0.202289	3.528984
2.194000	18.119683	8.752125	679.872452	0.165174	0.241848	1.149954
2.195000	17.514753	8.792455	683.002167	0.165174	0.082695	1.783941
2.196000	16.506536	8.351927	682.851593	0.524826	0.521284	4.003763
2.197000	15.780540	8.472474	685.351913	0.245064	0.082236	1.468514
2.198000	15.417340	8.632464	692.231689	0.245064	0.361442	1.942145
2.199000	14.650852	8.632464	693.956238	0.324955	0.122024	2.576039
2.200000	13.683125	8.512803	695.212555	0.444643	0.361442	3.370359
2.201000	12.997215	8.511475	699.276901	0.085284	0.042218	-0.432022
2.202000	11.949317	7.990286	700.530655	0.484442	0.441248	4.636510
2.203000	11.464645	8.230937	705.221237	0.204973	0.121794	0.993971
2.204000	10.537813	8.109947	707.726379	0.204680	0.321424	2.258882
2.205000	9.167205	7.508100	706.637100	0.244772	0.281406	1.783520
2.206000	8.159796	7.146460	708.202820	0.324369	0.361212	2.100678
2.207000	7.876364	7.387111	715.704742	0.364460	0.241618	2.735392
2.208000	6.506159	6.784820	716.176971	0.044607	0.281177	0.674684
2.209000	5.096272	6.102312	713.369598	0.644222	0.400771	4.161967
2.210000	4.047970	5.821332	716.029572	0.044607	0.201371	0.358346
2.211000	3.040157	5.339145	719.156006	0.604423	0.440789	5.110960
2.212000	1.912491	5.017392	719.940903	0.004809	0.121335	-0.433844
2.213000	0.703035	4.495761	719.788620	0.484149	0.281177	3.843990
2.214000	-0.747342	3.652377	718.229614	0.084406	0.161123	1.467602
2.215000	-1.875817	3.050086	718.543900	0.164589	0.241159	1.307339
2.216000	-2.319190	3.249964	724.327011	0.364168	0.241159	2.577678
2.217000	-3.487347	2.527127	723.706619	-0.035283	0.081317	-0.436140
2.218000	-5.098877	1.484308	719.958252	0.603838	0.400771	4.005165
2.219000	-5.904642	1.162554	720.428879	-0.034990	0.121105	-0.116595
2.220000	-6.307929	1.121782	726.991852	0.643636	0.400771	5.905118
2.221000	-7.113693	0.680368	726.841263	-0.075374	0.041299	-1.385624
2.222000	-8.080611	0.198181	726.217667	0.444058	0.360753	3.687517
2.223000	-8.967357	-0.403667	726.531143	0.084406	0.241159	1.308487
2.224000	-9.531392	-0.804751	728.564072	0.084406	0.001511	0.200396
2.225000	-9.692545	-0.724977	733.098236	0.364168	0.400541	3.050981
2.226000	-10.659867	-1.366712	731.850128	0.004516	-0.038507	-0.592377
2.227000	-11.828833	-2.329314	729.195999	0.603838	0.560154	5.111451
2.228000	-12.030072	-2.450304	732.008957	0.004516	0.001282	-0.591374
2.229000	-11.909813	-2.209654	739.042679	0.603838	0.560154	6.221364
2.230000	-12.837049	-2.731284	737.482697	0.123912	0.041070	-0.593196
2.231000	-13.763477	-3.412907	736.701126	0.403966	0.440330	3.686697
2.232000	-14.448983	-3.734217	737.328903	0.284278	0.200452	0.991820
2.233000	-14.851866	-3.975310	740.767120	-0.155557	-0.038736	-1.701870
2.234000	-15.336133	-3.895093	742.335358	0.603838	0.480118	5.428026
2.235000	-16.222475	-4.457054	741.865616	-0.075667	-0.038736	-0.910262
2.236000	-17.350949	-5.098789	737.960175	0.723233	0.599712	5.746003
2.237000	-17.753832	-5.218893	740.931076	0.004223	-0.038736	0.041938
2.238000	-17.914986	-4.938798	743.903671	0.723819	0.639730	5.587470
2.239000	-18.760837	-5.460872	742.343048	-0.115465	-0.198348	-1.860986
2.240000	-19.688071	-5.942616	738.906570	0.363875	0.320276	1.941816
2.241000	-20.009974	-6.143380	740.783310	0.283985	0.200452	2.101497
2.242000	-19.929398	-5.822955	745.160400	-0.195355	-0.038736	-1.702690
2.243000	-20.574010	-6.063605	743.602219	0.643636	0.520136	5.905447
2.244000	-20.936401	-6.264369	744.229248	0.004223	0.041070	-0.910262
2.245000	-21.097554	-6.545349	744.697403	0.723233	0.599942	6.222184
2.246000	-20.976892	-6.144265	748.919769	-0.075667	-0.038736	-1.385624
2.247000	-20.855017	-5.903172	751.423416	0.763032	0.719306	5.905118
2.248000	-20.976083	-6.023718	752.674088	-0.115465	-0.078984	-1.385716
2.249000	-21.459138	-6.263483	751.582336	0.083820	0.200452	1.308250
2.250000	-20.935189	-5.862399	756.895523	0.443472	0.280258	2.893267
2.251000	-20.290173	-5.220664	763.460312	-0.115758	-0.078984	-1.067976
2.252000	-20.571988	-5.260108	762.528900	0.883013	0.719306	6.539341
2.253000	-20.491008	-5.098789	764.714233	-0.195648	-0.158790	-2.653413
2.254000	-20.169106	-4.818251	768.934113	0.883013	0.759095	6.855750
2.255000	-19.805501	-4.175631	773.780716	-0.115758	-0.119001	-1.544157
2.256000	-19.805501	-3.773661	775.504456	0.523362	0.439641	3.845230
2.257000	-19.402215	-3.291917	779.096558	-0.075374	-0.119001	-0.593196
2.258000	-19.684030	-3.331361	780.036942	0.243601	0.200223	1.942964
2.259000	-19.199763	-2.528307	784.567917	0.403673	0.399623	2.893267
2.260000	-18.515064	-1.605149	790.509689	0.003638	-0.119001	-0.910262
2.261000	-18.876648	-1.524489	790.512100	0.883013	0.838671	6.696306
2.262000	-19.037397	-1.323283	789.578293	-0.195648	-0.238825	-2.335765
2.263000	-18.391977	-0.560558	796.454712	0.722941	0.718847	5.904536
2.264000	-17.988286	0.121949	801.457001	-0.075960	-0.198807	-1.226272
2.265000	-18.511023	0.042618	797.868179	0.403381	0.479200	3.843990
2.266000	-17.945775	0.644908	802.713165	0.123619	-0.039425	0.834198
2.267000	-17.622660	0.886002	805.994278	0.363582	0.319817	2.734734
2.268000	-17.218160	1.367746	809.435028	0.443179	0.240011	3.528401
2.269000	-16.813661	1.850375	812.878052	0.003638	0.000363	-0.752387
2.270000	-16.650892	1.770601	814.440338	0.602959	0.518988	5.112437
2.271000	-16.890600	1.330072	812.881256	-0.276124	-0.079672	-2.654324
2.272000	-15.801403	1.971807	821.473831	0.562868	0.479200	4.795043
2.273000	-15.154769	2.213344	827.415543	0.043729	-0.039654	-1.067976
2.274000	-15.756466	1.371731	824.138443	0.403381	0.279570	3.212155
2.275000	-15.472225	1.252069	827.732864	0.283106	0.159746	2.417577
2.276000	-14.784698	1.252512	834.765533	0.283106	0.239781	2.415846
2.277000	-14.501265	1.132852	838.206879	0.283106	0.199534	2.101497
2.278000	-14.579012	0.651993	838.679123	-0.116637	-0.159478	-1.385953
2.279000	-14.455520	0.170691	842.119598	0.722648	0.598564	5.269730
2.280000	-14.653930	-0.430714	843.840561	-0.316215	-0.239743	-1.860495
2.281000	-14.127959	-0.350496	851.654922	0.482392	0.438723	3.367718
2.282000	-14.165621	-0.430271	855.877838	0.163125	0.119498	2.101168
2.283000	-14.727230	-1.473090	855.411942	0.402502	0.199075	2.575290
2.284000	-15.208265	-2.114825	855.102448	0.282814	0.438723	2.576859
2.285000	-14.762871	-1.994278	863.229416	0.202924	0.039693	1.942635
2.286000	-14.760445	-2.274816	867.608765	0.362411	0.398475	3.052457
2.287000	-15.604679	-3.157202	864.644974	-0.316508	-0.319779	-1.703110
2.288000	-15.924560	-3.597730	866.208954	0.642172	0.717700	4.004254
2.289000	-15.761790	-3.759049	871.990234	-0.157021	-0.279761	-1.225689
2.290000	-15.760578	-3.958927	875.746841	0.522191	0.517840	3.209513
2.291000	-16.201930	-4.440228	876.064316	0.122741	0.039463	1.784922
2.292000	-16.523427	-4.961859	877.471085	0.442008	0.477822	2.892356
2.293000	-17.247403	-5.683368	875.600006	0.362411	0.278422	3.051800
2.294000	-16.682559	-5.522935	882.319382	0.162539	0.118810	0.675666
2.295000	-16.480511	-5.682483	886.697983	0.402209	0.318440	3.527070
2.296000	-17.164401	-6.444322	883.420074	-0.037332	-0.160397	-0.434502
2.297000	-17.607369	-7.086057	882.953522	0.481807	0.477593	3.209185
2.298000	-16.801201	-6.844964	891.236145	-0.157314	-0.160397	-0.751568
2.299000	-16.880969	-6.965067	892.804169	0.482099	0.437804	4.003671
2.300000	-17.525176	-7.686134	890.777832	0.282228	0.158598	1.941724
2.301000	-17.524772	-7.966671	894.061325	0.401917	0.238404	2.417415
2.302000	-17.565263	-8.247652	896.872681	0.362118	0.318210	2.893267
2.303000	-17.444195	-8.166992	900.788895	0.161954	0.198386	1.624987
2.304000	-17.403705	-8.126662	905.166641	0.281935	0.238175	1.625807
2.305000	-17.967337	-8.647851	906.419662	-0.037332	-0.121068	-0.276298
2.306000	-18.652439	-9.169039	905.331909	0.361825	0.397557	2.734642
2.307000	-18.169383	-8.526861	915.490356	-0.117515	-0.041261	0.358508
2.308000	-18.331345	-8.486531	921.745743	0.441715	0.397328	3.525922
2.309000	-19.499907	-9.007719	920.031006	0.201752	0.197698	1.783520
2.310000	-20.145731	-9.007277	923.628754	0.361532	0.277504	2.734642
2.311000	-20.267202	-8.646079	932.224030	0.241551	0.237486	2.576109
2.312000	-21.155564	-8.284882	935.199097	0.321734	0.157680	2.576929
2.313000	-22.043119	-8.124005	938.328705	0.121570	0.237256	1.308158
2.314000	-23.052143	-7.922799	942.550095	0.201460	0.117662	1.784992
2.315000	-24.383879	-7.922356	944.426712	0.121570	0.237256	0.675574
2.316000	-24.950339	-6.879094	952.869644	0.201460	0.037397	1.309140
2.317000	-25.960174	-6.316690	956.465836	0.401331	0.277045	3.050560
2.318000	-27.493147	-6.396464	956.936417	0.201460	0.157221	1.942544
2.319000	-28.705029	-5.994938	960.532593	0.400745	0.157221	2.100257
2.320000	-29.271894	-4.951676	968.815109	0.281057	0.276815	2.892027
2.321000	-30.644118	-4.669809	970.538788	0.281057	0.037397	2.258952
2.322000	-31.976662	-4.308169	971.790207	-0.078595	0.036938	-0.435575
2.323000	-33.147245	-3.866313	974.916565	0.440544	0.276815	3.844481
2.324000	-34.036820	-3.424899	979.602768	0.120984	0.116744	0.198482
2.325000	-34.884692	-2.862052	982.888931	0.200874	0.076955	1.784011
2.326000	-36.094955	-2.540299	984.611801	0.240965	0.276126	2.258790
2.327000	-37.064704	-2.379866	986.954117	0.320270	0.196550	2.734642
2.328000	-37.831999	-2.138329	989.141800	0.161075	0.156532	1.783428
2.329000	-38.276989	-1.536481	993.988449	0.080600	0.116514	0.674754
2.330000	-39.003391	-1.415492	994.928909	0.400453	0.276126	3.842330
2.331000	-39.970713	-1.695587	995.397049	-0.039089	0.036708	-0.434755
2.332000	-40.415298	-1.414606	997.274506	0.400453	0.156532	2.893429
2.333000	-40.254551	-1.133626	1004.929245	0.040508	0.196091	0.515219
2.334000	-40.899162	-1.093296	1006.184692	0.240380	0.036708	2.416665
2.335000	-41.301235	-1.453165	1006.498077	0.160197	0.196091	1.309468
2.336000	-41.381407	-1.493495	1009.151413	0.360068	0.275667	2.734314
2.337000	-41.623137	-1.693816	1012.902176	0.160197	0.156073	1.785649
2.338000	-41.541752	-1.613156	1016.342834	0.040508	0.116055	0.674754
2.339000	-42.144663	-2.094457	1015.874695	0.439958	0.275667	3.524682
2.340000	-42.707890	-2.855853	1017.439392	0.000417	0.076037	0.198482
2.341000	-42.827339	-3.056616	1020.405304	0.360068	0.275667	4.162366
2.342000	-42.463734	-2.856296	1028.375946	0.120106	0.155843	0.356686
2.343000	-43.348459	-3.417371	1027.441971	0.159904	0.115825	2.416665
2.344000	-44.193096	-4.019662	1026.347626	0.399867	0.275437	2.892264
2.345000	-44.675344	-4.179653	1030.565750	0.080014	-0.004228	0.039620
2.346000	-44.916264	-4.019662	1036.658142	0.239794	0.235420	2.733402
2.347000	-45.680326	-4.340529	1036.976395	0.120106	0.075578	-0.435413
2.348000	-46.646435	-4.500078	1037.757858	0.479464	0.474838	6.061991
2.349000	-47.612545	-4.901163	1038.227524	-0.039675	0.035560	-0.594857
2.350000	-48.296839	-4.941049	1043.228165	0.599153	0.355244	4.795932
2.351000	-48.457991	-4.098550	1048.072464	-0.079766	0.155154	0.673423
2.352000	-49.625744	-4.739843	1047.606705	0.319391	0.155154	1.150935
2.353000	-50.955460	-4.859061	1046.043427	0.239501	0.075578	3.051287
2.354000	-51.318256	-4.658740	1050.730560	-0.119857	0.035101	-1.387613
2.355000	-51.399237	-3.976233	1058.388687	0.479464	0.274519	4.162366
2.356000	-52.527712	-3.975347	1056.673065	-0.279930	-0.044475	-0.434922
2.357000	-53.171919	-4.175226	1058.391083	0.878914	0.514167	5.902547
2.358000	-53.857426	-3.894245	1060.109772	-0.120443	-0.084493	-0.276880
2.359000	-54.180540	-3.612822	1064.488388	0.598860	0.434131	5.112178
2.360000	-54.301607	-2.889984	1069.647079	-0.120443	-0.084723	-1.702873
2.361000	-55.107777	-3.009645	1069.492416	0.119520	0.194713	1.940156
2.362000	-56.277145	-3.650495	1066.681137	0.319391	0.234501	2.417485
2.363000	-56.277550	-2.928100	1074.182190	-0.160534	-0.124511	-1.544669
2.364000	-56.278358	-2.285922	1080.278030	0.718842	0.553726	6.378237
2.365000	-57.608479	-2.606347	1078.254135	0.039630	-0.044935	-0.277209
2.366000	-58.374964	-2.605019	1079.346863	0.718842	0.593973	6.695885
2.367000	-59.181133	-2.484472	1083.410446	-0.080644	-0.124511	-2.020521
2.368000	-59.786469	-2.122832	1088.101852	0.678457	0.593743	6.379639
2.369000	-60.592636	-1.881296	1089.828018	-0.040260	-0.284582	-1.068159
2.370000	-61.882669	-2.001843	1091.547592	0.079429	0.154466	0.517041
2.371000	-63.253279	-2.402041	1091.236694	0.398696	0.234272	4.317438
2.372000	-63.695841	-1.840523	1097.491272	-0.160534	-0.044935	-1.702383
2.373000	-64.542500	-1.398223	1103.122055	0.678457	0.593743	6.221435
2.374000	-65.751146	-1.638875	1103.281845	-0.000461	-0.044935	-0.435413
2.375000	-67.684580	-2.079403	1102.505188	0.718549	0.553726	6.538172
2.376000	-68.127951	-1.758092	1108.600937	-0.160534	-0.204776	-1.386956
2.377000	-68.852331	-1.477555	1115.011826	0.438495	0.513708	4.637728
2.378000	-70.584526	-1.717320	1114.082977	0.079429	-0.005605	-0.118676
2.379000	-71.429565	-1.757206	1116.740524	-0.040846	-0.124970	0.040439
2.380000	-72.596916	-1.716877	1121.273819	0.438495	0.433672	3.525830
2.381000	-73.241528	-1.475783	1126.436722	-0.040846	-0.164988	-0.752570
2.382000	-74.046082	-1.034369	1129.879730	0.638366	0.792685	6.537681
2.383000	-75.294003	-1.233805	1133.318176	-0.001047	-0.324830	-1.068817
2.384000	-76.583229	-1.915426	1131.917007	0.558183	0.792685	6.220524
2.385000	-77.146053	-1.233805	1139.264206	-0.121028	-0.245023	-0.594038
2.386000	-77.629108	-1.072042	1145.207870	0.478293	0.473231	4.159396
2.387000	-78.755962	-1.392910	1144.742142	-0.041138	-0.005605	0.198972
2.388000	-80.124146	-1.673005	1145.682831	0.198824	0.034183	0.991491
2.389000	-80.124958	-1.552015	1152.714081	0.478293	0.473231	4.795349
2.390000	-80.767143	-1.431911	1156.782593	-0.080937	-0.205465	-1.861735
2.391000	-82.177433	-1.831668	1155.070587	0.678165	0.592825	5.905096
2.392000	-82.337376	-1.871112	1158.977081	-0.161120	-0.125429	-0.911103
2.393000	-83.585705	-2.392300	1160.542114	0.717963	0.473001	5.745582
2.394000	-83.746857	-2.472074	1163.045059	-0.160827	-0.165677	-0.435505
2.395000	-84.188614	-2.230981	1167.735687	0.438202	0.273601	3.208764
2.396000	-84.833221	-2.831943	1168.365173	0.358312	0.313619	3.368116
2.397000	-85.758842	-3.473236	1165.399414	0.038752	-0.005835	0.830808
2.398000	-85.879101	-3.191813	1172.275375	0.557890	0.473001	4.637145
2.399000	-85.838612	-3.231699	1175.247330	-0.241010	-0.125659	-1.544669
2.400000	-87.409245	-4.193416	1170.566879	0.758055	0.592596	6.219284
2.401000	-87.569996	-4.313077	1173.225266	-0.241010	-0.205465	-2.335458
2.402000	-87.649761	-4.392851	1177.599411	0.558183	0.472772	4.952734
2.403000	-88.093136	-4.633059	1178.540771	0.078550	-0.005835	0.198972
2.404000	-88.535297	-4.752720	1178.546082	0.318220	0.273831	2.733402
2.405000	-88.938183	-4.992042	1180.734818	0.318513	0.233813	2.258041
2.406000	-89.582390	-5.553118	1177.611816	0.198824	0.114218	1.309140
2.407000	-89.219997	-5.151147	1184.800583	0.518385	0.353637	4.478612
2.408000	-88.046581	-8.034970	1207.283203	-0.241010	0.033953	-3.760869
2.409000	-72.409420	-1.763885	1153.440186	0.199996	-0.763189	8.273657
2.410000	-79.787624	-16.488771	1147.796341	0.436445	1.711487	-2.019282
2.411000	-81.612591	-7.498727	1202.959290	0.160197	-0.205006	2.581462
2.412000	-87.753380	-9.906561	1166.228958	0.159904	-0.763878	0.990667
2.413000	-88.128376	-14.085808	1191.713974	0.516335	1.511398	2.258698
2.414000	-96.385643	-3.859708	1176.701050	0.199117	-0.444654	4.790487
2.415000	-96.185211	-8.951044	1187.172623	0.118934	0.033724	1.785811
2.416000	-96.377560	-4.700436	1191.087921	0.198824	0.473231	1.468492
2.417000	-99.243481	-5.339514	1188.745377	0.157855	-0.245023	-0.912834
2.418000	-100.237148	-7.469467	1198.284988	0.159026	0.153548	3.211152
2.419000	-101.127934	-4.498786	1185.307678	-0.001047	0.113759	-0.435251
2.420000	-101.324730	-7.825793	1205.156525	0.917249	0.353637	6.539228
2.421000	-99.994610	-5.418403	1204.061996	-0.280223	-0.005835	-0.277538
2.422000	-101.446602	-8.143562	1201.409485	0.717378	0.513019	4.633846
2.423000	-101.202850	-7.379509	1204.380112	0.159026	-0.005605	3.844135
2.424000	-99.190460	-6.254259	1208.749237	0.079429	0.154007	-1.544744
2.425000	-98.826050	-7.495627	1216.100235	0.398403	0.313848	4.954211
2.426000	-97.781788	-5.527437	1210.630280	-0.399912	-0.443735	-1.544669
2.427000	-96.371090	-7.091001	1214.066650	0.878329	0.832703	3.368116
2.428000	-95.084698	-5.924978	1214.846359	-0.240131	-0.403717	1.783100
2.429000	-93.715706	-5.642670	1217.973434	0.558769	0.593743	1.306590
2.430000	-91.621120	-5.880220	1222.506516	0.518970	0.155154	4.320408
2.431000	-91.220665	-5.437478	1217.973862	-0.079766	0.075348	1.940975
2.432000	-90.616947	-6.959826	1214.694168	0.679336	0.514397	2.734642
2.433000	-87.636829	-5.473380	1225.006302	-0.119565	-0.203399	2.575198
2.434000	-86.872364	-5.472495	1225.164078	0.239794	0.434820	0.355867
2.435000	-86.228561	-6.633646	1220.322784	0.080600	-0.203169	1.466363
2.436000	-84.737694	-6.270678	1221.259811	0.199996	0.355473	1.942544
2.437000	-83.611240	-6.550330	1225.477692	0.400160	0.196091	1.309140
2.438000	-82.401783	-6.749321	1224.700058	0.040801	0.156532	2.416665
2.439000	-80.991489	-6.907985	1225.329239	0.400453	0.156532	1.940813
2.440000	-80.387371	-7.428731	1225.951874	0.040801	0.076955	2.100257
2.441000	-79.540710	-8.108582	1222.983276	0.360654	0.276585	2.417415
2.442000	-77.445316	-7.465961	1231.425079	0.240965	0.077185	2.100257
2.443000	-76.599464	-7.464190	1232.205612	0.001588	-0.002621	0.833616
2.444000	-75.873470	-8.505681	1228.615036	0.480928	0.157450	1.941886
2.445000	-74.985916	-8.584569	1229.865326	0.281350	0.317062	3.368866
2.446000	-73.173958	-8.101496	1235.957428	0.121862	-0.001932	0.674754
2.447000	-72.004183	-8.460480	1236.273193	0.361825	0.477134	2.735392
2.448000	-71.278994	-8.458709	1236.741882	0.201752	-0.041491	2.892356
2.449000	-69.989367	-8.658145	1237.523254	0.322027	0.237715	0.356195
2.450000	-69.183197	-8.576598	1239.864517	0.161954	0.198386	2.259701
2.451000	-67.812992	-8.093527	1243.618469	0.362118	0.198616	2.733494
2.452000	-66.966331	-7.770888	1244.869659	0.082357	0.158598	0.197991
2.453000	-66.644835	-8.010211	1243.148254	0.162539	-0.000555	2.417248
2.454000	-65.435381	-7.848005	1245.805664	0.402209	0.398246	2.100586
2.455000	-63.582928	-6.602652	1251.430481	0.002759	-0.160167	1.783520
2.456000	-62.577139	-6.560551	1251.745422	0.242722	0.239093	1.783520
2.457000	-61.409384	-6.438232	1251.591583	0.322905	0.239093	2.418326
2.458000	-60.201544	-6.075264	1251.589813	0.243015	0.199534	2.576109
2.459000	-58.027191	-5.552305	1258.464447	0.123326	0.159746	0.359257
2.460000	-57.020592	-4.948686	1257.530518	0.483271	0.240011	4.003925
2.461000	-55.651602	-5.106905	1258.469177	0.123326	0.160205	0.358346
2.462000	-54.685492	-4.904815	1258.468994	0.323783	0.120646	3.050652
2.463000	-53.397482	-4.823268	1260.656647	0.083820	0.280029	0.041938
2.464000	-51.583902	-4.058773	1265.661072	0.243601	0.081088	2.099438
2.465000	-51.263212	-3.776464	1264.568329	0.283985	0.200682	2.260941
2.466000	-49.852518	-4.616749	1264.884918	0.084406	0.081088	0.674684
2.467000	-49.328165	-3.974571	1265.977356	0.483856	0.241159	3.845721
2.468000	-47.797615	-3.692261	1272.228302	-0.035283	0.201371	-0.116595
2.469000	-47.031937	-3.650602	1270.046204	0.564039	0.241388	5.112691
2.470000	-46.387730	-3.649275	1270.203949	-0.075081	0.041759	-0.751401
2.471000	-45.420408	-3.607616	1271.923370	0.604423	0.321424	4.795043
2.472000	-44.050606	-3.165318	1275.985840	-0.075081	0.122024	-1.069706
2.473000	-43.083688	-2.963224	1278.490875	0.244772	0.162042	1.783941
2.474000	-42.479566	-2.600256	1277.244202	0.324955	0.162042	2.576859
2.475000	-41.592819	-2.879908	1277.088470	-0.034990	0.162271	-0.116595
2.476000	-40.586221	-2.235960	1279.431488	0.644807	0.282095	4.636510
2.477000	-39.337084	-1.592897	1284.121796	-0.074203	0.082695	-0.591865
2.478000	-38.894519	-1.712114	1282.251373	0.684899	0.442166	6.220545
2.479000	-38.491232	-1.830889	1279.127167	-0.114001	0.043136	-1.386114
2.480000	-37.403247	-1.468807	1282.721497	0.525412	0.242995	4.162878
2.481000	-36.155322	-0.584652	1288.036926	-0.033819	0.043366	-0.432513
2.482000	-35.872293	-0.703869	1285.542068	0.165760	0.003577	0.674448
2.483000	-35.469815	-0.742428	1284.136658	0.286034	0.243225	2.576039
2.484000	-34.945866	-0.340458	1285.855865	-0.113416	-0.195593	-1.069286
2.485000	-34.664050	0.262718	1286.952148	0.565796	0.403296	4.477486
2.486000	-33.978949	0.784792	1290.081543	-0.073324	0.084072	0.040628
2.487000	-34.180592	0.866337	1287.739639	0.645979	0.323720	4.954158
2.488000	-34.744224	0.425810	1283.991745	-0.113123	0.044284	-1.384875
2.489000	-34.462004	0.827335	1286.958969	0.566381	0.124319	4.479217
2.490000	-34.059120	1.509844	1291.804550	-0.232519	0.084302	-1.861476
2.491000	-35.025230	1.069315	1286.025925	0.006858	-0.274481	-0.434971
2.492000	-35.589267	1.029869	1284.152100	0.406308	0.364197	3.843592
2.493000	-35.628947	1.070200	1285.556870	-0.152336	-0.154887	-1.224848
2.494000	-35.829783	1.231077	1286.652359	0.566674	0.523809	4.636019
2.495000	-36.030619	1.512499	1287.434341	-0.032940	-0.034833	-0.748339
2.496000	-36.554162	1.432726	1285.404892	0.686656	0.404444	5.271315
2.497000	-37.319840	0.871651	1281.028305	-0.312116	-0.274022	-2.494460
2.498000	-37.319437	1.473497	1283.685181	0.327004	0.125008	2.102263
2.499000	-37.198369	1.874582	1287.434952	-0.072153	0.045661	-0.118234
2.500000	-38.085521	1.474384	1281.652878	-0.072153	-0.273793	-1.541095
2.501000	-38.930967	1.113628	1278.528534	0.367388	0.524497	4.319282
2.502000	-39.012352	1.635704	1281.026688	-0.071860	-0.313581	-1.701450
2.503000	-38.852412	2.037231	1283.684555	0.487370	0.604533	4.477815
2.504000	-39.295784	2.158220	1281.028229	-0.111952	-0.432945	-2.018516
2.505000	-40.062675	2.038559	1278.840103	0.447571	0.604304	4.002453
2.506000	-40.304405	1.958342	1276.806534	-0.111659	-0.392928	-0.432421
2.507000	-40.426685	2.360313	1278.525681	0.088212	0.125926	-0.592592
2.508000	-40.346512	2.761839	1280.247055	0.048121	-0.073703	1.309490
2.509000	-40.871269	2.881943	1277.120178	-0.191549	-0.272874	-2.176720
2.510000	-41.717929	2.040331	1272.433319	0.527754	0.564974	5.271154
2.511000	-41.234876	2.762724	1275.555908	-0.391128	-0.512292	-3.762486
2.512000	-41.276174	3.043705	1277.901886	0.607644	0.604992	4.953505
2.513000	-41.881103	2.763611	1272.746841	-0.151458	-0.392239	-2.652081
2.514000	-42.726955	2.442301	1270.245270	0.408065	0.525416	3.368979
2.515000	-42.566610	2.362526	1271.179321	-0.071275	-0.392239	-0.748996
2.516000	-42.646782	2.562847	1272.275528	0.128597	0.286227	1.624917
2.517000	-43.009981	2.563290	1270.714294	0.248578	-0.112803	0.992424
2.518000	-43.252117	2.363413	1270.243820	-0.350744	-0.192609	-1.860473
2.519000	-44.016584	1.761562	1266.959702	0.608229	0.326245	4.639318
2.520000	-44.017796	1.922440	1268.210464	-0.470725	-0.352221	-4.238338
2.521000	-43.855835	2.083317	1270.867401	0.528047	0.446298	4.637259
2.522000	-44.541342	1.642345	1267.587250	-0.430341	-0.471586	-3.921272
2.523000	-45.185549	0.920835	1262.897827	0.328175	0.286457	3.053552
2.524000	-44.863243	1.282032	1266.488464	-0.150579	-0.232168	-0.749815
2.525000	-44.783072	1.041824	1268.833588	0.208779	0.246669	1.150138
2.526000	-45.426874	0.721401	1263.053131	0.208779	-0.112344	0.676507
2.527000	-45.547537	0.400976	1263.833252	-0.190671	0.047268	-0.750398
2.528000	-45.587624	0.240984	1264.767944	0.448449	0.047268	2.737634
2.529000	-45.748373	0.201097	1263.987381	-0.709809	-0.311974	-4.554746
2.530000	-45.626902	0.121323	1264.768219	0.608522	0.167092	3.686299
2.531000	-45.666986	0.081881	1264.610443	-0.390249	-0.271956	-2.811525
2.532000	-46.390965	-0.759733	1259.609131	0.208779	0.087516	1.783450
2.533000	-45.746754	-0.238102	1263.824860	0.209072	0.007710	0.674868
2.534000	-45.423237	0.203312	1264.919281	0.168981	0.087745	1.626648
2.535000	-46.148022	-0.437536	1258.045273	0.209365	0.007710	0.832161
2.536000	-46.147213	-0.437096	1256.794083	-0.110195	-0.032079	0.042122
2.537000	-45.622860	0.124422	1259.759323	0.289255	0.047727	2.261453
2.538000	-45.461302	0.085421	1258.355057	-0.469847	-0.191461	-3.129174
2.539000	-45.298937	0.487391	1254.137695	0.249164	0.047727	1.151868
2.540000	-45.016312	0.767931	1254.449783	-0.070104	0.047957	-0.118142
2.541000	-45.096485	0.809145	1251.320908	0.409236	-0.111426	2.262273
2.542000	-44.290314	1.410994	1252.729523	-0.070104	0.207799	0.199835
2.543000	-43.564318	2.134274	1252.259872	0.289255	-0.151443	0.833072
2.544000	-43.684979	1.854177	1248.198212	-0.030305	0.247587	0.516082
2.545000	-43.321376	1.975611	1245.072586	0.049878	-0.271038	-0.434388
2.546000	-42.152411	2.818552	1248.822021	-0.030012	0.247587	-0.275527
2.547000	-41.345836	3.261293	1248.199234	-0.149994	-0.430191	-1.861293
2.548000	-41.425604	3.061417	1242.264099	0.209658	0.208028	0.359279
2.549000	-40.538454	3.503716	1242.576874	-0.030012	-0.150984	0.517974
2.550000	-39.732285	3.985903	1243.980606	0.209658	0.168240	1.150138
2.551000	-38.845136	4.428646	1244.295975	0.089969	0.168240	1.151378
2.552000	-38.361274	4.991491	1241.956131	-0.029720	-0.150984	-1.067792
2.553000	-37.756342	5.073036	1241.799194	0.130061	0.288064	1.626157
2.554000	-37.432824	5.395674	1238.206375	0.010372	-0.310137	0.199997
2.555000	-36.021726	6.278946	1244.299011	-0.030012	0.248046	-0.276017
2.556000	-35.094893	7.122772	1244.926788	0.170445	-0.270579	0.042375
2.557000	-35.335410	6.843121	1239.304352	0.050170	0.328311	1.309000
2.558000	-34.609412	7.367409	1238.211899	0.130061	-0.110507	0.674868
2.559000	-33.641687	8.170021	1243.367355	-0.069518	0.128681	0.199835
2.560000	-32.674365	9.014290	1244.150757	0.210243	-0.070490	0.675687
2.561000	-32.874795	9.296156	1239.313171	-0.029427	-0.030701	0.041302
2.562000	-31.987645	9.900219	1241.653259	0.170445	0.049105	1.153200
2.563000	-31.543869	10.542397	1242.592850	0.090847	-0.030472	0.676178
2.564000	-30.657124	11.547098	1245.722855	-0.069518	-0.150066	-0.433402
2.565000	-30.172855	12.311153	1245.723770	0.130646	-0.030472	0.516335
2.566000	-30.212133	12.352365	1244.944870	0.090847	0.169158	0.517812
2.567000	-30.130749	12.795996	1242.290817	0.010665	-0.189854	-0.116902
2.568000	-29.001870	14.160568	1249.791122	0.050463	-0.030472	0.832490
2.569000	-28.114718	15.004395	1254.013580	0.170738	0.208946	0.833401
2.570000	-28.718438	14.926392	1248.549149	0.090847	0.089582	0.675434
2.571000	-28.193679	15.810547	1249.799881	0.050463	-0.189854	-0.275106
2.572000	-27.266443	16.493500	1256.675064	0.210536	0.329229	2.579193
2.573000	-26.701194	17.297440	1257.775894	-0.068933	-0.070490	-1.383872
2.574000	-26.498339	17.740623	1257.310562	0.170445	0.089582	1.944388
2.575000	-25.893409	18.344244	1260.904526	0.050463	-0.109819	0.043361
2.576000	-25.811619	18.425789	1259.658279	0.011250	0.129370	-0.433148
2.577000	-24.400521	19.751358	1268.099045	0.250628	-0.070030	0.991934
2.578000	-23.553053	20.675404	1271.854355	0.130646	0.050023	0.200746
2.579000	-23.874146	20.276089	1269.043945	0.171030	-0.029783	1.151049
2.580000	-23.711781	20.799492	1269.357697	0.011250	0.169388	-1.225339
2.581000	-22.341171	22.164505	1278.580933	0.530389	0.130059	4.319703
2.582000	-21.977164	22.647577	1280.459442	-0.308603	-0.189625	-2.178121
2.583000	-21.814797	22.809784	1280.463791	0.371195	0.289212	2.577953
2.584000	-21.249954	23.693499	1283.747543	0.130939	0.050023	-0.275527
2.585000	-20.806581	24.216457	1288.281219	0.290426	0.130059	3.052571
2.586000	-20.080181	25.060284	1291.879318	0.171323	0.169617	0.359279
2.587000	-19.756661	25.222044	1293.912613	-0.028256	0.169617	-0.909001
2.588000	-19.635594	25.585012	1295.320602	0.530389	0.170076	3.686137
2.589000	-19.714958	25.506126	1295.948624	-0.228420	-0.029324	-1.225339
2.590000	-18.223283	26.510832	1305.635834	0.730846	0.568877	5.429449
2.591000	-17.860486	27.073235	1309.859375	0.011250	-0.149148	-0.909912
2.592000	-17.819188	26.914570	1309.393951	0.610572	0.210553	5.270334
2.593000	-17.576246	26.956228	1311.423141	-0.267926	0.010235	-2.493128
2.594000	-16.407280	27.438417	1319.079865	0.331396	0.050482	1.785855
2.595000	-15.923416	28.081919	1321.272842	0.211122	0.050482	1.467532
2.596000	-15.438341	28.083693	1323.619614	-0.268218	-0.109130	-1.699789
2.597000	-14.752834	27.924143	1325.647919	0.651249	0.449512	4.637351
2.598000	-14.066520	27.965361	1328.773834	0.011250	-0.029094	-0.909912
2.599000	-12.897151	28.969175	1333.152802	0.810443	0.529778	6.064913
2.600000	-12.130257	28.728971	1335.809677	-0.147651	0.210094	-1.698878
2.601000	-11.726163	28.570307	1336.123352	0.850827	0.410183	5.429778
2.602000	-10.958868	28.450645	1336.591110	-0.188328	0.010924	-1.385365
2.603000	-9.466787	28.651852	1343.780365	0.251213	0.210783	1.150558
2.604000	-8.780473	28.412088	1344.564026	0.411872	0.330377	3.212015
2.605000	-7.973091	28.212212	1344.097763	-0.108146	-0.387877	-1.542405
2.606000	-7.124410	27.932114	1345.502457	0.731432	0.649831	6.223117
2.607000	-5.431497	27.772566	1351.282471	-0.067761	-0.148459	-0.906780
2.608000	-4.502643	27.733120	1350.505157	0.811029	0.290819	5.112130
2.609000	-3.372147	27.412699	1351.756958	-0.027670	-0.148000	-0.750468
2.610000	-2.889092	26.411095	1353.317825	0.531853	0.570255	4.478818
2.611000	-0.991301	26.731958	1355.036102	-0.027670	-0.067964	0.040229
2.612000	0.540462	27.254477	1359.256927	0.251799	0.091648	0.834312
2.613000	1.832110	26.492195	1360.352493	0.652127	0.849690	5.272393
2.614000	2.921712	26.292759	1358.006165	-0.107267	-0.107753	-0.750796
2.615000	4.494772	26.092442	1361.598663	0.891212	0.850379	6.379008
2.616000	6.550887	26.373863	1367.534134	-0.067176	-0.107523	-1.224428
2.617000	7.560317	25.772902	1365.507172	0.692219	0.730326	6.699136
2.618000	8.931733	25.573021	1365.036072	-0.147359	-0.426747	-0.751379
2.619000	10.546093	25.252600	1367.847595	0.452256	0.451349	3.369400
2.620000	12.360477	25.172825	1370.657639	0.252970	0.052319	2.580341
2.621000	13.892645	25.333698	1373.469238	0.212878	0.092566	0.991115
2.622000	15.427237	25.093052	1374.094757	0.612329	0.372002	4.479804
2.623000	16.436261	24.572306	1371.435928	-0.026206	-0.027487	-1.224757
2.624000	18.332031	24.572306	1375.808319	0.732310	0.691226	7.173096
2.625000	20.348465	25.134264	1381.120163	-0.306553	-0.346023	-3.762227
2.626000	21.398384	24.412312	1377.839371	0.732603	0.930644	5.270755
2.627000	22.528880	24.212435	1377.838028	-0.026206	-0.106375	-0.115662
2.628000	24.586209	24.292210	1382.679291	0.452841	0.572091	2.893548
2.629000	26.481979	24.332539	1386.582764	0.373244	0.172831	2.103341
2.630000	27.894696	24.052002	1386.429214	0.333738	0.292655	2.103341
2.631000	29.307411	23.972229	1387.206161	0.533024	0.332903	3.369729
2.632000	30.639551	23.209944	1387.361115	-0.225785	-0.265528	-3.127912
2.633000	32.777052	23.369938	1391.576416	0.853170	0.651897	6.857922
2.634000	34.714119	23.651361	1396.577301	-0.225492	-0.425140	-1.857994
2.635000	35.965683	23.129728	1395.325348	0.533024	0.492744	4.319541
2.636000	37.136265	22.487993	1393.761566	0.134452	0.053696	1.470358
2.637000	39.072929	22.608099	1398.912476	0.453720	0.452956	4.321600
2.638000	41.169941	23.009184	1404.537766	0.373537	0.213538	1.466476
2.639000	42.220265	22.246902	1402.663055	0.174544	0.452956	2.260235
2.640000	43.753238	22.168013	1404.064545	0.413921	0.333362	3.687705
2.641000	45.246532	21.886589	1406.873764	-0.065712	0.014137	-0.909820
2.642000	47.384030	22.006693	1411.714233	0.653884	0.453415	5.271084
2.643000	49.118651	21.966805	1414.058517	-0.145309	-0.264839	-1.699369
2.644000	50.409894	21.445177	1415.150681	0.613500	0.254244	4.162738
2.645000	51.580879	20.442244	1413.742432	0.294525	0.094632	0.833331
2.646000	53.798553	20.602234	1418.895660	0.294525	0.254015	3.212926
2.647000	55.654239	20.561905	1423.267975	0.374122	0.094862	1.785364
2.648000	56.865310	19.800066	1421.704254	0.374708	0.254244	2.260235
2.649000	58.277219	18.957123	1420.610107	0.255019	0.333821	2.895278
2.650000	60.454803	18.716471	1425.762497	0.015057	0.015285	0.200584
2.651000	62.390257	18.555597	1429.044785	0.734067	0.573698	3.211196
2.652000	63.802568	17.472891	1426.545486	-0.104339	0.174897	0.042472
2.653000	65.537186	16.750496	1427.636810	0.374708	0.334739	3.211524
2.654000	67.311083	15.868109	1429.041504	0.294525	0.294951	1.942587
2.655000	69.408092	15.225931	1430.293137	0.454891	0.255163	3.370640
2.656000	71.504293	14.584196	1433.106415	0.095825	0.175357	2.260564
2.657000	73.399256	13.782469	1433.416794	0.295111	-0.103850	1.628071
2.658000	74.489262	11.936598	1428.887909	0.454891	0.374986	2.419679
2.659000	77.028834	11.414965	1432.635895	-0.063662	-0.063832	0.994505
2.660000	79.407255	10.853008	1436.542435	0.255312	0.295410	0.675946
2.661000	80.698099	9.288998	1431.232666	0.375294	0.295410	2.417949
2.662000	82.795105	8.245735	1431.542267	0.415678	0.455252	4.004534
2.663000	85.213619	7.241919	1434.509338	0.215514	0.335428	2.576482
2.664000	87.269329	6.238985	1433.106827	0.495275	0.375675	2.260564
2.665000	89.164694	4.995401	1431.232117	0.415971	0.575076	4.004044
2.666000	91.663776	3.872366	1432.324097	0.056026	-0.023126	1.152548
2.667000	93.437674	2.186926	1428.261551	0.295696	0.255851	0.040742
2.668000	96.178892	1.264654	1430.139267	0.296282	-0.062914	2.577393
2.669000	98.879623	0.301609	1431.858932	0.056319	0.016892	0.995653
2.670000	100.814671	-1.423717	1426.858597	0.216392	-0.182278	0.835972
2.671000	102.870783	-3.028500	1423.422119	0.456062	0.376593	3.210705
2.672000	105.973988	-3.670677	1425.919540	0.256776	0.296787	3.529173
2.673000	108.151171	-5.075579	1423.107574	0.256776	0.336805	1.152219
2.674000	110.247370	-6.720688	1417.954834	0.456648	0.695818	2.893639
2.675000	112.665876	-7.804281	1416.390076	0.176886	0.217211	2.895278
2.676000	115.205456	-9.168852	1415.606995	0.056905	0.297246	0.199275
2.677000	117.745029	-10.332661	1412.172928	0.696318	0.297246	3.845015
2.678000	120.042473	-11.536358	1408.580109	0.176886	0.337035	2.261222
2.679000	122.300224	-13.101690	1405.608521	0.296868	0.018270	2.736837
2.680000	124.275768	-14.586813	1399.202667	0.416849	0.177652	2.102780
2.681000	127.298397	-15.430195	1399.359879	0.297453	-0.021748	1.471107
2.682000	129.555744	-16.634335	1395.295517	0.217270	-0.021519	1.944156
2.683000	131.492012	-18.480650	1387.486069	0.337252	0.138094	1.468557
2.684000	133.870834	-19.565130	1382.326675	0.657690	0.337953	4.479896
2.685000	136.612053	-20.569832	1381.229980	-0.022107	0.218359	0.359538
2.686000	138.667763	-21.854631	1374.668427	0.657105	0.697425	5.113715
2.687000	140.523445	-23.259975	1364.824234	0.138259	0.377971	0.041561
2.688000	142.780399	-24.585104	1360.601929	0.337837	0.338412	2.893149
2.689000	144.876598	-26.030779	1354.660812	0.417435	0.458236	2.737166
2.690000	147.456264	-27.035039	1349.348999	0.377636	0.218588	1.309113
2.691000	149.230152	-28.160288	1340.596481	0.418020	0.139241	3.211945
2.692000	150.963562	-29.967161	1330.436325	0.018277	-0.220001	-0.591423
2.693000	152.576710	-31.212516	1320.433914	0.657983	0.418677	5.270448
2.694000	155.276222	-31.856463	1316.678726	-0.140917	-0.220001	-0.907340
2.695000	156.928242	-33.221921	1306.831970	0.617892	0.299313	5.272087
2.696000	158.017033	-34.868362	1292.143097	0.178350	0.059665	0.043291
2.697000	159.628971	-35.873947	1281.667679	0.458697	0.418907	3.212527
2.698000	161.523121	-36.638445	1276.037186	0.178643	0.219507	0.675784
2.699000	162.490444	-37.804023	1261.032501	0.138551	0.259295	-0.274594
2.700000	163.538342	-38.929719	1246.808472	0.578386	0.698572	4.320872
2.701000	164.384193	-39.975638	1234.615646	-0.140917	0.099683	-0.592824
2.702000	164.787079	-41.021114	1220.078003	0.737873	0.658784	6.064023
2.703000	166.116386	-41.465625	1209.447571	0.058954	0.019877	-0.433709
2.704000	166.237049	-42.311225	1193.658493	0.658569	0.379348	5.908951
2.705000	165.834576	-43.998435	1173.496445	-0.061320	-0.298888	-2.175949
2.706000	166.116386	-44.884361	1158.334167	0.538294	0.339560	3.845274
2.707000	166.962242	-45.128557	1146.449722	0.139137	-0.019912	0.837541
2.708000	166.075493	-46.455898	1125.350464	0.058954	-0.099488	-0.908160
2.709000	165.350712	-47.783239	1105.031067	0.658276	0.459384	4.795485
2.710000	164.867252	-48.669609	1085.958954	-0.020643	0.059894	-0.115242
2.711000	164.222229	-49.516092	1068.605408	0.818056	0.778608	6.856451
2.712000	163.335491	-50.281919	1048.911270	0.178350	0.179718	-0.750867
2.713000	161.844624	-51.328721	1025.780319	0.818056	0.937991	7.015566
2.714000	160.071533	-52.656505	1001.395416	-0.060734	0.059665	-1.383192
2.715000	158.580666	-53.262783	979.666359	0.497910	0.418907	2.576994
2.716000	157.532768	-53.508305	960.283722	0.218734	0.139471	1.310682
2.717000	155.114662	-54.756313	933.555542	-0.060734	-0.019912	-0.431979
2.718000	152.818031	-55.643569	905.262527	0.817763	0.418907	4.957409
2.719000	150.520592	-56.209517	879.469849	0.058661	-0.059929	-0.275505
2.720000	148.666119	-56.374822	856.645348	0.738166	0.538272	5.748267
2.721000	145.925308	-56.820663	827.260414	-0.101411	-0.180212	-2.175949
2.722000	143.224174	-57.106515	799.125053	0.737580	0.418677	5.272906
2.723000	140.442467	-57.513352	770.358665	0.018863	-0.060389	-0.432561
2.724000	137.941765	-57.478339	743.626991	0.417727	0.298624	2.578633
2.725000	135.722881	-56.560492	717.677551	0.417727	0.298394	2.102031
2.726000	132.940365	-56.646467	686.880424	-0.061613	0.018729	-0.907669
2.727000	129.350471	-56.169148	654.519447	0.817470	0.737213	6.223467
2.728000	126.565933	-55.212305	627.469090	-0.062198	-0.180901	-1.858883
2.729000	123.419403	-54.135355	601.982750	0.737287	0.656718	5.432188
2.730000	118.901466	-53.619479	569.779541	-0.061906	0.098076	-0.907669
2.731000	114.020721	-52.382536	539.133617	0.736409	0.616700	4.480899
2.732000	108.857763	-51.226256	510.987175	-0.062491	0.097846	-0.431979
2.733000	103.289501	-50.149750	482.835800	0.257069	0.216981	1.471107
2.734000	97.964579	-48.111966	452.813580	0.456940	0.536435	3.370640
2.735000	91.509972	-46.676034	423.878040	0.016521	-0.182049	-1.226557
2.736000	84.971954	-45.961609	392.287498	0.656226	0.775164	5.907129
2.737000	77.710367	-45.207741	366.637070	-0.183351	-0.222985	-2.808533
2.738000	70.366589	-42.809647	339.737020	0.934817	0.734458	6.538964
2.739000	62.055895	-41.293054	311.584724	-0.263534	-0.303480	-2.175221
2.740000	52.615104	-40.258646	279.838446	0.575165	0.534139	3.369492
2.741000	44.985065	-39.383788	255.746462	0.294818	0.055074	1.470358
2.742000	35.543873	-36.063423	232.436735	0.454305	0.333821	2.578212
2.743000	26.422965	-33.745104	199.282989	0.334617	0.373379	2.579851
2.744000	17.663236	-30.543957	175.497825	0.174251	0.133502	-0.431909
2.745000	9.869618	-27.904326	149.835279	0.852877	0.811968	6.066152
2.746000	2.316920	-25.183151	126.209212	-0.345766	-0.226199	-3.761316
2.747000	-4.268455	-21.338056	104.769292	0.812493	0.930874	5.115192
2.748000	-9.120425	-16.531686	83.637346	-0.106389	-0.106834	-1.067534
2.749000	-10.952192	-11.922979	59.694313	0.332860	0.531385	2.735834
2.750000	-9.597752	-7.193283	46.535219	0.293061	0.291966	1.787423
2.751000	-7.549317	-3.870260	32.759731	0.612621	0.412020	3.687048
2.752000	-5.939808	-0.868106	12.269412	0.332860	0.291966	2.735834
2.753000	-9.321191	1.572974	8.184149	0.053391	0.132354	-1.224428
2.754000	-5.167662	2.611808	7.073962	0.732310	0.610961	5.271574
2.755000	-1.888348	2.200097	2.381864	-0.185986	-0.067505	-2.176882
2.756000	2.552252	1.795471	1.445931	0.652713	0.651208	3.370640
2.757000	0.605886	0.880283	1.133066	0.173373	0.052778	0.201986
2.758000	-1.443762	-1.450434	-0.429322	0.533024	0.531385	3.846821
2.759000	0.930617	2.403075	3.631901	0.413043	0.331984	2.576972
2.760000	1.176793	0.675091	3.475552	0.452841	0.411790	3.370219
2.761000	-0.559442	0.035570	0.664198	0.452841	0.491367	2.420407
2.762000	0.085574	0.597088	-3.399328	0.053391	0.092566	0.042542
2.763000	0.450796	0.434884	3.630211	0.572237	0.491137	3.370640
2.764000	0.729782	0.917956	3.787276	-0.026792	-0.067276	-1.383872
2.765000	-0.114452	0.154789	-1.521949	0.652420	0.610961	4.005354
2.766000	0.126873	0.396325	-1.053806	0.293061	0.291966	1.627160
2.767000	0.327708	0.476542	1.287007	0.532439	0.371772	2.896588
2.768000	0.288026	0.556316	2.696243	0.452841	0.371772	3.053482
2.769000	0.207045	0.597088	0.354721	0.293061	0.291966	1.628890
2.770000	0.086383	0.355995	0.821263	0.572530	0.451349	3.211104
2.771000	-0.154943	0.115344	-2.303409	0.173080	0.012531	0.834970
2.772000	0.368198	0.676862	3.475472	0.532439	0.531155	2.420407
2.773000	0.730995	0.877626	5.351426	0.053098	-0.027258	-0.275435
2.774000	-0.034280	0.355995	-0.272169	0.452841	0.491137	2.895278
2.775000	-0.235923	0.115787	-2.459837	0.413043	0.371772	2.578212
2.776000	0.409093	0.556759	3.474676	0.332860	0.331755	2.261545
2.777000	0.409093	0.596203	3.788161	0.612329	0.451349	3.369729
2.778000	0.046701	0.396325	0.665888	0.332860	0.251949	1.627651
2.779000	0.166959	0.476099	1.289494	0.572237	0.571173	3.369729
2.780000	0.126873	0.355995	0.975204	0.212878	0.012531	0.677256
2.781000	0.328112	0.636975	2.071919	0.252970	0.411331	1.152035
2.782000	0.368198	0.636975	3.320017	0.213171	0.172143	1.469118
2.783000	0.045892	0.355995	0.507061	0.572530	0.531155	3.212015
2.784000	-0.356990	0.115344	-3.085842	0.173080	0.212160	0.676437
2.785000	0.449179	0.717192	2.850901	0.332860	0.411331	2.260963
2.786000	0.650418	0.796966	4.568992	0.372659	0.451349	3.369400
2.787000	-0.074366	0.236334	-0.895855	0.252970	0.172143	1.945536
2.788000	-0.114856	0.236334	-1.679086	0.252677	0.411331	0.994834
2.789000	0.247536	0.436212	2.848582	0.452841	0.291966	2.893801
2.790000	0.207450	0.436655	1.133154	0.212878	0.411331	0.676765
2.791000	0.207450	0.436212	0.197576	0.252970	0.172143	0.992026
2.792000	0.126873	0.355995	0.820546	0.652420	0.570943	4.004442
2.793000	-0.114856	0.075457	-1.837028	0.332860	0.291737	2.420407
2.794000	0.489265	0.796966	2.852671	0.452841	0.411331	1.945627
2.795000	0.529756	0.796966	3.633503	0.292768	0.411331	1.945045
2.796000	-0.154943	0.115787	-1.364795	0.452841	0.331755	3.212015
2.797000	-0.154943	0.115344	-2.461439	0.132988	0.131895	-0.433310
2.798000	0.368198	0.676862	3.631016	0.532439	0.411331	4.479147
2.799000	0.247131	0.516429	1.133951	0.053098	0.211931	0.517321
2.800000	0.126873	0.476099	0.507866	0.452841	0.291737	3.054065
2.801000	0.166959	0.476542	0.351518	0.452841	0.411331	2.420736
2.802000	0.086383	0.235448	0.663321	0.212878	0.331755	1.311571
2.803000	0.287622	0.556759	1.914783	0.292768	0.411331	2.578940
2.804000	0.328112	0.717192	2.385405	0.173080	0.251719	-0.116481
2.805000	-0.114856	0.155674	-1.366406	0.532439	0.570943	3.528844
2.806000	0.086383	0.355995	0.192771	0.093190	0.131895	0.042871
2.807000	0.650418	0.877626	4.100761	0.851999	0.650749	6.065824
2.808000	0.207045	0.596646	0.821351	0.093190	0.052089	-0.750468
2.809000	0.086383	0.396325	-0.584769	0.612329	0.491367	4.479147
2.810000	0.207450	0.516429	0.037227	0.292768	0.371313	0.996144
2.811000	0.288026	0.476099	2.069361	0.212878	0.211931	0.834150
2.812000	0.166959	0.516872	0.509468	0.332860	0.331755	2.896917
2.813000	0.207854	0.556759	0.822068	0.053098	0.091877	-0.433639
2.814000	0.045892	0.115344	-0.742799	0.812200	0.610961	5.431929
2.815000	0.207450	0.476542	0.976009	0.092897	0.092107	-0.116573
2.816000	0.368198	0.636975	1.914783	0.812200	0.810591	6.699718
2.817000	0.207450	0.436212	0.821351	0.053098	0.092107	-1.383543
2.818000	-0.235923	0.155674	-2.147946	0.612329	0.531155	4.003294
2.819000	0.166959	0.436212	0.976806	0.053098	0.211931	-0.273958
2.820000	0.449179	0.636975	3.475472	0.212878	0.211931	0.517084
2.821000	-0.034280	0.356438	-0.426022	0.572530	0.451349	3.527933
2.822000	0.126873	0.436655	-0.426827	0.013007	0.092107	-0.273376
2.823000	0.207450	0.476542	1.132269	0.732310	0.610961	5.429288
2.824000	0.328112	0.556759	1.759239	0.172787	0.131895	0.201075
2.825000	0.247536	0.636975	1.133234	0.692219	0.610961	4.954508
2.826000	0.207450	0.516429	0.821351	-0.186572	0.052089	-1.858322
2.827000	-0.074366	0.155674	-1.836062	0.652420	0.571173	5.113041
2.828000	0.287622	0.516429	1.288609	0.173080	0.092107	-0.273958
2.829000	0.690504	0.917956	4.883999	0.053098	0.092107	-0.591843
2.830000	0.086383	0.355995	0.196063	0.772401	0.650749	5.271574
2.831000	-0.154943	0.235448	-2.147149	0.053098	0.092107	-0.433310
2.832000	0.609928	0.636975	2.848582	0.732310	0.650749	5.271574
2.833000	0.489265	0.596646	3.475472	0.013007	0.092107	0.042871
2.834000	-0.074770	0.316108	-1.052115	0.812200	0.690997	5.906380
2.835000	0.126873	0.436655	-0.742002	-0.026792	0.052089	-0.747918
2.836000	0.166959	0.396325	0.975204	0.532439	0.491367	3.054065
2.837000	0.328112	0.516429	1.601297	0.332567	0.411331	1.945045
2.838000	0.409093	0.756637	1.289494	0.013007	0.012531	-1.067205
2.839000	0.207045	0.436212	0.819661	0.852291	0.690537	5.906380
2.840000	-0.316500	-0.004760	-3.398531	0.013300	0.092107	-0.749557
2.841000	0.368198	0.676862	2.538381	0.812200	0.770573	6.382070
2.842000	0.650418	0.836853	4.568992	-0.186572	-0.067505	-1.541165
2.843000	-0.235923	0.155674	-1.832859	0.812200	0.810591	5.906380
2.844000	-0.114856	0.235448	-1.991774	0.093190	0.012301	0.043690
2.845000	0.489265	0.636975	3.631016	0.532439	0.411331	2.261545
2.846000	0.288026	0.476542	1.290211	0.252970	0.371313	1.627979
2.847000	0.207450	0.556316	0.978408	0.173080	0.172143	0.041723
2.848000	0.126873	0.396325	-0.272169	0.812200	0.770803	6.064913
2.849000	-0.235923	-0.045089	-2.460634	-0.266462	-0.187329	-2.810356
2.850000	0.409093	0.596646	2.227303	0.772109	0.730785	5.907199
2.851000	0.650418	0.957400	3.788966	-0.106389	-0.067505	-1.382632
2.852000	0.045892	0.235448	-0.584769	0.812200	0.730785	5.749577
2.853000	-0.114452	0.115787	-1.836071	0.013300	0.052089	-0.749557
2.854000	0.570246	0.756637	3.788161	0.572237	0.411331	3.211686
2.855000	0.489265	0.636975	2.850192	0.452256	0.331755	2.896259
2.856000	0.126873	0.396325	-0.114227	0.053098	0.092107	-0.275106
2.857000	0.046701	0.396325	-0.275453	0.772109	0.770573	5.429288
2.858000	0.126469	0.316108	0.036431	-0.226663	-0.147311	-2.968069
2.859000	0.328112	0.597088	1.602094	0.851999	0.770573	5.906380
2.860000	0.449583	0.676862	1.915419	-0.106389	-0.067505	-2.493290
2.861000	0.086383	0.316108	-0.586459	0.612329	0.610731	4.003294
2.862000	-0.114856	0.115787	-1.523551	0.212878	0.131895	0.833401
2.863000	0.409093	0.636975	2.227303	0.372659	0.331755	2.894130
2.864000	0.328112	0.596646	2.070326	0.372659	0.411331	2.420407
2.865000	-0.033876	0.236334	-1.054602	0.172787	0.092107	0.676437
2.866000	-0.074366	0.236334	-1.678129	0.692219	0.650749	5.114189
2.867000	0.489265	0.596646	3.162872	-0.106974	-0.187329	-2.177701
2.868000	0.288026	0.556759	1.602979	0.772109	0.770573	5.431439
2.869000	0.167363	0.516872	0.198461	0.013007	0.012301	0.043361
2.870000	0.126873	0.396325	0.195177	0.452841	0.490908	3.369729
2.871000	0.086383	0.155674	0.195177	0.293061	0.291737	1.785693
2.872000	0.247536	0.597088	1.447436	0.452256	0.331755	3.211686
2.873000	0.369007	0.556759	1.759239	0.372659	0.451119	2.262203
2.874000	0.006210	0.196447	-1.053709	0.212878	0.211931	0.679078
2.875000	0.126873	0.236334	-0.275373	0.652127	0.690537	4.479804
2.876000	0.570246	0.717192	4.257189	-0.186572	-0.107293	-1.540346
2.877000	0.166959	0.476542	0.353208	0.452256	0.530925	2.895278
2.878000	-0.033876	0.276664	-0.583972	0.132988	0.131895	0.517904
2.879000	0.247940	0.436655	0.819661	0.452256	0.491137	3.212015
2.880000	0.409093	0.556759	2.851786	0.372659	0.411331	2.736416
2.881000	0.166959	0.516872	0.977691	0.372659	0.411331	2.420407
2.882000	0.328112	0.557201	0.976806	0.652127	0.610961	4.322091
2.883000	0.126469	0.356438	0.195177	0.172787	0.092107	0.835972
2.884000	0.166959	0.396325	0.506981	0.372659	0.491137	2.262203
2.885000	0.530160	0.717192	3.008126	0.053098	-0.067505	-0.591843
2.886000	0.247940	0.476542	1.133951	0.532439	0.610731	3.686466
2.887000	-0.276009	0.075457	-2.928697	0.173080	0.172143	0.517904
2.888000	0.207045	0.436212	0.351518	0.532439	0.491137	2.894367
2.889000	0.650418	0.717192	3.944421	0.532439	0.451119	3.371130
2.890000	0.006210	0.316108	-1.363194	0.292768	0.331755	1.945627
2.891000	0.046701	0.356438	-0.740312	0.572530	0.531155	3.529663
2.892000	0.167363	0.396325	0.976806	0.292768	0.212160	1.309091
2.893000	0.207045	0.436655	1.289414	0.332567	0.451119	1.311571
2.894000	0.328112	0.636975	1.759239	0.132988	0.092107	0.359371
2.895000	0.207450	0.516872	0.976806	0.372659	0.490908	2.895607
2.896000	-0.316500	-0.004760	-3.242182	0.252677	0.251719	1.627160
2.897000	0.288026	0.556759	2.070962	0.532439	0.411331	3.053811
2.898000	0.771081	0.917956	5.197484	0.332567	0.291737	2.104489
2.899000	-0.034280	0.236334	-0.740312	0.332567	0.291737	2.578611
2.900000	-0.114452	0.196447	-2.303409	0.332567	0.411102	1.786275
2.901000	0.328112	0.556759	2.070157	0.252970	0.172143	1.469446
2.902000	0.489669	0.637418	2.696243	0.132696	0.171683	-0.591024
2.903000	0.086383	0.396768	-0.426827	0.292768	0.251719	2.420660
2.904000	0.126873	0.236334	-0.742002	0.292768	0.371313	1.946775
2.905000	-0.033876	0.115787	-1.211748	0.212878	0.131895	0.518233
2.906000	0.409093	0.516872	1.445754	0.572237	0.491137	3.687377
2.907000	0.570650	0.838182	2.851786	0.292768	0.331296	1.945045
2.908000	0.167363	0.396325	0.664206	0.212878	0.251719	1.152035
2.909000	-0.235923	0.035570	-3.085126	0.252677	0.251719	0.359700
2.910000	0.288026	0.557201	1.445834	0.612329	0.491137	4.322182
2.911000	0.650418	0.677305	3.788877	0.013007	-0.027717	-1.700280
2.912000	-0.034280	0.276664	-0.583167	0.572237	0.451119	3.529426
2.913000	-0.114452	0.075900	-1.991774	0.252677	0.371313	1.309749
2.914000	0.328921	0.436655	1.288609	0.292476	0.251719	1.786183
2.915000	0.409093	0.557201	1.760044	0.332567	0.331296	2.103249
2.916000	0.207450	0.477427	0.353208	0.212878	0.331296	1.628890
2.917000	0.288026	0.396768	1.133066	0.572530	0.411331	3.529663
2.918000	-0.276009	-0.004317	-2.617779	0.013007	0.051860	-1.066294
2.919000	0.247940	0.476984	0.977611	0.692219	0.530925	4.796795
2.920000	0.570246	0.878512	4.104053	0.052806	0.131666	-0.434221
2.921000	0.006615	0.155674	0.041236	0.652127	0.530925	5.271245
2.922000	-0.154943	0.156560	-2.616177	0.052806	0.091877	-1.065566
2.923000	0.489669	0.637418	3.319132	0.572530	0.530925	4.163067
2.924000	0.489669	0.637418	3.162872	0.172787	0.331296	1.151545
2.925000	0.046701	0.316993	-0.584052	0.132696	0.091877	-0.275014
2.926000	0.167363	0.316993	-0.431713	0.532439	0.451119	3.211686
2.927000	0.207450	0.356438	1.443187	0.132988	0.091877	-0.275106
2.928000	0.167363	0.476984	0.508663	0.692511	0.570943	5.113041
2.929000	0.207450	0.557201	0.351518	0.053098	0.091877	-0.750468
2.930000	0.247940	0.356438	0.977611	0.892090	0.650749	6.382981
2.931000	-0.154943	-0.004317	-3.086011	-0.026792	-0.027717	-1.382303
2.932000	0.369007	0.557201	1.759239	0.572530	0.451119	3.687048
2.933000	0.489669	0.717192	2.696251	0.213171	0.211931	0.993831
2.934000	-0.074366	0.236334	-1.834629	0.172787	0.171683	-0.274195
2.935000	-0.114856	0.196447	-1.679086	0.652420	0.531155	4.319703
2.936000	0.449179	0.597088	3.475472	0.053098	0.092107	-0.591024
2.937000	0.126873	0.436212	0.042926	0.732310	0.571173	5.270755
2.938000	0.166959	0.516872	0.041316	0.093190	0.052319	-0.591352
2.939000	0.207450	0.436655	0.508583	0.732310	0.690997	5.431929
2.940000	-0.034280	0.115344	-0.742799	0.013300	0.012301	-1.542076
2.941000	0.409093	0.556759	2.070157	0.572530	0.371772	3.052825
2.942000	0.247131	0.596646	1.291813	0.133281	0.211931	0.360519
2.943000	-0.154943	0.075457	-1.990969	-0.106389	-0.027487	-1.541165
2.944000	-0.034280	0.155674	-0.898262	0.732310	0.571173	5.113041
2.945000	0.730995	0.796966	4.256304	0.132988	-0.027487	-0.432820
2.946000	0.247536	0.436212	0.821271	0.812200	0.690997	5.590462
2.947000	0.207045	0.476542	-0.272169	0.093190	0.172143	-0.115662
2.948000	0.086383	0.275335	0.038917	0.732310	0.690997	5.747847
2.949000	0.287622	0.395882	1.756672	-0.026792	-0.027487	-1.541747
2.950000	0.328112	0.556759	1.289494	0.452841	0.451349	2.577883
2.951000	0.126873	0.476542	0.038917	0.413043	0.371772	2.735834
2.952000	-0.034280	0.195118	-0.898342	0.013300	0.012531	-0.591843
2.953000	0.166959	0.275335	0.037147	0.772401	0.770803	6.064913
2.954000	0.529756	0.676862	3.165271	-0.026792	-0.027717	-1.224428
2.955000	0.247536	0.516429	0.821351	0.851999	0.770803	6.223117
2.956000	-0.034280	0.155674	-1.834629	-0.146187	-0.067505	-2.016527
2.957000	-0.074770	0.196447	-1.210862	0.692219	0.571173	4.796304
2.958000	0.449179	0.596646	3.161987	0.053098	0.052089	-0.432820
2.959000	0.166959	0.436655	0.665808	0.292768	0.331755	1.628890
2.960000	-0.074366	0.235448	-0.740312	0.292768	0.291737	2.103249
2.961000	0.086383	0.316108	-0.583972	0.013007	0.132354	-0.433639
2.962000	0.207045	0.356438	0.975929	0.772109	0.770573	6.064913
2.963000	0.449179	0.636975	3.008931	-0.186572	-0.067505	-2.493947
2.964000	0.247940	0.516872	1.290211	0.891797	0.850379	6.699136
2.965000	-0.154943	0.035570	-2.459032	-0.106974	-0.147541	-1.699789
2.966000	0.167363	0.396325	0.351518	0.612036	0.530925	3.845581
2.967000	0.570246	0.717192	4.101566	0.013007	0.012301	-0.274195
2.968000	0.126873	0.276664	-0.115024	0.492054	0.411102	3.053482
2.969000	-0.154943	0.196447	-2.147149	0.452256	0.490908	3.369729
2.970000	0.207450	0.396768	0.820466	0.132696	0.091877	-0.117392
2.971000	0.449583	0.557201	2.539106	0.772109	0.690537	5.430107
2.972000	0.247940	0.557201	1.134756	-0.266754	-0.107523	-3.125783
2.973000	0.167363	0.396768	0.976806	0.771816	0.730326	6.065824
2.974000	-0.154538	0.036013	-2.149716	-0.147066	-0.067964	-1.857994
2.975000	0.167363	0.357323	-0.272249	0.612329	0.490678	4.004114
2.976000	0.651227	0.838625	4.101566	0.252677	0.251260	1.785693
2.977000	0.247940	0.437097	0.820466	0.572237	0.371084	3.211686
2.978000	-0.315287	0.076786	-3.242182	0.492054	0.450890	2.738874
2.979000	0.167363	0.437097	0.507778	0.212586	0.091877	0.042542
2.980000	0.650418	0.758408	3.944421	0.652127	0.610502	4.322091
2.981000	0.006615	0.317436	-0.583167	-0.226663	-0.107753	-1.699461
2.982000	0.087191	0.317436	-0.427712	0.652127	0.570714	4.162738
2.983000	0.006615	0.157003	-1.054602	0.013007	0.012071	-0.273704
2.984000	0.087191	0.317436	0.195983	0.452256	0.410872	2.735834
2.985000	0.530564	0.758408	2.072564	0.412164	0.371084	2.262785
2.986000	0.369411	0.557644	1.915419	0.572237	0.451119	3.371130
2.987000	-0.436758	-0.123535	-3.554066	0.332567	0.411102	2.420407
2.988000	0.247940	0.437097	0.976726	0.132988	0.091877	-0.115991
2.989000	0.610736	0.838625	4.101646	0.652127	0.610502	4.323002
2.990000	0.046701	0.277106	-0.740312	-0.106974	-0.067735	-1.382632
2.991000	-0.074366	0.196890	-1.522826	0.452256	0.490908	2.418186
2.992000	0.207854	0.437097	1.756672	0.252677	0.091877	1.310914
2.993000	0.247940	0.316993	1.289414	0.572237	0.490908	3.527933
2.994000	0.207854	0.517314	0.665728	0.412164	0.371313	2.260963
2.995000	0.369007	0.517314	1.445754	0.372659	0.371313	2.261545
2.996000	-0.114452	-0.004317	-1.681573	0.452256	0.530925	3.212344
2.997000	0.207450	0.437097	0.820466	0.132988	0.052089	0.200746
2.998000	0.570650	0.797852	3.006612	0.292768	0.490908	1.469446
2.999000	0.126873	0.316993	0.508583	0.013007	-0.027717	-0.591352
3.000000	-0.195029	0.036013	-2.773322	0.532439	0.451119	2.578611
3.001000	0.369411	0.557201	1.600492	0.252677	0.171683	1.469446
3.002000	0.409093	0.557201	2.381961	0.452256	0.411331	2.578611
3.003000	0.046701	0.316993	-0.895855	0.572530	0.491137	3.846400
3.004000	0.126873	0.436655	-0.584769	0.332567	0.291737	1.785364
3.005000	0.207450	0.396325	1.599695	0.532439	0.491137	3.053811
3.006000	0.207450	0.396768	0.664206	0.212878	0.172143	0.992845
3.007000	0.167363	0.476984	-0.426827	0.292768	0.451119	0.834479
3.008000	0.207450	0.436655	1.445754	0.173080	0.132354	0.359371
3.009000	-0.154943	0.035570	-1.991606	0.532439	0.531155	3.212015
3.010000	0.247536	0.476542	1.445754	0.332860	0.251949	1.787423
3.011000	0.570246	0.717192	3.788081	0.452841	0.451349	2.738055
3.012000	0.126469	0.316108	-0.269682	0.413043	0.451349	3.052992
3.013000	-0.034280	0.316108	-1.679086	0.293061	0.331755	2.261545
3.014000	0.569437	0.596646	3.788081	0.332860	0.411331	1.628890
3.015000	0.328112	0.556759	1.758442	0.293061	0.212160	2.103341
3.016000	-0.034280	0.316108	-1.364795	0.252970	0.291966	0.993341
3.017000	0.287622	0.396325	0.978408	0.332860	0.212160	2.103012
3.018000	0.126469	0.235448	0.195177	0.492933	0.531155	3.052571
3.019000	0.287622	0.476542	1.601297	0.252970	0.252178	0.992845
3.020000	0.449179	0.676862	2.696251	0.492933	0.491367	3.212015
3.021000	0.126873	0.396325	-0.115024	0.572237	0.371772	3.211686
3.022000	-0.114856	0.075457	-2.304294	0.413043	0.291966	2.420736
3.023000	0.609928	0.676862	3.787276	0.172787	0.251949	0.518233
3.024000	0.408284	0.596646	2.539106	0.532439	0.331984	3.529334
3.025000	-0.034280	0.115787	-2.147149	0.173080	0.211931	0.359117
3.026000	0.006210	0.276664	-0.895855	0.413043	0.291737	2.104252
3.027000	0.489265	0.556759	3.319132	0.572530	0.531155	3.688196
3.028000	0.288026	0.516872	0.977611	0.252677	0.211931	1.153038
3.029000	0.207450	0.476984	0.041316	0.372659	0.371772	2.103341
3.030000	0.126873	0.356438	-0.428509	0.372659	0.411331	2.103341
3.031000	-0.154943	-0.004317	-2.147149	0.452841	0.411331	3.052571
3.032000	0.409093	0.637418	2.851786	-0.026792	0.052089	-1.382632
3.033000	0.288026	0.557201	1.913817	0.692219	0.491137	4.796795
3.034000	-0.356586	-0.044204	-2.773234	0.132696	0.171683	-0.116244
3.035000	-0.073962	0.115787	-1.366406	0.612329	0.411331	3.844761
3.036000	0.690908	0.797852	4.257906	0.172787	0.171683	0.519052
3.037000	0.409093	0.557201	2.071928	0.292768	0.251260	2.102759
3.038000	0.126873	0.396768	0.509468	0.372659	0.371313	2.895677
3.039000	0.006615	0.316993	-0.428509	0.092604	0.091877	-0.433639
3.040000	0.126873	0.236777	0.664126	0.572530	0.451349	3.847311
3.041000	0.489669	0.637418	3.008931	0.092897	0.131666	-0.115662
3.042000	0.328921	0.557201	1.602899	0.732017	0.490908	5.431601
3.043000	-0.114452	0.156560	-1.524428	-0.067176	0.051630	-1.540836
3.044000	-0.073962	0.196890	-1.054602	0.652127	0.570714	5.271574
3.045000	0.610736	0.798295	4.257906	0.172787	0.251260	-0.432820
3.046000	0.409093	0.637418	1.758442	0.292476	0.331296	1.469446
3.047000	0.006615	0.277106	-0.740312	0.452256	0.371084	3.052571
3.048000	0.006615	0.277106	-1.523551	0.132696	0.171683	-0.273866
3.049000	0.449583	0.557644	2.695366	0.732017	0.570714	4.954508
3.050000	0.449987	0.678191	1.916384	0.052806	0.131666	-0.275106
3.051000	0.127681	0.477427	0.352323	0.771816	0.610502	6.065824
3.052000	0.087191	0.316993	-0.430103	0.172494	0.251260	-0.274777
3.053000	0.046701	0.237219	-0.742002	0.652127	0.530925	4.479147
3.054000	0.530160	0.758408	2.541585	0.132696	0.131666	0.043200
3.055000	0.409497	0.597531	2.070962	0.292476	0.331296	0.674798
3.056000	-0.114452	0.196890	-1.520339	0.452256	0.451119	3.371130
3.057000	0.046701	0.277106	-0.898342	0.132696	0.131666	-0.433310
3.058000	0.490074	0.597531	3.006452	0.772109	0.690537	5.748666
3.059000	0.087191	0.397653	-0.269762	0.092897	0.131895	-0.431909
3.060000	0.006615	0.236777	-0.738710	0.692219	0.570943	5.112621
3.061000	0.046701	0.277106	0.352323	-0.067176	0.091877	-1.224099
3.062000	0.207854	0.316993	0.508583	0.692219	0.491137	4.479147
3.063000	0.449583	0.678191	1.914783	0.092897	0.131895	0.041960
3.064000	0.409093	0.597531	2.071759	0.092897	0.131895	-0.591843
3.065000	-0.073962	0.196447	-1.367283	0.692219	0.570943	5.113860
3.066000	0.207450	0.396768	0.507061	0.013007	0.052089	-0.909001
3.067000	0.610736	0.757965	4.101566	0.772109	0.610731	5.590462
3.068000	0.087191	0.396768	-0.426827	0.092897	0.131895	-0.115662
3.069000	-0.073962	0.196890	-2.147149	0.772109	0.650749	5.590462
3.070000	0.369007	0.476984	1.287007	-0.106389	-0.027717	-1.858322
3.071000	0.328112	0.557201	1.913817	0.572237	0.451119	3.369982
3.072000	0.087191	0.476984	-0.738702	0.292768	0.371313	1.945045
3.073000	0.369007	0.597531	1.290211	0.093190	0.211931	-0.433639
3.074000	0.126873	0.316108	0.351437	0.772109	0.690537	5.431929
3.075000	0.167363	0.436655	0.506981	0.013007	0.052319	-0.591843
3.076000	0.570246	0.798295	2.384448	0.851999	0.810591	6.540274
3.077000	0.167363	0.437097	0.664206	-0.106974	-0.067505	-1.858322
3.078000	-0.316096	-0.004317	-3.397726	0.851999	0.730785	5.907620
3.079000	0.328112	0.557201	2.070157	-0.026792	0.012301	-0.908672
3.080000	0.610736	0.677305	3.788161	0.332860	0.331755	2.736416
3.081000	-0.033876	0.236777	-1.676679	0.372659	0.411331	2.103832
3.082000	0.126873	0.357323	-0.271284	0.212878	0.092107	-0.115991
3.083000	0.288026	0.516872	1.756672	0.851999	0.850379	6.064584
3.084000	0.288026	0.436655	1.289494	-0.186572	-0.027717	-2.493947
3.085000	0.247940	0.516872	0.665808	0.972273	0.890397	7.174007
3.086000	0.247536	0.476984	0.820466	-0.026792	-0.027717	-1.067534
3.087000	-0.235923	-0.044204	-2.459749	0.732017	0.730785	4.954508
3.088000	0.409093	0.557201	2.382846	-0.026792	-0.027717	-0.909001
3.089000	0.690908	0.917956	4.572116	0.372659	0.411331	3.371130
3.090000	-0.034280	0.115787	-0.898342	0.372659	0.411331	2.579851
3.091000	-0.033876	0.196447	-1.364795	0.132988	0.092107	-0.115662
3.092000	0.529756	0.597088	4.100769	0.891797	0.770573	6.225505
3.093000	0.489669	0.557201	3.006452	-0.226663	-0.107523	-2.332773
3.094000	0.006210	0.276664	-0.896572	0.892090	0.850379	6.066152
3.095000	0.046701	0.396768	-0.740312	-0.266462	-0.147541	-2.811267
3.096000	0.086383	0.236777	0.038837	0.692219	0.570714	4.478985
3.097000	0.449583	0.597088	2.070962	0.212878	0.172143	0.200256
3.098000	0.369007	0.597531	1.133951	0.572237	0.411102	3.053482
3.099000	0.207450	0.356438	0.664206	0.452256	0.411331	2.735834
3.100000	-0.195029	-0.004317	-2.930379	0.132988	0.131895	0.358460
3.101000	0.409497	0.597088	2.383563	0.772109	0.610731	4.639248
3.102000	0.650418	0.757965	3.945226	-0.226663	-0.067505	-2.175059
3.103000	-0.114452	0.196447	-1.209252	0.732017	0.690537	5.429288
3.104000	-0.195029	0.075900	-2.772437	-0.026792	-0.027717	-1.224428
3.105000	0.328112	0.516872	2.381961	0.452256	0.451119	2.894038
3.106000	0.409093	0.516872	1.760044	0.292768	0.251719	1.943897
3.107000	0.207450	0.437097	-0.115024	0.532439	0.411102	3.055703
3.108000	0.247536	0.436655	0.820466	0.372659	0.411102	2.262203
3.109000	-0.154538	-0.004317	-1.990969	0.093190	0.131895	0.043453
3.110000	0.369007	0.516872	1.445754	0.772109	0.810361	5.271574
3.111000	0.609928	0.798295	3.320742	-0.306260	-0.267365	-3.602875
3.112000	-0.074366	0.196447	-1.676679	0.572237	0.490908	2.736416
3.113000	-0.316096	0.036013	-2.929582	0.132988	0.131895	0.518723
3.114000	0.570246	0.597088	3.945306	0.372659	0.411331	2.578940
3.115000	0.328112	0.557201	2.227303	0.332567	0.371313	2.894038
3.116000	0.167363	0.316993	0.352323	0.372659	0.411331	2.261545
3.117000	0.207450	0.396768	0.820466	0.531853	0.530925	3.846238
3.118000	0.167363	0.235448	0.504574	0.013300	-0.027717	-0.908090
3.119000	0.328921	0.557201	1.133951	0.691926	0.610731	4.479804
3.120000	0.449583	0.597531	2.227303	-0.186572	-0.067735	-2.177210
3.121000	-0.033876	0.236777	-0.899219	0.452256	0.490908	2.735834
3.122000	-0.316096	-0.004317	-2.773322	0.132988	0.091877	0.201657
3.123000	0.530160	0.637418	2.696243	0.372659	0.451119	2.737144
3.124000	0.449583	0.677305	2.070962	0.452256	0.411331	3.211686
3.125000	-0.033876	0.236777	-1.208536	0.292476	0.171683	1.786183
3.126000	0.046701	0.277106	-0.742002	0.572237	0.530925	3.687285
3.127000	0.409497	0.557201	2.225621	0.093190	0.012301	-0.275106
3.128000	0.207854	0.357323	0.352323	0.532439	0.530696	3.053482
3.129000	0.207450	0.437097	0.041316	-0.186572	-0.107523	-2.016855
3.130000	0.046701	0.276664	-0.742719	0.572237	0.570714	3.687705
3.131000	-0.114452	0.036013	-1.211819	0.172787	0.092107	0.834150
3.132000	0.449583	0.678191	1.602899	0.492054	0.411331	2.579851
3.133000	0.207854	0.557201	1.291096	0.452256	0.411331	2.737144
3.134000	-0.074366	0.156560	-1.521136	0.252677	0.331296	1.627651
3.135000	0.046701	0.276664	-0.586459	0.452256	0.411102	2.579851
3.136000	0.489669	0.557201	3.008931	0.093190	0.052089	0.359279
3.137000	0.207450	0.437097	0.353208	0.372659	0.490908	2.420736
3.138000	0.006615	0.316993	-0.426190	0.053098	0.052319	-0.115500
3.139000	0.126873	0.276664	0.041236	0.612329	0.610502	3.845910
3.140000	0.247940	0.356438	1.601934	0.172787	0.171683	0.834150
3.141000	0.328921	0.477427	1.447436	0.372659	0.411102	2.420407
3.142000	0.247940	0.517314	1.133154	0.452256	0.411331	2.738055
3.143000	-0.034280	0.236334	-0.584052	0.372659	0.291737	2.420407
3.144000	0.207450	0.276664	0.664923	0.252677	0.371313	1.310914
3.145000	0.530160	0.798295	3.161987	0.332567	0.211931	2.261545
3.146000	0.047105	0.316993	-0.272169	0.172787	0.251719	0.201404
3.147000	-0.074366	0.236777	-1.834629	0.332567	0.251719	1.944808
3.148000	0.126873	0.236777	-0.119113	0.572530	0.530925	3.053482
3.149000	0.570246	0.637418	3.787276	0.292768	0.371313	1.311571
3.150000	0.126873	0.316993	-0.584052	0.252970	0.291737	1.785693
3.151000	0.046701	0.357323	-0.426827	0.332567	0.451119	2.420407
3.152000	0.046701	0.276664	0.195177	0.332860	0.411331	2.737144
3.153000	0.247940	0.437097	1.133066	0.052806	0.171683	-0.433310
3.154000	0.409497	0.637418	2.071759	0.692219	0.570943	4.954508
3.155000	0.207450	0.476984	1.133951	0.172787	0.331296	0.517321
3.156000	-0.436758	-0.044204	-2.927892	0.332567	0.371313	2.103341
3.157000	0.167363	0.396768	0.664923	0.252970	0.371313	1.627979
3.158000	0.731399	0.838625	4.413369	0.332860	0.451119	2.260963
3.159000	-0.114452	0.156560	-1.676679	0.173080	0.131895	0.834150
3.160000	-0.033876	0.236777	-1.520339	0.212878	0.371313	0.992026
3.161000	0.247940	0.437097	1.288609	0.532439	0.331755	3.371130
3.162000	0.409093	0.516872	1.913817	0.132696	0.251719	-0.116573
3.163000	0.369007	0.517314	1.134756	0.692219	0.491137	4.796795
3.164000	0.288026	0.517314	1.445754	0.132696	0.171683	-0.115333
3.165000	-0.235115	-0.044204	-2.929582	0.332567	0.411331	3.211686
3.166000	0.288026	0.357323	1.445754	0.212878	0.251719	0.676437
3.167000	0.690908	0.878512	4.883999	0.252677	0.291737	1.153857
3.168000	0.006210	0.236777	-0.428509	0.332860	0.291737	2.261782
3.169000	-0.195029	0.036013	-3.085922	0.252677	0.291737	0.358789
3.170000	0.449987	0.597531	2.225701	0.612329	0.451119	3.847311
3.171000	0.530160	0.637418	3.476277	0.212878	0.251719	0.517321
3.172000	0.046701	0.357323	-0.583167	0.772109	0.650749	5.748337
3.173000	0.087191	0.437097	-0.272169	0.132988	0.131666	-0.591024
3.174000	0.087191	0.156560	-0.586539	0.452256	0.451119	2.578212
3.175000	0.207854	0.477427	0.821183	0.332567	0.450890	1.311571
3.176000	0.490074	0.718078	2.072564	0.172787	0.171683	0.359700
3.177000	0.167363	0.276664	0.195177	0.372659	0.371313	2.421226
3.178000	-0.436758	-0.164308	-4.176955	0.132988	0.131895	0.042052
3.179000	0.449583	0.597531	2.070157	0.732017	0.570943	5.431929
3.180000	0.690908	0.798295	4.257906	0.092897	0.131895	-0.273376
3.181000	0.046701	0.196447	-0.271284	0.732310	0.570943	5.431929
3.182000	-0.073962	0.196447	-1.521136	0.172787	0.131895	-0.274287
3.183000	0.207450	0.396768	1.290211	0.372659	0.411102	3.211686
3.184000	0.247940	0.437097	1.290299	0.292768	0.331296	1.470433
3.185000	0.247536	0.476984	0.198381	0.013007	0.091877	-1.068024
3.186000	0.207450	0.437097	0.352323	0.692219	0.570943	4.797123
3.187000	-0.154943	-0.044204	-1.836311	0.092897	0.131895	-0.275106
3.188000	0.409093	0.476984	1.602899	0.772109	0.610731	5.748666
3.189000	0.650418	0.798295	3.791453	0.132988	0.091877	-0.274195
3.190000	0.167363	0.316993	0.507697	0.772109	0.610731	5.748666
3.191000	-0.114452	0.156560	-2.148114	0.013300	0.092107	-1.541747
3.192000	0.409093	0.557201	2.693047	0.332567	0.371313	1.626831
3.193000	0.449179	0.557201	2.851786	0.372659	0.371313	2.578611
3.194000	0.046701	0.356438	-0.583167	-0.266462	-0.067735	-2.332935
3.195000	0.046701	0.316993	-0.431713	0.812200	0.730785	6.224357
3.196000	0.247940	0.276664	1.598730	0.092897	0.012071	-0.275106
3.197000	0.247940	0.437097	0.821271	0.892090	0.770573	6.382561
3.198000	0.288026	0.597531	0.665888	-0.067176	0.012301	-1.541165
3.199000	0.166959	0.436655	0.820466	0.772109	0.650749	6.224357
3.200000	-0.154943	-0.004317	-2.774039	-0.026792	0.052089	-1.065566
3.201000	0.328112	0.476984	1.133154	0.252970	0.291737	1.153038
3.202000	0.530160	0.677305	2.696251	0.532439	0.491367	3.211686
3.203000	-0.033876	0.196447	-1.677315	0.053098	-0.027717	-1.224428
3.204000	-0.195029	0.075900	-2.304294	0.812200	0.650749	5.587492
3.205000	0.529756	0.556759	3.630936	-0.186572	-0.067735	-2.335414
3.206000	0.207450	0.436655	0.822156	0.851999	0.770803	6.540274
3.207000	0.087191	0.476984	0.041316	0.013007	0.012301	-1.382632
3.208000	0.207450	0.396768	0.976726	0.732017	0.530925	4.479147
3.209000	0.086383	0.276664	0.507866	0.093190	0.052089	-0.274287
3.210000	0.247536	0.476984	1.445754	0.292768	0.211931	0.676437
3.211000	0.247940	0.516872	1.447356	0.532439	0.491137	3.054792
3.212000	-0.114452	0.156560	-1.835426	-0.106389	-0.027717	-1.226649
3.213000	-0.033876	0.236777	-0.584769	0.851999	0.810591	6.224357
3.214000	0.731399	0.838182	4.725252	-0.026792	-0.027717	-1.382632
3.215000	0.328921	0.476984	1.134756	0.812200	0.770573	5.748995
3.216000	0.087191	0.316993	-0.584044	0.053098	0.052089	-0.432491
3.217000	0.207854	0.396768	0.821351	0.572237	0.491137	3.211686
3.218000	0.409093	0.476984	2.225621	0.212878	0.171683	0.042871
3.219000	0.247940	0.476984	0.977611	0.173080	0.211931	0.517904
3.220000	0.247940	0.517314	0.976806	0.612036	0.610731	4.163558
3.221000	0.126873	0.196447	-0.583972	-0.106974	0.012071	-1.382961
3.222000	0.167363	0.115787	-0.272249	0.732310	0.650749	5.748995
3.223000	0.530160	0.637418	3.476277	0.013007	-0.067505	-1.224428
3.224000	0.207450	0.396768	0.508663	0.652127	0.610731	4.004205
3.225000	-0.114452	0.196890	-2.459837	0.132988	0.092107	-0.273376
3.226000	0.087191	0.316993	0.351598	0.532439	0.490908	2.738055
3.227000	0.489669	0.637418	3.632617	0.372659	0.491137	3.370219
3.228000	0.126873	0.276664	-0.114219	0.212878	0.211931	0.992026
3.229000	0.046701	0.316993	-0.426827	0.572237	0.530925	3.688196
3.230000	0.006615	0.157003	-1.054602	-0.226663	-0.067735	-2.017346
3.231000	0.207854	0.357323	1.133154	0.811907	0.810361	6.066152
3.232000	0.530160	0.718078	3.480366	-0.186572	-0.107523	-2.018677
3.233000	0.247940	0.477427	1.602899	0.572237	0.570714	3.052571
3.234000	-0.235115	0.036013	-2.927972	0.372659	0.331296	2.579193
3.235000	0.247940	0.396768	0.977611	0.452256	0.411102	2.894038
3.236000	0.690908	0.838625	4.883999	0.412164	0.411102	2.262203
3.237000	-0.033876	0.236777	-0.269762	0.252677	0.251719	1.627651
3.238000	-0.073962	0.116673	-1.364795	0.572237	0.530925	4.320360
3.239000	0.207854	0.277106	0.351518	-0.266754	-0.187329	-2.651661
3.240000	0.409497	0.517757	2.381961	0.731724	0.690537	4.797123
3.241000	0.449987	0.597531	2.228108	0.053098	-0.027717	-0.591352
3.242000	0.288026	0.517314	1.290211	0.612036	0.530925	3.052571
3.243000	-0.114452	0.075900	-1.523542	0.332567	0.371313	2.103341
3.244000	0.247940	0.437097	1.445754	0.532439	0.451119	3.053482
3.245000	0.610736	0.838625	3.944421	0.532439	0.491137	2.420407
3.246000	0.167363	0.477427	1.289414	0.212878	0.091877	0.200746
3.247000	-0.235923	0.116673	-2.928777	0.572237	0.570714	3.212015
3.248000	0.247940	0.437097	1.288609	0.052806	-0.027717	-0.432820
3.249000	0.570650	0.798295	4.257906	0.572237	0.610731	3.371459
3.250000	0.126873	0.357323	-0.583167	0.132988	0.131895	0.042542
3.251000	0.006615	0.277106	-0.427624	0.612036	0.570714	4.005354
3.252000	0.126873	0.316993	0.818864	0.292768	0.291737	1.787095
3.253000	0.247940	0.437097	0.665011	0.452256	0.411102	2.579851
3.254000	0.409093	0.718521	1.602899	0.452256	0.490908	3.053811
3.255000	0.328921	0.517314	1.758442	0.212878	0.131895	0.992845
3.256000	-0.436758	-0.204195	-3.551667	0.212586	0.331296	0.518233
3.257000	0.207854	0.316993	0.977611	0.132988	0.092107	0.517904
3.258000	0.610736	0.838625	4.883999	0.372659	0.530696	3.212015
3.259000	0.006615	0.156560	-0.895847	0.252677	0.171683	1.627651
3.260000	0.006615	0.196890	-0.895855	0.452256	0.451119	2.894038
3.261000	0.449583	0.517314	2.695366	0.412164	0.371084	2.262693
3.262000	0.207854	0.396768	1.289414	0.412164	0.371313	2.103341
3.263000	0.127681	0.437097	0.198461	0.372659	0.451119	2.104581
3.264000	0.328921	0.517314	1.602899	0.372659	0.331296	2.896259
3.265000	-0.114452	-0.003874	-1.367283	0.092897	0.131666	0.042052
3.266000	0.167363	0.357323	0.978328	0.412164	0.331296	3.369982
3.267000	0.530160	0.798295	3.636626	0.292768	0.331296	1.152035
3.268000	0.087191	0.317436	0.821271	0.452256	0.450890	3.211686
3.269000	-0.154538	0.116673	-1.679086	0.452256	0.451119	2.894367
3.270000	0.610736	0.758408	4.257021	0.452256	0.411102	2.737144
3.271000	0.369007	0.517757	2.071679	0.292768	0.331296	1.945045
3.272000	0.006615	0.277549	-0.583167	0.332567	0.410872	1.153038
3.273000	0.288834	0.477427	0.352323	0.572237	0.371313	3.529334
3.274000	0.207854	0.357323	1.601297	0.052806	0.131666	-0.908672
3.275000	0.207854	0.397653	0.664923	0.572237	0.490908	4.322344
3.276000	0.207854	0.557644	0.822953	0.252677	0.331296	0.676765
3.277000	0.087191	0.316993	0.352323	0.332567	0.251719	2.103341
3.278000	0.006615	0.157003	-1.052992	0.332567	0.371313	1.627979
3.279000	0.449583	0.718521	2.696251	0.412164	0.411102	1.945627
3.280000	0.328921	0.517757	1.602102	0.332567	0.331296	1.943897
3.281000	-0.073962	0.157003	-1.052107	0.212586	0.371313	0.358789
3.282000	-0.073962	0.237219	-1.364795	0.652127	0.530925	5.431929
3.283000	0.449583	0.597531	3.944509	0.212586	0.171683	0.360848
3.284000	0.328921	0.437097	1.448241	0.532439	0.371313	3.527604
3.285000	0.127681	0.316993	-0.269682	0.132696	0.171683	-0.115662
3.286000	0.167363	0.357323	0.979293	0.532439	0.411102	3.053482
3.287000	0.247940	0.276664	1.444957	0.292768	0.371313	2.421555
3.288000	0.490074	0.597531	3.010533	0.172787	0.251719	0.042052
3.289000	0.288026	0.517314	1.446559	0.612329	0.491137	3.847311
3.290000	-0.073962	0.156560	-0.895847	0.053098	0.091877	-0.275106
3.291000	-0.033472	0.156560	-0.584769	0.572530	0.491367	4.321433
3.292000	0.570246	0.718078	5.039542	0.092897	0.091877	-0.591024
3.293000	0.369007	0.517314	2.537592	0.652420	0.570943	5.113041
3.294000	-0.033876	0.196890	-0.737825	0.053098	0.131895	-0.749557
3.295000	3.438650	32.516318	142.108941	0.212878	0.451349	0.994759
3.296000	143.250046	58.895273	256.224466	0.138259	1.923743	0.996166
3.297000	6.404146	-7.469282	-13.941344	-0.578702	-4.653942	-1.857361
3.298000	55.624269	18.217680	78.386371	2.567438	3.207527	0.031012
3.299000	32.967168	12.844182	71.000368	-1.822414	-1.699053	9.716242
3.300000	99.820122	42.711796	215.051580	1.410058	-0.261855	4.459278
3.301000	158.212204	51.083647	311.498629	0.302138	3.207298	-8.340362
3.302000	174.538357	35.090788	266.938135	-0.740824	-4.089102	11.611933
3.303000	235.127369	44.516858	406.799810	1.898181	5.447376	-9.144094
3.304000	268.713531	41.529427	401.828821	-1.972824	-2.888338	3.384234
3.305000	331.296738	34.893933	541.296839	2.536716	2.180838	7.154008
3.306000	403.772194	54.829857	636.320102	-1.290100	-0.291542	-7.559385
3.307000	498.285156	38.982780	770.250443	1.144350	0.670951	18.265934
3.308000	653.448517	74.013975	1090.243738	0.432952	1.792368	-7.715577
3.309000	700.106812	50.364462	1401.866419	-0.162270	1.079853	0.852921
3.310000	741.857880	26.460133	1636.909241	2.593204	-0.276161	5.418480
3.311000	683.712753	-19.772350	1609.085943	-1.240932	-0.593779	-1.535990
3.312000	634.499115	-56.363165	1400.595047	1.553756	0.119426	11.446354
3.313000	539.747284	-50.126987	1139.431417	0.550591	-1.119060	4.322231
3.314000	432.912247	-32.514654	935.239173	-0.648051	2.068131	-2.640232
3.315000	297.120388	8.665934	911.024694	1.705922	1.670019	0.668898
3.316000	366.882118	134.295731	965.632446	-0.334054	-2.080406	-2.498472
3.317000	188.478630	61.926723	730.767460	0.580142	-2.593980	5.906408
3.318000	225.767365	121.687918	787.898003	3.210657	5.137335	6.093095
3.319000	110.813013	135.028351	677.168427	-4.557100	-6.643124	-2.805433
3.320000	116.991879	139.495102	781.812037	5.130946	6.968283	2.869026
3.321000	130.866053	187.933327	868.593304	-3.965683	-4.040360	-6.906673
3.322000	85.495163	147.405878	897.146269	2.183506	0.830334	12.053652
3.323000	138.103867	153.182333	1057.132496	1.307058	2.748204	2.755785
3.324000	122.644566	152.706320	1071.125307	-2.841660	-3.832465	-5.015347
3.325000	210.620766	145.302643	1300.989773	4.073951	5.190439	4.313036
3.326000	281.671631	167.930413	1548.316980	-3.910074	-3.295935	-12.134949
3.327000	386.028107	143.302200	1773.130411	3.447421	2.179618	16.343298
3.328000	454.307678	143.291027	1922.782755	-0.139140	-2.242846	1.953406
3.329000	460.890686	118.715401	1832.948078	-0.700419	-0.046457	1.954906
3.330000	412.398926	134.937885	1780.368891	4.052012	0.266339	10.654823
3.331000	362.208191	162.353189	1663.726457	-2.982116	-0.016541	-6.272059
3.332000	282.758331	170.278358	1627.061844	3.879350	1.692288	8.907532
3.333000	213.683655	180.360999	1606.474720	-1.113923	-1.027087	0.366044
3.334000	144.539867	166.662623	1576.614815	0.119248	1.163791	4.325639
3.335000	94.778626	161.679026	1629.692917	1.795182	-0.275931	5.581876
3.336000	75.867191	147.903490	1669.631905	-2.358221	0.322269	-4.538682
3.337000	88.012611	77.663177	1948.469513	3.032160	0.841353	3.520344
3.338000	55.612179	107.945230	2219.047470	2.224769	6.060499	-1.975800
3.339000	-84.276100	112.296681	1550.842163	-3.503597	-15.965280	1.634342
3.340000	-28.023182	75.978065	2003.370117	4.658047	13.249012	2.828040
3.341000	-20.685486	110.129419	1881.486107	-2.965448	-7.695827	22.721985
3.342000	-13.907753	52.697502	2114.386444	0.631946	0.717167	-7.576379
3.343000	18.902168	161.574974	2489.342194	1.803966	7.136848	-13.406568
3.344000	-29.283791	191.573860	2606.080597	1.734010	-13.771647	34.432735
3.345000	-297.019264	42.593197	2499.237411	2.616021	19.016930	1.871196
3.346000	-83.925304	154.431988	3251.197144	1.329875	-2.831102	-26.262166
3.347000	-313.104561	72.734375	3504.396271	-2.837561	-6.163599	-2.308757
3.348000	-398.594376	107.249557	3809.342072	3.064910	11.835993	-17.957796
3.349000	-555.827881	99.473091	4026.966187	-1.791985	-2.389915	53.573828
3.350000	-698.598694	97.739578	4232.421204	0.749585	1.869722	15.443224
3.351000	-742.557526	126.690781	4463.861755	-1.870411	2.482386	-56.956560
3.352000	-872.873505	149.056646	4595.199829	-0.441760	1.406726	23.469193
3.353000	-957.369568	234.917847	5282.280823	2.680685	5.218591	-13.294112
3.354000	-1106.716644	242.610802	5658.428162	-0.927248	-4.400677	4.664837
3.355000	-1338.187073	301.653587	6018.052612	2.016678	-4.097981	29.636481
3.356000	-1390.363159	414.634094	6316.654297	-3.260163	0.165558	-21.524285
3.357000	-1485.881226	445.281509	6427.153442	-0.239275	0.077947	13.807571
3.358000	-1488.554565	499.195709	6527.143555	-0.190399	-4.121397	2.571565
3.359000	-1520.683899	516.228012	6497.953735	-2.391035	2.020684	-8.822162
3.360000	-1520.556030	527.548798	6427.457642	2.589355	-2.168100	22.355423
3.361000	-1507.729431	525.116241	6250.043335	-3.793062	-1.411895	-6.000073
3.362000	-1465.220276	496.648590	6079.746216	1.318435	-0.011730	3.038118
3.363000	-1396.541809	466.012833	5937.249268	-0.237810	-1.684673	6.852612
3.364000	-1297.394135	433.380997	5740.503906	-2.026406	0.991011	-11.205260
3.365000	-1160.902435	385.082382	5586.087280	1.688041	-1.554059	16.818020
3.366000	-997.660217	343.836220	5419.336975	-2.856906	-0.388952	-3.295460
3.367000	-827.363159	286.380913	5195.889648	1.386634	0.020179	2.570546
3.368000	-665.557831	244.477486	4986.377136	-0.326170	-1.885065	8.431861
3.369000	-505.471809	211.470192	4751.723083	-0.676452	0.837064	-6.610850
3.370000	-374.910748	186.603371	4493.007874	1.685427	-0.790351	8.432557
3.371000	-242.867367	168.488978	4248.209473	-1.463055	-0.304398	-2.806728
3.372000	-132.488968	158.255789	4000.287720	1.098110	0.221343	0.512077
3.373000	-36.810654	146.790094	3757.029327	-0.335518	-0.650325	6.063463
3.374000	48.925568	137.238520	3551.579468	0.149385	0.551587	-3.283194
3.375000	117.879639	129.419812	3359.099609	0.869566	-0.162076	5.900343
3.376000	177.703915	124.575315	3177.395996	-0.683458	-0.117927	0.207992
3.377000	222.224716	123.210743	3029.922028	1.036666	0.643101	-1.064331
3.378000	243.880934	127.010612	2904.950378	0.079157	-0.670829	6.381737
3.379000	271.715529	130.410307	2771.669022	0.042579	0.726809	-3.119847
3.380000	287.230888	135.347852	2642.746109	0.720620	-0.268815	4.952703
3.381000	303.641479	140.760948	2523.034241	-0.156414	-0.227649	0.522605
3.382000	305.835381	147.371082	2405.199692	0.683456	0.691154	2.580687
3.383000	309.954620	155.558527	2317.531235	0.484463	-0.345407	3.689523
3.384000	313.786297	163.483165	2224.547989	0.046385	0.373307	-3.120079
3.385000	316.152267	166.967953	2129.214226	0.684920	0.334207	7.014085
3.386000	320.230133	171.247374	2046.850952	0.086769	0.174365	0.204957
3.387000	321.492279	172.157248	1975.739326	0.845286	0.813273	4.165305
3.388000	320.448502	173.156206	1907.443443	-0.193871	-0.184647	2.421572
3.389000	320.912544	173.223133	1849.302734	0.326440	0.653203	1.316197
3.390000	321.695267	172.534431	1799.128105	0.725011	0.333978	5.273559
3.391000	316.768394	171.956079	1748.634407	0.165488	0.173906	1.472671
3.392000	319.333084	172.066004	1715.487236	0.724718	0.811896	2.739220
3.393000	311.476273	170.643394	1684.217422	0.484170	-0.186255	2.581016
3.394000	309.739639	170.948761	1649.820644	0.564060	0.730712	4.485503
3.395000	304.341019	170.088991	1617.620754	0.562596	0.131363	2.738309
3.396000	303.136002	169.710531	1593.083374	0.402816	0.449899	5.752710
3.397000	296.300751	169.285084	1557.926517	0.482120	0.169545	0.996889
3.398000	292.037064	166.658777	1524.333138	0.241572	0.408503	2.894454
3.399000	289.032215	165.152403	1501.207817	0.361553	0.288450	2.266645
3.400000	285.212318	163.008720	1469.335392	0.520455	0.207496	1.944642
3.401000	283.889477	160.424957	1441.534283	0.480364	0.406896	5.432582
3.402000	284.021053	158.923893	1419.197983	0.479193	0.485784	1.154182
3.403000	281.687157	156.101696	1383.579231	0.918149	0.325483	7.967503
3.404000	283.019295	153.362366	1360.926573	-0.040532	0.404371	-1.696004
3.405000	285.156391	151.387978	1342.344994	0.957069	0.483948	6.383375
3.406000	285.714375	146.848417	1309.541315	-0.121593	-0.075613	-0.111969
3.407000	290.142437	144.957344	1288.136852	0.157876	0.682200	2.104156
3.408000	294.400860	140.463427	1267.357422	0.596539	0.123558	5.115823
3.409000	298.417961	137.493635	1242.985239	0.077400	0.322499	-1.854208
3.410000	302.470703	132.320311	1219.394531	0.955898	0.761547	8.759181
3.411000	307.166855	128.191578	1200.020151	-0.002783	-0.236373	-0.111478
3.412000	310.127968	122.739487	1172.984014	1.195861	0.960259	6.700441
3.413000	314.699005	117.690250	1151.729484	-0.283130	-0.117238	0.677160
3.414000	317.535828	112.481465	1132.041318	1.035203	0.840205	5.276340
3.415000	320.050743	105.467585	1106.414070	0.156412	0.041915	0.044413
3.416000	322.163582	99.736725	1083.756674	-0.044045	0.001897	1.313696
3.417000	324.879738	93.604337	1065.469118	0.914928	0.839746	5.117645
3.418000	326.468636	87.312408	1045.466714	0.035845	-0.237750	-0.748834
3.419000	325.362053	79.816339	1020.936836	0.594782	0.799499	5.908833
3.420000	322.926163	71.275672	1000.782686	0.035259	0.080556	-0.745373
3.421000	319.286484	63.573974	981.251844	1.193226	0.718316	7.176293
3.422000	315.002991	56.553448	960.158709	-0.365362	-0.000628	-2.013254
3.423000	309.594261	49.369833	940.635099	0.713007	0.477520	5.750791
3.424000	303.018593	41.825464	918.763705	0.352770	0.357007	0.043335
3.425000	296.201584	35.482574	894.392213	-0.207046	0.037324	0.044575
3.426000	290.193176	30.181177	880.961044	0.871030	0.515242	4.639874
3.427000	283.217056	25.200644	862.525060	0.150849	0.195329	-0.111080
3.428000	275.355385	19.056749	837.685809	1.109236	0.633459	7.967061
3.429000	268.219315	14.838501	819.563521	0.110172	0.193952	-1.380109
3.430000	262.129120	10.579037	805.030025	0.868688	0.791923	7.176600
3.431000	254.911255	6.842087	787.375392	0.228689	0.032962	-1.541375
3.432000	248.378494	2.825489	770.814225	0.268488	0.471551	3.850654
3.433000	240.919716	-1.072777	753.309363	0.507572	0.111850	1.311523
3.434000	234.224182	-4.847839	739.085954	0.427389	0.270773	1.311286
3.435000	228.577763	-7.621742	727.519169	0.506694	0.669574	5.592311
3.436000	222.365303	-10.875177	712.517520	0.386713	0.070225	-1.542032
3.437000	215.951984	-14.649796	697.980782	0.705980	0.987650	6.382351
3.438000	210.668362	-17.942673	681.729699	-0.093799	-0.130323	-0.905588
3.439000	206.109123	-20.713919	677.034950	0.825083	0.627260	4.321805
3.440000	202.194088	-23.645155	666.410743	0.025597	-0.011417	1.154629
3.441000	197.434830	-27.658213	651.566753	0.704223	0.546995	3.053596
3.442000	194.045357	-30.547792	643.283535	0.464553	0.466500	2.106171
3.443000	190.534012	-33.679350	636.093733	0.024719	-0.212425	0.041346
3.444000	188.314323	-37.330324	629.065455	0.783820	0.984666	4.640510
3.445000	185.329346	-39.939807	620.631919	-0.135647	-0.332478	-0.588522
3.446000	182.987377	-43.670114	613.444098	0.982813	0.864383	6.063953
3.447000	180.085419	-46.880118	606.884942	-0.095848	-0.013943	-1.540486
3.448000	178.831825	-49.567605	603.763300	0.582778	0.424876	4.164911
3.449000	177.177391	-52.536957	600.330493	0.502888	0.304822	1.628751
3.450000	174.757271	-56.306707	590.807243	0.262925	0.224787	2.737257
3.451000	173.060707	-59.635041	585.340615	0.582192	0.463975	2.738007
3.452000	171.889732	-62.082762	585.966722	0.023255	-0.015320	-0.113910
3.453000	169.346920	-65.049909	580.036929	0.821862	0.822758	6.064773
3.454000	167.126820	-68.098143	574.883967	-0.217001	-0.095585	-3.441587
3.455000	163.937382	-71.306382	569.573848	0.861368	0.942123	6.699250
3.456000	161.756161	-74.233628	564.573957	-0.017715	-0.135603	-1.225225
3.457000	159.010895	-76.318823	563.170482	0.541515	0.622440	2.737915
3.458000	156.181828	-79.246963	557.232597	0.581314	0.302986	4.164491
3.459000	153.153542	-81.892794	549.885490	0.461332	0.462368	2.737257
3.460000	149.598873	-84.618841	546.443852	0.461039	0.422580	2.421668
3.461000	147.292950	-86.342834	544.723626	0.101681	0.022861	-0.275084
3.462000	143.094891	-89.309087	538.159024	0.780307	0.701097	5.273984
3.463000	140.344368	-91.872484	532.999654	-0.298355	-0.097192	-2.807784
3.464000	136.709938	-94.317996	529.715538	0.819813	0.740427	4.956007
3.465000	134.118561	-96.479861	529.396693	-0.059563	0.102208	0.994926
3.466000	131.007675	-98.522961	526.426928	0.699831	0.660391	3.371971
3.467000	127.773705	-101.165245	523.301813	0.340180	0.340937	2.262225
3.468000	124.740154	-103.808859	519.859208	0.419777	0.460302	3.371152
3.469000	121.951580	-105.970730	520.481810	0.699538	0.500320	2.737915
3.470000	119.400684	-107.729305	521.573422	0.020327	-0.018534	0.518745
3.471000	116.328674	-110.171713	518.760367	0.699246	0.619685	3.371152
3.472000	113.297157	-112.291920	518.292914	0.140308	0.101060	0.519564
3.473000	110.304506	-114.372688	518.445146	0.539173	0.460073	3.371389
3.474000	107.555607	-116.012047	522.191966	0.219320	0.220195	0.676949
3.475000	104.723301	-118.050714	519.695789	0.379393	0.420055	3.371389
3.476000	101.369474	-119.890827	521.101864	0.458990	0.340019	2.420757
3.477000	98.778902	-121.768618	523.911789	0.419191	0.379807	2.420591
3.478000	95.464750	-123.005556	527.348504	0.419191	0.339790	3.211945
3.479000	92.592363	-124.201731	530.320611	0.339301	0.220195	0.677768
3.480000	88.391472	-125.719648	530.320817	0.219320	0.259984	0.996494
3.481000	85.035622	-127.235802	530.944856	0.059540	0.020795	-0.908817
3.482000	81.760757	-127.870897	536.724054	0.618477	0.618996	3.371880
3.483000	78.688337	-128.345552	543.290749	0.298917	0.179948	2.896281
3.484000	74.568026	-129.660942	541.884149	0.498789	0.419366	1.628330
3.485000	71.293962	-130.377140	544.386512	0.578386	0.419366	3.689037
3.486000	68.059992	-131.092001	549.227850	0.298917	0.259754	2.738077
3.487000	65.148323	-131.406231	553.913632	0.338716	0.458925	0.992705
3.488000	61.311440	-131.801113	554.856192	0.178936	0.020106	1.786534
3.489000	57.916317	-132.396322	557.040004	0.378514	0.458925	1.470524
3.490000	54.201307	-132.912638	558.916230	0.219027	0.179718	1.786534
3.491000	51.370216	-132.624573	565.480417	0.458697	0.458925	2.737166
3.492000	48.420080	-132.499599	568.603896	0.338716	0.339330	1.944248
3.493000	44.745159	-133.014585	570.480188	0.338716	0.259524	2.738077
3.494000	41.553293	-133.008831	569.229945	0.578386	0.538731	3.847241
3.495000	38.766737	-132.683539	576.573409	0.218734	0.179718	1.313722
3.496000	36.583086	-131.715180	585.011871	0.258533	0.259524	0.835811
3.497000	31.908843	-130.992783	581.577267	0.458697	0.339560	2.737419
3.498000	20.091584	-124.435815	584.388834	0.298331	0.179259	1.153787
3.499000	10.633750	-122.039049	587.516080	0.258240	0.218818	2.578633
3.500000	1.299812	-118.922102	589.555530	0.457819	0.417759	2.896610
3.501000	-3.046065	-116.038726	591.904873	0.097875	0.218129	1.153459
3.502000	-7.398812	-114.594817	592.061860	0.217270	0.377282	1.311992
3.503000	-10.941753	-113.033023	589.879865	0.377050	0.377282	1.945978
3.504000	-14.042532	-109.986554	597.067113	0.537123	0.457088	3.688288
3.505000	-17.181378	-106.861642	602.539254	0.097289	0.137634	-0.750538
3.506000	-21.528062	-105.140737	598.166933	0.537123	0.457088	4.323185
3.507000	-25.272645	-102.976655	598.792330	0.137380	0.177652	0.201495
3.508000	-28.050310	-100.613133	604.728273	0.137380	0.177652	0.516594
3.509000	-30.585035	-98.088300	608.010980	0.456940	0.376823	2.103600
3.510000	-33.242846	-96.044320	607.230236	0.257069	0.297017	2.577722
3.511000	-35.857742	-93.841231	608.322862	0.536830	0.376823	3.688617
3.512000	-38.232526	-92.158447	606.289783	0.136795	0.177193	0.042472
3.513000	-39.438747	-89.353514	611.602951	0.696318	0.496647	5.272906
3.514000	-40.644162	-86.909332	613.788921	0.057198	0.097157	-0.749136
3.515000	-42.454909	-85.266885	610.351566	0.656519	0.496647	4.797965
3.516000	-43.942947	-83.504321	607.381395	0.056905	0.216981	-0.116643
3.517000	-44.141761	-80.819941	612.846178	0.656226	0.416611	3.687797
3.518000	-44.824033	-78.375316	615.191799	0.296868	0.216981	1.153787
3.519000	-46.070341	-76.572873	610.658451	0.176886	0.216981	0.042143
3.520000	-46.550162	-74.289567	610.813206	0.616428	0.416611	3.530084
3.521000	-46.992323	-72.365691	610.651968	0.017106	0.136946	-0.592334
3.522000	-46.706465	-69.562088	612.685633	0.696318	0.616012	5.431439
3.523000	-46.381735	-66.996473	613.778452	0.096996	0.097157	-0.590603
3.524000	-46.380523	-65.233916	611.741352	0.816006	0.815642	6.697589
3.525000	-46.215730	-63.150937	608.148569	0.017106	-0.102243	-1.066294
3.526000	-44.966187	-60.385003	612.831621	0.536830	0.536435	3.053083
3.527000	-43.674540	-57.900492	614.079744	0.377050	0.296787	1.470524
3.528000	-43.149378	-56.177378	609.076725	-0.142674	0.137175	-1.067113
3.529000	-41.537848	-54.253502	605.322493	0.616428	0.376823	3.846001
3.530000	-38.675967	-51.328022	608.596231	0.097289	0.177193	-0.115242
3.531000	-36.421038	-48.802744	606.717819	0.736409	0.696047	6.539875
3.532000	-34.325645	-46.398006	601.403727	-0.062491	0.017811	-1.381462
3.533000	-32.391810	-44.234360	599.521915	0.736409	0.616471	5.590063
3.534000	-30.539360	-42.271040	594.513755	-0.022400	0.057599	-1.542475
3.535000	-28.000998	-39.545879	593.886697	0.296868	0.217211	2.420100
3.536000	-25.463848	-37.021042	592.319818	0.337252	0.257229	0.836301
3.537000	-23.409351	-35.459692	586.062624	0.057198	-0.021978	-0.591423
3.538000	-21.516410	-33.897013	578.244764	0.736702	0.616700	5.748596
3.539000	-18.254477	-31.773258	579.327288	0.177472	-0.021748	-0.749136
3.540000	-15.676432	-30.250910	576.981511	0.617013	0.576912	4.956007
3.541000	-13.943431	-29.049871	568.539919	0.017692	0.058058	-0.749136
3.542000	-11.686076	-27.528849	564.625104	0.736702	0.536894	4.955678
3.543000	-9.307655	-25.968380	565.554668	-0.062198	0.058058	-0.749718
3.544000	-7.049088	-24.527580	561.020498	0.257069	0.217670	2.102123
3.545000	-4.709946	-23.447086	556.485369	0.497325	0.457318	3.371880
3.546000	-2.371611	-22.526583	555.384476	-0.062198	0.058058	-1.067604
3.547000	-0.474223	-21.968164	549.284674	0.816885	0.616930	5.748596
3.548000	2.429765	-20.567692	551.465764	-0.061906	0.018270	-1.224827
3.549000	4.890783	-19.768179	551.305362	0.856976	0.816560	6.540204
3.550000	6.546845	-19.771278	544.113812	-0.061906	-0.021519	-0.908580
3.551000	8.725239	-19.212416	541.764009	0.697489	0.657177	5.272087
3.552000	11.468477	-18.373901	544.880615	0.058076	0.098764	-0.272626
3.553000	13.043560	-18.296343	538.941122	0.138259	0.218359	0.042143
3.554000	14.939735	-18.098236	534.559153	0.537709	0.537353	4.640580
3.555000	16.755737	-17.781353	532.518694	-0.061320	-0.140654	-1.700096
3.556000	18.328798	-17.904999	527.976891	0.817470	0.737442	6.222227
3.557000	20.305549	-17.346581	527.033942	-0.301283	-0.260248	-2.649580
3.558000	21.797225	-17.189692	522.805810	1.097232	0.977090	7.016056
3.559000	22.644289	-17.794640	514.825765	-0.101411	-0.060389	-1.066784
3.560000	23.853744	-17.918285	509.818402	0.377929	0.458236	2.895790
3.561000	25.828070	-17.359867	511.054674	0.298331	0.178800	0.994015
3.562000	26.593346	-17.603170	505.110040	0.218441	0.258606	0.994926
3.563000	27.156976	-18.127459	497.443583	0.537709	0.538042	3.687797
3.564000	27.720608	-18.010456	491.961418	-0.021521	-0.060848	-1.384012
3.565000	29.009022	-17.973669	490.698919	0.817470	0.777460	6.381671
3.566000	29.813979	-17.856222	486.158813	-0.301283	-0.140424	-2.809024
3.567000	30.175967	-18.340620	478.024124	0.737580	0.577830	4.797965
3.568000	30.457378	-18.624258	472.230039	0.098460	0.138782	-0.273774
3.569000	31.019797	-19.108660	466.435271	0.497617	0.378200	4.005445
3.570000	32.348703	-18.509912	466.892506	0.258240	0.298394	1.945978
3.571000	32.670200	-18.713774	461.099225	0.377929	0.218588	1.468557
3.572000	32.669392	-19.558487	452.650307	0.537416	0.617848	4.480225
3.573000	33.111957	-19.601473	447.791916	-0.261191	-0.180442	-2.967557
3.574000	34.359478	-19.564243	448.401383	0.737580	0.737213	4.479405
3.575000	34.640891	-19.647560	443.234474	-0.300990	-0.220460	-1.858554
3.576000	34.842127	-20.131960	436.971460	0.577507	0.537353	4.004955
3.577000	35.123133	-20.576033	431.329823	0.258240	0.178800	0.837212
3.578000	35.767748	-20.619902	428.500361	0.417727	0.378200	3.212527
3.579000	36.532213	-20.342464	426.141666	0.417727	0.298394	1.945067
3.580000	36.773540	-20.826866	419.565250	0.218149	0.178800	0.994926
3.581000	36.974777	-21.271820	411.891291	0.537709	0.537812	3.370478
3.582000	37.296276	-21.475683	407.028882	-0.101411	-0.180442	-0.907340
3.583000	38.503708	-20.918152	406.855128	0.737580	0.697425	4.639760
3.584000	38.824804	-21.122900	400.277113	-0.021521	-0.100636	-0.907669
3.585000	38.864080	-21.607746	391.510536	0.457819	0.378200	3.529103
3.586000	39.145086	-21.892711	384.772169	0.457819	0.378200	2.578633
3.587000	40.150073	-21.656044	383.815093	0.377929	0.298394	2.577393
3.588000	40.429866	-21.940566	377.082242	0.377929	0.417989	2.580201
3.589000	40.790641	-22.425410	369.720092	0.178350	0.218588	0.994926
3.590000	41.029945	-22.629272	364.388476	0.497617	0.577830	3.529593
3.591000	41.510978	-23.234663	357.496981	-0.101411	-0.180442	-1.699439
3.592000	42.314318	-23.278093	355.137056	0.497617	0.457777	3.054323
3.593000	42.713965	-23.762494	349.026297	0.258240	0.218359	0.994926
3.594000	42.631371	-24.848300	338.852806	0.417727	0.377971	3.054323
3.595000	43.071912	-25.292814	334.457561	0.417727	0.338183	2.578633
3.596000	44.238049	-25.336244	334.127450	0.337837	0.338183	2.102942
3.597000	44.074065	-26.060851	325.362730	0.577507	0.457777	3.529593
3.598000	44.595592	-26.584695	320.345316	0.178350	0.138553	0.836630
3.599000	45.076626	-27.389965	315.950253	0.417727	0.617389	1.628330
3.600000	45.356419	-27.873480	310.620495	0.098460	0.019188	0.676949
3.601000	46.482873	-27.956796	307.945830	0.417727	0.498024	2.261313
3.602000	46.761453	-28.599860	304.175341	0.258240	0.059206	1.469797
3.603000	46.719750	-29.445013	295.873958	0.497910	0.458236	3.687797
3.604000	47.280554	-29.447670	295.074203	0.418020	0.338412	2.578633
3.605000	48.084295	-29.328454	294.588094	0.298331	0.298624	1.628330
3.606000	47.960805	-30.052617	286.287699	0.497910	0.538272	2.736346
3.607000	48.482735	-30.615908	281.268229	0.298331	0.179259	2.261475
3.608000	49.367459	-30.978433	279.998159	0.178643	0.338871	0.520222
3.609000	50.332355	-31.581607	277.636285	0.298624	0.139471	1.468557
3.610000	51.216269	-31.984023	273.090827	0.618184	0.538501	3.689037
3.611000	52.181572	-32.466650	271.040102	0.099046	0.179718	0.202827
3.612000	52.905142	-33.189931	265.083627	0.458697	0.379348	2.103692
3.613000	54.111769	-33.912768	264.445371	0.259119	0.299542	2.420919
3.614000	55.520445	-34.074087	263.962713	0.458990	0.299542	1.945067
3.615000	56.688198	-35.078350	259.572003	0.178936	0.219736	0.519074
3.616000	57.855947	-35.880960	254.244192	0.538880	0.379578	4.320872
3.617000	59.830275	-36.203599	256.418895	0.259119	0.219966	0.042472
3.618000	61.724430	-36.726113	256.718760	0.379100	0.260213	2.579544
3.619000	62.813221	-37.729933	250.615190	0.459283	0.379807	2.103600
3.620000	64.507349	-38.292781	249.197852	0.339594	0.300231	1.628330
3.621000	66.523781	-39.016058	250.121262	0.379393	0.220654	1.786534
3.622000	68.459639	-39.538576	250.112553	0.299503	0.300231	0.834172
3.623000	70.557457	-40.020764	249.638250	0.539466	0.340708	3.370241
3.624000	72.494932	-40.744484	248.846224	0.219905	0.140848	0.203156
3.625000	73.989031	-41.668088	245.245574	0.659740	0.540338	4.798056
3.626000	76.369476	-41.268772	249.923198	-0.059856	0.101060	-1.224568
3.627000	78.025940	-41.109670	252.573668	0.539466	0.500320	4.164491
3.628000	78.472143	-41.593184	247.879431	0.140308	0.221113	0.678518
3.629000	79.080713	-40.833560	247.403453	0.380271	0.420743	2.104020
3.630000	79.364954	-39.272209	254.110693	0.380271	0.301149	2.737823
3.631000	78.357948	-38.311818	254.413779	0.300088	0.341167	0.837633
3.632000	76.545988	-37.350989	250.187591	0.660033	0.420973	4.006777
3.633000	75.176592	-35.989956	250.487360	0.140601	0.221343	-0.116223
3.634000	73.565062	-34.989240	249.537303	0.779721	0.700409	6.064605
3.635000	72.558867	-33.227566	251.403556	0.100510	0.181555	-0.431650
3.636000	71.551861	-31.865651	252.643719	0.619941	0.501009	3.528866
3.637000	70.022120	-31.226573	250.916266	0.140601	0.261361	0.519074
3.638000	68.855988	-30.665942	247.159036	0.460454	0.341167	1.628422
3.639000	68.815901	-28.983157	255.432129	0.420655	0.381185	2.580201
3.640000	68.617086	-28.302422	258.241967	0.100510	0.261590	0.519074
3.641000	67.369564	-28.663618	253.552779	0.700124	0.541256	5.115122
3.642000	67.855852	-28.823610	255.115597	0.180692	0.221573	0.519074
3.643000	68.623957	-28.623732	262.615210	0.780014	0.541256	5.748526
3.644000	69.031286	-28.783723	263.402017	0.140601	0.221802	-0.115732
3.645000	69.598150	-29.625335	265.909290	0.620234	0.541256	4.639760
3.646000	70.772371	-30.466505	269.353492	0.220784	0.261590	0.996823
3.647000	71.261086	-31.949410	268.583752	0.061004	0.022402	-1.066601
3.648000	73.039429	-31.948967	277.345360	0.660325	0.621062	5.115451
3.649000	74.617743	-32.990460	284.077254	0.061004	0.062420	-1.065781
3.650000	76.196867	-35.674404	283.627665	0.740215	0.621291	5.115122
3.651000	78.260660	-38.157585	290.058581	0.180985	0.142455	0.519985
3.652000	82.824753	-41.041404	303.835016	0.900288	0.741345	6.224378
3.653000	86.100025	-45.007051	310.590354	-0.058685	0.022861	-1.382772
3.654000	90.464500	-49.492109	320.005495	0.500838	0.461909	3.053175
3.655000	95.113207	-54.899443	331.453038	0.381149	0.262738	1.787774
3.656000	99.880560	-60.425550	341.965954	-0.098191	-0.136292	-1.859282
3.657000	105.738726	-65.390583	357.797889	0.860782	0.702016	6.224378
3.658000	112.039457	-71.436996	371.289992	-0.018008	0.103356	-0.272114
3.659000	116.929495	-78.364466	381.498399	0.940965	0.782051	6.540625
3.660000	122.948408	-85.051727	393.897054	-0.017715	-0.055797	-0.908160
3.661000	130.257355	-91.977871	415.371429	0.781478	0.702705	6.065684
3.662000	136.475891	-100.546461	428.247477	0.022669	-0.055338	-1.382443
3.663000	142.978264	-108.834515	443.471470	0.342522	0.343922	2.420941
3.664000	149.279400	-117.000692	460.570583	0.422705	0.344381	2.420849
3.665000	156.183846	-124.967438	479.549662	0.142943	0.144751	-0.114400
3.666000	162.928757	-133.052078	498.848896	0.902338	0.783659	6.857783
3.667000	169.431541	-140.414764	517.990191	-0.176324	-0.174244	-2.333732
3.668000	173.111713	-146.336643	535.718035	0.902631	0.784118	6.541374
3.669000	169.847355	-145.883713	555.308962	0.023548	-0.014172	-1.382680
3.670000	143.547890	-126.664473	571.104604	0.861953	0.624047	4.956190
3.671000	113.912455	-117.824673	573.129581	0.142650	-0.055568	0.519402
3.672000	81.906273	-99.924354	576.709443	0.461332	0.582422	2.894971
3.673000	63.904164	-89.891492	582.795630	0.500838	0.421662	3.687398
3.674000	47.640312	-80.500360	592.645204	0.020912	0.062420	-1.225225
3.675000	30.968727	-71.622447	600.942608	0.819813	0.780215	5.907059
3.676000	12.442671	-63.385830	610.491982	-0.059563	-0.058322	-1.857061
3.677000	-4.633006	-57.070429	624.737127	0.818934	0.619914	5.433099
3.678000	-17.754780	-51.517754	641.017598	-0.020057	0.020795	-0.431650
3.679000	-28.694520	-48.572346	656.216370	0.698660	0.659014	4.955678
3.680000	-37.698402	-45.946926	672.819723	0.139137	0.100142	-0.116061
3.681000	-48.392776	-43.482380	684.424797	0.338716	0.339330	1.787445
3.682000	-57.063034	-38.848434	716.361459	0.618184	0.458925	3.846751
3.683000	-61.096710	-32.807819	772.624575	0.058661	-0.020371	-0.591423
3.684000	-64.199104	-17.152241	821.855581	0.777379	1.295855	5.591632
3.685000	-91.076752	-18.826172	816.275805	-0.220807	-1.218379	-2.806970
3.686000	-115.467037	16.702785	883.805969	1.055091	1.653490	4.956007
3.687000	-131.413502	20.190666	903.112316	-0.382930	-0.980569	1.466810
3.688000	-125.044727	33.175133	951.982876	0.415385	0.734917	2.733376
3.689000	-118.790218	44.928898	1011.322186	0.416849	0.774246	1.313722
3.690000	-121.649673	58.587902	1059.875221	0.255312	-0.462403	3.529259
3.691000	-120.193634	73.774578	1145.160988	0.575458	1.132800	0.203808
3.692000	-127.451172	84.946419	1206.851318	-0.064541	-0.463551	0.200094
3.693000	-135.695843	90.110846	1271.189873	1.012657	0.772639	7.804770
3.694000	-144.001289	92.529312	1306.436447	-0.424778	-0.345564	-2.969142
3.695000	-151.192802	92.504473	1339.626564	0.652420	0.532073	5.589643
3.696000	-156.719772	99.049898	1368.422752	0.053391	-0.106834	-0.590441
3.697000	-165.637421	100.698555	1368.919899	0.253263	0.411331	1.787095
3.698000	-173.586937	105.832876	1377.991501	0.691926	0.211931	4.796051
3.699000	-180.889015	109.036243	1372.046913	0.092604	0.251260	1.150558
3.700000	-185.611427	109.912418	1365.162514	0.611450	0.490448	4.794482
3.701000	-186.979607	111.469353	1353.900543	-0.346937	-0.387648	-1.385510
3.702000	-185.363228	108.854553	1334.200264	0.651249	0.849231	4.005025
3.703000	-181.201210	104.595972	1311.376976	-0.107560	-0.347630	-0.750468
3.704000	-172.764999	100.175190	1294.640396	0.331982	0.530466	2.735834
3.705000	-161.380272	94.391605	1278.385254	0.372073	0.131666	1.469446
3.706000	-149.750175	87.243450	1251.818710	0.292476	0.211931	3.527933
3.707000	-136.547020	80.374945	1228.844254	0.372659	0.491367	2.103341
3.708000	-123.061245	74.469040	1213.368393	0.213171	0.013219	1.308272
3.709000	-110.303078	68.924335	1191.174675	0.253263	0.492285	2.263933
3.710000	-99.359699	62.978542	1168.824799	0.014178	-0.106146	-0.749557
3.711000	-88.862926	57.234402	1148.029846	0.493518	0.532532	4.321271
3.712000	-81.030029	50.649532	1121.767616	-0.025620	-0.105457	-1.541165
3.713000	-73.120602	45.188587	1105.974052	0.653884	0.453415	4.478985
3.714000	-67.027576	39.769306	1087.522255	0.214635	0.214226	1.628562
3.715000	-63.314993	33.548729	1062.820877	0.334617	0.294032	2.418768
3.716000	-60.047806	27.449150	1039.369202	0.294818	0.334050	2.895278
3.717000	-56.781830	23.114338	1027.009064	0.295111	0.214686	1.470358
3.718000	-54.484388	18.820305	1011.840935	0.334909	0.414315	2.893548
3.719000	-53.556748	14.044960	991.205730	0.175129	0.055303	0.520383
3.720000	-52.711302	9.872795	975.570213	0.454891	0.454333	2.262203
3.721000	-51.180350	5.779533	962.747112	0.175422	0.095321	1.469446
3.722000	-49.408072	2.370090	952.430973	0.455184	0.414775	2.894130
3.723000	-46.747835	-1.039349	942.116581	0.335495	0.215145	1.786604
3.724000	-44.329731	-4.729324	931.019695	0.415385	0.335198	2.894130
3.725000	-41.548425	-8.499077	918.207535	0.415385	0.495040	3.211196
3.726000	-37.717607	-11.186123	915.396801	0.335495	0.175586	2.260564
3.727000	-34.007452	-14.113811	910.555523	0.135916	0.335198	0.994834
3.728000	-30.939887	-17.643360	899.625919	0.216392	0.136257	2.261146
3.729000	-27.509120	-20.812592	891.348190	0.256191	0.255622	1.153367
3.730000	-22.829215	-23.180096	890.414963	0.216392	0.256310	1.152219
3.731000	-18.631962	-25.426613	885.891384	0.456062	0.415693	3.370640
3.732000	-14.473177	-27.954105	880.433310	0.415971	0.336346	2.103600
3.733000	-10.437078	-30.682362	877.468826	0.296575	0.216752	2.260564
3.734000	-6.601006	-33.572380	871.222567	0.536245	0.495958	3.212436
3.735000	-2.766144	-36.140213	869.982548	0.496739	0.336576	2.737656
3.736000	1.391832	-38.829468	868.271231	0.017106	0.097157	-1.065216
3.737000	4.380033	-42.641762	862.651932	0.496739	0.297017	3.053245
3.738000	7.247169	-45.369579	855.627235	0.336666	0.376593	1.628729
3.739000	10.920067	-47.016018	857.503922	0.216978	0.137634	0.835972
3.740000	13.745096	-48.820671	855.952175	0.257069	0.297246	1.311992
3.741000	15.925915	-50.586330	847.987247	0.497032	0.377282	3.370640
3.742000	18.510021	-51.590595	847.366873	0.377343	0.257917	1.628729
3.743000	20.891275	-52.153439	848.306385	0.177472	0.217670	0.042143
3.744000	22.709700	-52.395416	845.812656	0.577215	0.497336	4.640251
3.745000	24.445530	-52.115768	844.410738	0.177472	0.217670	0.041561
3.746000	25.981336	-52.238525	843.787880	0.417435	0.258147	3.212689
3.747000	26.992786	-52.680820	840.039524	0.377343	0.337723	1.311081
3.748000	28.688128	-52.160522	843.011143	0.337545	0.297935	2.419189
3.749000	29.778940	-52.162289	844.265934	0.097875	0.218129	0.678097
3.750000	30.022689	-53.045563	838.330620	0.377636	0.297935	1.153130
3.751000	30.670133	-53.487862	836.614223	0.297746	0.218129	1.628729
3.752000	32.042358	-53.288429	842.083004	0.097875	0.258147	0.677606
3.753000	32.568326	-53.610626	838.963160	0.617306	0.457777	5.272906
3.754000	33.054615	-53.852604	835.683517	0.177472	0.178341	0.519893
3.755000	33.661161	-53.492737	835.996979	0.617306	0.417759	5.114373
3.756000	34.025576	-53.535278	833.961521	0.178057	0.218129	0.519893
3.757000	35.035007	-52.935642	834.743763	0.377636	0.258147	1.152219
3.758000	35.560975	-52.576664	833.807426	0.337545	0.337953	2.261222
3.759000	35.764235	-52.659088	828.961185	0.097875	0.178341	0.042143
3.760000	36.007581	-52.781410	826.144975	0.617306	0.457777	4.161429
3.761000	37.460789	-51.942013	830.203352	0.058076	0.178341	-0.274686
3.762000	37.986354	-52.305866	826.453157	0.617306	0.537353	5.748267
3.763000	38.351578	-52.989700	820.358222	0.017985	0.058517	-0.590603
3.764000	39.523373	-53.152794	818.633539	0.537123	0.417759	3.847241
3.765000	41.176605	-53.276436	820.188358	0.178057	0.218129	0.041561
3.766000	42.227331	-53.599518	817.533257	0.257655	0.258147	1.628001
3.767000	43.398724	-54.164135	812.060160	0.497617	0.377741	3.211945
3.768000	44.368875	-54.689310	808.925473	-0.021814	0.098305	-1.067113
3.769000	45.539457	-55.254814	803.918788	0.737287	0.657177	5.906800
3.770000	47.395143	-54.896715	805.943338	0.017985	0.058517	-0.907669
3.771000	48.484742	-55.342115	800.934323	0.816885	0.657407	5.908531
3.772000	49.090886	-56.107939	794.206643	0.058076	0.018499	-1.066784
3.773000	49.978439	-56.472673	789.509192	0.697489	0.537812	5.430619
3.774000	51.590372	-56.195684	790.431279	0.017985	-0.021289	-0.906521
3.775000	51.993659	-56.600750	784.170785	0.178057	0.178341	-0.434038
3.776000	52.074235	-57.206141	776.346168	0.577507	0.537353	4.798784
3.777000	52.354838	-57.610767	770.393216	-0.141796	-0.061307	-2.014866
3.778000	52.837492	-57.695410	767.093004	0.617013	0.697195	5.432350
3.779000	53.197860	-57.499073	763.486472	0.058076	0.018499	-0.275014
3.780000	53.034283	-57.663940	756.437667	0.896775	0.776771	6.539875
3.781000	52.347161	-58.149672	747.824890	-0.141796	-0.101325	-2.649580
3.782000	51.941851	-58.394302	739.991914	0.657105	0.577141	4.323185
3.783000	52.341096	-57.517229	738.879104	0.017985	0.138094	0.042801
3.784000	51.975875	-57.441881	732.453010	0.017692	0.098076	-0.591423
3.785000	51.167282	-57.887726	720.089257	0.736702	0.656718	5.748596
3.786000	50.882637	-57.852709	713.034667	-0.022400	0.058058	-0.750867
3.787000	51.242199	-57.257065	711.762230	0.856683	0.656718	5.748596
3.788000	50.997640	-56.981390	703.147746	-0.062198	-0.021748	-1.066784
3.789000	50.471265	-57.147587	693.281765	0.816299	0.856118	6.699648
3.790000	50.025063	-57.354105	684.816874	-0.142088	-0.061766	-1.857244
3.791000	49.820590	-57.239758	676.668670	0.536830	0.536665	3.844853
3.792000	50.099170	-56.524002	672.111108	0.217270	0.177652	0.201495
3.793000	49.571989	-56.489872	663.491469	0.216978	0.257229	0.835482
3.794000	48.439877	-56.977369	650.806787	0.656519	0.616471	4.479896
3.795000	47.872203	-56.783693	642.183022	0.017106	0.017811	-1.224498
3.796000	47.908247	-55.867620	638.871883	0.816006	0.775853	5.907129
3.797000	46.977775	-55.874263	626.971950	-0.222564	-0.102243	-1.857902
3.798000	46.167968	-55.600369	618.191163	0.696318	0.535976	4.797965
3.799000	45.398654	-55.286583	608.628816	0.096996	0.017581	-0.273866
3.800000	44.749999	-54.811920	601.098435	0.456648	0.336576	2.895370
3.801000	44.102152	-54.016843	594.509456	0.296575	0.296558	1.785623
3.802000	43.292346	-53.621953	585.573210	0.096703	0.056910	-0.273284
3.803000	42.039165	-53.869245	573.357276	0.696025	0.615552	4.480225
3.804000	41.229358	-53.354259	566.767546	-0.222857	-0.182508	-2.491468
3.805000	40.863328	-52.197529	562.677958	0.775915	0.655111	5.589971
3.806000	39.570468	-52.003409	552.183337	-0.143260	-0.142949	-2.332935
3.807000	38.518122	-51.768513	542.938546	0.695732	0.615323	4.479077
3.808000	37.466992	-51.012431	536.036899	0.176301	0.096469	0.517413
3.809000	36.374962	-50.136244	531.166762	0.335788	0.335887	2.261475
3.810000	35.080890	-49.419163	523.488373	0.415678	0.455481	2.895278
3.811000	33.585979	-48.662194	516.434549	0.176301	0.096239	0.042963
3.812000	31.848127	-48.186206	508.752901	0.615256	0.574846	4.480225
3.813000	30.473882	-47.188146	504.666852	-0.223735	-0.223444	-3.285626
3.814000	29.099230	-45.869217	500.584012	0.974908	0.814034	6.223866
3.815000	27.039479	-45.031146	493.063593	-0.104047	-0.143868	-1.382632
3.816000	24.859062	-44.353065	485.387140	0.495275	0.534369	2.895278
3.817000	23.364557	-42.551507	486.464791	0.135331	0.255163	1.152381
3.818000	21.787454	-40.669730	486.290743	0.415092	0.294721	3.054722
3.819000	19.243837	-38.788397	479.088953	0.415092	0.454333	2.577630
3.820000	16.819673	-35.702485	478.133523	0.215221	0.055303	0.358880
3.821000	14.397122	-33.419622	474.676041	0.734360	0.733081	5.113370
3.822000	12.741868	-30.735678	475.599641	-0.344302	-0.304398	-3.918701
3.823000	11.126701	-28.371716	474.185192	0.734067	0.653504	4.479896
3.824000	9.311102	-26.289177	472.141335	0.015057	-0.145015	-0.591843
3.825000	7.413311	-24.166307	469.627719	0.574287	0.453415	3.529173
3.826000	6.283624	-22.003109	471.648989	0.294525	0.254015	2.262785
3.827000	6.040276	-18.716873	475.388422	0.533902	0.413627	3.528844
3.828000	4.667647	-16.392355	471.944996	0.374122	0.373379	2.895278
3.829000	3.095395	-13.707525	471.313028	0.094654	0.014137	0.042542
3.830000	2.368186	-11.143244	474.269861	0.573701	0.612568	3.847149
3.831000	1.803342	-8.137989	479.418695	-0.145309	-0.185492	-1.700609
3.832000	0.270772	-5.813913	477.384052	0.573701	0.572550	3.528844
3.833000	-0.777531	-3.088310	478.782579	0.054270	0.053696	-0.433639
3.834000	-1.665085	-0.363152	481.744488	0.533610	0.532532	3.527933
3.835000	-2.673302	2.321236	485.020599	0.413628	0.372920	2.261545
3.836000	-3.641028	5.127056	488.610254	0.333738	0.372691	2.103341
3.837000	-5.052531	7.169710	488.917150	0.373537	0.292655	2.261222
3.838000	-6.745446	9.052813	487.194307	0.333738	0.133273	1.627979
3.839000	-7.391270	11.457102	493.280064	0.373244	0.452497	1.945137
3.840000	-8.077586	13.981941	498.588371	-0.025913	-0.066357	-0.274195
3.841000	-10.053124	15.143097	494.053373	0.493225	0.531844	3.527933
3.842000	-11.303071	16.825436	494.202223	0.213464	0.172831	0.994505
3.843000	-12.191029	18.347342	497.788614	0.373537	0.332214	2.418768
3.844000	-13.038092	19.828918	499.659409	0.373244	0.332214	2.103341
3.845000	-14.167377	21.110619	499.966232	0.253263	0.212390	1.785693
3.846000	-15.135507	22.312098	500.896061	0.453134	0.372002	2.738384
3.847000	-16.707354	22.631194	496.984591	0.253263	0.212390	2.104980
3.848000	-17.111449	23.791903	500.570820	0.173373	0.251949	0.676765
3.849000	-17.353987	24.672520	503.847799	0.132988	0.092566	1.310914
3.850000	-18.844854	24.630419	498.685055	0.452841	0.451349	2.895607
3.851000	-19.892752	24.348108	494.773674	0.252970	0.252178	2.103341
3.852000	-19.812581	25.027960	499.610487	0.332860	0.291966	2.103341
3.853000	-20.135291	25.146292	501.638603	0.492933	0.411331	2.896588
3.854000	-21.062123	24.423455	496.009384	0.252970	0.251949	2.102759
3.855000	-21.464601	24.020158	496.004318	0.372659	0.451349	1.945137
3.856000	-21.826993	23.216219	493.341919	0.213171	0.132354	1.627651
3.857000	-21.624541	22.974237	495.057322	0.092897	0.211931	-0.432981
3.858000	-21.382004	22.531053	495.210379	0.252970	0.251949	1.943568
3.859000	-21.541944	21.246255	492.703476	0.372659	0.451349	3.212015
3.860000	-22.024190	19.840467	486.606911	0.252677	0.172143	1.150558
3.861000	-20.894502	19.597602	490.819239	0.292768	0.331755	1.627979
3.862000	-20.450321	18.753333	490.813454	0.292768	0.371772	3.212015
3.863000	-20.690837	17.147226	484.404211	0.213171	0.212160	2.103249
3.864000	-20.609050	15.901871	480.802162	0.132988	0.251719	0.042052
3.865000	-20.125185	14.857281	480.636770	0.572530	0.371772	4.321433
3.866000	-20.044204	13.892464	480.164431	0.173080	0.251949	0.518233
3.867000	-19.883861	12.728655	476.722801	0.212878	0.172372	2.103341
3.868000	-20.488386	11.322426	474.057034	0.452256	0.451349	3.212015
3.869000	-21.013144	9.837307	469.360764	0.332860	0.371772	2.895607
3.870000	-21.296173	8.954035	468.886026	0.292768	0.291737	1.309091
3.871000	-21.579605	8.230312	469.974380	0.212878	0.211931	0.834150
3.872000	-22.950617	6.504541	464.809061	0.532439	0.331755	3.529663
3.873000	-24.081114	5.019867	459.179770	0.093190	0.092107	-0.115662
3.874000	-24.284779	4.417133	462.607239	0.612329	0.451349	4.321104
3.875000	-25.252909	3.573748	462.135714	0.132988	0.131895	0.200584
3.876000	-26.584643	2.009300	456.349443	0.532439	0.331755	3.053574
3.877000	-27.553583	0.845047	454.311365	0.452256	0.411331	2.420407
3.878000	-28.280793	-0.398537	456.025106	0.093190	0.131895	0.201075
3.879000	-28.886935	-1.401468	454.775307	0.452256	0.331755	3.369308
3.880000	-29.654230	-2.484617	454.461006	0.052806	0.131895	-0.117721
3.881000	-30.220288	-3.889076	454.143339	0.732017	0.570943	5.590133
3.882000	-31.470232	-5.614405	450.236935	0.172787	0.211931	0.519052
3.883000	-31.391677	-6.415686	454.764595	0.732017	0.650749	5.747847
3.884000	-31.714387	-7.579494	456.482416	-0.106974	-0.067735	-1.542076
3.885000	-32.923843	-9.504259	452.266623	0.492054	0.411102	3.371130
3.886000	-33.448601	-11.028820	451.327112	0.172787	0.131666	0.518233
3.887000	-32.885375	-11.791103	458.356653	0.052806	0.091877	0.041723
3.888000	-33.490304	-13.314782	456.798347	0.452256	0.411102	3.054792
3.889000	-33.772524	-14.718799	456.331236	0.132403	0.131666	-0.275106
3.890000	-33.813418	-16.001825	458.518898	0.771816	0.610502	5.590462
3.891000	-34.216301	-17.486058	458.675217	-0.027377	0.051860	-0.907761
3.892000	-33.974976	-18.448661	461.961372	0.771816	0.570714	5.748176
3.893000	-33.974976	-19.531367	465.088758	-0.106974	0.011842	-1.857994
3.894000	-34.337367	-21.095819	463.371790	0.651834	0.530696	4.637680
3.895000	-34.539415	-22.218410	464.935999	0.132696	0.131666	0.517230
3.896000	-33.452643	-22.819815	472.907602	0.052806	0.211242	-0.275106
3.897000	-32.569131	-24.221621	474.162586	0.652127	0.490908	4.319703
3.898000	-31.565361	-26.023621	472.447487	-0.067176	0.051860	-1.068445
3.899000	-29.996747	-27.144444	475.886927	0.732017	0.610731	5.429288
3.900000	-28.750843	-27.784409	483.387251	0.052806	0.051860	-0.115662
3.901000	-27.906205	-28.866227	485.268244	0.732017	0.610731	5.906051
3.902000	-27.705369	-29.787614	486.523315	-0.186572	-0.027717	-2.015707
3.903000	-27.464853	-30.989984	490.120560	0.692219	0.491137	4.480058
3.904000	-27.344998	-32.032360	493.559927	0.092897	0.052089	0.518960
3.905000	-26.338399	-32.071803	500.753502	0.013007	0.012071	-1.067534
3.906000	-26.298716	-33.154509	502.475647	0.692219	0.570943	5.113860
3.907000	-25.937132	-34.315661	503.419563	0.052806	0.092107	-0.275106
3.908000	-24.971831	-35.037169	507.952438	0.732017	0.610731	5.429778
3.909000	-23.401600	-35.237492	517.640511	0.092897	0.012071	-0.432820
3.910000	-22.637540	-36.078662	519.051842	0.772109	0.650749	6.382561
3.911000	-22.073101	-37.121038	520.462391	0.013007	-0.027717	-1.225339
3.912000	-21.187567	-37.882435	524.215157	0.372659	0.411331	2.736416
3.913000	-20.060305	-38.363733	529.996838	0.292768	0.291737	1.786183
3.914000	-18.770675	-38.764819	535.316158	0.013300	0.012301	-0.909820
3.915000	-18.126064	-39.607762	537.035191	0.732017	0.610961	5.114189
3.916000	-17.481453	-40.449815	538.758240	-0.186572	-0.107523	-1.699789
3.917000	-16.474043	-40.851344	542.508671	0.811907	0.730785	6.222626
3.918000	-14.983581	-40.772011	551.104122	-0.186572	-0.067505	-1.540346
3.919000	-14.379459	-41.374745	552.826355	0.612329	0.610961	4.954837
3.920000	-14.056749	-42.057252	552.202278	0.173080	0.172143	0.201404
3.921000	-13.251389	-42.378565	555.797009	0.212878	0.172143	1.308763
3.922000	-11.761330	-41.938919	565.327950	0.332860	0.331755	2.422137
3.923000	-11.116718	-42.019579	568.146080	0.092897	0.052319	-0.274195
3.924000	-10.795220	-42.261558	569.396076	0.851999	0.770803	6.064913
3.925000	-10.191907	-42.463207	572.833752	-0.186572	-0.147311	-2.493947
3.926000	-9.708852	-42.384321	577.052170	0.851999	0.809902	6.699136
3.927000	-8.622080	-41.823686	583.462337	-0.226370	-0.107523	-1.541257
3.928000	-8.300179	-41.825902	586.430275	0.452256	0.491137	2.578611
3.929000	-8.462544	-42.107768	586.120193	0.173080	0.092107	0.518233
3.930000	-7.900530	-41.948218	590.961510	0.372659	0.291737	3.052242
3.931000	-6.813758	-40.947502	601.430336	0.612329	0.490908	3.687377
3.932000	-6.977740	-41.028601	601.590103	-0.026792	-0.067735	-0.749885
3.933000	-7.140106	-41.150477	604.087452	0.732017	0.730326	5.587821
3.934000	-6.941292	-40.870825	607.681297	-0.306846	-0.267365	-3.127513
3.935000	-6.863545	-40.471513	612.837521	0.771816	0.690537	5.590133
3.936000	-6.503174	-39.590456	619.557159	-0.106974	-0.107753	-1.383872
3.937000	-6.707243	-39.230587	623.306515	0.532439	0.450890	3.212015
3.938000	-7.555923	-39.553226	622.366367	0.292476	0.171683	1.944388
3.939000	-7.398003	-38.792715	628.461365	0.372073	0.291048	2.894038
3.940000	-7.038441	-37.912102	637.210663	0.332567	0.330836	2.419496
3.941000	-7.725969	-37.712222	637.369518	0.052806	-0.028176	-0.432728
3.942000	-8.253152	-37.513229	639.087673	0.771816	0.729867	4.320360
3.943000	-8.215895	-37.073587	645.023006	-0.227249	-0.227806	-2.968652
3.944000	-8.219128	-36.272747	651.117294	0.691633	0.610272	4.161008
3.945000	-8.504178	-35.792332	654.557278	0.132696	0.131207	0.836792
3.946000	-8.949571	-35.353130	657.837711	0.411872	0.370625	3.370219
3.947000	-9.516436	-35.194910	658.305111	0.411579	0.330836	2.103249
3.948000	-9.760995	-34.474729	664.397686	0.331982	0.250801	2.735834
3.949000	-9.643162	-33.432796	670.649738	0.252384	0.250801	1.787331
3.950000	-10.451353	-33.233804	672.524948	0.052220	0.011153	-0.591352
3.951000	-11.179775	-33.075140	671.429886	0.611450	0.609813	4.004114
3.952000	-11.342948	-32.315073	677.677021	-0.107560	-0.148000	-1.383872
3.953000	-11.265606	-31.354243	683.768749	0.571359	0.450201	3.210775
3.954000	-12.274226	-31.275796	682.209000	0.371780	0.210783	1.944388
3.955000	-12.680343	-30.796708	685.330517	0.491469	0.410183	3.210775
3.956000	-13.085246	-30.437726	688.297276	0.251799	0.250571	1.786183
3.957000	-13.571130	-29.757874	691.577572	0.052220	-0.028865	0.042213
3.958000	-13.814073	-29.078467	694.700867	0.491469	0.529778	3.211104
3.959000	-14.178485	-28.759811	695.946434	-0.027963	-0.188477	-0.750468
3.960000	-15.147021	-28.922017	695.007637	0.371487	0.330148	1.310730
3.961000	-15.108147	-28.162393	699.848595	-0.027963	-0.029094	-0.276346
3.962000	-15.311002	-27.362881	703.284584	0.331396	0.290359	2.261453
3.963000	-16.037808	-27.485198	701.095108	0.291597	0.130518	1.309582
3.964000	-16.722910	-27.287092	701.249046	0.131524	0.130518	0.991934
3.965000	-16.361731	-26.608125	705.774101	0.371487	0.330148	3.052571
3.966000	-16.403029	-25.928718	709.053574	0.172201	0.090500	0.992845
3.967000	-17.088537	-25.690282	706.243095	0.331396	0.409724	0.992845
3.968000	-17.290988	-25.411958	707.331551	0.051927	0.010694	0.675687
3.969000	-17.734765	-25.334398	708.733391	0.251213	0.409495	1.152035
3.970000	-17.775660	-24.615101	710.295647	0.051342	-0.029324	0.041302
3.971000	-17.937621	-24.055355	712.637955	0.371195	0.409495	2.420897
3.972000	-18.220244	-24.058011	712.009361	0.251213	0.170076	1.470266
3.973000	-18.946242	-24.100556	709.194611	0.331396	0.289441	2.419167
3.974000	-18.544572	-23.341373	715.125732	0.250920	0.289671	2.103249
3.975000	-18.746619	-22.821957	717.781517	0.211415	0.050253	0.834220
3.976000	-19.956480	-23.385246	711.846199	0.051342	0.129599	-0.432820
3.977000	-20.239508	-23.106922	712.622749	0.131232	0.010235	1.311404
3.978000	-20.120058	-22.668165	717.930260	0.091140	0.050023	-0.431510
3.979000	-20.603921	-22.589718	718.243660	0.130939	0.010235	0.673957
3.980000	-21.008017	-22.351282	718.087288	0.290719	0.369018	2.262693
3.981000	-21.411707	-22.353054	720.585037	0.210829	0.129599	0.357549
3.982000	-22.379433	-22.635362	717.459389	0.091140	0.089582	0.201566
3.983000	-22.017446	-22.076057	723.705605	-0.068933	0.010005	-0.592592
3.984000	-22.339751	-21.596971	726.832039	0.170738	0.010005	0.675687
3.985000	-23.508717	-22.159817	721.831306	-0.029134	-0.070030	-1.383872
3.986000	-24.154138	-22.322021	721.831268	0.370609	0.249194	3.845743
3.987000	-23.631400	-21.722388	729.640694	0.051049	0.009317	-1.066806
3.988000	-24.155349	-21.724601	730.112106	0.130646	0.049334	0.991934
3.989000	-25.161950	-22.167344	726.206505	0.210536	0.169158	0.834220
3.990000	-25.484660	-22.249332	728.549591	0.130646	0.049105	0.040720
3.991000	-26.008609	-22.451424	729.643898	0.090847	-0.030472	0.200654
3.992000	-25.968119	-22.092440	733.550980	-0.149408	0.009087	-1.225668
3.993000	-26.089186	-22.013552	735.426819	0.410115	0.288752	3.529076
3.994000	-26.854460	-22.617171	734.956985	0.010372	-0.070719	-1.381813
3.995000	-27.659822	-23.219904	731.833824	0.490005	0.288752	3.686299
3.996000	-27.095784	-22.780260	739.177536	-0.109317	-0.110737	-2.018677
3.997000	-27.176362	-22.822362	741.207420	0.210243	0.088893	0.991605
3.998000	-28.142473	-23.666188	736.209892	-0.069225	-0.030931	-1.383052
3.999000	-28.384201	-24.028272	736.207481	0.010372	0.048875	-0.116902
4.000000	-28.101982	-23.989714	740.892944	0.090262	0.009087	0.359279
4.001000	-28.061491	-24.112031	742.615738	-0.149115	-0.190773	-2.494858
4.002000	-28.463970	-24.474113	740.427094	0.449913	0.328311	3.845743
4.003000	-28.624314	-24.957186	740.423798	-0.109610	-0.070949	-2.019006
4.004000	-29.228436	-25.760683	737.767159	0.449913	0.328311	3.528423
4.005000	-28.502843	-25.441144	743.078728	-0.429170	-0.270579	-3.920033
4.006000	-28.381777	-25.562577	744.327690	0.370023	0.208258	2.261453
4.007000	-28.945407	-26.687384	739.949852	0.010372	0.008857	-0.906871
4.008000	-29.226820	-27.290560	736.512230	-0.149701	-0.111196	-2.019006
4.009000	-28.621889	-27.212113	742.288795	0.289841	0.128681	1.626648
4.010000	-28.540909	-27.534311	742.914795	-0.029720	-0.070949	-1.383872
4.011000	-29.104136	-28.578458	736.665100	0.409822	0.208258	2.895019
4.012000	-29.143817	-28.981313	735.411224	-0.229591	-0.230790	-2.652572
4.013000	-28.982664	-29.543718	736.813896	0.569309	0.447905	4.321013
4.014000	-28.700040	-29.585376	737.596237	-0.309774	-0.270808	-3.286138
4.015000	-28.659549	-30.107449	735.874245	0.130061	0.088663	0.674539
4.016000	-28.739721	-30.871059	734.310066	-0.069518	0.008857	-1.383052
4.017000	-29.303353	-31.714886	728.680870	-0.189207	-0.070949	-2.018677
4.018000	-28.537675	-31.515451	733.991524	0.369731	0.248276	2.419657
4.019000	-28.013321	-31.596996	735.707756	-0.189500	-0.270579	-2.492638
4.020000	-28.858767	-32.440823	728.987450	0.489712	0.447905	4.003364
4.021000	-28.898852	-33.123774	726.640251	-0.149408	-0.150984	-2.494368
4.022000	-28.254645	-33.125101	731.008102	0.449621	0.408117	3.686956
4.023000	-28.294732	-33.327194	729.601250	-0.229298	-0.230561	-2.651753
4.024000	-27.571968	-35.972136	733.033112	0.090262	0.168240	0.675779
4.025000	-28.095514	-40.586599	736.153625	0.090262	0.088663	0.199835
4.026000	-31.393087	-38.667592	730.680389	-0.189500	-0.310596	-2.811105
4.027000	-31.271213	-38.709251	735.211922	0.529511	0.487694	4.637259
4.028000	-32.157150	-39.673624	736.304314	-0.349572	-0.310826	-3.285884
4.029000	-33.203835	-41.078526	732.081116	0.529511	0.447676	3.528423
4.030000	-33.447183	-41.319177	729.890976	-0.149701	-0.231020	-2.652901
4.031000	-33.083982	-40.318017	735.039680	0.369438	0.327852	3.210446
4.032000	-32.843060	-38.153047	734.724525	-0.189500	-0.270808	-2.493549
4.033000	-32.322345	-38.351596	731.283920	0.010079	0.088204	0.043033
4.034000	-31.840503	-39.594293	732.527214	0.089969	0.168240	0.992424
4.035000	-31.962378	-40.918536	734.865295	-0.349572	-0.231020	-2.970549
4.036000	-32.726843	-41.882909	735.957130	0.569602	0.367640	4.795792
4.037000	-32.847507	-42.686850	736.111801	-0.269390	-0.271038	-3.126532
4.038000	-32.847912	-43.569235	736.105133	0.569309	0.567270	4.320522
4.039000	-33.532608	-43.930875	733.130859	-0.509352	-0.470208	-4.237190
4.040000	-32.324366	-42.648732	739.842751	0.409529	0.407428	2.892798
4.041000	-31.801225	-42.529071	740.933800	-0.029720	-0.151214	-1.223937
4.042000	-32.164426	-42.810495	737.019394	0.169566	0.008628	-0.431839
4.043000	-32.124340	-42.690391	737.794380	0.289841	0.248046	1.625737
4.044000	-31.519814	-41.929880	742.785072	-0.149701	-0.150984	-2.177210
4.045000	-31.721861	-41.569126	741.062271	0.489419	0.367640	3.529404
4.046000	-31.761139	-41.249587	739.336288	-0.509060	-0.390632	-5.027887
4.047000	-31.882610	-40.769171	740.109581	0.569309	0.527482	4.320522
4.048000	-31.883013	-40.489077	739.632378	-0.149701	-0.310596	-2.335835
4.049000	-31.681774	-39.527360	743.377457	0.289841	0.208028	1.150138
4.050000	-32.043358	-38.686633	742.123520	0.010372	-0.071408	-0.274615
4.051000	-32.527223	-38.807622	738.989609	0.289841	0.208028	1.944388
4.052000	-32.969786	-38.206659	737.108040	0.209658	0.168240	1.309000
4.053000	-32.244193	-36.844745	743.192986	-0.189792	-0.231020	-2.652901
4.054000	-32.445837	-36.243781	742.563690	0.489419	0.487464	3.689506
4.055000	-33.250793	-36.204780	736.309853	-0.348987	-0.350614	-3.445582
4.056000	-33.371455	-35.443826	735.518372	0.329639	0.248046	1.625500
4.057000	-33.170217	-34.482553	738.948280	-0.189792	-0.191002	-1.544556
4.058000	-33.330966	-33.921478	737.228752	0.210243	0.248046	1.628470
4.059000	-33.652866	-33.360845	734.101257	0.169566	0.088204	0.991605
4.060000	-33.733039	-32.800655	733.935806	0.050170	0.088204	0.833891
4.061000	-34.216498	-32.560448	730.025246	0.169566	0.208028	1.151286
4.062000	-33.612377	-31.277862	734.862877	-0.069811	-0.230790	-1.860802
4.063000	-33.612781	-30.436691	734.857094	0.329639	0.287605	1.309582
4.064000	-34.578890	-30.637899	727.824265	-0.229591	-0.270808	-2.652081
4.065000	-34.740447	-30.236814	725.474335	0.329639	0.247816	1.149647
4.066000	-34.216903	-29.034447	731.405380	0.010079	-0.031160	-0.275855
4.067000	-34.540016	-28.754353	728.123405	0.089969	0.128222	0.834878
4.068000	-35.103243	-28.513259	723.587555	0.369731	0.168240	2.103740
4.069000	-35.143734	-28.033285	723.582581	0.089969	-0.071408	0.358530
4.070000	-35.385867	-27.832964	720.608162	0.209658	0.247816	1.309000
4.071000	-34.983390	-26.790588	722.949608	-0.149701	-0.191002	-1.861713
4.072000	-35.063967	-26.389504	721.070396	0.209658	0.247587	0.675687
4.073000	-35.990798	-26.630597	714.190521	-0.229298	-0.350614	-2.177210
4.074000	-36.111460	-26.269400	711.688416	0.329639	0.208028	1.151286
4.075000	-35.104861	-24.986816	718.244843	0.089969	0.168240	0.517974
4.076000	-35.426764	-24.626060	715.118324	0.130061	0.127993	1.151378
4.077000	-36.152355	-24.665949	708.396423	0.289841	0.247816	1.942565
4.078000	-36.111460	-24.265750	705.893402	-0.030012	-0.111196	-0.908019
4.079000	-35.990798	-23.664345	707.295364	0.169566	0.208028	0.674776
4.080000	-35.870135	-22.902064	706.355713	-0.029720	-0.191002	-1.223937
4.081000	-35.909818	-22.460649	703.856079	0.130061	0.247816	0.200164
4.082000	-36.312700	-22.301101	699.789986	0.089969	-0.150984	0.357382
4.083000	-36.674686	-22.220441	695.881844	0.249456	0.208028	0.834220
4.084000	-35.909412	-20.896642	700.096649	-0.029720	0.008628	-0.116411
4.085000	-35.869327	-20.415340	699.001480	0.130061	0.208028	0.675687
4.086000	-36.513535	-20.576217	692.438377	0.209658	0.088204	0.991934
4.087000	-36.714371	-20.335124	689.310966	-0.069811	0.008628	-0.590954
4.088000	-35.948690	-19.493068	693.056068	0.169566	0.128222	0.041302
4.089000	-35.988777	-18.971437	691.652267	0.130061	0.008628	1.151540
4.090000	-36.109035	-18.690013	687.588745	0.010079	-0.071408	-1.067135
4.091000	-36.229294	-18.529580	684.774017	0.089969	0.008628	0.039734
4.092000	-36.229294	-18.328816	683.364609	0.209658	0.247816	1.468934
4.093000	-35.624363	-17.365771	686.335449	0.010079	-0.071408	0.199997
4.094000	-35.461998	-16.884027	684.773796	0.089969	0.168010	0.198924
4.095000	-35.582661	-17.004132	681.020378	0.089969	0.168010	0.991934
4.096000	-35.783092	-16.923472	677.270256	0.209658	0.168240	1.151286
4.097000	-34.735191	-15.880209	682.582596	-0.069811	-0.151214	-1.702760
4.098000	-34.452165	-15.478682	681.803368	0.369731	0.168240	2.102592
4.099000	-34.814154	-15.678560	676.492561	-0.069811	0.088204	-1.067135
4.100000	-34.611702	-15.477796	674.459396	0.329639	0.248046	1.466967
4.101000	-33.885704	-14.955723	677.426941	-0.069811	-0.071408	-1.383381
4.102000	-33.441928	-14.553752	677.275558	0.010079	-0.031160	0.040391
4.103000	-33.239476	-14.352547	675.402191	0.289841	0.248046	1.626648
4.104000	-32.876274	-14.271887	675.557655	-0.029720	0.008628	-0.749815
4.105000	-32.955639	-14.591868	671.651993	0.250335	0.208258	1.786674
4.106000	-31.786673	-13.709040	676.655106	-0.109610	-0.111196	-2.018187
4.107000	-31.302000	-13.467505	677.594604	0.449621	0.288064	3.844832
4.108000	-31.380960	-13.988250	673.533569	-0.149701	-0.191002	-2.492309
4.109000	-31.017355	-13.987807	672.751045	0.489712	0.287834	3.369233
4.110000	-29.848794	-13.305299	679.000740	-0.069518	0.008628	-1.860145
4.111000	-29.484785	-13.424961	677.444054	0.089969	0.048646	0.199835
4.112000	-29.201756	-13.424517	676.194374	0.130061	0.128222	0.675434
4.113000	-28.596423	-13.464405	677.601120	-0.109610	-0.151214	-2.177210
4.114000	-28.434865	-13.664282	676.661552	0.369731	0.288064	2.102592
4.115000	-27.467544	-12.982218	681.039551	-0.189792	-0.070949	-2.335835
4.116000	-27.064257	-12.781012	681.980652	0.529511	0.447905	4.478726
4.117000	-27.305986	-13.182096	679.320740	-0.269390	-0.191002	-2.494858
4.118000	-27.265900	-13.181654	678.693932	0.449621	0.248276	3.210446
4.119000	-26.178319	-12.379485	685.879662	-0.229591	-0.070949	-2.335835
4.120000	-26.461349	-12.458815	684.631653	0.050170	0.048646	0.040483
4.121000	-26.945615	-12.859457	681.505936	0.210243	0.088663	0.992424
4.122000	-26.866252	-12.658251	683.220741	-0.149408	-0.111196	-1.701940
4.123000	-26.625735	-12.578034	686.811157	0.569602	0.487694	4.321013
4.124000	-26.707119	-12.296611	686.658081	-0.109610	-0.110737	-1.860473
4.125000	-26.909571	-12.295726	686.186035	0.489712	0.408117	4.162808
4.126000	-27.071937	-12.495603	686.028008	-0.189207	-0.191002	-2.652572
4.127000	-27.153321	-12.735812	685.554901	0.489712	0.327852	4.162480
4.128000	-26.429346	-12.053747	690.242912	-0.269390	-0.270579	-2.811197
4.129000	-26.590902	-12.093191	688.990677	-0.069811	-0.150984	-2.019006
4.130000	-26.833036	-12.574492	685.707962	0.329932	0.248046	2.420897
4.131000	-26.510731	-12.413173	686.328369	-0.149408	-0.150984	-1.860473
4.132000	-25.584707	-11.931871	691.165367	0.409822	0.407888	2.896259
4.133000	-25.302893	-11.891542	690.072746	-0.109610	-0.150984	-1.699299
4.134000	-25.261997	-11.931429	687.570892	0.649785	0.487694	4.319282
4.135000	-24.859115	-11.971316	687.254120	-0.269390	-0.230790	-2.810286
4.136000	-24.335166	-11.930986	688.655281	0.329932	0.328311	1.785855
4.137000	-23.367844	-11.409355	690.997780	-0.109610	-0.070949	-1.702269
4.138000	-23.044729	-11.529016	688.494957	-0.109317	-0.190773	-1.858322
4.139000	-22.722424	-11.649563	686.928581	0.370023	0.368099	2.577371
4.140000	-22.117897	-11.608790	687.395844	-0.229298	-0.230790	-2.969730
4.141000	-20.828270	-10.887281	692.389183	0.569602	0.527941	4.162808
4.142000	-20.384896	-11.006942	690.825218	-0.348694	-0.350155	-3.919450
4.143000	-20.424982	-11.488243	685.823814	0.450206	0.408117	3.686956
4.144000	-19.901033	-11.367254	686.131516	-0.109317	-0.310137	-1.860145
4.145000	-18.732877	-11.006942	690.812187	0.050463	0.049105	0.041302
4.146000	-18.168436	-10.885510	689.877602	0.050463	0.009317	0.517974
4.147000	-18.007284	-11.085831	686.748833	0.050463	0.009087	-0.750796
4.148000	-17.483739	-11.246264	686.118591	0.529803	0.408347	3.368979
4.149000	-16.999875	-11.286152	685.490814	-0.508767	-0.469749	-4.237098
4.150000	-15.992872	-10.764520	688.613174	0.650078	0.528171	4.637259
4.151000	-15.549903	-10.844738	687.674431	-0.348694	-0.310137	-2.968818
4.152000	-15.630479	-11.405812	682.359604	0.410115	0.408347	3.211686
4.153000	-15.106935	-11.405812	681.730141	-0.149115	-0.070490	-1.225339
4.154000	-13.817710	-10.603644	688.286652	0.250628	0.209176	0.991605
4.155000	-13.777624	-10.723748	685.007072	0.170738	0.049334	0.675687
4.156000	-13.737134	-11.124833	681.095825	-0.149115	-0.150066	-1.384200
4.157000	-13.334656	-11.084503	680.311707	0.410115	0.408347	3.053881
4.158000	-12.851197	-11.004285	680.307610	-0.428584	-0.469520	-4.712789
4.159000	-12.206584	-10.563314	681.243828	0.610279	0.528171	4.796703
4.160000	-11.883874	-10.522984	679.992447	-0.428584	-0.389714	-3.444763
4.161000	-12.166094	-11.044173	674.677406	0.410115	0.328770	2.261453
4.162000	-11.843788	-11.004728	673.421852	-0.228713	-0.189854	-1.383381
4.163000	-10.755804	-10.042126	678.888924	0.170738	0.129370	0.675687
4.164000	-10.795890	-10.203003	674.980072	0.210829	0.169158	1.468444
4.165000	-10.876466	-10.483540	670.445908	-0.029134	-0.030472	-0.117231
4.166000	-10.633929	-10.323549	669.660995	0.290426	0.288982	2.103249
4.167000	-9.908740	-9.842690	672.314415	-0.388493	-0.389714	-3.602875
4.168000	-9.625711	-9.481493	670.595520	0.649785	0.528171	4.161989
4.169000	-9.705480	-9.602040	667.936340	-0.268804	-0.309678	-2.177631
4.170000	-9.786056	-9.723029	664.653473	0.170738	0.209176	0.359279
4.171000	-9.462942	-9.603369	663.711426	0.170738	0.089582	0.041302
4.172000	-8.777840	-8.720540	666.524292	0.210829	0.089582	1.309582
4.173000	-8.696859	-8.721868	664.023056	0.170738	0.129370	0.518723
4.174000	-9.018356	-8.962076	659.957062	0.090847	0.009546	-0.434388
4.175000	-9.017952	-8.762641	658.702469	0.250628	0.288982	2.104069
4.176000	-8.091121	-8.000802	662.607002	-0.228713	-0.269660	-2.652572
4.177000	-8.251870	-7.839926	659.794067	0.210536	0.328770	1.468444
4.178000	-8.291552	-7.881141	656.821320	-0.109024	-0.189854	-0.908019
4.179000	-8.371724	-7.841254	654.004990	0.130939	0.009546	0.201566
4.180000	-8.129994	-7.520829	655.876678	0.130646	0.089582	0.833401
4.181000	-7.524660	-6.839208	657.285309	0.170738	0.129370	0.517154
4.182000	-7.846966	-6.799320	654.313431	0.290426	0.288982	1.787822
4.183000	-8.128782	-7.040413	650.403679	-0.068933	-0.189854	-1.066552
4.184000	-8.007311	-6.680102	649.933037	0.170738	0.248964	0.199835
4.185000	-7.402381	-5.958150	652.742645	-0.109024	-0.309449	-1.703088
4.186000	-7.563534	-5.958593	650.085876	0.130646	0.288982	0.201894
4.187000	-7.723878	-5.958593	647.271317	-0.068933	-0.110048	-0.908019
4.188000	-7.844136	-5.878376	645.706284	0.330518	0.328770	1.784361
4.189000	-7.280101	-5.237969	648.826958	0.170738	0.209176	1.151378
4.190000	-7.239207	-4.876772	646.640884	0.090847	0.009546	-0.434059
4.191000	-7.560704	-4.876772	644.138870	0.290719	0.249194	2.261453
4.192000	-7.559896	-4.957874	643.199287	0.011250	-0.110048	-0.275527
4.193000	-7.519406	-4.797883	642.101540	0.090847	0.089582	-0.434550
4.194000	-7.155801	-4.196036	644.134613	0.051049	-0.189625	-0.590371
4.195000	-7.276463	-4.157034	642.571281	0.250920	0.288982	1.152035
4.196000	-7.880181	-4.397685	638.351402	0.090847	0.009546	0.517154
4.197000	-7.799200	-4.197807	638.970024	0.210829	0.248964	0.991934
4.198000	-7.355423	-3.475855	642.250259	0.170738	0.129370	0.673957
4.199000	-7.797987	-3.636289	638.189949	0.170738	0.049334	-0.434059
4.200000	-7.917841	-3.636732	637.093132	0.010665	0.049334	0.200746
4.201000	-8.077782	-3.396966	636.932693	0.091140	0.009546	0.516243
4.202000	-7.916629	-3.116872	638.180618	0.051049	0.089582	-0.749158
4.203000	-7.996397	-2.835891	637.712402	0.210829	0.169388	1.309582
4.204000	-8.317490	-2.675900	636.773827	0.171030	0.129370	0.041631
4.205000	-8.841439	-3.077427	632.240364	0.011250	-0.070030	-0.592592
4.206000	-8.678670	-2.676785	634.892014	0.170738	0.169158	0.357549
4.207000	-8.315874	-2.035051	638.329453	0.090847	-0.110048	-0.590043
4.208000	-8.879100	-2.436135	632.861420	0.130939	0.009546	0.675434
4.209000	-9.039041	-2.355475	631.920959	0.170738	0.129370	0.358460
4.210000	-8.958464	-2.115268	633.167450	0.250628	0.169388	1.628141
4.211000	-8.554369	-1.674296	636.135696	-0.149115	-0.110048	-2.334595
4.212000	-9.037424	-1.835173	632.386536	0.370609	0.209406	2.733937
4.213000	-8.875058	-1.835173	631.757187	-0.068933	0.169158	-0.908602
4.214000	-9.076298	-1.955719	630.194649	0.170738	0.089582	1.151049
4.215000	-8.713097	-1.634409	633.002716	0.130939	0.049334	0.042122
4.216000	-8.269320	-1.193881	634.722168	-0.029134	0.089582	-0.433148
4.217000	-8.792056	-1.434532	630.971252	0.210829	0.209406	0.517812
4.218000	-9.194130	-1.875503	626.908516	-0.228713	-0.189854	-2.811105
4.219000	-8.548306	-1.274540	631.746323	0.530389	0.329000	4.479637
4.220000	-8.185510	-0.833569	634.245712	-0.148530	-0.150066	-1.858651
4.221000	-8.668565	-1.274540	629.403046	0.250920	0.329000	2.736815
4.222000	-8.868591	-1.154437	629.556015	-0.109024	-0.149836	-2.334924
4.223000	-8.747928	-0.954116	630.022568	0.250628	0.249194	2.261453
4.224000	-8.465304	-0.593361	632.518669	-0.029134	-0.109819	-0.589714
4.225000	-8.545073	-0.272493	632.832161	-0.109024	-0.110048	-2.811105
4.226000	-9.069426	-0.553474	630.954620	0.290719	0.249194	2.736815
4.227000	-9.592163	-0.834455	627.358353	-0.228713	-0.149836	-2.177210
4.228000	-9.350433	-0.192277	632.669098	0.610279	0.408806	4.320193
4.229000	-9.028127	0.208364	635.635185	-0.228713	-0.150066	-1.699789
4.230000	-9.792998	-0.032286	631.571571	0.729968	0.408806	5.428538
4.231000	-10.518186	-0.272051	628.912552	-0.348401	-0.229872	-3.444671
4.232000	-10.276052	0.047488	632.034843	0.170738	0.089582	1.627651
4.233000	-10.316542	0.449016	635.784904	0.051049	0.089582	-0.431510
4.234000	-10.880578	0.249580	632.191109	-0.228713	-0.189854	-2.811105
4.235000	-11.121499	0.168478	632.188545	0.330518	0.249194	3.052242
4.236000	-11.444614	0.088704	631.561729	-0.029134	-0.030472	-2.019006
4.237000	-11.202075	0.569562	634.528473	0.530389	0.488382	4.479055
4.238000	-11.121499	0.931202	636.873299	-0.149115	-0.269660	-2.811105
4.239000	-11.484295	0.650665	635.306023	0.450206	0.448365	3.528423
4.240000	-12.248762	0.088704	630.305412	-0.348694	-0.309678	-2.335506
4.241000	-11.886369	0.570005	635.143997	0.170738	0.169158	0.516335
4.242000	-11.241353	1.252069	639.674805	0.051049	-0.110048	-0.273306
4.243000	-12.006223	0.770326	634.210060	-0.268804	-0.229872	-2.493457
4.244000	-12.127291	0.650665	634.046501	0.570480	0.368788	4.002545
4.245000	-11.885157	0.850543	636.542618	-0.348694	-0.309678	-2.969730
4.246000	-11.845071	1.212183	637.949623	0.650078	0.408806	3.686137
4.247000	-11.643427	1.412504	638.415298	-0.308603	-0.189854	-2.334924
4.248000	-11.884752	1.372174	638.882637	0.570188	0.369018	4.002545
4.249000	-12.570663	0.770768	634.501633	-0.148530	-0.189854	-2.177631
4.250000	-12.006223	1.372174	638.874382	-0.029134	0.009546	0.675687
4.251000	-11.764899	1.933692	643.718842	0.250628	0.209176	1.150138
4.252000	-12.369828	1.452833	639.025932	-0.348401	-0.309449	-2.174240
4.253000	-12.933864	1.332287	636.835876	0.570188	0.448824	3.844670
4.254000	-12.572280	1.853918	642.454399	-0.268511	-0.309449	-3.445328
4.255000	-12.692943	2.094126	642.453606	0.370609	0.408806	3.846400
4.256000	-13.337959	1.974464	639.641556	-0.228420	-0.349466	-2.969730
4.257000	-13.338768	2.215115	641.823448	0.330518	0.329000	2.261545
4.258000	-13.701159	2.174342	641.505959	-0.029134	-0.070030	-0.590043
4.259000	-13.702372	2.696859	643.848297	0.250628	0.089582	0.199178
4.260000	-13.500729	3.297821	645.878822	0.210829	0.249194	2.263512
4.261000	-14.024678	3.057614	644.936134	-0.109024	-0.229642	-2.177539
4.262000	-14.710184	2.816963	640.714668	0.450206	0.488382	3.370219
4.263000	-14.145745	3.698463	647.116440	-0.628455	-0.469290	-5.186420
4.264000	-14.106467	4.100875	649.460541	0.770059	0.568188	4.954088
4.265000	-14.749866	3.979886	645.553352	-0.428291	-0.349237	-2.650842
4.266000	-14.749866	4.461187	647.424416	0.250628	0.288982	1.150558
4.267000	-14.468051	4.862272	650.542618	0.170738	0.050023	0.992845
4.268000	-14.427156	5.182696	650.854507	0.091140	0.169388	1.151378
4.269000	-14.548223	5.624553	651.166397	0.250920	0.209406	0.991605
4.270000	-14.427156	5.944978	652.725502	-0.348401	-0.229642	-2.335414
4.271000	-14.869720	5.824431	651.471809	0.570188	0.528859	4.478726
4.272000	-14.144532	6.747146	657.250771	-0.268511	-0.309449	-3.128262
4.273000	-13.740841	7.348109	658.810043	0.530389	0.448824	3.529663
4.274000	-14.547010	7.148231	656.151917	0.090847	-0.189625	-2.019006
4.275000	-14.425539	7.428325	655.681305	0.370609	0.369018	3.211104
4.276000	-13.941677	8.109947	660.988838	-0.029134	0.010005	0.200746
4.277000	-13.942485	8.471588	662.237816	0.250920	0.169388	1.309582
4.278000	-14.263982	8.632022	658.958405	0.210829	0.249423	2.263022
4.279000	-14.264791	8.992776	661.295998	0.051049	-0.189625	-1.068773
4.280000	-14.063551	9.233870	664.261139	0.370609	0.369018	2.579430
4.281000	-14.103638	9.755058	664.884918	-0.428291	-0.508619	-3.602384
4.282000	-14.265195	9.876048	664.726990	0.330810	0.329229	1.625500
4.283000	-14.305281	9.955822	665.348991	-0.268218	-0.269201	-1.224428
4.284000	-15.030469	9.836161	662.692482	0.450792	0.329229	2.261453
4.285000	-14.144937	10.757991	668.784134	0.210829	0.289212	1.309582
4.286000	-13.943293	11.239291	671.592285	0.171030	0.089582	1.309582
4.287000	-14.870124	10.798762	666.125031	0.290719	0.169617	0.992591
4.288000	-14.788739	10.998641	666.590057	0.051342	0.090041	0.677256
4.289000	-14.224705	11.881026	673.148170	0.250920	0.169388	0.041302
4.290000	-14.386261	12.041460	672.368149	-0.068933	-0.149607	-1.861293
4.291000	-14.828018	12.041460	669.554489	0.091140	0.209635	0.992591
4.292000	-14.707758	12.322440	671.112694	0.171030	0.010005	0.199178
4.293000	-14.827613	12.361884	670.173119	0.051342	0.129599	1.787331
4.294000	-14.344155	13.124166	674.700806	0.370609	0.289212	1.150558
4.295000	-14.183002	13.605468	675.795052	0.051049	0.050023	0.833401
4.296000	-14.665247	13.203497	671.572762	0.091140	0.249423	0.834970
4.297000	-14.907382	13.324930	670.477745	0.171030	-0.029783	-0.118142
4.298000	-13.899164	14.326977	677.350937	-0.268218	0.089582	-1.383543
4.299000	-14.100404	14.367307	676.723289	0.130939	-0.029783	-0.117231
4.300000	-14.301643	14.326977	673.754776	0.250628	0.249423	1.309000
4.301000	-14.179768	14.567627	674.064171	0.011250	0.010005	0.674868
4.302000	-13.978529	14.808721	676.561165	0.410115	0.209406	1.624917
4.303000	-13.574838	15.329466	677.342712	0.251213	0.289212	2.579430
4.304000	-13.655010	15.369796	677.184929	0.091140	0.050023	0.040391
4.305000	-13.815759	15.289579	675.152573	0.130939	0.209406	0.200256
4.306000	-14.096766	15.129145	673.120537	0.051342	0.050253	1.470428
4.307000	-13.250915	16.051861	679.526390	0.091140	-0.029783	-1.386023
4.308000	-13.048867	16.292069	679.055794	0.091140	0.050253	1.469937
4.309000	-13.612095	15.851097	674.992165	0.370609	0.289212	0.990694
4.310000	-13.491027	15.971201	674.834221	0.250920	0.090041	1.150138
4.311000	-12.966270	16.452060	678.894485	0.011250	0.169617	0.041631
4.312000	-13.046443	16.492390	677.644791	0.450792	0.289212	2.419167
4.313000	-13.045634	16.532720	676.863876	0.011250	0.090270	0.517812
4.314000	-13.286555	16.412173	674.672134	0.051342	0.050023	-0.750796
4.315000	-13.286555	16.291626	674.202301	0.410993	0.249653	2.895019
4.316000	-12.641135	17.013578	677.951561	-0.188328	0.010235	-1.225339
4.317000	-12.721307	16.973691	677.015259	0.490883	0.130059	1.943568
4.318000	-12.962632	16.693153	673.262741	0.091140	0.209635	0.836608
4.319000	-13.082487	16.492390	672.480225	0.211122	0.090041	1.149647
4.320000	-12.276317	17.213899	676.384132	0.211122	0.209635	1.152035
4.321000	-12.396980	17.094238	675.446991	-0.148530	0.050023	-1.066224
4.322000	-12.557324	16.974133	672.791077	0.410993	0.249653	2.579101
4.323000	-12.516834	16.893916	672.006973	-0.188328	-0.029553	-1.223608
4.324000	-12.073461	16.974133	674.191437	0.490883	0.329459	4.002545
4.325000	-11.831328	17.255556	674.036774	0.091140	0.010235	-0.591935
4.326000	-11.871413	17.135452	671.848236	0.490883	0.489301	4.004276
4.327000	-12.031758	16.814142	670.128632	0.131232	0.090041	-0.276017
4.328000	-11.951586	16.654151	668.877266	0.091433	0.050482	0.675526
4.329000	-11.345848	17.015791	671.219505	0.211122	0.170076	1.468444
4.330000	-11.184695	17.176225	670.908539	0.011250	-0.029553	-1.542076
4.331000	-11.426019	16.735254	667.002159	0.410993	0.409495	4.162808
4.332000	-11.264058	16.615593	666.688667	0.130939	0.050253	-0.116573
4.333000	-10.619446	17.016677	670.591759	0.730553	0.569107	5.906870
4.334000	-10.659128	16.736582	667.937561	-0.068347	0.050253	-1.225339
4.335000	-10.738493	16.656808	665.125496	0.650663	0.449512	4.478726
4.336000	-10.496762	16.456045	665.122032	-0.028256	0.090270	-0.433731
4.337000	-10.213734	16.376271	664.341309	0.171323	0.050253	0.199927
4.338000	-9.810044	16.617363	665.436348	0.491176	0.369706	3.053881
4.339000	-9.486929	16.657693	664.500061	-0.188328	0.010235	-2.018677
4.340000	-9.848917	16.176393	660.906197	0.770645	0.529089	5.429778
4.341000	-9.203901	16.337269	661.526611	-0.068347	-0.029553	-1.383872
4.342000	-8.558481	16.698023	664.808617	0.491176	0.449512	4.477907
4.343000	-8.799806	16.337269	660.122261	-0.068347	-0.029324	-0.751379
4.344000	-8.677931	16.176836	658.247032	0.650663	0.449512	4.954416
4.345000	-8.113491	16.257495	659.807198	-0.028256	-0.109360	-1.701612
4.346000	-7.670522	16.378041	660.431442	0.171030	0.130288	0.991934
4.347000	-7.669309	16.177721	658.557335	0.571066	0.489530	4.161989
4.348000	-7.347408	16.178163	658.243843	-0.068054	-0.029324	-0.750468
4.349000	-7.467667	15.857296	655.274490	0.690755	0.608895	5.746025
4.350000	-7.145360	15.737635	656.053642	0.051342	0.010464	-0.592264
4.351000	-6.580921	16.098832	657.773247	0.611157	0.529318	4.954416
4.352000	-6.903631	15.577644	653.869247	-0.267926	-0.268972	-2.336654
4.353000	-6.903631	15.097671	650.273071	0.571066	0.449512	4.002545
4.354000	-6.218529	15.418096	653.553375	0.131524	0.050482	0.200164
4.355000	-5.694984	15.539528	656.052940	0.091433	-0.069112	-0.592592
4.356000	-6.017290	14.777690	650.585785	0.571066	0.569336	4.479966
4.357000	-5.896627	14.737803	649.804161	-0.147944	-0.148918	-1.858322
4.358000	-5.533426	14.537482	649.331123	0.690755	0.609124	4.636768
4.359000	-5.171034	14.497594	650.427048	-0.308017	-0.188936	-2.811105
4.360000	-4.687575	14.698800	651.833099	0.730553	0.529548	5.428048
4.361000	-4.606595	14.298159	649.645424	0.051927	-0.029324	-0.116083
4.362000	-4.969391	13.736641	645.112160	0.331396	0.170306	1.467295
4.363000	-4.042155	14.258272	649.016045	0.251213	0.210094	1.309091
4.364000	-3.558696	14.458593	651.203735	-0.027963	-0.108900	-0.116902
4.365000	-4.001665	13.858073	645.266731	0.730553	0.609354	4.796212
4.366000	-3.840107	13.777413	644.482079	-0.347816	-0.188936	-2.809536
4.367000	-3.518206	13.898403	645.575371	0.690755	0.529548	4.953015
4.368000	-3.114919	14.139054	648.073303	-0.147944	-0.268512	-2.494368
4.369000	-3.114919	14.139054	646.041267	0.491469	0.449742	3.845581
4.370000	-3.195495	14.059280	644.789726	0.092019	0.050941	0.041302
4.371000	-3.518206	13.617865	641.976051	0.291597	0.250342	1.785693
4.372000	-2.994660	14.059723	644.631073	0.331396	0.290359	2.261453
4.373000	-2.712440	14.340260	646.194984	-0.067761	-0.108900	-1.384200
4.374000	-3.035555	13.979949	643.533493	0.531267	0.649142	4.955236
4.375000	-3.357861	13.619194	639.940575	-0.347816	-0.388336	-3.128171
4.376000	-2.995873	14.020721	643.063744	0.611450	0.609354	4.478985
4.377000	-2.553308	14.341146	646.186890	-0.147651	-0.188477	-1.383052
4.378000	-3.238411	13.980834	640.720612	0.451377	0.409724	2.578611
4.379000	-3.440459	13.660409	639.623894	0.051927	-0.028865	0.041302
4.380000	-3.037980	13.940946	641.183708	0.331396	0.250571	1.786183
4.381000	-3.239624	14.021606	641.810692	0.331689	0.250342	2.419167
4.382000	-2.998298	14.222370	641.965340	-0.027963	-0.068883	-0.907108
4.383000	-3.119365	14.182040	642.587349	0.571359	0.449742	3.528752
4.384000	-3.683805	13.781398	638.212822	-0.147944	-0.188477	-2.178121
4.385000	-3.200346	14.222370	641.023308	0.531267	0.529548	3.527933
4.386000	-2.918126	14.703671	644.148125	-0.147651	-0.228495	-1.860802
4.387000	-3.603633	14.303030	639.770226	0.331396	0.449742	2.737144
4.388000	-3.885448	14.142596	637.271568	0.331689	0.210553	2.102592
4.389000	-3.361903	14.663784	641.642021	0.451377	0.290359	3.052242
4.390000	-3.321413	14.784331	641.488075	0.371487	0.290359	2.419496
4.391000	-3.885448	14.744444	638.364204	0.171616	-0.028865	0.517154
4.392000	-3.764786	14.904878	639.766068	0.371487	0.449742	2.261545
4.393000	-3.925939	14.744444	639.766068	-0.187743	-0.228495	-2.334924
4.394000	-4.047410	14.984652	639.609726	0.491176	0.449742	2.894038
4.395000	-3.845362	15.386179	640.861122	0.011836	-0.029094	0.516993
4.396000	-4.208159	15.145085	639.922325	0.371487	0.290359	2.261545
4.397000	-4.691213	14.744887	636.171394	0.251799	0.250342	2.103249
4.398000	-4.167668	15.426509	641.326675	0.411286	0.250571	2.261545
4.399000	-4.006919	15.547056	642.576469	0.331396	0.370165	2.262203
4.400000	-4.691617	15.226188	638.047279	-0.027963	-0.068883	-0.116083
4.401000	-4.772194	15.266518	638.983582	0.051927	0.170306	0.041631
4.402000	-4.490378	15.466839	642.417633	-0.027963	0.050712	0.201167
4.403000	-4.772194	15.386622	640.857651	0.411286	0.290130	1.467295
4.404000	-4.812280	15.467282	640.702995	0.291597	0.250342	2.260963
4.405000	-4.852770	15.547940	641.637695	0.331396	0.210553	2.102759
4.406000	-5.175077	15.266961	640.854401	0.451377	0.290359	2.895348
4.407000	-4.691617	15.868808	644.447372	0.011836	-0.028865	0.042542
4.408000	-4.852770	15.868808	644.762466	0.291597	0.290130	1.150558
4.409000	-5.255653	15.347620	641.791573	0.172201	-0.028865	0.835131
4.410000	-5.295739	15.548826	642.103378	0.011836	0.130518	-0.433731
4.411000	-4.731704	16.070457	647.725212	0.131524	0.010924	0.834312
4.412000	-4.892857	15.990683	646.943649	0.331689	0.290130	2.578940
4.413000	-5.174672	15.870579	645.226631	0.331396	0.250342	1.944388
4.414000	-5.093691	15.951239	645.379784	0.171616	0.210553	0.834970
4.415000	-4.772194	16.191447	648.971069	0.371487	0.290359	2.420897
4.416000	-4.731299	16.472870	648.659264	0.092019	0.050941	0.359608
4.417000	-5.013115	16.393096	647.254135	0.051927	0.210553	0.202315
4.418000	-4.892452	16.433426	647.407913	0.411286	0.170765	2.419749
4.419000	-4.932135	16.433426	648.030800	0.131524	0.210553	1.152035
4.420000	-4.408994	17.075603	651.624596	0.291597	0.170765	1.308763
4.421000	-4.247436	17.196150	651.623787	0.291597	0.210553	0.834970
4.422000	-4.730896	16.956385	648.341896	0.171616	0.170765	0.676765
4.423000	-4.569338	17.076932	648.496635	0.371487	0.290359	1.625009
4.424000	-3.884236	17.638450	654.901810	0.051927	0.050941	-0.117721
4.425000	-3.924726	17.638893	653.497375	0.251799	0.170765	1.151378
4.426000	-4.085475	17.559119	650.996208	0.171616	0.210553	0.357877
4.427000	-3.964408	17.719995	651.931694	0.491469	0.250571	4.320193
4.428000	-3.722274	17.880429	653.493294	-0.027963	0.090730	-0.591935
4.429000	-3.359073	18.241625	655.680328	0.371487	0.250571	2.894038
4.430000	-3.359073	18.321843	655.055046	0.251799	0.290359	0.834970
4.431000	-3.721466	18.001419	651.615044	0.012129	0.050941	-0.434550
4.432000	-3.600399	18.201738	651.926918	0.291890	0.250571	2.420315
4.433000	-2.753739	19.003908	658.487610	0.171616	0.090730	0.042542
4.434000	-2.874402	18.963579	656.457893	0.491469	0.410413	4.478726
4.435000	-3.317371	18.763258	653.333153	-0.027963	-0.028865	-0.751287
4.436000	-3.155813	18.803589	653.485397	0.811029	0.649831	6.064584
4.437000	-2.753335	19.324334	657.548843	-0.107853	-0.148459	-1.699789
4.438000	-2.873998	19.404994	656.768112	0.411579	0.370395	3.527933
4.439000	-2.954575	19.445323	655.985664	0.012129	0.010924	-0.114843
4.440000	-3.357457	19.245002	654.266151	0.012129	0.090730	-0.275925
4.441000	-3.397947	19.405436	654.733490	0.371487	0.250801	2.896259
4.442000	-2.954978	19.927067	658.796143	-0.227541	-0.188477	-2.176882
4.443000	-3.357861	19.726746	657.389397	0.731432	0.609813	6.064584
4.444000	-3.842129	19.365549	653.639259	-0.067761	-0.108900	-1.542405
4.445000	-4.002877	19.525983	654.574753	0.611157	0.529778	4.795884
4.446000	-3.600803	19.966954	658.950882	-0.187743	-0.188477	-1.858322
4.447000	-4.124753	19.606643	655.827736	0.571359	0.410183	4.477907
4.448000	-4.204925	19.646530	655.669708	-0.067761	-0.148459	-1.382724
4.449000	-4.447059	19.566312	655.198273	-0.027963	0.090730	-0.275106
4.450000	-4.528444	19.606643	656.605194	0.491469	0.410183	4.638170
4.451000	-4.246224	20.007727	658.793655	-0.067761	-0.068883	-1.382632
4.452000	-4.568934	19.967840	658.167725	0.611157	0.450201	4.795884
4.453000	-5.173460	19.406322	653.635086	-0.027963	0.010924	-0.592264
4.454000	-5.092883	19.566756	655.196671	0.611450	0.410183	4.795884
4.455000	-4.770981	20.048058	659.105545	-0.227541	-0.228495	-2.652572
4.456000	-5.213950	19.607085	655.199081	0.491176	0.410183	3.844761
4.457000	-5.496170	19.526869	654.416000	0.092019	0.050941	0.200164
4.458000	-5.536256	19.486538	654.727730	-0.067761	-0.108441	-1.067534
4.459000	-5.294930	19.727190	657.698715	0.571359	0.370395	4.163558
4.460000	-5.456488	19.687303	656.449829	-0.027963	0.010924	-0.432820
4.461000	-5.577150	19.647416	655.669792	0.651249	0.569566	4.953926
4.462000	-5.858966	19.286661	654.260452	-0.307724	-0.188477	-2.335414
4.463000	-5.738303	19.366877	656.136337	0.611450	0.450201	4.795884
4.464000	-5.375508	19.647416	657.544945	-0.147651	-0.028865	-0.592846
4.465000	-5.616832	19.407207	656.606964	0.291597	0.210553	1.785364
4.466000	-5.899052	19.086340	654.264626	0.331689	0.210783	1.626157
4.467000	-5.737495	19.126227	656.449120	0.051927	0.090730	0.040812
4.468000	-5.254036	19.326548	658.950241	0.731432	0.689619	5.429616
4.469000	-5.737495	18.846132	655.517784	-0.227541	-0.188247	-2.174240
4.470000	-5.696600	18.685698	654.890900	0.731432	0.689390	4.954416
4.471000	-5.495361	18.725585	657.699867	-0.147651	-0.108441	-1.382632
4.472000	-5.374295	18.565151	658.172012	0.491469	0.529778	4.003294
4.473000	-5.455276	18.606367	657.393028	0.052220	-0.028865	-0.432820
4.474000	-5.333805	18.485377	659.421967	0.411579	0.250801	3.212015
4.475000	-5.737495	17.883972	656.454262	0.411579	0.250801	2.261782
4.476000	-5.333805	18.044849	658.952217	-0.107560	-0.108441	-1.383872
4.477000	-4.971412	18.285499	662.234100	0.651249	0.689619	5.430107
4.478000	-5.535447	17.644206	657.547783	-0.107560	-0.268053	-3.286865
4.479000	-5.897840	17.282567	655.517418	0.691633	0.689619	6.224265
4.480000	-5.253227	17.603877	661.136734	-0.147651	-0.188247	-2.176391
4.481000	-5.092479	17.563990	662.233475	0.571359	0.410413	4.004114
4.482000	-5.737091	16.962585	657.703491	0.251799	0.170995	1.628470
4.483000	-5.656515	16.962585	659.265968	0.491469	0.330607	2.735177
4.484000	-5.697005	16.722377	659.888855	0.371780	0.450201	2.896588
4.485000	-5.575938	16.682490	661.294876	-0.027963	-0.108212	-1.068773
4.486000	-5.575938	16.762706	661.452126	0.571652	0.609813	5.112949
4.487000	-5.857754	16.201631	660.514221	-0.467211	-0.268053	-3.602546
4.488000	-6.381298	15.720330	656.919731	0.970809	0.809443	6.222297
4.489000	-5.697409	16.241518	663.481110	-0.187450	-0.148229	-0.906451
4.490000	-5.374295	16.241518	665.824242	0.531267	0.410183	3.210775
4.491000	-6.220954	15.600226	659.732674	0.371487	0.250801	2.578611
4.492000	-6.261040	15.480122	660.043755	0.451670	0.370625	3.054792
4.493000	-5.938734	15.600226	663.946152	0.331689	0.210783	1.309091
4.494000	-5.938734	15.520009	664.104904	-0.107560	0.091189	-0.116902
4.495000	-6.139973	15.239472	662.387146	0.571359	0.529778	4.161989
4.496000	-6.139973	15.199585	663.167107	-0.187450	-0.188247	-1.541257
4.497000	-6.381298	14.678396	660.977837	0.451377	0.530237	3.686466
4.498000	-5.937926	15.119368	665.353180	0.251799	0.130977	0.200746
4.499000	-5.575534	15.239914	666.758499	0.451670	0.370625	3.370219
4.500000	-6.260232	14.598179	663.005959	0.251799	0.170995	1.150558
4.501000	-6.421385	14.357529	660.818474	0.371780	0.290819	3.053482
4.502000	-5.937926	14.598179	665.192841	0.171616	0.330607	2.261292
4.503000	-5.695792	14.798943	667.692406	0.052220	-0.108212	-0.592592
4.504000	-6.139569	14.277755	664.099571	0.411872	0.530237	2.895278
4.505000	-6.219337	14.117321	663.160179	0.012129	-0.028176	-0.115991
4.506000	-6.099078	14.157208	665.813492	0.491469	0.410413	3.370548
4.507000	-5.856946	14.197095	666.596008	0.132403	0.211013	1.151378
4.508000	-6.058993	14.318084	665.815178	0.571652	0.330607	3.527933
4.509000	-6.260232	13.996774	666.280930	0.371780	0.330607	2.420407
4.510000	-6.744095	13.515473	662.841164	0.132403	0.091189	0.359441
4.511000	-6.018907	14.237868	668.466202	0.451670	0.370625	3.212015
4.512000	-5.777581	14.478517	670.809425	0.212293	0.171224	2.103249
4.513000	-6.341213	13.876670	667.683945	0.172201	0.210783	0.041960
4.514000	-6.704008	13.756566	665.493874	0.172201	0.171224	1.469118
4.515000	-6.139973	14.197095	670.959358	0.451670	0.410413	3.052900
4.516000	-6.220550	14.357972	670.492905	0.491469	0.330836	2.735177
4.517000	-6.663518	14.157208	668.305161	0.212293	0.290819	2.262203
4.518000	-6.582942	14.197095	669.396202	0.411872	0.290819	2.578611
4.519000	-6.623028	14.156765	669.550049	0.292476	0.171224	2.103249
4.520000	-6.380895	14.598179	671.111801	0.212293	0.290819	0.674868
4.521000	-6.340404	14.798943	671.423592	0.491762	0.251030	2.894621
4.522000	-6.743287	14.558292	669.392189	0.172494	0.211013	0.517321
4.523000	-7.104870	14.197095	666.107887	0.291890	0.251030	1.945299
4.524000	-6.299509	15.119368	672.355827	0.491762	0.330607	2.419496
4.525000	-6.258615	15.159255	672.514664	0.172201	0.211242	1.786183
4.526000	-6.782160	14.638066	667.671967	0.371780	0.251030	1.150138
4.527000	-6.620198	14.998821	668.762115	0.371780	0.330836	2.579851
4.528000	-6.136740	15.119368	672.510582	0.371780	0.211013	2.419496
4.529000	-6.297084	15.199142	670.635666	0.291890	0.290819	0.834970
4.530000	-6.497919	15.239472	670.323792	0.451963	0.330836	4.003456
4.531000	-6.376448	15.159255	670.478531	-0.027670	0.211013	-0.591935
4.532000	-6.497515	15.038708	670.165863	0.411872	0.251030	2.894621
4.533000	-5.771518	15.600226	673.602577	0.331982	0.330607	1.468444
4.534000	-5.972758	15.520451	673.447128	0.172201	0.211013	1.309091
4.535000	-6.133102	15.159255	671.572159	0.331982	0.251030	2.103578
4.536000	-5.891372	15.279802	672.506050	0.172201	0.170995	0.674706
4.537000	-5.205865	15.761102	677.973221	0.651834	0.530696	4.955656
4.538000	-5.487681	15.560781	675.316605	0.012421	0.091648	-0.434550
4.539000	-5.527364	15.440677	674.378731	0.651834	0.530466	5.429778
4.540000	-5.365806	15.441120	675.784927	0.012421	0.011612	-0.434550
4.541000	-4.922432	15.601111	677.812981	0.411872	0.291048	3.053482
4.542000	-4.760876	15.761988	678.750862	0.172201	0.171224	0.041631
4.543000	-4.598914	15.641441	677.969414	0.172494	0.211242	0.834150
4.544000	-4.760471	15.401233	676.093567	0.492054	0.410872	3.686137
4.545000	-4.437357	15.561667	678.590706	-0.067469	-0.027946	-1.226649
4.546000	-3.752255	16.042968	680.933105	0.731724	0.610502	6.064584
4.547000	-4.195223	15.642327	678.278831	0.012421	-0.027946	-1.225668
4.548000	-4.194819	15.521780	675.777061	0.652127	0.570714	5.113041
4.549000	-4.073752	15.642327	676.401474	-0.067469	-0.067964	-1.860964
4.550000	-3.307670	16.042968	681.866943	0.612036	0.530696	4.953597
4.551000	-3.468418	16.003081	679.368347	0.092604	0.011842	0.359025
4.552000	-3.508101	15.962751	677.805901	0.132403	0.211242	0.200256
4.553000	-3.668849	15.922864	677.022758	0.652127	0.530696	4.795884
4.554000	-3.024237	16.283619	679.209465	-0.067469	-0.027946	-0.907761
4.555000	-2.943256	16.564600	679.677773	0.771816	0.570714	6.064584
4.556000	-3.063515	16.404166	678.270851	-0.107267	-0.027946	-1.224428
4.557000	-3.425502	16.042968	673.739120	0.811907	0.729867	6.539035
4.558000	-2.942044	16.403722	676.861443	-0.187157	-0.107753	-2.335414
4.559000	-2.297028	17.085345	680.921722	0.531853	0.490908	4.320614
4.560000	-2.578843	16.684261	676.393410	0.212586	0.091877	0.834878
4.561000	-2.820169	16.684261	674.046104	0.092604	0.091877	-0.275435
4.562000	-2.578035	16.724148	674.669708	0.652127	0.490908	4.796212
4.563000	-2.175152	17.125674	676.543114	-0.067176	-0.027946	-0.433639
4.564000	-2.215238	17.205448	675.606102	0.732017	0.650520	6.223117
4.565000	-1.933018	17.285666	675.759865	-0.147066	-0.147541	-2.019497
4.566000	-2.537140	16.844695	671.226601	0.691926	0.610731	5.269844
4.567000	-1.933018	17.205448	673.413391	-0.067176	0.012071	-0.591935
4.568000	-1.408261	17.847184	676.693672	0.452256	0.411102	3.211686
4.569000	-1.609905	17.526760	673.724403	0.132696	0.171683	0.992683
4.570000	-2.133449	17.245335	668.879311	0.252677	0.051860	0.675617
4.571000	-1.689672	17.646421	672.002380	0.691926	0.570714	4.161827
4.572000	-1.085146	18.207939	674.658211	-0.147066	-0.067735	-1.382632
4.573000	-1.648778	17.846742	670.284569	0.772109	0.650520	5.587821
4.574000	-1.286790	18.207939	671.064430	-0.067176	-0.107753	-0.750468
4.575000	-1.487625	17.966845	669.810722	0.612036	0.490908	4.003294
4.576000	-1.286386	18.288157	669.967712	0.092897	0.052089	0.041631
4.577000	-0.923590	18.728684	671.841263	0.372073	0.251719	2.894038
4.578000	-1.003761	18.769015	671.057144	0.412164	0.411102	2.260963
4.579000	-1.567797	18.287713	666.216003	0.013007	-0.027717	-0.591843
4.580000	-0.963271	18.889118	670.274643	0.612036	0.530925	4.479804
4.581000	-0.559985	19.330533	672.463905	-0.266462	-0.187329	-2.493947
4.582000	-1.083530	18.929449	667.618752	0.732017	0.610731	5.748176
4.583000	-1.002953	19.089439	667.459274	-0.226663	-0.187329	-1.699789
4.584000	-0.680243	19.369978	670.113350	0.372659	0.490908	3.369729
4.585000	-0.720329	19.450194	669.332596	0.292768	0.211931	1.786183
4.586000	-0.800501	19.570297	666.988579	0.252677	0.171683	1.945627
4.587000	-0.719925	19.731175	668.392136	0.412164	0.371313	2.895278
4.588000	-1.001337	19.409865	666.044121	0.092897	0.012301	0.358460
4.589000	-0.558367	19.891165	667.921509	0.612329	0.570943	4.479804
4.590000	-0.477791	20.251476	669.012535	-0.226663	-0.386959	-2.810356
4.591000	-0.638540	20.051157	667.293747	0.732017	0.690537	5.113041
4.592000	-1.000932	20.051157	664.791870	-0.027377	-0.027487	-0.592264
4.593000	-0.436493	20.331694	667.601547	0.452256	0.451119	2.894367
4.594000	-0.356320	20.571902	668.382210	0.292768	0.291737	2.578611
4.595000	-0.838971	20.251476	664.164917	0.372659	0.411331	3.053482
4.596000	-0.798481	20.492128	664.162437	0.292768	0.371313	2.263022
4.597000	-0.395598	20.571902	666.971291	0.053098	-0.027717	-0.433639
4.598000	-0.274531	20.732336	666.503868	0.612329	0.610731	4.004114
4.599000	-0.677010	20.732778	664.316223	-0.187157	-0.267365	-1.857994
4.600000	-0.395194	20.892326	665.093765	0.612036	0.530925	3.529173
4.601000	-0.757586	20.571902	662.906090	0.092897	0.012071	0.200256
4.602000	-0.395194	20.932213	665.560051	0.452256	0.490908	3.527933
4.603000	-0.153464	21.213636	666.654381	0.252677	0.131895	1.786183
4.604000	-0.837758	20.731892	661.810112	0.292768	0.371313	3.053482
4.605000	-0.797268	20.731892	661.026077	0.492054	0.411331	2.578611
4.606000	-0.112570	21.332855	666.335205	0.172787	0.012301	1.309091
4.607000	-0.273724	21.332855	664.931480	0.212586	0.331296	0.834479
4.608000	-0.877440	20.972100	660.867241	0.212878	0.092107	1.150558
4.609000	-0.635711	21.092205	661.646309	0.412164	0.411102	2.894367
4.610000	-0.635711	21.051874	661.956436	0.212878	0.131895	0.198197
4.611000	-0.554730	21.252195	662.425461	0.292476	0.251719	2.420407
4.612000	-0.514644	21.292082	661.644547	0.412164	0.411331	2.894038
4.613000	-0.796460	21.011545	659.922539	0.252677	0.291737	1.944808
4.614000	-1.078679	20.811224	657.108780	0.292476	0.371313	2.420407
4.615000	-0.191934	21.532732	662.889267	0.252677	0.172143	2.577371
4.616000	-0.514644	21.412629	661.794243	0.052806	0.131895	0.042871
4.617000	-0.998103	20.851111	656.636475	0.292476	0.131895	1.626831
4.618000	-1.118765	20.770451	655.857239	0.292476	0.371313	1.945045
4.619000	-0.555134	21.211866	660.071266	0.252677	0.211931	1.945627
4.620000	-0.675797	21.090875	658.198784	0.292768	0.171683	1.309091
4.621000	-0.877440	21.011545	656.791924	0.332567	0.371313	3.052571
4.622000	-1.038593	20.690233	655.382469	0.292476	0.211931	2.103341
4.623000	-1.079084	20.649462	654.758774	0.332567	0.331296	1.309091
4.624000	-0.474558	21.090875	658.196922	0.252677	0.211931	2.103341
4.625000	-0.716287	20.930885	656.947144	0.132696	0.251719	0.041140
4.626000	-1.199746	20.329480	652.258423	0.372659	0.291737	3.527604
4.627000	-1.320409	20.128716	651.318665	0.172787	0.331296	0.834970
4.628000	-0.595221	20.770008	656.628784	0.252677	0.131895	1.625009
4.629000	-0.877440	20.529357	654.911667	0.292476	0.371313	2.735834
4.630000	-1.038189	20.208490	652.880249	0.372659	0.251719	1.945627
4.631000	-1.240236	20.048058	651.161430	0.252677	0.251719	1.784361
4.632000	-1.119170	20.048058	652.252472	0.252384	0.171683	0.834479
4.633000	-0.958016	20.168602	652.880165	0.652127	0.491137	4.480548
4.634000	-1.119170	19.967840	651.783447	0.013007	0.052089	-0.274777
4.635000	-1.602628	19.446651	648.501556	0.412164	0.251949	2.576972
4.636000	-1.562138	19.325662	648.970413	0.252677	0.251719	0.834970
4.637000	-1.119170	19.887180	651.626213	0.172787	0.211931	0.992683
4.638000	-1.320409	19.566756	649.908302	0.292768	0.211931	1.309749
4.639000	-1.642714	19.165672	647.406342	0.172787	0.251719	1.153200
4.640000	-1.843954	18.964907	645.373322	0.492054	0.291737	4.002545
4.641000	-1.441475	19.205559	649.747879	0.092897	0.092107	-0.749557
4.642000	-1.723695	19.085012	647.249832	0.612329	0.411331	4.953597
4.643000	-1.844762	18.925020	646.154907	0.053098	0.012071	-0.434550
4.644000	-1.965425	18.604154	645.370789	0.372659	0.331755	3.529334
4.645000	-1.764590	18.644041	645.839722	0.172787	0.131895	-0.274287
4.646000	-1.562946	18.964907	647.246582	0.252677	0.291737	0.675617
4.647000	-1.643523	18.644483	646.620392	0.372659	0.291737	3.370219
4.648000	-2.127387	18.203068	642.714806	-0.067176	0.052089	-1.698878
4.649000	-2.126982	18.163181	643.024117	0.652127	0.491367	5.113041
4.650000	-1.442688	18.564267	647.086060	0.092897	0.052089	-0.431580
4.651000	-2.006724	18.082963	642.711517	0.652127	0.531155	5.431929
4.652000	-2.208367	18.123294	642.554314	0.013007	0.052089	-0.750468
4.653000	-1.926147	18.002747	644.114182	0.652420	0.491367	4.796795
4.654000	-1.805888	18.082963	644.738678	0.093190	0.092107	0.360756
4.655000	-1.926551	18.083407	643.488281	0.013007	0.052089	-0.751287
4.656000	-1.845975	18.083407	644.111954	0.612329	0.491137	4.161827
4.657000	-2.329434	17.561776	640.360878	-0.107267	-0.067505	-1.540346
4.658000	-2.168685	17.682323	642.235222	0.692219	0.570943	5.270755
4.659000	-1.604649	18.043520	644.735390	-0.067176	-0.027487	-1.064984
4.660000	-2.048022	17.722652	641.922539	0.851999	0.730785	6.698479
4.661000	-2.289348	17.441671	639.265854	-0.147066	-0.107523	-2.177701
4.662000	-1.846379	17.762981	643.011978	0.612329	0.451349	4.161170
4.663000	-1.645544	17.842755	645.043137	0.093190	0.092107	-0.115754
4.664000	-2.250070	17.521889	639.730705	0.092897	0.052319	-0.274195
4.665000	-2.129407	17.642436	640.822601	0.612329	0.531155	4.479147
4.666000	-2.209984	17.481558	640.977203	-0.026792	0.012301	-0.909001
4.667000	-2.089321	17.561776	641.912781	0.692219	0.570943	5.429778
4.668000	-1.928572	17.962860	644.255905	-0.106974	-0.147311	-1.224428
4.669000	-2.251282	17.682323	641.442154	0.851999	0.731014	6.857340
4.670000	-2.815318	17.281681	638.629112	0.013007	-0.067505	-1.223770
4.671000	-2.332263	17.762539	644.095474	0.332567	0.331755	2.736416
4.672000	-2.212005	17.883086	645.031837	0.172787	0.211931	0.518233
4.673000	-2.857021	17.361897	639.875778	0.053098	0.012301	0.042052
4.674000	-3.138836	17.361897	640.030434	0.652420	0.491367	5.272393
4.675000	-2.615695	17.722652	643.778793	-0.186572	-0.067505	-1.541165
4.676000	-2.696272	17.762981	644.246132	0.772109	0.730785	5.429778
4.677000	-2.938406	17.723094	642.998039	-0.026792	-0.067505	-1.224428
4.678000	-3.180136	17.642878	641.743378	0.612329	0.531155	4.954508
4.679000	-3.422269	17.402228	640.802994	-0.026792	-0.067505	-0.908672
4.680000	-2.979300	17.923415	644.553864	0.292768	0.251949	2.735834
4.681000	-2.818147	18.244727	645.801239	0.292768	0.331755	3.052571
4.682000	-3.261925	17.883086	643.145416	0.132988	-0.027487	0.042213
4.683000	-3.664807	17.683207	640.177002	0.692219	0.610961	4.796212
4.684000	-3.100771	18.284614	645.018013	-0.186572	-0.107293	-1.700609
4.685000	-2.778870	18.605038	647.517632	0.732017	0.730785	5.748176
4.686000	-3.624721	18.244727	642.673279	-0.186572	-0.107293	-1.699789
4.687000	-3.745788	18.164511	640.953766	0.532439	0.491137	3.529173
4.688000	-3.303223	18.405161	644.858467	0.252970	0.172143	1.469446
4.689000	-3.302819	18.726028	644.703003	0.292768	0.212160	1.943897
4.690000	-3.343309	18.726028	644.390480	0.452256	0.371772	3.210775
4.691000	-3.424290	18.726028	643.606361	0.132988	0.012531	0.992516
4.692000	-4.068498	18.324944	640.639481	0.772109	0.770803	5.271903
4.693000	-3.464780	18.966679	645.324303	-0.226663	-0.226888	-2.810356
4.694000	-3.223051	19.287546	646.731232	0.732310	0.730785	5.429288
4.695000	-3.988730	18.645811	642.512131	-0.026792	-0.027487	-0.750796
4.696000	-4.311440	18.566036	639.699997	0.372659	0.331755	2.260963
4.697000	-3.586251	18.966679	645.636108	0.212878	0.291966	2.576972
4.698000	-3.667232	19.127554	644.855362	0.372659	0.331755	3.371130
4.699000	-4.029624	18.926791	642.513008	0.372659	0.371772	3.212015
4.700000	-3.949048	18.926791	643.292091	0.132988	-0.067505	0.042542
4.701000	-4.070114	18.846575	642.508926	0.732017	0.650749	5.588969
4.702000	-4.029624	19.127998	642.824020	-0.346352	-0.266905	-2.652572
4.703000	-3.989538	19.327875	643.136627	0.572237	0.491137	3.529173
4.704000	-4.312248	18.886904	641.259171	0.013300	-0.067505	-0.433148
4.705000	-4.634150	18.766357	638.446999	0.532439	0.491137	3.527933
4.706000	-3.989538	19.448422	643.602364	0.292768	0.251949	2.420407
4.707000	-4.070114	19.368206	642.667679	0.452256	0.291966	2.578611
4.708000	-4.432911	19.248545	639.542847	0.612329	0.451349	3.845910
4.709000	-4.553573	19.127554	639.383377	0.132988	0.012531	0.518723
4.710000	-4.191586	19.367762	641.727219	0.292768	0.331755	1.469446
4.711000	-4.473402	19.448422	640.010269	-0.106389	-0.027487	-0.909329
4.712000	-4.473402	19.448422	638.760406	0.532439	0.530925	3.845910
4.713000	-4.594872	19.327875	638.446915	0.013007	-0.067505	-0.275435
4.714000	-4.755621	19.287546	638.288971	0.532439	0.451349	3.371459
4.715000	-4.232076	19.809177	640.475861	0.292768	0.251949	2.734594
4.716000	-4.634958	19.728961	638.600945	0.452256	0.251949	2.578611
4.717000	-4.796515	19.408093	635.945152	0.332567	0.291737	2.578611
4.718000	-4.836602	19.447980	636.411537	0.252677	0.132354	1.945045
4.719000	-4.353547	19.889393	639.848953	0.212878	0.291737	0.992683
4.720000	-4.756429	19.649187	636.101410	0.173080	0.052319	0.832582
4.721000	-4.796920	19.649187	635.630867	0.372659	0.291737	2.260963
4.722000	-4.837815	19.649187	635.784798	0.252970	0.172143	1.309091
4.723000	-4.555595	19.768848	637.969894	0.332860	0.291966	2.894038
4.724000	-4.555998	19.849506	636.724380	0.332860	0.251949	2.260963
4.725000	-4.676661	19.649187	634.690567	0.292768	0.251949	2.576390
4.726000	-4.959286	19.448422	633.439095	0.292768	0.331755	1.469446
4.727000	-4.717960	19.689516	635.001564	0.413043	0.172372	3.369400
4.728000	-4.314674	20.010384	637.189247	0.093190	0.092107	-0.590695
4.729000	-4.717960	19.728961	634.534309	0.533024	0.371772	3.844761
4.730000	-5.080352	19.328319	630.784248	0.252677	0.371772	1.466805
4.731000	-4.758451	19.568969	633.438377	0.292768	0.252178	2.262693
4.732000	-4.194416	20.050271	637.343987	0.332567	0.331755	2.578940
4.733000	-4.758855	19.689516	632.348244	0.332860	0.371772	2.578940
4.734000	-4.879518	19.529082	630.938103	0.173373	0.132354	1.152035
4.735000	-4.798941	19.609300	632.187080	0.212878	0.252178	0.516502
4.736000	-4.638597	19.689516	633.125877	0.652420	0.292196	4.479147
4.737000	-4.477039	19.929724	633.594902	0.093190	0.092566	-0.432491
4.738000	-4.718769	19.769290	632.184685	0.452841	0.252178	3.846492
4.739000	-5.242718	19.328319	628.593483	0.252970	0.252178	1.470923
4.740000	-4.598106	19.769290	632.340218	0.332860	0.172372	2.735834
4.741000	-4.195223	20.210705	636.247429	0.212878	0.212160	1.311571
4.742000	-5.000989	19.488309	629.998642	0.212878	0.291966	1.627160
4.743000	-5.202228	19.408093	628.122063	0.293061	0.291966	3.211686
4.744000	-4.799345	19.728961	631.401474	0.093190	0.092566	-0.750468
4.745000	-4.678279	19.768848	631.870499	0.612621	0.451808	4.637351
4.746000	-4.799345	19.809177	630.153381	0.213171	0.252178	1.309749
4.747000	-4.798941	19.849064	630.775459	0.652420	0.372002	4.636860
4.748000	-5.202228	19.327433	627.650627	0.093190	0.132354	-0.433310
4.749000	-4.879518	19.688630	630.150177	0.292768	0.291966	2.260963
4.750000	-4.436145	20.049385	632.493385	0.293061	0.252408	2.578940
4.751000	-5.040267	19.528196	629.212296	-0.066297	-0.146852	-1.067205
4.752000	-5.563811	19.127554	624.836967	0.572530	0.372002	4.003294
4.753000	-4.919603	19.687745	630.305710	0.132988	0.172372	0.200256
4.754000	-4.717556	19.888509	631.709366	0.732310	0.611420	5.906380
4.755000	-5.200611	19.527311	627.337234	0.093190	-0.027258	-0.750468
4.756000	-5.442340	19.447536	627.023834	0.692219	0.451808	5.431929
4.757000	-5.401850	19.526869	628.270233	0.093190	0.132354	-0.274287
4.758000	-5.240697	19.607085	628.586227	0.173080	0.172372	0.199927
4.759000	-5.360956	19.727190	628.272705	0.413043	0.292196	3.211104
4.760000	-5.401042	19.606643	628.270233	-0.026792	-0.027258	-1.067205
4.761000	-6.085739	19.165228	625.145309	0.732603	0.531844	5.748666
4.762000	-5.481214	19.846851	629.207321	0.013300	0.052778	-0.432820
4.763000	-5.400637	20.087501	631.552055	0.932474	0.771032	6.540274
4.764000	-5.964268	19.606199	627.800415	-0.186572	-0.027258	-1.542076
4.765000	-6.286170	19.485210	626.083214	0.732310	0.451808	5.113041
4.766000	-5.963460	19.845965	630.141937	0.013300	-0.027258	-0.907033
4.767000	-6.044036	19.926181	629.986473	0.053098	0.132584	-0.275925
4.768000	-6.405620	19.765747	627.644073	0.612621	0.491367	4.321433
4.769000	-6.204381	19.926181	628.892876	-0.106389	-0.067276	-0.909001
4.770000	-6.526687	19.725418	629.514969	0.852291	0.731014	7.330971
4.771000	-6.364726	20.046286	630.456123	0.013300	-0.067276	-0.907761
4.772000	-6.485388	20.126060	629.204048	0.812200	0.691226	6.222626
4.773000	-6.605647	19.925295	629.828377	-0.186572	-0.027258	-1.542076
4.774000	-7.129192	19.684645	626.859955	0.652420	0.531385	4.636531
4.775000	-6.605242	20.205834	631.389946	0.093190	0.052778	-0.115662
4.776000	-6.564752	20.205390	632.640533	0.173080	0.092566	0.200256
4.777000	-7.088297	19.845079	629.046822	0.692219	0.531385	5.112130
4.778000	-7.006912	19.884966	629.826859	0.053391	-0.027258	-0.593083
4.779000	-6.604434	20.245277	633.886314	0.812200	0.731014	5.589971
4.780000	-6.845355	20.044956	632.172478	-0.226370	-0.186870	-2.335414
4.781000	-7.046594	19.964740	631.079857	0.812200	0.730785	6.380502
4.782000	-6.844951	20.044956	632.639824	-0.106974	-0.146852	-1.065895
4.783000	-6.966018	19.724090	632.327217	0.372659	0.331984	2.734686
4.784000	-6.682989	20.165061	634.669556	0.212878	0.172372	1.627979
4.785000	-6.602413	20.125174	634.825966	0.252970	0.212160	1.943897
4.786000	-7.045382	19.684203	631.076668	0.612621	0.491367	3.688196
4.787000	-6.924315	19.763978	632.950836	-0.026792	-0.027258	-1.224428
4.788000	-6.279298	20.204948	638.104675	0.772401	0.731014	5.903738
4.789000	-6.602008	20.044956	635.138580	-0.226370	-0.186870	-2.335414
4.790000	-6.883420	19.684203	633.577095	0.452841	0.531385	3.528844
4.791000	-6.721863	19.724532	634.512581	0.133281	-0.027258	0.200746
4.792000	-6.440047	19.884966	636.543098	0.492933	0.291966	3.053482
4.793000	-6.399557	19.925295	637.012848	0.212878	0.212160	2.102759
4.794000	-6.399557	19.965626	636.699440	0.413043	0.212390	2.577883
4.795000	-6.802036	19.524211	634.042931	0.492933	0.411790	3.686466
4.796000	-6.721863	19.644316	635.291908	-0.306260	-0.266676	-2.335414
4.797000	-6.157019	20.085729	639.042824	0.692511	0.651208	5.589971
4.798000	-6.559902	19.765305	636.544098	-0.186572	-0.186870	-1.699789
4.799000	-7.123937	19.364221	632.480629	0.332860	0.371772	2.735834
4.800000	-6.680968	19.564542	635.763268	0.252970	0.212160	2.259324
4.801000	-6.157019	19.925295	639.822800	0.532439	0.372002	3.370219
4.802000	-6.519412	19.684645	637.795464	0.332860	0.331984	3.211196
4.803000	-6.720650	19.644758	636.544182	0.093190	0.012531	0.517904
4.804000	-6.801227	19.404108	635.606194	0.612329	0.531385	3.528752
4.805000	-6.680564	19.564542	638.105766	-0.226370	-0.266446	-2.016527
4.806000	-6.236787	20.005955	641.077377	0.572530	0.531155	4.003294
4.807000	-6.519007	19.684645	638.888268	0.053391	-0.067276	-1.067534
4.808000	-7.123128	19.203343	635.764221	0.572530	0.611420	3.844179
4.809000	-6.840909	19.564542	638.106560	0.213171	0.212160	2.262456
4.810000	-6.196297	20.005955	642.327316	0.332860	0.212160	2.103341
4.811000	-6.800014	19.644758	639.046211	0.572530	0.411790	3.529173
4.812000	-6.920677	19.444437	637.639397	0.173080	0.172372	1.150558
4.813000	-6.840101	19.404550	638.887474	0.452841	0.491367	3.053811
4.814000	-6.558284	19.725418	642.014008	-0.186572	-0.266676	-1.700609
4.815000	-6.759523	19.845965	640.453232	0.532439	0.491367	3.527442
4.816000	-6.638052	19.604871	640.295288	0.093190	-0.027258	-0.433148
4.817000	-7.081022	19.364663	639.199539	0.492933	0.411790	3.052571
4.818000	-6.839696	19.605757	640.920654	0.332860	0.291966	3.053482
4.819000	-6.355833	19.966512	643.889969	0.452841	0.331984	2.418768
4.820000	-6.678139	19.766191	642.482330	0.372659	0.252178	2.420407
4.821000	-7.161193	19.325220	639.202919	0.173373	0.092566	1.470266
4.822000	-6.798802	19.565870	642.168922	0.213171	0.291966	0.834150
4.823000	-6.436005	19.886738	646.232452	0.093190	-0.106834	0.042213
4.824000	-6.919060	19.526425	641.236023	0.332860	0.331984	1.945045
4.825000	-6.758312	19.566312	642.482498	0.173373	0.092796	0.675617
4.826000	-6.597158	19.646530	644.357574	0.572530	0.451808	3.687377
4.827000	-6.597158	19.686859	645.138489	0.252970	0.212390	2.103341
4.828000	-6.556668	19.967840	644.983826	0.293061	0.252178	1.785693
4.829000	-6.476091	19.967840	646.232086	0.332860	0.292196	2.103341
4.830000	-7.080213	19.326548	642.482773	0.253263	0.132584	2.103249
4.831000	-6.637244	19.928396	647.012207	-0.106389	0.132354	-0.908672
4.832000	-6.355024	20.248821	649.980713	0.293061	0.212620	2.736088
4.833000	-6.636841	19.848178	646.544167	0.293061	0.332214	1.943897
4.834000	-6.838080	19.848622	646.074501	0.213171	0.092796	0.675617
4.835000	-6.314534	20.209819	650.758522	0.413043	0.332214	2.260963
4.836000	-6.153786	20.250148	650.917435	0.413043	0.332214	2.738055
4.837000	-6.636841	20.050713	648.262680	0.173373	0.172602	1.784361
4.838000	-6.234362	20.091044	649.510773	0.093483	0.172602	0.201495
4.839000	-5.952142	20.011270	650.602783	0.533317	0.292426	4.161989
4.840000	-5.589750	20.212033	652.009956	-0.026206	0.092796	-0.909491
4.841000	-5.186868	20.333465	652.322815	0.533317	0.332443	4.161170
4.842000	-4.985628	20.173917	652.479332	0.213171	0.212620	0.834970
4.843000	-4.985628	19.893822	650.289375	0.373244	0.292655	2.736416
4.844000	-3.978625	20.415895	655.444901	0.213464	0.172831	0.834150
4.845000	-3.334013	20.456668	656.852783	0.373537	0.252637	1.469285
4.846000	-3.535656	19.896036	652.480034	0.333445	0.412479	3.053482
4.847000	-3.093091	19.776374	652.479401	0.173665	0.053467	-0.593083
4.848000	-2.085683	20.218675	657.944374	0.493518	0.372920	3.845581
4.849000	-1.723291	20.219559	657.323326	0.014178	0.093484	-0.117392
4.850000	-1.562138	20.019682	655.448517	0.613500	0.492744	4.954508
4.851000	-0.958016	19.980237	656.072372	0.053977	0.013678	-0.749228
4.852000	-0.676201	19.780360	655.915321	0.293647	0.332903	2.101120
4.853000	0.049392	20.181887	658.884079	0.373830	0.332903	1.788081
4.854000	0.411784	20.303318	659.199265	0.253848	0.053696	0.357640
4.855000	0.210949	19.742244	655.914253	0.293940	0.213538	2.260235
4.856000	0.452274	19.622139	655.447868	0.174251	0.173290	0.199765
4.857000	1.580750	20.384864	661.697655	0.693683	0.492744	4.795064
4.858000	1.580750	20.184987	661.384323	-0.025620	0.093714	-0.751287
4.859000	1.339019	19.864561	657.479790	0.693683	0.532762	5.590133
4.860000	1.460491	19.784787	656.854507	0.014178	0.013908	-0.909491
4.861000	1.943950	20.025880	660.916550	0.334031	0.253556	1.626831
4.862000	2.145593	20.186758	661.074028	0.214342	0.253556	1.788081
4.863000	2.065421	20.026766	659.200554	-0.025620	-0.025880	-1.225738
4.864000	1.944354	19.786558	658.885567	0.493811	0.413397	3.527696
4.865000	2.025335	19.667341	658.104996	-0.105510	0.014137	-0.591843
4.866000	2.669947	20.228859	662.949524	0.653884	0.572780	5.271574
4.867000	2.750524	20.228859	663.888313	0.134452	0.133961	0.042052
4.868000	2.307959	19.868989	659.513947	0.653884	0.532992	5.589643
4.869000	2.307555	19.789215	659.044373	-0.025328	-0.025880	-1.226320
4.870000	2.911676	20.189857	664.980408	0.214342	0.293803	1.310094
4.871000	2.951762	20.150856	663.577820	0.533902	0.333591	3.211196
4.872000	2.710437	19.990422	662.482002	-0.224906	-0.145245	-2.336234
4.873000	2.710437	19.750214	662.952713	0.773865	0.732851	6.381741
4.874000	2.871186	19.790987	662.951271	-0.025328	-0.065439	-0.591843
4.875000	3.233982	20.192071	665.294563	0.853755	0.652815	5.589643
4.876000	3.233982	20.192513	665.923149	-0.065126	0.014597	-0.750376
4.877000	2.710033	19.672212	661.232086	0.733774	0.533451	5.747847
4.878000	2.830696	19.672212	662.638222	-0.025328	0.014597	-1.540836
4.879000	3.434817	20.153955	667.483475	0.134452	0.134191	0.515683
4.880000	3.193492	20.033850	664.829346	0.494104	0.373839	3.846330
4.881000	2.830696	19.593321	662.640961	-0.105218	-0.145015	-2.334412
4.882000	2.870782	19.633208	663.578064	0.773865	0.692833	5.428797
4.883000	3.233982	19.874746	666.389587	-0.224906	-0.264839	-1.383942
4.884000	2.911272	19.834415	665.455864	1.013243	0.852675	7.649859
4.885000	2.951762	19.834859	666.081955	-0.224906	-0.145015	-1.541165
4.886000	2.589370	19.474104	663.891899	0.614085	0.533451	4.478327
4.887000	2.427813	19.393886	665.298813	0.054855	0.054614	-0.591843
4.888000	2.710437	19.835301	667.333580	0.254727	0.333821	2.102031
4.889000	2.428217	19.595093	666.238556	0.334617	0.214226	2.262203
4.890000	1.743519	19.114235	663.739166	-0.105218	0.014826	-1.068024
4.891000	2.106315	19.475432	667.802620	0.853755	0.812657	7.013415
4.892000	2.549284	19.835745	670.772087	-0.224906	-0.224821	-2.333754
4.893000	1.582366	19.194451	666.244598	0.854048	0.772869	6.065333
4.894000	1.502194	19.275111	667.181671	0.054855	-0.064980	-0.432981
4.895000	1.421618	19.194895	668.740829	0.574287	0.373839	3.846001
4.896000	1.179888	19.114677	669.680420	0.094947	0.134650	0.042963
4.897000	1.059225	19.315884	669.995590	0.454305	0.453874	3.369492
4.898000	0.898477	19.195337	670.619354	0.294818	0.294032	2.893548
4.899000	0.293951	18.794697	668.745911	0.134745	0.014826	-0.590932
4.900000	0.535680	19.155450	672.183517	0.654177	0.613486	4.796142
4.901000	0.737324	19.356214	675.151215	-0.224614	-0.184804	-1.383942
4.902000	-0.028356	18.795139	671.873405	0.734067	0.613486	4.640251
4.903000	-0.672563	18.514601	669.999298	0.094947	0.094632	0.200256
4.904000	-0.148614	18.795580	674.841171	0.334617	0.333821	3.211196
4.905000	-0.188700	18.915685	676.717773	0.414214	0.334050	2.102031
4.906000	-0.994465	18.394940	672.503029	0.294525	0.254244	2.418440
4.907000	-0.913888	18.595703	674.845428	0.294525	0.373839	3.053811
4.908000	-0.873802	18.555374	676.564957	0.134745	-0.024962	-0.275925
4.909000	-1.114723	18.515929	677.971077	0.693975	0.693063	5.273563
4.910000	-0.954378	18.716250	679.536110	-0.224614	-0.224592	-1.700280
4.911000	-1.437838	18.235392	677.816582	0.614085	0.533451	3.527442
4.912000	-2.283689	17.714645	674.226883	0.334617	0.174209	1.628562
4.913000	-1.639077	18.316052	681.100883	0.214635	0.294032	2.736416
4.914000	-1.437838	18.356381	683.913925	0.574287	0.373839	3.687377
4.915000	-2.484928	17.554213	677.510567	0.414214	0.294032	2.419679
4.916000	-2.565504	17.674758	678.602478	0.454013	0.413627	3.370968
4.917000	-2.283689	17.835636	683.134163	-0.105218	-0.064980	-0.433639
4.918000	-2.566312	17.795749	683.134163	0.693975	0.613027	4.004534
4.919000	-2.968387	17.555541	680.949852	-0.184815	-0.145015	-0.592172
4.920000	-3.170434	17.435436	681.417191	0.374122	0.413627	2.894367
4.921000	-3.693979	16.873918	679.073189	0.334617	0.134650	1.627160
4.922000	-3.251415	17.354778	684.231842	0.414214	0.493662	3.211196
4.923000	-3.210924	17.475767	686.577522	0.414214	0.333821	3.211196
4.924000	-3.976199	16.914691	682.358543	0.414214	0.174209	1.153038
4.925000	-4.500148	16.473720	680.639809	0.614085	0.573468	4.478985
4.926000	-3.936113	17.155343	686.576714	-0.065126	-0.025192	0.200256
4.927000	-3.896431	17.075125	687.359329	0.414214	0.453415	1.943574
4.928000	-4.702196	16.514049	682.986404	0.054855	0.014826	0.201167
4.929000	-4.943926	16.314172	682.987198	0.454305	0.573468	4.161337
4.930000	-4.783176	16.394388	685.327911	0.294525	0.174209	2.103341
4.931000	-4.582342	16.675369	686.580994	0.494104	0.373839	2.737074
4.932000	-5.065397	16.595153	685.801842	0.374122	0.413627	4.004534
4.933000	-5.106291	16.274727	684.079124	0.374708	0.254015	1.944156
4.934000	-5.629837	15.953861	682.674675	0.454305	0.294032	1.470196
4.935000	-5.187272	16.555707	686.426399	0.214635	0.294032	2.104252
4.936000	-5.187272	16.515820	687.363495	0.174837	0.254015	0.992683
4.937000	-5.711625	16.074849	684.553185	0.254727	0.054844	0.836301
4.938000	-6.114508	15.874528	681.894897	0.414214	0.453874	2.735834
4.939000	-5.671539	16.275612	687.517517	0.094947	0.134650	1.627160
4.940000	-5.591772	16.356272	687.208382	0.494104	0.334050	2.104581
4.941000	-5.913672	16.155951	685.178482	0.254434	0.334050	2.260564
4.942000	-6.035548	15.955630	684.394463	0.255019	0.334050	3.053482
4.943000	-5.914077	16.036290	685.800568	0.214635	0.134650	-0.274686
4.944000	-5.955376	16.116950	685.333481	0.454305	0.294262	3.527696
4.945000	-5.915694	16.037620	686.272888	0.055148	0.214226	-0.273866
4.946000	-5.956185	15.796968	683.927444	0.334617	0.174668	2.735597
4.947000	-6.238404	15.436657	682.519730	0.294525	0.334050	1.628729
4.948000	-5.433043	16.159050	686.894341	0.214928	0.214226	1.311571
4.949000	-5.352871	16.119607	686.116165	0.454305	0.294262	1.945794
4.950000	-5.755754	15.718965	682.522484	0.214635	0.254244	1.153130
4.951000	-5.554918	15.639191	682.365334	0.454305	0.414086	4.004534
4.952000	-4.991287	15.920172	685.801971	0.174837	0.054844	-0.274686
4.953000	-5.071864	15.720737	682.993187	0.694268	0.573928	5.431601
4.954000	-5.031777	15.720737	682.526009	-0.064541	0.014826	-0.591514
4.955000	-4.831347	15.601076	682.211014	0.574287	0.294262	3.370640
4.956000	-4.669790	15.401197	681.898331	0.294818	0.334050	1.945137
4.957000	-4.186736	15.923271	684.399483	0.254727	0.214686	1.786604
4.958000	-4.227630	15.723394	682.369926	0.334909	0.254244	1.786350
4.959000	-4.388783	15.281979	679.090515	0.094947	0.254244	0.041561
4.960000	-4.066881	15.402968	680.025131	0.654470	0.533910	5.113041
4.961000	-3.502846	15.804496	683.932472	0.054855	0.094862	-0.432399
4.962000	-3.664807	15.444185	679.089096	0.654470	0.573928	5.114863
4.963000	-3.825556	15.243864	679.244644	-0.144723	0.054844	-0.591024
4.964000	-3.544549	15.324523	678.466301	0.574580	0.294721	3.686557
4.965000	-3.061089	15.405181	680.180939	-0.024449	0.094862	-0.115662
4.966000	-2.698293	15.686606	681.122192	0.294818	0.214686	1.942587
4.967000	-2.820169	15.526614	678.310913	0.574580	0.414315	3.846821
4.968000	-3.101984	14.965982	675.654411	-0.064541	0.095091	-0.907761
4.969000	-2.457777	15.367066	677.371445	0.654470	0.494351	5.431439
4.970000	-2.094980	15.568273	680.030624	0.135331	0.095091	0.042052
4.971000	-2.256941	15.287736	675.811623	0.734360	0.534139	6.065005
4.972000	-2.337114	15.047970	673.157509	-0.104339	-0.024732	-1.225409
4.973000	-1.934231	15.088743	673.937538	0.654470	0.454333	4.479896
4.974000	-1.209447	15.410052	677.999481	0.135331	0.095091	0.359117
4.975000	-1.209043	15.330278	675.660431	-0.024449	0.055303	-0.434130
4.976000	-1.289619	15.050183	672.067558	0.654470	0.574157	4.954837
4.977000	-1.168957	14.729759	671.598610	-0.024449	0.015515	-0.274195
4.978000	-0.725584	15.090956	673.475990	0.654762	0.574157	4.796142
4.979000	-0.241721	15.172060	673.787956	-0.064248	0.015515	-0.591843
4.980000	-0.282211	14.931408	671.601898	0.734652	0.693981	5.747356
4.981000	-0.442960	14.450994	667.541725	-0.064541	-0.024503	-1.067205
4.982000	0.080989	14.571539	670.196823	0.334909	0.294951	3.053245
4.983000	0.967330	15.214160	673.011314	0.334909	0.294951	1.153367
4.984000	0.645429	14.653084	669.420898	-0.024449	0.055533	0.200676
4.985000	0.645429	14.572868	666.139000	0.734652	0.654193	5.747356
4.986000	0.967735	14.373433	666.607216	-0.064248	0.015515	-1.225738
4.987000	1.572261	14.734630	668.640961	0.854634	0.693981	6.223537
4.988000	1.774308	14.735516	667.079483	-0.144138	-0.104309	-2.018984
4.989000	1.814799	14.454535	666.454185	0.654762	0.574157	5.590883
4.990000	1.653242	14.174440	662.549400	0.015642	-0.064291	-0.908672
4.991000	2.137104	14.214771	664.112762	0.415092	0.334969	2.895370
4.992000	2.902784	14.736844	666.769356	0.295111	0.294951	2.260564
4.993000	2.539987	14.135438	663.332802	0.055734	-0.024273	-0.591843
4.994000	2.419324	13.815014	658.334610	0.854634	0.734228	6.856941
4.995000	2.942870	13.935561	660.364319	-0.183936	-0.143868	-2.491468
4.996000	3.426329	14.136766	663.333778	0.974615	0.774017	6.856941
4.997000	3.023446	13.936889	656.931053	-0.183936	-0.263692	-2.017346
4.998000	3.305666	13.656794	657.399200	0.734652	0.694211	4.795485
4.999000	3.426329	13.456917	656.618355	0.095825	-0.063832	0.359209
5.000000	3.506501	13.457359	656.309059	0.335495	0.295180	2.261475
5.001000	4.070940	13.818556	658.496727	0.415385	0.374986	2.895278
5.002000	3.949470	13.618679	656.935234	0.055734	-0.063832	0.042963
5.003000	3.304857	12.897169	651.311737	0.734652	0.694211	5.112551
5.004000	3.949470	13.378912	654.905342	-0.303918	-0.183656	-1.857902
5.005000	4.352352	13.579677	657.251198	0.854927	0.774246	5.589643
5.006000	3.747826	12.938385	651.941193	-0.223735	-0.303250	-2.810027
5.007000	3.828402	12.978714	651.471359	0.535366	0.495040	3.846001
5.008000	4.070536	13.019487	653.344017	0.295696	0.135798	0.678588
5.009000	4.150708	13.059816	653.188576	0.415385	0.295410	3.053245
5.010000	4.030450	13.100589	651.473145	0.335495	0.374986	2.420666
5.011000	4.271776	13.101033	652.097534	0.255312	0.175816	1.153949
5.012000	3.949873	12.619731	649.282265	0.775037	0.614864	5.589971
5.013000	4.432524	13.061146	651.470917	-0.223735	-0.183656	-2.333425
5.014000	4.674658	13.142691	652.254219	0.615256	0.694440	4.163159
5.015000	4.513505	12.781936	649.597618	-0.024157	-0.183426	-0.433218
5.016000	4.311457	12.581615	646.318222	0.415385	0.495040	3.052992
5.017000	4.915579	12.823151	650.533119	0.375586	0.215604	1.946048
5.018000	5.358548	13.063801	651.473572	0.455476	0.295410	3.053574
5.019000	4.794512	12.663603	646.631088	0.415385	0.375216	2.737074
5.020000	5.076327	12.623716	646.631088	0.135916	0.056221	-0.115570
5.021000	5.559382	12.584273	648.972610	0.615256	0.574846	4.320781
5.022000	5.559382	12.624602	648.974457	-0.183644	-0.183426	-1.699369
5.023000	5.519296	12.545270	646.632851	0.495275	0.495040	2.735435
5.024000	5.559786	12.465054	647.255821	0.096118	0.056221	0.994015
5.025000	5.358143	12.104299	645.226997	0.535366	0.455252	3.528353
5.026000	6.042841	12.666261	648.506409	0.455476	0.415463	2.261475
5.027000	6.203994	12.786807	650.071274	0.335495	0.255622	1.627090
5.028000	5.559382	12.266060	645.382530	0.495568	0.535058	3.846330
5.029000	5.479614	12.065742	643.353714	0.056319	0.016433	0.042963
5.030000	6.204399	12.627259	649.442886	0.415678	0.455252	1.785623
5.031000	6.002755	12.467267	647.571182	-0.103754	-0.143409	-0.590932
5.032000	5.559786	12.106512	643.667290	0.415678	0.455252	3.052992
5.033000	5.801920	12.146843	645.072586	0.295696	0.175816	1.153130
5.034000	5.801920	12.066625	645.694763	0.415678	0.335428	3.052992
5.035000	5.963074	12.348050	646.792213	0.495568	0.455481	3.528353
5.036000	6.003564	12.468153	646.949364	0.216099	0.255622	0.994015
5.037000	5.681258	11.907077	644.450676	0.455476	0.455252	3.210705
5.038000	5.238693	11.666871	641.637817	0.216099	0.096239	1.470196
5.039000	5.963478	12.228389	648.356369	0.295696	0.295410	0.517742
5.040000	6.003968	12.228389	649.296738	0.096118	0.056451	0.994926
5.041000	5.238693	11.506879	643.359993	0.495568	0.415463	2.894787
5.042000	5.199011	11.467436	643.987770	0.135916	0.215833	0.994015
5.043000	5.682065	11.787416	648.359894	0.415678	0.255622	2.420008
5.044000	5.521317	11.627868	648.052185	0.295696	0.255851	1.944156
5.045000	5.441145	11.587980	646.961243	0.375879	0.295640	1.944156
5.046000	5.239502	11.387661	646.960434	0.335788	0.335428	1.786534
5.047000	4.917600	11.026463	645.556007	0.375879	0.176275	2.577883
5.048000	5.562212	11.588425	650.868591	0.096118	0.175816	-0.592334
5.049000	5.360972	11.588425	651.340027	0.415678	0.335887	2.895041
5.050000	4.595294	11.027349	646.810036	0.455769	0.335428	1.628729
5.051000	4.434949	10.827471	646.810120	0.176301	0.136257	0.836301
5.052000	5.200224	11.468319	653.999199	0.375879	0.375675	2.577722
5.053000	4.918408	11.308771	653.375694	0.335788	0.215833	1.944156
5.054000	4.475440	10.948460	650.408890	0.455769	0.176275	2.577630
5.055000	4.314287	10.827913	650.566109	0.096118	0.096239	-0.116153
5.056000	4.273797	10.788026	652.440201	0.575458	0.415693	4.321363
5.057000	4.676679	11.109779	654.944008	0.096118	0.096239	-0.432890
5.058000	4.233711	10.989675	653.537880	0.415678	0.375675	3.213018
5.059000	3.870914	10.508375	652.132652	0.216099	0.255622	1.152548
5.060000	3.589098	10.388269	650.570267	0.256191	0.136257	1.785623
5.061000	4.153134	10.989675	655.415443	0.256191	0.255851	1.469285
5.062000	4.153134	10.990119	656.823257	0.096118	0.136257	-0.115570
5.063000	3.508926	10.629364	653.385002	0.695732	0.455481	4.320452
5.064000	3.226706	10.508817	651.822624	0.056026	0.096239	-0.591843
5.065000	3.670079	10.990119	656.822365	0.735531	0.455481	5.431110
5.066000	3.629589	11.191325	656.825737	0.056319	0.096239	-0.274686
5.067000	3.146534	11.111551	654.012779	0.695439	0.495499	4.637771
5.068000	3.025871	11.150994	654.011177	-0.063662	0.016433	-0.908580
5.069000	2.945295	11.150994	654.636475	0.375879	0.335887	2.420008
5.070000	3.308091	11.792730	656.355110	0.535659	0.455481	3.687705
5.071000	3.268005	11.953607	656.356712	-0.103754	0.016433	-1.066784
5.072000	2.825037	11.752399	653.699287	0.735531	0.495499	4.954018
5.073000	2.745268	11.832618	653.696991	0.096118	0.136257	0.200676
5.074000	3.188641	12.514238	658.229454	0.735531	0.575305	5.906800
5.075000	2.946507	12.554569	655.886978	-0.143552	0.016433	-1.699369
5.076000	2.584520	12.394135	654.010391	0.735531	0.535287	5.432350
5.077000	2.665500	12.594457	654.790421	-0.023864	0.016433	-1.065965
5.078000	2.746077	12.795219	656.819183	0.176301	0.096469	0.993686
5.079000	2.705990	12.955653	655.884567	0.375879	0.375675	2.577722
5.080000	2.705990	13.075756	655.571899	-0.023864	0.016433	-0.749136
5.081000	2.464665	12.915322	654.163460	0.695439	0.575305	5.272906
5.082000	2.343599	12.915766	654.318848	0.056319	0.016433	-0.432890
5.083000	2.746885	13.397068	657.445358	0.815128	0.575076	5.589152
5.084000	2.384493	13.236634	654.946770	0.016228	0.056451	-0.749136
5.085000	1.901034	12.875435	652.290085	0.695439	0.575076	5.431110
5.086000	1.981611	12.915766	653.694435	-0.103461	-0.143409	-1.226320
5.087000	2.424579	13.397068	657.756279	0.096118	0.096239	0.516594
5.088000	1.860948	12.995982	654.320610	0.495568	0.375675	3.370640
5.089000	1.941525	13.116087	654.943420	-0.103754	0.016433	-1.066294
5.090000	1.739881	12.915766	654.007927	0.815128	0.615093	5.589643
5.091000	1.779967	12.956095	656.037651	0.016228	0.016433	-0.749136
5.092000	1.901034	13.277407	657.445366	0.735531	0.535287	5.749415
5.093000	1.579132	12.996426	655.569580	-0.023864	0.016433	-0.908580
5.094000	1.095674	12.515568	652.757355	0.695439	0.535287	5.114373
5.095000	1.498152	12.835992	656.974739	0.056026	0.096239	-0.275597
5.096000	1.739881	13.116973	659.632240	0.096118	0.136257	0.199436
5.097000	0.974606	12.474795	655.257706	0.495568	0.495269	3.370640
5.098000	1.096077	12.515568	655.569595	-0.023571	-0.023585	-0.908580
5.099000	1.216336	12.555897	656.662140	0.815128	0.654881	6.065333
5.100000	1.458874	12.796105	659.787773	-0.143552	-0.103161	-2.491376
5.101000	1.418788	12.836434	658.852310	0.895018	0.694899	6.380760
5.102000	1.137377	12.475681	656.978127	0.016228	-0.063143	-0.591514
5.103000	0.896051	12.194700	656.039345	0.415678	0.415463	2.735926
5.104000	1.379915	12.555897	659.476784	0.256191	0.255851	1.627090
5.105000	1.662539	12.836434	661.509796	0.216099	0.096239	1.152219
5.106000	1.299742	12.355134	659.165962	0.535659	0.455481	3.528353
5.107000	1.018735	12.155255	655.729324	-0.063662	-0.023585	-1.068024
5.108000	1.542684	12.435794	660.105370	0.935109	0.734917	7.332211
5.109000	2.066633	12.836434	664.168114	-0.183351	-0.223215	-3.127912
5.110000	1.422830	12.314803	659.170143	0.815128	0.615093	4.956497
5.111000	1.423234	12.274916	659.012924	0.016228	0.136257	0.042963
5.112000	1.625281	12.274916	660.729942	0.535366	0.495269	3.686067
5.113000	1.866607	12.516010	662.295639	0.216099	0.215833	1.467646
5.114000	1.988078	12.636113	663.233582	0.256191	0.215833	1.785623
5.115000	1.867819	12.595784	662.919319	0.495568	0.495269	3.687705
5.116000	1.424850	12.154369	658.703537	-0.103461	-0.103161	-1.384761
5.117000	2.028973	12.595784	663.389130	0.855219	0.774476	6.223866
5.118000	2.673989	13.157302	668.233421	-0.183351	-0.222985	-1.541817
5.119000	1.949204	12.395021	662.767944	0.575458	0.535287	3.845511
5.120000	1.909522	12.314803	660.422325	0.096118	0.016663	0.200676
5.121000	2.393386	12.755774	665.578423	0.495568	0.455481	3.212436
5.122000	2.595433	12.796105	666.049049	0.296282	0.295640	2.102031
5.123000	2.394598	12.636113	662.926781	0.375879	0.335887	2.418768
5.124000	2.475579	12.675558	664.017738	0.415678	0.455481	2.420666
5.125000	2.395407	12.314362	663.236893	0.016228	-0.063143	-0.275014
5.126000	2.798289	12.675558	665.582664	0.575458	0.615093	4.321692
5.127000	3.201980	13.116973	667.771156	-0.103461	-0.103161	-1.542475
5.128000	3.081317	12.755332	666.990318	0.535659	0.615093	3.846330
5.129000	2.517282	12.274031	662.144524	0.335788	0.176275	1.786604
5.130000	3.242875	12.835548	668.082237	0.535659	0.495499	3.370149
5.131000	3.565585	12.995982	670.896790	0.415678	0.415693	2.895370
5.132000	3.001953	12.434908	665.429718	0.375879	0.255851	2.261146
5.133000	3.082530	12.514238	666.209747	0.415678	0.455481	2.577630
5.134000	3.565989	12.755332	669.018608	0.016228	-0.023355	-0.273866
5.135000	3.566393	12.755332	669.024391	0.415971	0.415463	2.420666
5.136000	3.727951	12.875879	669.023682	0.176301	0.016663	0.358880
5.137000	3.727951	12.755332	669.336273	0.495568	0.535287	3.528682
5.138000	3.526711	12.354248	666.677979	0.256191	0.255851	1.785623
5.139000	4.131237	12.915766	670.741600	0.415678	0.415693	3.053574
5.140000	4.332476	13.236634	671.837509	0.495568	0.455481	3.528353
5.141000	4.010979	12.634343	668.555611	0.176301	0.136257	1.468627
5.142000	3.889912	12.434464	667.774055	0.415678	0.455481	2.103600
5.143000	4.575014	13.035427	672.147797	0.216392	0.176275	1.468627
5.144000	4.575014	12.955653	671.837593	0.256191	0.415463	1.311081
5.145000	4.333285	12.795219	669.026230	0.216099	0.096469	0.993686
5.146000	4.453947	12.794777	668.866768	0.535659	0.495499	3.370968
5.147000	4.776253	12.874993	671.677963	0.415678	0.255851	2.577722
5.148000	4.776658	12.954767	671.525070	0.296282	0.255851	1.785623
5.149000	4.575418	12.834664	668.713715	0.615842	0.455481	3.370640
5.150000	4.615909	12.633900	669.023918	0.256191	0.096469	1.628729
5.151000	4.454755	12.433137	667.931282	0.216099	0.215833	0.517742
5.152000	5.018791	12.833778	670.901306	0.375879	0.176275	2.736837
5.153000	5.059281	12.914438	671.057648	0.216099	0.255851	0.676275
5.154000	4.656399	12.473023	666.683273	0.256483	0.136487	1.943498
5.155000	4.656399	12.231930	666.526123	0.455769	0.495269	3.054231
5.156000	5.340693	12.753119	672.773155	0.256191	0.335887	2.420008
5.157000	5.220435	12.512911	670.433403	0.335788	0.335887	2.102031
5.158000	4.858447	12.111827	667.307686	0.455769	0.495499	3.528353
5.159000	5.059281	12.071939	667.930573	0.415971	0.256310	2.420008
5.160000	5.139858	11.951393	668.554977	0.096118	0.255622	-0.273866
5.161000	5.381184	12.071496	669.808037	0.455769	0.335887	3.370403
5.162000	5.341097	11.951393	668.870216	0.216099	0.295640	0.517742
5.163000	4.938215	11.430203	665.432709	0.256191	0.176275	2.417949
5.164000	5.139858	11.269328	665.900856	0.375879	0.335428	2.260564
5.165000	6.026200	11.870733	672.306786	0.256191	0.255851	1.944156
5.166000	5.582826	11.349988	667.778305	0.296282	0.335887	2.419755
5.167000	5.179944	10.868686	664.652748	0.335788	0.335887	1.153459
5.168000	5.462164	10.827913	665.588242	0.495568	0.375905	3.528844
5.169000	5.864238	10.908573	668.869339	0.056319	0.096469	-0.432399
5.170000	5.703490	10.627592	666.997566	0.615842	0.415923	4.640251
5.171000	5.542336	10.347055	665.747055	0.016228	0.056451	-0.750047
5.172000	5.139454	9.865753	663.872787	0.455769	0.335887	2.735926
5.173000	5.461356	9.704877	664.965347	0.296282	0.256310	1.628729
5.174000	5.944815	10.105961	668.404381	0.256191	0.176275	1.153459
5.175000	5.461356	9.584774	664.968620	0.415971	0.415923	3.053811
5.176000	5.018387	8.943480	661.218506	0.056319	0.136487	-0.432890
5.177000	5.300202	8.903152	663.406326	0.735823	0.575535	5.588823
5.178000	5.823748	9.223576	666.999237	-0.063369	0.016433	-0.432399
5.179000	5.259712	8.743161	663.410339	0.775622	0.615323	5.589643
5.180000	5.259712	8.342075	663.096848	-0.023571	0.016433	-0.749136
5.181000	5.138646	8.020765	662.159752	0.575458	0.455711	4.162248
5.182000	5.420866	8.181642	664.971024	0.136502	0.176275	-0.116153
5.183000	5.662999	8.261859	666.536705	0.096118	0.136257	-0.433218
5.184000	5.420866	7.741115	664.349022	0.576043	0.535517	4.479896
5.185000	4.897320	7.139266	660.756927	-0.063662	0.016663	-0.908580
5.186000	5.340288	7.219926	663.257202	0.695439	0.615323	4.956497
5.187000	5.824152	7.461020	666.539970	-0.023864	0.016663	-0.432890
5.188000	5.462164	6.979717	662.947708	0.895018	0.655111	6.698408
5.189000	5.220435	6.538747	660.292068	-0.143260	-0.103161	-2.175221
5.190000	5.503059	6.458529	662.009819	0.815128	0.615323	5.272906
5.191000	5.905941	6.579076	665.605125	0.216392	0.176275	1.312229
5.192000	5.825769	6.418641	663.578850	0.016521	0.016663	0.041232
5.193000	5.866259	6.138548	662.014076	0.655641	0.535517	4.479405
5.194000	5.705511	5.657247	661.075287	-0.023571	0.056451	-0.432399
5.195000	5.907153	5.777793	662.328995	0.695732	0.575305	5.431439
5.196000	6.310036	6.058774	664.519142	-0.063369	0.056451	-0.750047
5.197000	6.149287	5.698019	663.423233	0.775622	0.615323	6.065005
5.198000	5.786491	5.216718	659.207436	0.016228	0.096698	-0.273866
5.199000	6.189777	5.296935	661.861595	0.455769	0.375905	3.051935
5.200000	6.713727	5.738348	665.145172	0.216392	0.216522	0.675617
5.201000	6.190182	5.257490	660.461319	0.176301	0.056680	0.041232
5.202000	6.230672	5.137387	659.834335	0.695732	0.535517	5.589152
5.203000	6.392229	5.177274	662.018730	-0.063662	-0.023355	-1.226557
5.204000	6.473210	5.137387	661.239418	0.855219	0.655111	5.907129
5.205000	6.513297	5.378479	661.242783	0.016228	-0.023355	-0.432890
5.206000	6.594277	5.458697	662.336136	0.695732	0.535517	4.637610
5.207000	6.150904	4.937508	658.271706	0.056319	0.016663	-0.432070
5.208000	6.675258	5.298263	661.865509	0.415971	0.256310	2.895041
5.209000	7.078140	5.699791	664.522995	0.455769	0.335887	2.578212
5.210000	6.595086	5.338592	660.616707	-0.023571	0.056680	-0.592662
5.211000	6.232694	5.058055	658.116173	0.855219	0.695129	5.749415
5.212000	6.796729	5.459139	662.174019	-0.183351	-0.102932	-1.542475
5.213000	6.756238	5.459139	662.178825	0.735531	0.655111	5.589152
5.214000	6.232694	5.218931	658.273323	-0.183351	-0.103161	-1.225738
5.215000	6.595086	5.419696	659.677757	0.695439	0.575305	4.004297
5.216000	6.393846	5.179044	659.362679	0.136502	0.056680	0.678588
5.217000	6.675662	5.540242	661.080605	0.375879	0.296328	2.261146
5.218000	6.837219	5.741006	661.863831	0.495861	0.455711	3.846330
5.219000	6.554999	5.420582	660.144226	0.016228	-0.023355	-0.592662
5.220000	6.152117	5.059382	656.706093	0.735531	0.695129	5.748504
5.221000	6.876901	5.581014	661.390808	-0.343131	-0.342579	-3.760987
5.222000	7.038054	5.701560	662.331192	0.895311	0.695129	6.380760
5.223000	6.433528	5.300920	657.644867	-0.103461	-0.102932	-0.909491
5.224000	6.514104	5.461796	658.267754	0.415971	0.455481	3.212436
5.225000	6.997563	5.661674	661.386742	0.256191	0.256310	2.102031
5.226000	7.078140	5.822993	661.078232	0.415971	0.375905	3.370640
5.227000	6.997563	5.743219	659.046112	0.415971	0.335887	2.736416
5.228000	7.037245	5.863324	659.514259	-0.023571	-0.023126	-1.068024
5.229000	6.916583	5.542456	658.106529	0.935109	0.814953	6.223537
5.230000	7.440128	6.224963	662.012199	-0.303040	-0.222985	-2.175221
5.231000	7.480214	6.224963	661.857460	0.535659	0.535287	3.845511
5.232000	7.037245	5.823879	658.261276	0.176301	0.056680	0.994505
5.233000	6.835603	5.783992	655.917351	0.495861	0.535517	3.687797
5.234000	7.520300	6.385397	661.226410	0.216099	0.136257	0.994505
5.235000	7.640964	6.586160	662.008118	0.455769	0.335887	3.370731
5.236000	7.036437	6.185519	657.323318	0.495861	0.455711	3.368909
5.237000	7.036437	6.265736	656.383736	-0.063369	-0.063143	-0.908909
5.238000	7.278166	6.586160	659.818779	0.655641	0.575305	4.162248
5.239000	7.358743	6.787367	659.507858	-0.103461	-0.102932	-1.383031
5.240000	7.197590	6.747038	657.789139	0.495861	0.495499	3.370640
5.241000	7.116610	6.587046	657.160576	0.056319	0.056680	0.042963
5.242000	6.673641	6.466943	654.350098	0.495861	0.455711	3.686067
5.243000	7.317848	7.188008	659.660042	0.375879	0.335887	2.260564
5.244000	7.680241	7.469431	661.378853	0.335788	0.255851	2.102031
5.245000	6.954648	6.827698	655.443550	0.455769	0.415693	2.894787
5.246000	6.713323	6.747479	653.723228	0.176301	0.016892	1.311663
5.247000	7.478193	7.509762	659.812370	0.455769	0.415693	2.578633
5.248000	7.357126	7.550091	657.784264	-0.063369	-0.062914	-0.908580
5.249000	6.954244	7.349771	654.659431	0.415971	0.455711	2.895370
5.250000	7.034416	7.429544	655.751266	0.256483	0.296328	2.261475
5.251000	6.671620	7.109120	653.561981	0.296282	0.375905	2.102031
5.252000	7.275741	7.790299	657.157372	0.455769	0.415923	3.212436
5.253000	7.395999	7.991506	657.470787	0.296282	0.216522	1.787515
5.254000	6.711302	7.429988	653.093758	0.455769	0.415923	2.577722
5.255000	6.469572	7.189336	651.062523	0.136502	0.056910	0.994505
5.256000	7.194761	8.112053	657.780167	0.296282	0.415693	1.628729
5.257000	6.912137	7.951619	656.531197	0.176593	0.096469	1.153130
5.258000	6.388187	7.510204	651.999535	0.296282	0.375905	1.944156
5.259000	6.307611	7.510204	651.686028	0.216685	0.136487	1.152219
5.260000	6.508445	7.630751	653.403877	0.296282	0.375905	2.420008
5.261000	6.548935	7.911288	653.562698	0.495861	0.415923	2.893639
5.262000	6.347697	7.831514	652.468391	0.216392	0.256540	1.785623
5.263000	6.145245	7.510204	651.685234	0.455769	0.455711	2.577722
5.264000	5.903920	7.390101	649.340416	0.456062	0.256540	2.737328
5.265000	6.427465	8.032279	653.561096	0.056319	0.136487	-0.274357
5.266000	6.225418	7.991948	652.466064	0.296282	0.216522	2.577393
5.267000	5.741959	7.430430	649.185684	0.455769	0.415693	3.052992
5.268000	5.701468	7.470317	648.870674	0.176593	0.136487	0.836301
5.269000	6.184523	7.871845	653.241920	0.256191	0.176275	1.152219
5.270000	6.063456	7.831958	652.154190	0.415971	0.335887	2.419189
5.271000	5.901899	7.831958	650.589401	0.296282	0.296328	2.895278
5.272000	5.780832	7.671080	649.180069	0.096118	0.096469	-0.117883
5.273000	5.901090	7.751740	650.584595	0.495861	0.296328	3.528936
5.274000	6.022158	8.112494	651.836685	0.216392	0.256310	0.360028
5.275000	5.901090	8.072608	650.429939	0.296282	0.296328	2.259416
5.276000	5.537890	7.792070	647.927902	0.296282	0.375905	1.470196
5.277000	5.618062	7.831958	648.395241	0.216392	0.096698	1.470196
5.278000	6.141607	8.393918	652.302521	0.296282	0.296328	1.944156
5.279000	5.818897	8.233483	650.115639	0.216392	0.256310	0.358880
5.280000	5.537081	7.952947	647.147232	0.655933	0.455940	4.005445
5.281000	5.415611	7.913059	647.769150	0.136502	0.136487	-0.432890
5.282000	5.858579	8.313258	651.520073	0.735823	0.535746	5.114373
5.283000	5.536273	8.273814	648.709610	0.096118	0.096698	-0.116153
5.284000	5.294543	8.113823	647.460564	0.495861	0.415923	4.321363
5.285000	5.213563	7.912618	646.990082	0.136502	0.335887	0.994834
5.286000	5.132583	7.913059	647.302605	0.136502	0.056680	0.042143
5.287000	5.414802	8.233928	648.866669	0.415971	0.296328	3.211524
5.288000	5.253649	8.233928	648.240585	-0.063369	-0.023126	-1.226557
5.289000	4.810277	7.752625	644.181206	0.735823	0.535746	5.431110
5.290000	5.092092	8.073494	647.147232	0.176301	0.216522	0.359209
5.291000	5.494570	8.354031	650.585472	0.775622	0.695588	6.539875
5.292000	4.809467	7.913059	645.432602	-0.063369	-0.023126	-1.383192
5.293000	4.648315	7.873173	644.962746	0.495861	0.495728	4.163649
5.294000	4.849554	7.913059	646.367271	0.136502	0.176734	0.359209
5.295000	4.889640	7.993719	647.148918	0.136502	0.176734	0.042143
5.296000	4.849150	8.114266	647.307648	0.536245	0.415923	3.211287
5.297000	4.728487	7.993719	647.306046	-0.023278	0.016892	-0.750047
5.298000	4.204537	7.552749	643.089386	0.895311	0.615552	6.065005
5.299000	4.687592	7.993719	647.306046	0.016521	0.016892	-0.749627
5.300000	4.929322	8.314588	650.433296	0.735823	0.575535	5.430619
5.301000	4.244624	7.632964	644.497978	-0.143260	-0.062914	-1.858883
5.302000	3.841337	7.432644	642.623718	0.695732	0.535746	4.479077
5.303000	4.284710	7.793399	646.839577	-0.023278	0.056680	-0.591514
5.304000	4.405373	7.914388	648.717857	0.096703	0.096698	-0.909399
5.305000	4.002895	7.593964	645.283699	0.735823	0.575764	4.954018
5.306000	4.002895	7.674623	645.440033	0.016521	0.096698	0.043291
5.307000	3.800847	7.273540	644.813148	0.775622	0.695588	6.065333
5.308000	4.204134	7.674623	647.941185	0.056319	0.096698	-0.274686
5.309000	4.284710	7.795170	648.881554	0.815713	0.655341	6.699648
5.310000	3.921914	7.313869	646.380409	-0.183351	-0.102932	-2.491958
5.311000	3.439264	6.833010	642.791611	0.495861	0.495728	3.529847
5.312000	4.083875	7.354641	648.102432	0.176593	0.176275	1.152548
5.313000	4.567739	7.596177	650.759918	-0.023278	-0.023126	-0.591423
5.314000	3.842550	6.793565	645.452301	0.775622	0.775164	6.380760
5.315000	3.802464	6.834338	644.982567	-0.023278	-0.023126	-0.115242
5.316000	4.165260	6.954443	647.950264	0.895311	0.735376	6.697918
5.317000	4.447075	7.035103	649.672974	-0.103168	-0.022896	-1.225317
5.318000	4.286731	6.955329	647.958435	0.775622	0.575535	5.748596
5.319000	4.166068	6.715120	647.643341	0.016521	0.016892	-0.273446
5.320000	3.803272	6.274150	644.518600	0.216392	0.256310	1.943498
5.321000	4.327222	6.634903	648.583717	0.216392	0.256310	1.311992
5.322000	4.690018	6.836109	651.398277	0.096703	0.016892	0.042143
5.323000	4.206558	6.274591	647.645836	0.736116	0.615552	5.589152
5.324000	3.804081	5.914280	644.679016	-0.183351	-0.142949	-2.332514
5.325000	4.408202	6.274591	649.991531	0.895311	0.735376	6.223866
5.326000	4.649932	6.476240	651.869003	-0.023278	-0.023126	-0.908580
5.327000	3.884657	5.955053	647.026398	0.696025	0.575535	3.846093
5.328000	3.844571	5.795061	646.242279	0.096703	0.016892	0.359209
5.329000	3.924744	5.674514	648.744156	0.296282	0.296328	2.419679
5.330000	4.046214	5.835834	649.216484	0.336373	0.296328	2.577722
5.331000	4.005724	5.876163	649.061813	0.136502	0.016663	0.200676
5.332000	3.884657	5.675400	649.997292	0.735823	0.655341	5.115030
5.333000	3.441689	5.194542	645.936272	-0.143260	-0.142949	-1.858883
5.334000	4.046214	5.716173	650.779823	0.935402	0.814953	6.697007
5.335000	4.327626	6.037482	653.594391	-0.222857	-0.222526	-2.016688
5.336000	3.683013	5.195869	648.438393	0.655641	0.575535	3.845511
5.337000	3.602437	5.076208	647.812294	0.216392	0.136487	0.993686
5.338000	4.126386	5.396634	652.656586	0.296282	0.296328	2.420919
5.339000	4.005724	5.276974	651.408501	0.415971	0.415923	2.895370
5.340000	4.005724	5.197199	650.784103	0.216392	0.176734	0.835482
5.341000	4.085896	5.197641	651.565811	0.655933	0.535517	4.322021
5.342000	4.085896	4.836886	650.783295	-0.103461	-0.182508	-2.018235
5.343000	4.327626	5.198083	652.974335	0.895311	0.894988	6.856122
5.344000	4.649932	5.358961	653.444962	-0.063369	-0.142490	-1.224498
5.345000	4.247049	4.797443	650.943817	0.655641	0.615323	3.845840
5.346000	4.085896	4.598008	649.538666	0.256483	0.176734	1.627090
5.347000	4.771402	5.119638	654.536079	0.536245	0.455940	4.003715
5.348000	4.610250	4.958761	653.915695	0.296282	0.256540	1.785623
5.349000	4.287944	4.638781	650.947350	0.176593	0.176734	1.152219
5.350000	4.530077	4.759326	650.790939	0.696025	0.575535	4.637938
5.351000	4.771402	4.799212	653.914886	-0.103168	-0.222296	-1.066784
5.352000	4.691230	4.879872	652.824837	0.535659	0.575535	3.687797
5.353000	4.530481	4.800098	651.420403	0.176593	0.136946	0.675127
5.354000	4.490396	4.519119	650.639481	0.495861	0.455940	3.053083
5.355000	4.288348	4.359128	650.170547	0.376465	0.336346	2.103600
5.356000	4.853192	4.880758	653.299461	0.456062	0.415923	3.053083
5.357000	4.611058	4.680437	651.267258	0.376465	0.415923	2.577722
5.358000	4.168089	4.279353	648.302071	0.176593	0.056910	0.835482
5.359000	4.289561	4.480117	649.081276	0.415678	0.455711	2.102031
5.360000	4.853192	4.801428	653.612160	0.136502	-0.022896	0.837212
5.361000	4.692443	4.640994	651.272156	0.456062	0.535746	1.788173
5.362000	4.289561	4.481002	648.460068	0.216392	0.216752	1.152219
5.363000	4.168898	4.280682	647.991844	0.456062	0.455940	3.529593
5.364000	4.370137	4.400342	650.491409	0.336373	0.336346	2.578212
5.365000	4.531291	4.641437	650.962051	0.136795	0.056910	0.516594
5.366000	4.289965	4.401228	649.089371	0.415971	0.336346	2.894787
5.367000	3.927572	4.160578	646.589020	0.296575	0.216752	2.735834
5.368000	4.169302	4.200465	647.995064	0.216392	0.256310	0.519893
5.369000	4.692847	4.722096	652.058586	0.256483	0.176734	1.469538
5.370000	4.370541	4.481888	649.404465	0.456062	0.495728	3.371880
5.371000	3.726334	3.960258	645.185379	0.256483	0.136946	1.628071
5.372000	3.847400	4.080362	646.436768	0.336373	0.336346	2.418278
5.373000	4.411032	4.481888	650.812897	0.456062	0.376364	2.895370
5.374000	4.089130	4.402114	648.157959	0.216392	0.216752	1.310752
5.375000	3.807314	4.161020	646.595505	0.336373	0.336576	2.419189
5.376000	3.766824	3.920370	645.971825	0.336373	0.216752	2.419679
5.377000	3.847400	4.000588	646.597839	0.216685	0.296328	0.359538
5.378000	4.170110	4.442001	649.881416	0.376465	0.296787	3.370403
5.379000	3.888295	4.161020	648.008919	0.296575	0.336346	1.470524
5.380000	3.284173	3.519728	643.321609	0.296575	0.216752	1.785623
5.381000	3.485413	3.760380	645.663223	0.296575	0.336346	2.420008
5.382000	4.049448	4.322340	650.509171	0.256483	0.256540	1.627419
5.383000	3.526307	3.841040	646.137939	0.216685	0.216752	1.628146
5.384000	3.486221	3.760380	646.292580	0.256483	0.296328	1.627419
5.385000	3.526711	3.681047	646.449730	0.576043	0.416382	3.529426
5.386000	3.728355	3.841040	648.324806	0.216392	0.296558	0.517742
5.387000	3.889507	4.122019	650.047523	0.616135	0.575764	4.797965
5.388000	3.768845	3.961585	650.203072	0.415971	0.336346	1.628729
5.389000	3.084146	3.279964	644.733505	0.216685	0.256770	2.102031
5.390000	3.486221	3.721378	648.797035	0.296575	0.336346	1.467975
5.391000	3.889912	4.162791	652.704300	0.256483	0.296558	2.101212
5.392000	3.365963	3.681934	648.486130	0.456062	0.336346	3.370640
5.393000	3.205214	3.521500	647.080162	0.096703	0.136487	-0.432890
5.394000	3.567606	3.601717	650.204926	0.735823	0.495958	5.590063
5.395000	3.849421	3.842810	652.863121	0.136502	0.176734	-0.116153
5.396000	3.406453	3.562273	649.584610	0.616135	0.415923	4.163159
5.397000	3.648182	3.602602	651.145462	-0.023278	0.056910	-0.748807
5.398000	3.365963	3.322065	650.052841	0.256483	0.256540	2.259745
5.399000	3.688269	3.442612	651.927917	0.336373	0.336346	2.577630
5.400000	3.929998	3.803808	653.962692	-0.063369	-0.022896	-1.541725
5.401000	3.809335	3.483828	652.866768	0.655933	0.535746	4.640251
5.402000	3.365963	3.002527	650.055496	0.016521	0.056910	-0.116481
5.403000	3.929998	3.443939	654.275208	0.775915	0.535746	5.906800
5.404000	4.373371	3.685034	657.089218	0.016521	0.176734	-0.432890
5.405000	3.849421	3.123959	653.186913	0.935402	0.695588	6.856612
5.406000	3.970892	3.204618	653.498703	-0.023571	0.096698	-1.066784
5.407000	4.172132	3.123959	655.684875	0.296282	0.296328	1.628001
5.408000	4.172132	3.164730	656.467224	0.296575	0.296328	2.260564
5.409000	4.212623	3.245390	655.220818	-0.063369	0.056910	-1.066784
5.410000	4.333285	3.205061	656.312737	0.696025	0.615552	5.590063
5.411000	4.051469	2.804420	654.124184	0.056319	0.016892	-0.274686
5.412000	4.373775	3.125729	657.095161	0.815713	0.655341	6.698408
5.413000	4.696485	3.446598	659.126579	-0.023278	0.016892	-1.226228
5.414000	4.293199	3.005627	656.470772	0.735823	0.735376	6.066244
5.415000	4.091959	2.805748	653.345917	0.016521	0.016892	-1.067695
5.416000	4.615909	3.166502	658.813087	0.296282	0.216522	1.311663
5.417000	4.736167	3.126616	659.754425	0.296575	0.336346	2.104252
5.418000	4.212623	2.725973	653.975449	-0.023278	0.016892	-0.750867
5.419000	4.293603	2.846519	655.536964	0.815713	0.655800	6.381671
5.420000	4.656399	2.846519	658.346802	-0.023278	0.016892	-1.226557
5.421000	4.535333	2.886850	657.882645	0.735823	0.615552	5.431439
5.422000	4.616313	3.007839	657.572548	-0.063369	0.056910	-1.226228
5.423000	4.616313	2.846964	657.257530	0.696025	0.575764	4.956751
5.424000	4.173344	2.325775	653.196503	-0.103168	-0.022896	-0.908251
5.425000	5.059685	3.007839	659.446884	0.296575	0.216752	1.627090
5.426000	5.180753	3.128828	661.010155	0.456062	0.376364	3.213018
5.427000	4.536140	2.487095	655.389145	-0.023278	-0.022896	-0.908580
5.428000	4.697698	2.487095	655.074844	0.736116	0.695818	5.747685
5.429000	5.543549	2.968395	661.010254	-0.063369	0.017122	-0.592662
5.430000	5.423291	2.768518	659.450279	0.816006	0.695588	5.589152
5.431000	5.141879	2.567755	657.108749	-0.103168	-0.102472	-1.540836
5.432000	5.182774	2.527868	656.639809	0.576336	0.495958	3.211287
5.433000	5.262542	2.327547	655.701202	0.256776	0.256540	1.629640
5.434000	5.826981	2.808847	659.763847	0.136795	0.136946	0.677768
5.435000	5.948452	2.889507	658.517372	0.536245	0.535976	3.687797
5.436000	5.384821	2.247772	655.233063	-0.063077	-0.102472	-0.433218
5.437000	5.344735	2.127668	653.672287	0.855805	0.735606	6.224777
5.438000	6.392634	2.889507	660.233681	-0.182765	-0.142261	-1.701827
5.439000	6.190990	2.729073	659.296600	0.775915	0.655800	5.589152
5.440000	5.869088	2.328432	655.548958	0.096996	-0.022207	0.042472
5.441000	5.748426	2.248215	653.984985	0.376465	0.296787	2.577722
5.442000	6.231884	2.408207	658.046043	0.216685	0.176963	0.994505
5.443000	6.393442	2.649298	657.424744	0.296575	0.176963	1.944248
5.444000	6.112031	2.408648	655.393593	0.496739	0.416382	3.530412
5.445000	6.071540	2.047894	653.829460	-0.262655	-0.222067	-2.335393
5.446000	6.152521	2.047894	653.517647	0.895896	0.855430	6.698737
5.447000	6.676066	2.650185	657.739914	-0.142674	-0.182049	-1.383942
5.448000	6.716556	2.529636	656.488625	0.616135	0.655800	4.004044
5.449000	6.112031	2.008450	652.739372	0.136795	0.137175	0.200676
5.450000	6.152521	1.807686	650.864311	0.456648	0.535976	3.529593
5.451000	6.797132	2.449421	656.644173	0.296575	0.256770	1.786604
5.452000	6.676470	2.209213	655.866631	0.256776	0.216981	1.153130
5.453000	6.515317	2.048779	653.053673	0.656226	0.575764	4.320781
5.454000	6.474827	1.888346	652.583923	-0.222857	-0.182278	-2.335393
5.455000	6.716556	1.928677	653.678001	0.735823	0.695818	5.115941
5.456000	6.918604	2.169327	655.086617	-0.182765	-0.222067	-1.224498
5.457000	6.837624	1.929117	654.150398	0.576336	0.616012	3.847241
5.458000	6.555808	1.487705	651.493713	0.256776	0.137175	1.311663
5.459000	6.394655	1.327713	650.867607	0.416849	0.456399	3.529593
5.460000	7.159930	1.688910	655.400177	0.416849	0.336576	2.419679
5.461000	6.999180	1.528477	653.527603	0.256776	0.177193	1.943170
5.462000	6.635980	1.168165	650.402031	0.376465	0.416382	2.578379
5.463000	6.757046	1.127836	651.338242	0.017106	-0.102243	-0.590603
5.464000	7.240102	1.408815	654.932137	0.536245	0.535976	3.528353
5.465000	7.119439	1.248383	652.435768	0.056905	0.017581	-0.115242
5.466000	7.119439	1.208496	652.592110	0.456648	0.416382	3.052992
5.467000	7.078948	0.928400	651.654289	0.336666	0.256770	2.577393
5.468000	7.078948	0.807409	651.183670	0.336666	0.376593	2.577722
5.469000	7.441340	1.249268	654.154655	0.256776	0.296787	1.786604
5.470000	7.320678	1.048948	652.907288	0.256776	0.137175	1.311663
5.471000	6.957882	0.527760	648.845512	0.296575	0.336576	2.103600
5.472000	7.320678	0.848627	652.279671	0.176886	0.097157	0.677768
5.473000	7.844223	1.250153	655.719612	0.296575	0.256770	0.516923
5.474000	7.360360	0.688635	650.565849	0.256776	0.177193	1.311663
5.475000	7.400850	0.769295	651.345863	0.456648	0.376593	3.371880
5.476000	7.440937	0.728966	652.125809	0.256776	0.256770	1.150909
5.477000	7.561599	0.728966	652.594765	0.256776	0.216981	1.627419
5.478000	7.682261	1.049831	653.689964	0.376465	0.376593	2.737656
5.479000	7.602089	0.929287	652.440193	0.137088	-0.062455	0.517413
5.480000	7.198399	0.528200	649.470085	0.137088	0.256770	0.678097
5.481000	7.762434	0.969616	654.001045	0.416849	0.177193	2.735597
5.482000	7.964077	1.290483	655.878510	0.296868	0.376593	1.470524
5.483000	7.399638	0.728966	651.503098	0.216978	0.057599	1.311663
5.484000	7.238485	0.729408	650.254288	0.576336	0.536435	3.212436
5.485000	7.640964	0.929728	653.062271	0.336666	0.216981	1.945067
5.486000	7.761626	1.130936	655.252335	0.296868	0.296787	1.785623
5.487000	7.237676	0.850397	651.662018	0.376465	0.256999	2.577722
5.488000	7.237676	0.770180	651.191467	0.336666	0.336805	3.530084
5.489000	7.197186	0.650078	651.346924	0.176886	0.176963	0.201005
5.490000	7.600068	1.011274	654.472557	0.576336	0.376823	4.320706
5.491000	7.640154	1.211596	654.631393	0.296868	0.296787	1.469285
5.492000	7.358338	0.770180	653.067253	0.296575	0.216981	2.102942
5.493000	6.914562	0.490086	649.163345	0.256776	0.296787	1.785623
5.494000	7.438107	0.931499	653.848076	0.216978	0.216981	1.785623
5.495000	7.841394	1.251925	656.503891	0.256776	0.216981	2.105238
5.496000	7.116206	0.650961	651.039368	0.096996	0.097157	-0.116481
5.497000	7.076119	0.731621	650.413200	0.456648	0.416611	3.371222
5.498000	7.680241	1.051603	654.630600	0.176593	0.137175	0.201005
5.499000	7.680241	1.292696	654.943268	0.576336	0.496647	4.797965
5.500000	7.559174	1.333025	652.758026	0.096996	0.177193	0.836630
5.501000	7.519088	1.132263	653.069916	0.296575	0.177193	2.102780
5.502000	7.196782	0.891613	650.568748	0.376465	0.376593	2.577722
5.503000	7.761222	1.493017	654.474327	0.176886	0.177193	0.835972
5.504000	8.002547	1.934433	656.663696	0.416849	0.336805	3.052992
5.505000	7.559982	1.413244	652.132721	0.057198	0.097157	0.041232
5.506000	6.914966	1.012159	648.381882	0.656226	0.576453	4.954018
5.507000	7.841798	1.854216	655.099525	0.176886	0.057599	0.201005
5.508000	7.962864	1.974319	655.882851	0.656226	0.496647	5.590883
5.509000	7.358338	1.653894	651.040184	0.136795	0.137175	0.203646
5.510000	7.358743	1.693781	651.662178	0.336666	0.336805	2.419189
5.511000	7.237676	1.773556	651.973984	0.176886	0.216981	1.629386
5.512000	7.600472	2.054535	652.757233	0.096996	0.057599	-0.749955
5.513000	7.600472	2.214970	654.008606	0.536830	0.536435	4.479896
5.514000	7.358743	2.094864	652.287384	0.056905	0.097157	-1.225317
5.515000	6.674045	1.573235	648.068398	0.776208	0.576453	6.223138
5.516000	7.479810	2.415291	654.160851	0.017106	0.137175	-0.274686
5.517000	7.681454	2.696272	656.351013	0.775915	0.576453	5.748267
5.518000	6.996755	2.134752	651.663094	-0.142674	0.017581	-1.383942
5.519000	6.956265	2.214970	651.192528	0.616428	0.376823	3.528116
5.520000	7.318657	2.615612	654.940895	0.216978	0.336805	1.628729
5.521000	7.318657	2.696272	654.631493	-0.063077	-0.062455	-1.542475
5.522000	7.278571	2.696272	653.224007	0.696318	0.576453	5.748596
5.523000	7.238080	2.736601	653.534149	0.056905	0.017581	-0.432399
5.524000	6.996755	2.415733	651.657478	0.776208	0.696047	5.906800
5.525000	7.520705	3.137684	656.035378	0.017106	-0.062455	-0.749136
5.526000	7.601281	3.217903	655.879929	0.855805	0.775853	7.490928
5.527000	7.400042	2.977251	654.471428	-0.142674	-0.142031	-1.541817
5.528000	7.198399	2.897034	652.127388	0.376465	0.336805	2.736508
5.529000	7.763243	3.298119	656.813026	0.416849	0.336576	2.896518
5.530000	7.924396	3.538769	657.909744	0.096703	0.097157	0.042472
5.531000	7.481023	3.138128	654.472298	0.736116	0.656029	4.956497
5.532000	7.320678	3.097797	653.375580	-0.063077	0.017581	-0.908580
5.533000	7.683071	3.217903	656.967766	0.736116	0.576453	6.065333
5.534000	7.723561	3.419107	656.813980	-0.142674	-0.062455	-1.542475
5.535000	7.562812	3.378778	654.472397	0.696025	0.616012	5.590063
5.536000	7.562812	3.298119	655.874336	0.096996	0.057599	-0.115242
5.537000	7.361572	3.057468	654.779396	0.336666	0.336805	2.895041
5.538000	7.804945	3.618986	657.593048	0.336666	0.297017	2.261475
5.539000	7.804945	3.659315	657.906723	0.096996	0.137175	0.042472
5.540000	7.281400	3.137684	654.156601	0.736116	0.656029	5.589152
5.541000	7.281400	3.097355	654.466873	-0.142674	-0.142031	-2.175949
5.542000	8.006588	3.739090	660.402191	0.736116	0.616012	5.590721
5.543000	7.724772	3.579100	657.592522	0.017106	0.017581	-0.591423
5.544000	7.483448	3.458553	655.872292	0.576336	0.416611	3.370731
5.545000	7.766072	3.618986	656.807777	0.296868	0.216981	1.470196
5.546000	7.724772	3.618986	658.681084	0.456648	0.297017	2.895370
5.547000	8.047483	3.860081	659.307343	0.696318	0.656029	3.846330
5.548000	7.806562	3.739532	658.057556	0.096996	-0.022207	-0.273774
5.549000	7.564428	3.378778	655.245415	0.776208	0.736065	6.223866
5.550000	7.685900	3.498882	656.024551	-0.222564	-0.221837	-2.016505
5.551000	8.290021	4.140617	661.024376	0.656226	0.616012	4.956497
5.552000	8.129272	3.900410	658.369461	0.057198	-0.022207	-0.434130
5.553000	7.766880	3.579100	655.558189	0.456940	0.416611	2.894787
5.554000	8.210657	3.779421	656.335716	0.416849	0.297017	2.736837
5.555000	8.613540	4.100286	660.554825	0.257069	0.217211	2.102942
5.556000	8.532963	4.060400	658.214981	0.536830	0.496647	3.847241
5.557000	8.493281	3.900410	657.277092	-0.022400	-0.101784	-1.384761
5.558000	8.252360	3.659760	655.087669	0.775915	0.815871	6.065333
5.559000	8.534175	3.739532	656.650932	-0.382051	-0.341431	-3.603274
5.560000	9.058125	4.220833	660.089165	0.656519	0.616471	4.004044
5.561000	8.857291	4.020512	657.588898	0.137380	0.057828	0.835972
5.562000	8.413917	3.459438	653.684998	0.536830	0.496647	3.528353
5.563000	8.817204	3.820192	656.807350	0.496739	0.417070	3.212436
5.564000	9.502711	4.260721	660.558273	0.377050	0.377282	3.053574
5.565000	9.019252	3.860081	656.185440	0.456940	0.456859	3.212436
5.566000	9.019656	3.820192	655.245148	-0.062491	-0.061766	-0.908580
5.567000	8.939080	3.619429	654.463425	0.696610	0.736065	4.798293
5.568000	9.180809	3.900410	657.120140	-0.262070	-0.261396	-1.857902
5.569000	9.583691	4.180946	658.684273	0.536830	0.496876	3.686067
5.570000	9.382856	4.020512	656.496521	0.177179	0.097846	0.994926
5.571000	8.979570	3.379221	652.901146	0.576922	0.457088	4.163159
5.572000	9.383260	3.820192	655.869637	0.456940	0.377282	2.736837
5.573000	9.866719	4.221277	658.995277	0.337252	0.297246	1.945067
5.574000	9.463837	3.780748	655.872940	0.497032	0.496876	3.370478
5.575000	9.101040	3.419552	652.435478	0.217270	0.018040	1.152219
5.576000	9.343174	3.499767	654.151077	0.377050	0.456859	1.785952
5.577000	9.746057	3.820635	657.121109	0.097289	0.097846	-0.115570
5.578000	9.463837	3.619873	655.249336	0.576922	0.496876	4.003224
5.579000	9.343578	3.379663	653.842484	0.217270	0.137864	1.153459
5.580000	9.222512	3.138571	652.902916	0.456940	0.456859	2.578633
5.581000	9.464242	3.379663	654.311440	0.536830	0.496876	3.529593
5.582000	9.746461	3.540098	656.343643	0.337252	0.177652	2.420919
5.583000	9.705971	3.339777	656.342758	0.217270	0.337035	0.994926
5.584000	8.819630	2.738373	650.094055	0.417142	0.137864	2.578304
5.585000	9.343578	2.978580	653.840004	0.217270	0.297246	0.836630
5.586000	9.746461	3.379663	657.279137	0.217270	0.097846	1.153130
5.587000	9.061763	2.819033	651.815338	0.496739	0.456859	2.577722
5.588000	9.061763	2.738373	652.282516	0.377050	0.337035	2.895370
5.589000	9.263002	2.698927	653.841690	0.296868	0.297246	1.470196
5.590000	9.383665	2.818588	654.156784	0.416849	0.417070	2.737166
5.591000	9.343578	2.858919	653.688652	0.257069	0.217670	3.053320
5.592000	9.423750	2.858919	654.938240	0.216978	0.257229	0.201005
5.593000	8.739053	2.176855	650.092369	0.377050	0.297246	2.895041
5.594000	9.182022	2.618267	653.529884	0.257069	0.297017	0.517742
5.595000	9.423750	2.979023	656.032562	0.337252	0.177652	2.102123
5.596000	8.819630	2.377617	651.971504	0.377050	0.376823	1.785623
5.597000	8.658477	2.097080	649.314827	0.216978	0.257229	1.945067
5.598000	9.141935	2.658598	654.466965	0.377050	0.297246	2.261313
5.599000	9.101040	2.618267	654.626526	0.416849	0.417070	2.420100
5.600000	8.617986	2.377617	650.565468	0.377050	0.217670	2.737656
5.601000	8.698563	2.498163	651.813560	0.137088	0.217211	0.358719
5.602000	8.617986	2.217184	651.811874	0.656519	0.496876	5.114373
5.603000	8.738649	2.377617	653.221214	0.177179	0.217211	0.201005
5.604000	8.779140	2.618711	652.597595	0.456940	0.257229	2.418860
5.605000	8.617986	2.337730	652.284103	0.377050	0.337035	2.577722
5.606000	8.133719	1.936646	649.002937	0.296868	0.257229	1.945067
5.607000	8.658072	2.498163	653.845764	0.216978	0.257229	1.787590
5.608000	8.778735	2.578381	655.252525	0.176886	0.217211	0.519564
5.609000	8.214699	2.137409	650.568672	0.696610	0.536894	4.795485
5.610000	8.254786	2.177740	650.722534	0.177179	0.137634	1.153787
5.611000	8.616774	2.377617	654.936623	0.536830	0.417070	4.321363
5.612000	8.616774	2.418390	654.003639	0.177179	0.137634	-0.115242
5.613000	8.213892	2.177740	651.348694	0.456940	0.417070	3.212037
5.614000	8.294064	2.218069	652.126160	0.257069	0.217211	0.994015
5.615000	8.173400	2.097523	651.814369	0.057198	0.097617	0.200676
5.616000	8.536197	2.458277	654.785248	0.576922	0.456859	4.320872
5.617000	8.858502	2.739258	655.721550	0.096996	0.057828	-0.591423
5.618000	8.173400	2.218069	653.378426	0.816299	0.616471	5.748267
5.619000	8.012248	2.058079	650.254471	0.176886	0.137634	0.200676
5.620000	8.817608	2.699371	657.282417	0.656519	0.576682	5.432350
5.621000	8.737032	2.659040	657.911003	-0.062491	0.017811	-1.859794
5.622000	8.092824	2.178183	651.820221	0.456940	0.456859	3.053083
5.623000	8.173400	2.178183	652.755791	0.217270	0.257229	1.312811
5.624000	8.576283	2.339058	656.661369	-0.142674	-0.101784	-2.017087
5.625000	8.576283	2.459164	656.663849	0.696610	0.576682	5.114211
5.626000	8.576688	2.419718	655.572029	0.096996	0.057828	0.200676
5.627000	8.576688	2.179068	656.195641	0.816299	0.616700	6.066244
5.628000	8.093228	1.858200	653.541512	-0.062491	0.017811	-1.066784
5.629000	8.979570	2.460049	659.323692	0.936281	0.776083	6.699320
5.630000	9.181213	2.580153	660.884537	-0.182473	0.018040	-1.540906
5.631000	8.335362	1.778870	654.637520	0.296868	0.297246	1.784966
5.632000	8.213892	1.698652	654.324028	0.337252	0.297246	2.103600
5.633000	9.221299	2.219841	661.198921	-0.022400	-0.021978	-0.749627
5.634000	9.060146	2.100180	659.795288	0.696610	0.616700	5.430619
5.635000	8.859312	1.980074	658.231392	0.057198	0.057828	-0.274686
5.636000	8.939484	1.899858	658.700333	0.936281	0.656718	6.698408
5.637000	8.979570	1.699537	658.699524	-0.062491	-0.061766	-1.700350
5.638000	9.544009	2.221169	662.294998	0.736409	0.616700	5.748267
5.639000	9.503519	2.261942	662.295883	-0.062491	-0.021978	-0.907432
5.640000	8.818821	1.579433	659.012405	0.216978	0.177652	1.310353
5.641000	8.778735	1.539547	658.233170	0.416849	0.417070	2.895370
5.642000	9.503519	2.221169	664.638214	-0.102290	-0.061766	-1.383031
5.643000	9.382856	2.140953	663.856758	0.776501	0.576682	6.066244
5.644000	9.101040	1.780197	661.358078	-0.022400	0.018040	-0.433218
5.645000	9.020464	1.740311	660.887535	0.816299	0.656489	6.066244
5.646000	9.302280	1.820526	664.012207	0.017692	0.057828	-0.750538
5.647000	9.342770	2.021292	664.952660	0.536830	0.536894	4.003807
5.648000	9.182022	1.780640	663.859253	0.017692	0.018040	-0.590932
5.649000	8.859312	1.499660	662.919662	0.177472	0.137864	0.677278
5.650000	8.778735	1.339668	662.293571	0.536830	0.496876	3.687797
5.651000	9.302684	1.821411	666.361366	-0.182473	-0.141572	-1.858883
5.652000	9.222108	1.781082	665.733589	0.776501	0.776083	5.907129
5.653000	8.819225	1.299782	663.860222	-0.062491	-0.101554	-1.542475
5.654000	8.819630	1.219564	664.015671	0.816299	0.776542	6.222227
5.655000	9.383260	1.700865	668.702888	0.097289	-0.021748	-0.116153
5.656000	9.302684	1.580763	667.456581	0.496739	0.377282	2.737257
5.657000	9.061763	1.300224	665.737686	0.377050	0.297246	2.261475
5.658000	8.860120	1.099461	664.955338	0.017692	-0.021748	0.677278
5.659000	9.141935	1.099461	667.766594	0.537123	0.616700	3.846330
5.660000	9.343578	1.380442	668.863403	-0.102290	-0.101554	-1.384761
5.661000	9.303492	1.260338	668.551514	0.896482	0.856118	6.858181
5.662000	8.940696	0.818924	666.049644	-0.262070	-0.181360	-2.491958
5.663000	9.141935	0.899584	667.455856	0.656519	0.576682	4.004955
5.664000	9.504732	1.260338	671.675652	0.217270	0.137864	0.995416
5.665000	9.061763	0.939913	667.772469	0.456940	0.377282	3.053083
5.666000	8.820034	0.698818	665.739532	0.377050	0.377282	2.102942
5.667000	8.940696	0.739149	667.612106	0.137380	0.098076	0.676949
5.668000	9.141935	0.859695	670.112389	0.537123	0.496876	3.847570
5.669000	8.940696	0.900024	668.398621	-0.302161	-0.261396	-3.283475
5.670000	8.940696	0.859695	668.397034	0.936281	0.856118	6.381671
5.671000	8.779140	0.579157	668.397667	-0.022107	-0.061766	-0.908580
5.672000	8.819630	0.658932	669.022224	0.656519	0.536894	3.845511
5.673000	9.141935	1.060017	671.367836	0.216978	0.097846	1.153459
5.674000	8.779543	0.819809	669.336525	0.497032	0.496876	3.371222
5.675000	8.175421	0.378393	665.589027	0.337252	0.297246	2.259745
5.676000	8.617986	0.739149	669.022949	0.137380	0.018040	0.358880
5.677000	8.859715	1.060017	672.304039	0.496739	0.536435	4.003133
5.678000	8.215103	0.538828	666.373611	-0.222271	-0.221837	-1.858883
5.679000	8.175017	0.698818	667.463860	0.656519	0.576682	4.320872
5.680000	8.376257	0.818924	669.492683	-0.102290	-0.061766	-1.066294
5.681000	8.416343	0.939470	669.962517	0.536830	0.536665	3.687307
5.682000	8.335766	1.099461	670.119667	0.416849	0.217670	2.579123
5.683000	8.215103	1.019686	669.182472	0.497032	0.417070	3.053574
5.684000	7.610578	0.578274	664.649925	0.377050	0.297246	1.785952
5.685000	8.174613	1.179678	669.962418	0.097289	0.018040	0.677768
5.686000	8.496515	1.500988	672.619026	0.416849	0.376823	2.894787
5.687000	7.569683	0.818480	666.369438	-0.222271	-0.141572	-1.226228
5.688000	7.529193	0.818480	665.744141	0.616428	0.496876	3.687797
5.689000	7.972970	1.259453	669.491699	0.257069	0.177652	1.471107
5.690000	8.012651	1.459774	670.117882	0.496739	0.417070	2.577722
5.691000	7.569683	1.259453	666.682823	0.496739	0.377282	3.370149
5.692000	7.448617	1.219122	666.211388	0.296868	0.297017	2.577722
5.693000	7.327549	1.058245	665.271744	0.377050	0.417070	2.577722
5.694000	7.569279	1.499216	668.241920	0.137380	0.057828	0.836301
5.695000	7.649856	1.780197	668.555328	0.296868	0.456859	1.944248
5.696000	7.246569	1.418556	666.208733	-0.062491	-0.141572	-0.749465
5.697000	6.843687	1.097689	662.460289	0.416849	0.337035	2.261222
5.698000	7.407722	1.779312	667.928345	0.257069	0.177652	1.945719
5.699000	7.608557	2.179953	670.115913	0.456940	0.417070	3.053574
5.700000	6.803600	1.538662	664.334488	0.336666	0.297246	2.420008
5.701000	6.601553	1.498331	662.614868	0.377050	0.257229	2.261475
5.702000	7.044925	1.818756	666.518761	0.536830	0.536665	3.845840
5.703000	6.923859	2.018633	666.678406	0.057783	0.057828	0.358880
5.704000	6.762705	1.938860	665.115219	0.216978	0.297017	0.201005
5.705000	6.641639	2.018633	665.267387	0.217270	0.057828	1.628071
5.706000	6.319333	1.697765	662.767662	0.496739	0.496647	3.528353
5.707000	6.762301	2.299171	666.206871	0.296868	0.217211	1.788334
5.708000	7.044117	2.579710	668.082573	0.416849	0.376823	2.420008
5.709000	6.278842	2.017748	663.706352	0.496739	0.337035	3.686067
5.710000	5.875556	1.857313	660.268982	0.177179	0.137634	1.468886
5.711000	6.641235	2.498606	666.202522	0.296868	0.256999	1.310353
5.712000	6.600745	2.578823	666.518410	0.257069	0.137634	1.944409
5.713000	6.077199	2.177740	661.987518	0.176886	0.256999	0.835811
5.714000	6.037113	2.257515	661.359680	0.296868	0.057828	0.993686
5.715000	6.076795	2.297401	663.231544	0.456648	0.496647	3.211945
5.716000	6.157776	2.657713	663.234734	0.336666	0.256999	1.785623
5.717000	6.036709	2.577938	662.142906	0.296868	0.296787	2.260656
5.718000	6.036709	2.457392	661.826126	0.296868	0.337035	2.420919
5.719000	5.472673	2.055422	657.919655	0.416849	0.256999	3.052992
5.720000	6.076795	2.737486	662.764030	0.017106	0.057599	-0.591423
5.721000	6.116881	2.857590	663.077522	0.496739	0.297017	3.370403
5.722000	5.512760	2.335958	659.015419	0.137088	0.256770	0.358719
5.723000	5.512760	2.415733	658.545570	0.496739	0.376823	3.528936
5.724000	5.995815	2.816374	663.228691	0.296575	0.296787	1.945067
5.725000	5.834661	2.776045	661.356133	0.296868	0.336805	1.785623
5.726000	5.633422	2.655941	659.796860	0.336666	0.336805	2.737074
5.727000	5.552846	2.695385	659.323738	0.176593	0.216981	0.200676
5.728000	5.471865	2.454292	658.853195	0.496739	0.336805	3.370731
5.729000	5.753681	2.895706	661.041580	0.017106	0.137175	-0.432890
5.730000	5.592932	2.855375	659.324532	0.776208	0.576453	5.906472
5.731000	5.310712	2.534065	657.289047	0.017106	0.137175	-0.432890
5.732000	5.350799	2.694500	658.069855	0.616135	0.496647	4.003715
5.733000	5.914834	3.175358	661.976173	0.296868	0.336805	1.311992
5.734000	5.471461	2.934265	659.478218	0.256776	0.336805	1.945067
5.735000	5.350394	2.854490	657.601639	0.456648	0.336805	2.737074
5.736000	5.269817	2.893936	656.973862	0.096996	0.177193	-0.273446
5.737000	5.591719	3.013596	659.316101	0.656519	0.496647	5.272906
5.738000	5.591719	3.213917	659.163834	0.057198	0.057599	-0.590603
5.739000	5.229731	2.973709	656.507233	0.736116	0.576453	6.381671
5.740000	5.309903	2.932936	656.034927	-0.022400	0.057599	-0.750047
5.741000	5.350394	2.972824	657.283806	0.576336	0.336805	3.528936
5.742000	5.591719	3.373907	658.691528	0.096996	0.097617	-0.115824
5.743000	5.430971	3.253361	657.129860	0.256776	0.256999	1.468557
5.744000	5.027684	3.012266	654.629593	0.576336	0.376823	3.528936
5.745000	5.068174	3.052155	655.096863	0.017106	0.057599	-0.432890
5.746000	5.631805	3.572901	659.625954	0.696318	0.576453	4.955678
5.747000	5.309903	3.373022	656.505287	0.136795	0.216981	0.199857
5.748000	4.947512	3.171816	654.313622	0.696318	0.536435	5.906800
5.749000	5.148347	3.252033	655.251335	0.017106	0.017581	-1.383192
5.750000	5.349989	3.492241	657.123192	0.616428	0.536665	3.846093
5.751000	5.470653	3.772337	657.907227	0.176886	0.216981	1.153367
5.752000	5.269817	3.692562	656.343170	0.017106	0.017811	-0.909399
5.753000	4.785954	3.330921	652.594627	0.696318	0.576453	4.956497
5.754000	5.027684	3.531242	654.934555	0.096996	0.137175	-0.115242
5.755000	5.591719	4.012545	659.624092	0.736409	0.536435	5.272906
5.756000	4.907021	3.611017	653.998993	0.057198	0.057599	-0.275176
5.757000	4.544225	3.410696	651.341484	0.736409	0.616471	5.906800
5.758000	4.866935	3.650904	653.682205	-0.182473	-0.102243	-1.543386
5.759000	5.309903	4.132206	657.588600	0.416849	0.297017	2.260327
5.760000	5.067770	4.051546	653.997231	0.296868	0.297017	2.579452
5.761000	4.866935	3.930998	653.370247	0.017106	-0.022207	-0.749136
5.762000	4.544225	3.730234	652.275986	0.816006	0.735835	6.222227
5.763000	4.826445	4.010773	654.150986	0.056905	0.017581	-0.907669
5.764000	5.108260	4.411415	656.494270	0.816299	0.735835	6.698408
5.765000	4.785954	4.130877	654.151779	-0.142674	-0.142261	-1.383031
5.766000	4.141342	3.569357	648.837669	0.736116	0.616012	4.956497
5.767000	4.704973	4.130434	654.149918	0.057198	0.057599	-0.115333
5.768000	5.148750	4.531076	656.805016	0.336666	0.256999	2.420100
5.769000	4.463648	4.210207	651.806801	0.576336	0.336576	2.894879
5.770000	4.463648	4.169436	651.960663	0.017106	0.017581	-0.750867
5.771000	4.544225	4.250095	652.427193	0.976079	0.815642	7.015566
5.772000	4.584311	4.370197	653.678482	-0.262363	-0.142031	-2.333754
5.773000	4.745869	4.650736	654.303787	0.736116	0.695818	6.063112
5.774000	4.544225	4.489859	653.519745	0.057198	0.057599	-0.750047
5.775000	3.899613	3.888454	648.831627	0.656226	0.456399	4.161429
5.776000	4.463648	4.529745	653.675117	0.096996	-0.062455	-0.274686
5.777000	4.907021	4.890059	656.488945	0.536245	0.296787	3.053574
5.778000	4.423158	4.489416	652.267387	0.576336	0.376593	3.212436
5.779000	4.060766	4.328539	649.924988	0.056905	0.137175	0.200676
5.780000	4.342986	4.649406	653.359146	0.856098	0.775624	6.380760
5.781000	4.463648	4.729624	653.983627	-0.222564	-0.182278	-2.333754
5.782000	4.060766	4.609077	650.862793	0.975494	0.775624	6.540204
5.783000	4.020679	4.528418	650.859589	-0.182765	-0.261855	-1.859794
5.784000	3.980189	4.407871	650.699883	0.536245	0.535976	3.845511
5.785000	4.141342	4.768625	652.267220	0.296575	0.216981	2.102942
5.786000	4.222323	5.009275	652.579010	0.456062	0.256999	3.211287
5.787000	4.100852	4.848399	652.264725	0.576336	0.416382	3.686886
5.788000	3.496731	4.406984	648.201912	0.136795	0.137175	0.358880
5.789000	3.940104	4.807627	651.481346	0.736116	0.735606	5.747685
5.790000	4.181428	5.248598	654.921257	-0.222564	-0.182278	-2.333425
5.791000	3.537221	4.687079	649.297661	0.656226	0.655800	4.321201
5.792000	3.416154	4.726967	648.983376	0.176886	0.097157	0.358880
5.793000	3.778950	5.007062	652.885674	0.496739	0.376593	3.212436
5.794000	3.738864	5.046949	652.107330	0.336666	0.296558	2.578212
5.795000	3.456645	5.007062	650.077538	0.536245	0.376593	3.528936
5.796000	3.537221	5.167496	652.418251	0.456648	0.376364	3.370968
5.797000	3.255405	4.805855	649.606102	0.136795	0.137175	0.358880
5.798000	3.578115	5.166610	652.263428	0.696025	0.615552	4.799113
5.799000	3.698777	5.527807	654.138550	-0.142674	-0.142261	-1.383942
5.800000	3.215319	5.006176	650.543900	0.376465	0.416382	2.261313
5.801000	3.014080	4.925961	649.294121	0.336666	0.256770	1.627090
5.802000	3.618201	5.527365	655.073868	0.536245	0.376593	3.528353
5.803000	3.497943	5.406818	653.668732	0.376465	0.336576	2.895370
5.804000	2.853736	5.085508	650.078064	0.296575	0.216981	2.261475
5.805000	3.095060	5.285828	651.638832	0.495861	0.535976	3.370478
5.806000	3.215723	5.405489	654.292244	0.136795	0.097157	0.519564
5.807000	3.055378	5.405489	653.357468	0.456062	0.495728	2.262225
5.808000	3.055783	5.525594	653.047356	-0.023278	-0.142261	-0.749136
5.809000	2.894226	5.245056	652.733871	0.536245	0.535976	3.370968
5.810000	2.491748	5.003963	650.702438	0.216685	0.136946	1.311663
5.811000	3.216532	5.686028	656.171127	0.336373	0.296558	2.737166
5.812000	3.136359	5.685142	656.483017	0.536245	0.376364	3.687797
5.813000	2.573133	5.284500	652.266510	0.336666	0.216752	1.785623
5.814000	2.613219	5.243727	652.733681	0.336373	0.495958	2.894787
5.815000	3.217340	5.764472	658.200050	0.136795	0.097157	0.517413
5.816000	2.935120	5.604040	656.483734	0.336373	0.455940	1.785952
5.817000	2.613219	5.444048	654.140610	0.096703	0.017122	0.677768
5.818000	2.533047	5.363388	653.669884	0.536245	0.495958	3.529593
5.819000	2.533047	5.362502	654.918777	0.256776	0.176734	1.311663
5.820000	3.056995	5.964351	658.513443	0.376465	0.336576	2.737166
5.821000	2.815267	5.844246	657.577156	0.456062	0.376364	2.894787
5.822000	2.573537	5.402390	654.138031	0.495861	0.336346	2.420008
5.823000	2.412788	5.482163	654.606079	0.336373	0.336346	2.102780
5.824000	3.097081	6.084012	659.917702	0.336373	0.176963	1.787515
5.825000	2.815267	5.923136	658.824280	0.176593	0.296328	0.517742
5.826000	2.331807	5.481721	654.917877	0.256776	0.056910	1.309113
5.827000	2.211144	5.521608	654.291794	0.616135	0.535746	4.162577
5.828000	2.774776	5.922692	658.665443	0.096703	0.056910	0.042963
5.829000	2.774776	6.042797	658.979729	0.536245	0.495958	3.370640
5.830000	2.453279	5.801260	656.323906	0.415971	0.336346	2.576482
5.831000	2.251230	5.640825	655.853279	0.376465	0.296558	3.211524
5.832000	2.291720	5.559724	655.540497	0.216392	0.176734	0.359209
5.833000	2.614027	6.121242	658.352585	0.536245	0.336346	3.528607
5.834000	2.533450	6.041026	658.352654	0.136502	0.136487	0.201824
5.835000	1.929733	5.479064	654.289909	0.336373	0.296328	2.576574
5.836000	1.929733	5.479064	653.508286	0.376465	0.415923	2.896356
5.837000	2.614430	6.080469	659.756927	0.176593	0.216522	0.516594
5.838000	2.373106	5.959480	657.729607	0.296575	0.176734	1.785623
5.839000	2.050396	5.758718	655.539520	0.256483	0.256540	1.627090
5.840000	2.050396	5.677613	655.693306	0.495861	0.376364	3.530084
5.841000	2.050396	5.877934	656.474854	0.056319	0.096698	-0.749136
5.842000	2.211549	5.998039	658.038826	0.616135	0.376364	4.956659
5.843000	2.292530	6.117701	658.037140	0.136502	0.136487	0.041561
5.844000	1.527255	5.475965	653.347504	0.456062	0.336346	3.213018
5.845000	1.647513	5.635513	654.439255	0.016521	0.176734	0.043291
5.846000	2.292530	6.317136	659.440773	0.375879	0.375905	2.577722
5.847000	1.688004	5.956822	655.535004	0.256483	0.296328	2.105238
5.848000	1.446679	5.755618	653.971817	0.136502	0.216522	0.358880
5.849000	1.527255	5.875721	655.220634	0.616135	0.336346	3.846001
5.850000	1.809070	6.035269	657.406685	0.096703	0.216522	0.201495
5.851000	1.647918	6.035269	655.691177	0.695732	0.575535	5.272577
5.852000	1.446679	6.075156	655.844315	-0.023571	0.016892	-1.224498
5.853000	1.245440	5.633741	653.656403	0.655933	0.455940	4.479896
5.854000	1.245440	5.753403	654.906166	0.016521	0.176275	-0.115242
5.855000	1.567745	6.275033	657.407310	0.216392	0.176275	1.627090
5.856000	1.406997	5.994055	656.002098	0.336373	0.296328	2.261222
5.857000	0.963624	5.632855	652.250366	0.176593	0.176275	0.359209
5.858000	1.245843	5.873064	655.373428	0.735531	0.575764	5.432350
5.859000	1.689217	6.193932	657.874504	0.056319	0.056680	-0.592334
5.860000	1.085094	5.873064	654.283279	0.735823	0.615323	6.066244
5.861000	1.166076	5.832735	655.063141	0.016521	0.016892	-1.066784
5.862000	1.045009	5.872178	655.216919	0.615842	0.415693	3.846093
5.863000	1.407401	6.072499	656.934029	-0.103461	0.016663	-0.432070
5.864000	1.488786	6.312707	658.029945	0.096118	0.136257	0.360703
5.865000	1.368122	6.232047	656.936348	0.535659	0.455711	3.846001
5.866000	0.964836	5.871294	654.904221	-0.103461	0.016663	-1.542475
5.867000	1.287142	6.231606	658.027290	0.775622	0.535517	5.589643
5.868000	1.529276	6.512586	659.590469	0.016521	0.056680	-0.431488
5.869000	1.126393	6.111058	655.684883	0.695732	0.455711	4.954018
5.870000	0.844578	6.110617	654.589760	-0.063662	-0.023126	-1.542636
5.871000	1.287951	6.351266	657.866859	0.535659	0.455711	4.479896
5.872000	1.569766	6.671690	661.148682	0.136502	0.136487	-0.116153
5.873000	1.006135	6.470927	656.932251	0.016228	-0.023126	-0.274686
5.874000	1.126798	6.551144	657.710526	0.815713	0.695129	6.065333
5.875000	1.006135	6.430596	658.176979	-0.023571	-0.103161	-1.224498
5.876000	1.166883	6.630918	659.583977	0.735823	0.575535	5.431439
5.877000	1.449508	6.951785	660.990097	-0.023571	0.016663	-0.908580
5.878000	1.206970	6.670805	659.425240	0.775622	0.734917	5.905889
5.879000	0.884664	6.349938	655.676804	-0.183351	-0.222526	-2.015777
5.880000	1.568958	6.911899	660.360733	0.535659	0.455711	3.368672
5.881000	2.092503	7.191994	664.423378	0.176301	0.096469	0.994834
5.882000	1.366911	6.750579	658.331085	0.176301	0.016892	0.199857
5.883000	1.487573	6.671690	658.173058	0.735531	0.575535	4.479896
5.884000	1.890455	6.911456	660.515388	-0.103461	-0.063143	-1.066294
5.885000	1.890051	6.911456	661.764442	0.775622	0.655341	6.380760
5.886000	1.930138	6.992116	660.202789	-0.262948	-0.342350	-3.443830
5.887000	1.889647	6.911456	660.358322	0.735823	0.695129	5.748596
5.888000	1.526446	6.470041	656.763725	0.016521	-0.062914	-0.907761
5.889000	2.009906	6.911013	660.981918	0.375879	0.415923	2.737656
5.890000	2.573940	7.512861	664.887512	0.296282	0.136487	1.152219
5.891000	1.647109	6.750579	658.794243	0.216392	0.256310	0.994015
5.892000	1.365294	6.509929	655.200539	0.735531	0.495499	4.478985
5.893000	2.049587	7.111334	660.978622	-0.183351	-0.023355	-2.650820
5.894000	2.130164	7.271768	661.449249	0.935109	0.695129	6.380760
5.895000	1.404572	6.790465	656.763634	-0.183351	-0.102932	-2.333754
5.896000	1.525638	6.830353	656.761932	0.495568	0.495499	3.528936
5.897000	1.323590	6.709364	656.447647	0.016521	0.056680	-0.432399
5.898000	1.605002	7.071005	658.791664	0.495568	0.415923	4.161919
5.899000	1.766559	7.431758	659.574806	0.296282	0.335887	1.786604
5.900000	1.363273	7.110448	657.387138	0.216392	0.096469	1.627419
5.901000	0.799236	6.589261	653.324486	0.535659	0.694899	4.320781
5.902000	1.524021	7.270440	658.633621	-0.103754	-0.142949	-1.858883
5.903000	1.725261	7.511090	660.041336	0.695732	0.615093	5.431439
5.904000	1.120734	6.909685	655.043037	-0.143552	-0.222985	-2.015777
5.905000	0.919091	6.789138	653.791565	0.455769	0.535287	2.895370
5.906000	1.281079	7.029788	656.913918	0.216392	0.096469	1.152219
5.907000	1.321165	7.310327	657.541710	0.455769	0.415693	2.735926
5.908000	1.160417	7.350656	655.824654	0.375879	0.375675	2.737074
5.909000	1.159608	7.109562	655.668221	0.375879	0.255851	2.261146
5.910000	0.756725	6.788696	653.320129	0.455769	0.535287	4.004863
5.911000	1.118713	7.269996	656.602997	-0.103461	-0.063143	-1.383942
5.912000	1.360847	7.470317	657.697952	0.535659	0.535287	4.163159
5.913000	0.997646	6.989016	654.727760	-0.063662	-0.063373	-1.224827
5.914000	0.513783	6.708036	651.446655	0.455769	0.335428	3.052992
5.915000	1.117905	7.149007	656.288452	0.455769	0.375675	3.053083
5.916000	1.238568	7.389657	657.852600	0.375879	0.375675	2.577393
5.917000	0.674532	6.948687	653.479652	0.415678	0.455481	2.895278
5.918000	0.795195	6.948687	653.320023	0.256191	0.176275	0.995745
5.919000	0.915453	7.028461	655.506828	0.495568	0.535287	3.211524
5.920000	0.794790	7.068789	654.573814	-0.063662	-0.102932	-0.590932
5.921000	0.794387	7.189336	654.104851	0.415678	0.575076	2.737074
5.922000	0.793983	7.109120	654.882500	0.056319	0.056451	0.358880
5.923000	0.310523	6.627818	650.978416	0.615842	0.495499	3.370640
5.924000	0.834473	7.109120	655.352226	0.216099	0.136257	1.626179
5.925000	1.236951	7.469431	658.008835	0.415678	0.335887	1.786604
5.926000	0.551848	6.908358	653.480377	0.535659	0.495499	4.162248
5.927000	0.511358	6.948244	652.382851	0.136502	0.056451	1.152548
5.928000	1.155566	7.308997	658.161880	0.375586	0.415463	1.943337
5.929000	0.712597	7.108676	655.041229	0.176301	0.096469	0.835972
5.930000	0.591531	7.028461	653.791435	0.415678	0.455481	2.578379
5.931000	0.872942	7.188451	655.664909	0.096118	0.056451	0.677768
5.932000	0.550635	6.787367	653.631821	0.455769	0.415463	3.052992
5.933000	0.872538	7.108676	656.288406	0.216099	0.215833	1.785623
5.934000	1.074182	7.308997	657.854179	0.335788	0.215833	1.784054
5.935000	0.670894	6.948244	654.570587	0.375879	0.375675	2.737166
5.936000	0.549423	6.787367	654.102425	0.535659	0.375905	3.370640
5.937000	1.234526	7.388771	660.037743	0.056026	0.096239	-0.274357
5.938000	0.952306	7.188451	658.164345	0.456062	0.176275	2.577883
5.939000	0.508932	6.827698	654.884148	0.256191	0.375675	0.994834
5.940000	0.629191	6.988573	655.977562	0.296282	0.136257	1.943498
5.941000	0.871325	6.988132	659.256264	0.375879	0.375675	1.944156
5.942000	0.951497	7.068789	658.790520	0.335788	0.255851	2.260564
5.943000	0.669277	7.109120	657.385460	0.455476	0.375675	3.686886
5.944000	0.628787	6.868470	658.322472	0.216099	0.255851	0.358880
5.945000	0.507721	6.628263	656.759285	0.495568	0.455481	3.846001
5.946000	0.990371	7.349771	661.603729	0.096118	0.175816	-0.116153
5.947000	0.909794	7.230109	660.979164	0.615842	0.415693	4.637771
5.948000	0.425931	6.708922	657.854477	0.016521	0.255851	-0.274357
5.949000	0.345355	6.628263	657.387848	0.375879	0.176275	1.785623
5.950000	1.110225	7.190222	663.633446	0.335788	0.375675	1.785952
5.951000	0.989159	6.909685	661.918015	0.295696	0.176275	1.153949
5.952000	0.666852	6.789580	659.730247	0.375879	0.415693	3.055051
5.953000	0.706938	6.789580	660.200974	0.135916	0.096239	0.041561
5.954000	0.867687	6.709364	661.604607	0.815128	0.575305	5.272906
5.955000	1.149503	7.150779	663.324127	-0.023864	-0.023355	-0.590603
5.956000	0.947859	6.990787	661.763435	0.855219	0.655111	6.539875
5.957000	0.665640	6.629590	659.417732	-0.063662	0.016433	-0.909162
5.958000	0.463996	6.469600	658.638580	0.415971	0.335887	2.419189
5.959000	1.269357	7.191108	664.885696	0.176301	0.096469	0.518561
5.960000	1.269357	7.271326	664.575500	0.096118	0.176275	0.200676
5.961000	0.665236	6.669919	660.202652	0.615842	0.375905	3.686649
5.962000	0.583851	6.710250	659.731216	0.016228	0.136257	-0.274686
5.963000	1.188375	7.071005	664.417557	0.735531	0.535287	5.748596
5.964000	0.986733	7.111334	663.483025	0.136502	0.136257	0.520383
5.965000	0.664023	6.951344	660.827927	0.735531	0.535517	5.588823
5.966000	0.583446	6.790465	660.670715	-0.143552	-0.023355	-2.333425
5.967000	0.300822	6.590589	659.263145	0.455769	0.415693	3.210959
5.968000	0.985924	7.191994	664.424110	0.176301	0.375675	0.995653
5.969000	1.026011	7.351984	664.892258	-0.023864	0.016663	-0.273446
5.970000	0.300822	6.670805	659.268112	0.695439	0.655111	5.589971
5.971000	0.259928	6.670805	658.797318	0.056026	0.056451	0.042963
5.972000	1.146269	7.432644	665.358780	0.695439	0.615093	5.430619
5.973000	0.742982	7.191994	662.862526	0.016228	0.016433	-0.116972
5.974000	0.581425	6.991673	661.299347	0.855219	0.655111	6.699648
5.975000	0.299610	6.831239	660.362091	-0.103461	-0.063373	-1.701261
5.976000	0.460359	6.750579	660.518433	0.216099	0.215833	1.309113
5.977000	0.742579	7.232323	663.018784	0.415971	0.415463	3.370640
5.978000	0.862837	7.232323	663.019661	0.016228	-0.023355	-0.751195
5.979000	0.137649	6.630918	658.643456	0.695732	0.575076	5.747356
5.980000	0.379378	6.670805	658.955246	0.016228	0.016433	-1.067113
5.981000	0.902923	7.232323	663.956665	0.895018	0.814494	7.016385
5.982000	0.580617	7.031560	660.833420	-0.103754	-0.063373	-0.908580
5.983000	0.137244	6.751465	658.488701	0.575458	0.615093	4.640251
5.984000	0.137244	6.670805	658.175186	0.056026	0.016663	-0.274686
5.985000	0.418655	6.911013	661.145309	0.375879	0.375675	1.786534
5.986000	0.538914	7.031560	661.146896	0.415678	0.375675	2.895370
5.987000	0.378165	6.991673	660.366875	-0.023571	0.016433	-0.590603
5.988000	0.014965	6.550258	657.551506	1.014999	0.814494	7.172859
5.989000	0.014965	6.590145	658.019569	-0.223442	-0.183197	-2.491958
5.990000	0.457933	7.031560	660.679466	0.855219	0.694899	6.856941
5.991000	0.296780	6.871125	659.585236	-0.063662	0.016433	-0.591514
5.992000	-0.146996	6.429712	656.303490	0.615256	0.495269	3.686649
5.993000	-0.025930	6.389826	656.929337	0.096118	0.096239	0.359209
5.994000	0.457125	6.831239	659.895416	0.415678	0.375675	2.895370
5.995000	0.255076	6.590589	657.712646	0.375879	0.375675	2.578212
5.996000	0.174500	6.510370	657.085678	-0.063662	-0.063373	-0.749465
5.997000	0.093520	6.269279	656.615120	0.895018	0.814494	6.067392
5.998000	0.335249	6.430155	658.491623	-0.183936	-0.183197	-2.334412
5.999000	0.455913	6.550258	658.961449	0.815128	0.694899	5.905490
6.000000	0.536084	6.470484	657.867363	-0.023571	-0.222985	-1.384271
6.001000	0.173693	6.029071	654.741646	0.575458	0.575076	4.161008
6.002000	0.294354	6.109286	655.989029	0.256191	0.215833	2.419679
6.003000	0.817495	6.510370	659.739868	0.415678	0.415693	2.577722
6.004000	0.414613	6.109286	655.679710	0.256191	0.255851	2.260564
6.005000	0.293951	5.949297	653.962578	0.216099	0.136257	0.993686
6.006000	0.535275	5.948853	655.208290	0.695439	0.575076	5.273563
6.007000	1.018331	6.229392	658.335434	-0.183351	-0.183197	-2.494109
6.008000	0.655534	5.989183	654.744141	0.655641	0.575076	4.637610
6.009000	0.574958	5.989183	653.960892	0.176301	0.136257	0.200676
6.010000	0.574553	5.708645	653.804550	0.415971	0.375675	3.052992
6.011000	0.775792	5.708645	653.804550	0.296282	0.415463	2.420008
6.012000	1.017926	6.029512	655.524963	0.415971	0.255851	3.053574
6.013000	0.775792	5.708645	653.962509	0.415678	0.455481	2.737074
6.014000	0.372910	5.267232	650.058502	0.176301	0.056451	0.677768
6.015000	0.896455	5.547769	654.274307	0.575458	0.575076	3.689528
6.016000	1.379915	5.989183	658.026031	0.016228	-0.103161	-0.274195
6.017000	0.613831	5.467995	651.621788	0.535366	0.535058	3.529593
6.018000	0.694812	5.387778	651.151138	0.256191	0.096239	1.311663
6.019000	0.734899	5.347447	652.870651	0.375879	0.455252	3.212436
6.020000	1.057204	5.427666	654.901184	0.415971	0.375675	3.052992
6.021000	1.097291	5.627987	654.589455	0.256191	0.295640	1.470196
6.022000	1.016713	5.427666	653.497543	0.495568	0.415463	3.528682
6.023000	0.492764	4.866148	649.902954	0.176301	0.096239	1.153038
6.024000	1.218357	5.427666	654.744926	0.375586	0.375216	1.626508
6.025000	1.460087	5.788419	657.245972	0.216099	0.136257	1.153949
6.026000	0.774984	4.986692	652.403305	0.535366	0.455252	3.528682
6.027000	0.613831	4.866148	649.748291	0.135916	0.255851	1.311663
6.028000	1.016713	5.147127	653.652184	0.295696	0.255622	1.785623
6.029000	1.379510	5.387335	656.153351	0.415678	0.455481	3.370968
6.030000	0.936541	4.986692	652.563652	0.216099	0.096239	1.311663
6.031000	0.896051	4.906477	651.937729	0.415678	0.495269	2.261475
6.032000	0.734899	4.745601	652.093803	0.415678	0.215833	2.577393
6.033000	1.258443	5.066467	654.281578	0.295696	0.295410	0.517742
6.034000	1.379510	5.307561	655.846428	0.256191	0.136257	2.261146
6.035000	1.016713	4.946363	654.281555	0.455476	0.535058	3.212764
6.036000	0.372506	4.384846	649.596741	0.135916	0.255622	1.628071
6.037000	1.016713	4.906034	654.440292	0.335788	0.335428	2.261475
6.038000	1.379510	5.226901	657.408714	0.335788	0.295640	2.104581
6.039000	0.775389	4.745601	653.348465	0.375586	0.335428	2.578379
6.040000	0.573745	4.545280	651.630562	0.215514	0.255622	0.835482
6.041000	0.936946	4.704828	655.063103	0.535659	0.415463	3.212689
6.042000	1.218357	4.945922	656.785828	0.215514	0.295410	0.994344
6.043000	0.936541	4.906034	654.756195	0.415678	0.415463	3.528936
6.044000	0.815879	4.704828	654.910843	0.335788	0.335198	1.153367
6.045000	0.372910	4.343631	652.254944	0.135916	0.175816	0.359209
6.046000	0.815879	4.624610	655.381401	0.335788	0.335428	2.260564
6.047000	1.138185	5.105912	658.818825	0.216099	0.255622	0.835482
6.048000	0.735302	4.664497	656.162941	0.455769	0.335428	3.211196
6.049000	0.171268	4.263857	651.788483	0.056026	0.135798	-0.116153
6.050000	0.775792	4.704384	657.411034	0.815128	0.575076	5.749087
6.051000	0.936946	4.905149	659.130554	0.016228	0.016204	-0.590603
6.052000	0.171671	4.424289	653.353172	0.455769	0.415463	4.003715
6.053000	0.211758	4.583838	654.443413	0.216099	0.255622	0.836301
6.054000	0.332824	4.543509	656.317497	0.215514	0.215833	1.468886
6.055000	0.252248	4.623724	656.633469	0.216099	0.096239	1.785693
6.056000	0.252248	4.824490	656.478813	0.016228	0.056221	-0.590932
6.057000	0.292738	4.703942	657.570557	0.695439	0.535287	5.431929
6.058000	-0.271297	4.222640	652.884148	-0.063955	-0.023585	-0.908580
6.059000	0.293141	4.903819	658.664085	0.855219	0.575076	5.748267
6.060000	0.615044	5.225131	660.541451	0.015935	0.096239	-1.067695
6.061000	-0.230807	4.583395	654.918037	0.695439	0.535058	5.431110
6.062000	-0.189913	4.543066	655.539146	-0.103754	0.016204	-2.015777
6.063000	0.293141	4.823604	660.381821	0.335788	0.255622	1.942679
6.064000	0.051817	4.823604	658.978989	0.375586	0.335428	3.054722
6.065000	-0.068846	4.743830	657.416702	-0.023864	0.016433	-1.540906
6.066000	0.132797	4.863490	659.132950	0.815128	0.615093	5.431439
6.067000	-0.189104	4.542181	657.412529	0.015935	0.056451	0.359209
6.068000	0.052221	4.943265	660.070740	0.935109	0.694899	6.380432
6.069000	0.092711	4.983594	660.072449	-0.103754	0.016204	-1.700350
6.070000	-0.350258	4.461963	657.102325	0.695439	0.575076	5.589643
6.071000	-0.430429	4.421634	656.165253	-0.023864	-0.103620	-1.066876
6.072000	0.173693	4.983594	661.162575	0.216099	0.255622	0.677768
6.073000	0.052625	4.863047	660.853180	0.455769	0.455481	3.687797
6.074000	-0.389938	4.501850	657.103119	0.015935	0.056221	-0.114422
6.075000	-0.470111	4.621955	656.789642	0.735531	0.535058	4.954018
6.076000	-0.107719	4.782389	660.537209	-0.103754	0.016204	-0.908580
6.077000	-0.188296	4.822276	659.757271	0.815128	0.575076	5.906800
6.078000	-0.469707	4.581624	657.103119	-0.023864	0.056221	-1.383942
6.079000	-0.510197	4.541295	657.413971	0.455769	0.495269	4.003478
6.080000	-0.590775	4.340974	657.102089	0.016228	0.175816	-0.114422
6.081000	-0.147806	4.781503	660.225403	0.135916	0.135798	0.042143
6.082000	-0.147806	4.902050	660.380875	0.535659	0.574846	4.163978
6.083000	-0.670946	4.379975	656.163391	0.015935	-0.103620	-0.750047
6.084000	-0.872186	4.300201	655.693657	0.895018	0.774246	6.224777
6.085000	0.014155	4.901164	662.253288	-0.103754	-0.143409	-1.384271
6.086000	-0.348640	4.741172	660.379906	0.615256	0.614864	5.273563
6.087000	-0.872186	4.419862	656.943245	0.015935	0.056221	-0.591514
6.088000	-0.670542	4.540409	657.254265	0.455476	0.375216	3.053574
6.089000	-0.509389	4.459749	658.970566	0.215514	0.135798	0.836301
6.090000	-0.388323	4.860392	660.380699	0.295696	0.175816	1.470196
6.091000	-0.388323	4.900721	660.223465	0.814835	0.694440	5.589971
6.092000	-0.871377	4.379089	656.783638	-0.183936	-0.183426	-2.333754
6.093000	-0.951550	4.218656	655.847260	0.894725	0.734228	5.907129
6.094000	-0.186275	4.940607	661.625511	-0.183644	-0.143638	-2.650820
6.095000	-0.388323	4.859947	660.844765	0.615256	0.614864	5.115030
6.096000	-0.951550	4.338760	656.158340	0.015935	0.056221	-0.432399
6.097000	-0.951550	4.298873	655.686905	0.455476	0.375216	2.578212
6.098000	-0.347427	4.659184	661.157288	0.216099	0.215604	2.102031
6.099000	-0.387513	4.819618	659.594894	0.295696	0.175816	1.468627
6.100000	-0.669330	4.499194	658.032524	0.535366	0.535058	3.688617
6.101000	-0.790396	4.338317	656.938202	-0.103754	-0.103620	-1.384761
6.102000	-0.911058	4.258101	655.843979	0.934817	0.814264	6.856941
6.103000	-0.266043	4.859506	660.843071	-0.263534	-0.223444	-3.286208
6.104000	-0.346620	4.699072	659.750359	0.495568	0.534828	4.003715
6.105000	-0.870568	4.258101	655.687637	0.095825	0.135798	0.837703
6.106000	-0.789588	4.297988	656.312035	0.575458	0.415004	3.686557
6.107000	0.016177	4.899392	662.249039	0.295696	0.295410	2.420008
6.108000	-0.225552	4.698629	659.437767	0.335495	0.215604	1.943498
6.109000	-0.426388	4.618412	658.654457	0.535366	0.574846	3.687797
6.110000	-0.466474	4.578083	657.403954	-0.183644	-0.223444	-2.333754
6.111000	-0.385897	4.537752	658.650444	0.814835	0.734228	5.272906
6.112000	0.097562	4.979167	660.527908	-0.023864	-0.143638	-1.699698
6.113000	0.057476	4.899392	659.747086	0.495275	0.455252	3.212436
6.114000	-0.345002	4.497423	656.150902	0.215514	0.135798	1.311663
6.115000	-0.223935	4.537752	657.244255	0.615256	0.495040	4.005445
6.116000	0.340100	5.139601	660.995087	0.375586	0.295410	2.737074
6.117000	0.259523	5.019053	658.808319	0.295696	0.215604	1.311663
6.118000	-0.062379	4.698186	657.714798	0.535366	0.535058	3.370149
6.119000	-0.142955	4.578083	655.838219	-0.023864	-0.103620	-0.750047
6.120000	0.300014	4.897621	659.274773	0.335495	0.335198	1.945067
6.121000	0.380994	4.978281	658.806717	0.015935	0.016204	-0.590932
6.122000	0.300418	4.817847	656.932365	0.455476	0.455252	3.528353
6.123000	0.179352	4.737187	656.304764	0.256191	0.255622	2.420008
6.124000	0.340504	4.857734	658.336891	0.455476	0.335428	2.260564
6.125000	0.743791	5.178602	659.743004	0.455476	0.415463	3.370968
6.126000	0.502465	5.017726	658.023399	0.176301	0.016204	1.152219
6.127000	0.220245	4.737187	655.055801	0.375586	0.375216	1.153787
6.128000	0.260736	4.737187	655.677780	-0.023864	-0.023585	-0.116481
6.129000	0.904943	5.258376	660.211075	0.375586	0.375216	2.420008
6.130000	0.583042	5.057613	657.241859	0.295696	0.175816	1.311663
6.131000	0.542955	4.977395	656.147629	0.415678	0.415004	2.737074
6.132000	0.664023	5.097056	657.395638	0.455476	0.335428	3.211196
6.133000	0.986329	5.257490	658.957130	0.375586	0.255622	1.470196
6.134000	1.026819	5.418366	658.176460	0.495568	0.375216	3.052992
6.135000	1.026819	5.458253	657.863777	0.216099	0.175816	1.310752
6.136000	0.664023	5.056727	655.364311	0.135916	0.255392	0.042380
6.137000	0.866071	5.217161	656.456062	0.056026	0.016204	0.677440
6.138000	1.510682	5.778679	660.048149	0.455476	0.455252	3.052992
6.139000	1.107800	5.417924	656.611595	0.216099	0.175816	1.627090
6.140000	0.947051	5.297378	654.268387	0.455476	0.415463	2.895278
6.141000	1.269357	5.577473	656.298035	0.295696	0.215604	2.260564
6.142000	1.712729	5.858453	659.422073	0.335788	0.175816	1.310752
6.143000	1.309847	5.658133	655.360947	0.335788	0.415463	1.471107
6.144000	1.350741	5.657688	655.361107	0.216099	0.215833	2.260235
6.145000	1.310251	5.617359	654.266724	0.056026	0.215604	-0.115824
6.146000	1.552385	5.617359	656.139282	0.375586	0.255622	2.894222
6.147000	1.753624	6.018002	657.704147	0.295696	0.295640	1.310752
6.148000	1.592875	5.857568	656.297226	0.176301	0.096239	0.994505
6.149000	1.189993	5.416153	652.236099	0.415678	0.455252	3.053482
6.150000	1.794115	5.857123	656.294830	0.375586	0.335428	2.577722
6.151000	2.197401	6.218323	659.732994	0.375879	0.295640	2.261222
6.152000	1.593684	5.696248	653.954041	0.015935	0.175816	-0.116481
6.153000	1.513107	5.776908	653.483398	0.575458	0.495269	4.954018
6.154000	1.794923	5.857123	654.887833	0.056026	0.056221	-0.116153
6.155000	2.077143	6.017116	656.919083	0.455476	0.455252	3.528936
6.156000	2.157720	6.298097	657.701500	0.295696	0.295410	1.469285
6.157000	2.036653	5.976785	655.513107	0.295696	0.255622	1.469285
6.158000	1.594089	5.535813	652.388268	0.375586	0.295410	2.577630
6.159000	2.118037	6.016672	656.294670	0.096118	0.215604	0.200676
6.160000	2.520920	6.256880	658.324379	0.495568	0.415463	3.846821
6.161000	2.077547	5.776022	654.889435	-0.023864	0.175586	-0.908580
6.162000	1.715560	5.575259	652.077187	0.815128	0.575076	6.065005
6.163000	1.957289	5.695806	653.952263	0.056026	0.056221	-0.432399
6.164000	2.561411	6.136777	658.481529	0.575165	0.455252	4.640251
6.165000	2.239104	5.815467	655.202919	0.095825	0.135798	-0.273866
6.166000	1.997779	5.575259	653.328644	0.375586	0.295410	2.103600
6.167000	1.997375	5.494599	654.108521	0.375586	0.295410	1.945137
6.168000	2.320085	5.615146	655.515442	-0.023864	0.056221	-1.066784
6.169000	2.521324	5.775136	657.078613	0.695439	0.535058	5.272906
6.170000	2.400661	5.534486	656.296272	0.056026	0.175816	0.359209
6.171000	1.837030	5.013297	651.924126	0.855219	0.694440	6.065005
6.172000	2.400661	5.213618	655.670975	-0.103754	-0.103620	-1.065965
6.173000	2.964697	5.734807	659.736015	0.735531	0.575076	5.747356
6.174000	2.360575	5.133402	655.048889	0.096118	0.056221	-0.750047
6.175000	2.038673	4.772203	653.328659	0.295696	0.215604	0.992376
6.176000	2.401066	4.972968	656.451645	0.455476	0.455252	3.052992
6.177000	2.481238	5.053185	657.077728	-0.103754	-0.063832	-0.909491
6.178000	2.400661	5.013297	655.517838	0.615256	0.535058	4.954018
6.179000	2.521324	5.053185	657.390411	0.015935	0.095780	-0.116153
6.180000	2.119250	4.571884	654.110115	1.014999	0.854282	7.649369
6.181000	2.441153	4.732316	656.765923	-0.063955	-0.103620	-0.749136
6.182000	2.884524	5.173289	659.423409	0.575165	0.535058	4.796304
6.183000	2.481643	4.691987	656.767441	0.096118	0.135798	0.041469
6.184000	1.957692	4.170798	652.392967	0.056026	0.215374	0.042472
6.185000	2.521729	4.571441	657.233971	0.455476	0.455252	3.686557
6.186000	2.803543	4.691987	658.644188	-0.023864	0.095780	-0.750047
6.187000	2.400661	4.330791	654.583115	0.854927	0.694440	6.223537
6.188000	2.481643	4.411006	655.988373	0.016228	0.016204	-0.432399
6.189000	2.521324	4.090138	656.454826	0.775037	0.535058	5.112551
6.190000	2.601901	4.170357	656.612770	0.015935	0.135798	-0.432070
6.191000	2.601901	4.371119	657.709488	0.575165	0.455252	3.529847
6.192000	2.601901	4.170357	657.394386	0.096118	0.215604	0.675127
6.193000	2.118037	3.488733	653.645943	0.015935	0.016204	-0.116153
6.194000	2.843225	3.970036	658.332291	0.775037	0.575076	4.638429
6.195000	2.963888	4.090138	659.583748	-0.103754	-0.143409	-1.542475
6.196000	2.440343	3.529064	655.678154	0.854927	0.734228	5.747356
6.197000	2.520920	3.608838	655.834488	-0.023864	0.016204	-0.590932
6.198000	2.883312	3.769273	659.268570	0.814835	0.774246	5.906800
6.199000	2.762245	3.528621	657.864120	-0.103754	-0.143638	-0.749228
6.200000	2.480430	3.408959	654.743385	0.375586	0.335198	2.102031
6.201000	2.560601	3.208197	655.522514	0.335495	0.255622	2.102031
6.202000	2.560601	3.087649	655.990585	0.015935	0.095780	-0.275014
6.203000	2.802332	3.368187	658.022079	0.775037	0.654422	5.273725
6.204000	2.883312	3.488733	657.553123	-0.143845	-0.143638	-1.541165
6.205000	2.681264	3.087649	656.616760	0.934524	0.774246	7.172859
6.206000	2.399449	2.846556	653.806992	-0.183644	-0.143638	-2.173491
6.207000	3.043656	3.287971	658.490128	0.694854	0.574846	4.162248
6.208000	3.164319	3.287529	659.429779	0.056026	0.015744	0.042963
6.209000	2.479621	2.726451	653.651443	0.375586	0.295410	2.577722
6.210000	2.519708	2.646677	653.494385	0.455476	0.335198	3.212436
6.211000	3.002358	2.967103	658.020294	0.135916	0.215604	0.995416
6.212000	2.962272	2.967103	657.087280	0.615256	0.694440	5.115850
6.213000	2.720542	2.806668	654.588608	-0.223735	-0.263232	-3.127421
6.214000	2.841205	2.686122	654.899628	0.894725	0.854052	6.698408
6.215000	2.518495	2.405584	652.869003	-0.103754	-0.103620	-1.383942
6.216000	3.042039	2.846556	656.773788	0.495568	0.495040	3.212436
6.217000	3.243279	2.967103	657.711693	0.295696	0.295410	2.578212
6.218000	2.638753	2.324924	652.399170	0.615256	0.455252	4.005445
6.219000	2.437514	2.204820	650.838402	0.255312	0.335198	2.262203
6.220000	3.363537	2.886443	658.178947	0.095825	0.056221	0.041232
6.221000	3.242875	2.726008	656.461815	0.694854	0.694211	5.274544
6.222000	2.678435	2.285038	651.775406	-0.183644	-0.183426	-1.699369
6.223000	2.718521	2.285038	652.243622	0.495275	0.454792	3.686557
6.224000	2.839588	2.324924	652.866425	-0.023864	0.095780	-0.592662
6.225000	3.161490	2.525688	654.117798	0.535366	0.454792	3.052992
6.226000	3.080914	2.605462	653.024208	0.335495	0.175586	1.627160
6.227000	2.677627	2.164047	650.210518	0.415385	0.335198	2.735926
6.228000	2.475984	1.964170	648.805214	0.415385	0.374986	3.370478
6.229000	3.281344	2.765896	654.273880	0.295696	0.215374	1.153130
6.230000	3.120191	2.645349	653.494652	0.415385	0.415004	2.261313
6.231000	2.516069	2.083831	648.336174	-0.063955	-0.063832	-0.750047
6.232000	2.475579	2.004057	647.398277	0.495275	0.454792	3.527442
6.233000	2.918548	2.364368	651.773521	0.015935	0.016204	0.836301
6.234000	2.958634	2.484473	651.150627	0.455476	0.375216	3.052992
6.235000	2.756587	2.284152	649.120110	0.495275	0.335198	3.370640
6.236000	2.676010	2.163605	647.866249	0.375586	0.295410	2.577393
6.237000	2.514856	1.962841	647.398018	0.495275	0.454792	3.370149
6.238000	3.078488	2.484473	650.526062	0.056026	0.135798	0.994834
6.239000	2.876441	2.364368	649.901573	0.255312	0.374986	1.470196
6.240000	2.352895	1.922511	646.149841	0.056026	0.015744	-0.117301
6.241000	2.392981	1.762520	645.837952	0.415385	0.374986	3.055051
6.242000	3.037593	2.444142	650.679665	0.335495	0.255392	2.261146
6.243000	2.957017	2.283709	649.118164	0.415385	0.415004	2.735926
6.244000	2.675201	2.082945	646.932983	0.415385	0.335198	3.052992
6.245000	2.433067	1.802407	645.838737	0.335495	0.295180	2.419679
6.246000	2.593817	1.922511	648.180992	0.415385	0.414775	3.052992
6.247000	2.835546	2.043058	647.558105	0.135916	0.095780	0.992683
6.248000	2.674797	2.002728	646.777351	0.255312	0.374757	0.994344
6.249000	2.392173	1.641974	645.212463	0.215514	0.095780	1.468557
6.250000	2.351683	1.521427	644.433151	0.535074	0.454792	3.529173
6.251000	2.754161	2.002728	647.870598	0.335495	0.295180	1.943498
6.252000	2.795055	1.962399	647.558723	0.495275	0.414775	3.370640
6.253000	2.310788	1.520985	643.807953	0.495275	0.414775	3.528353
6.254000	2.149635	1.240890	643.027039	0.135916	0.215374	0.517413
6.255000	2.793842	1.721748	648.494995	0.215514	0.334969	1.152219
6.256000	2.552114	1.520985	645.215508	0.375586	0.255392	3.053574
6.257000	2.310384	1.481097	644.434753	0.095825	0.255163	0.201824
6.258000	2.471132	1.360551	645.058372	0.335495	0.175586	2.101212
6.259000	2.430642	1.360551	645.682762	0.494982	0.534828	3.688617
6.260000	2.632286	1.520985	647.244408	0.175422	0.175357	1.152219
6.261000	2.470728	1.601201	646.152496	0.335495	0.255163	1.945137
6.262000	1.986866	1.200560	642.868996	0.255312	0.295410	1.786534
6.263000	2.269086	1.199675	644.430573	0.415385	0.255392	2.737074
6.264000	2.833121	1.881740	649.432793	-0.063955	0.015515	-0.750047
6.265000	2.349662	1.440325	645.370079	0.535074	0.415004	4.637771
6.266000	2.268681	1.400437	644.274239	0.095825	0.175357	0.042052
6.267000	2.389344	1.520541	646.146896	0.495275	0.295180	3.053574
6.268000	2.510006	1.560871	647.082306	0.255312	0.295180	1.311571
6.269000	2.590179	1.720862	647.241119	0.255312	0.295180	1.628729
6.270000	2.429430	1.600759	645.522308	0.335495	0.295180	2.261222
6.271000	2.227383	1.360107	643.801987	0.015642	0.175357	-0.275505
6.272000	2.428217	1.520541	645.988060	0.575165	0.454792	4.636860
6.273000	2.992252	2.041730	648.645470	0.095825	0.215374	0.678097
6.274000	2.468303	1.720862	645.365173	0.694854	0.534828	5.590133
6.275000	2.226573	1.440325	642.706879	0.015935	0.055533	-0.591514
6.276000	2.467899	1.760750	644.424797	0.575165	0.415004	4.322182
6.277000	2.991444	2.161390	648.641457	0.095825	0.215374	0.043291
6.278000	2.467494	1.921626	644.582741	0.135331	0.215145	0.358880
6.279000	2.427004	1.881296	643.642441	0.335495	0.295180	2.895278
6.280000	2.386514	1.800636	643.484497	-0.024157	-0.024273	-1.224498
6.281000	2.708416	2.121504	646.140244	0.575165	0.534828	4.954018
6.282000	2.910059	2.441929	647.859749	0.055734	0.015744	-0.432399
6.283000	2.587349	2.321825	645.513344	0.814835	0.694440	6.541185
6.284000	2.103890	2.040845	641.606934	-0.104047	-0.103850	-2.015777
6.285000	2.386110	2.281052	645.198959	0.415385	0.374986	3.528936
6.286000	2.949337	2.962674	649.575180	0.095825	0.175357	0.043200
6.287000	2.224149	2.401599	644.575356	-0.024157	0.055533	-0.751195
6.288000	2.022910	2.320939	642.230545	0.415385	0.335198	3.686557
6.289000	2.184062	2.561590	644.414925	0.055734	0.095321	-0.590603
6.290000	2.586541	3.002119	647.385742	0.734652	0.614404	5.431110
6.291000	2.224149	2.961788	645.980499	0.135331	0.055533	-0.116481
6.292000	2.103082	2.882014	644.883698	0.694854	0.414775	4.954837
6.293000	1.579132	2.480930	642.227081	-0.104047	-0.024503	-1.065965
6.294000	1.820862	2.841685	643.946602	0.614671	0.414775	3.369492
6.295000	2.263831	3.402761	647.697449	0.215221	0.135568	0.200584
6.296000	1.860948	3.042006	645.195488	-0.064248	0.015515	-0.908580
6.297000	1.296912	2.720695	641.132759	0.774451	0.733999	6.538964
6.298000	1.498152	3.081450	644.724861	0.015642	-0.064291	-0.908580
6.299000	2.062187	3.522422	648.320145	0.734652	0.654193	5.589643
6.300000	1.336998	3.201554	642.853081	-0.064248	0.055303	-0.750376
6.301000	1.256018	3.161223	643.006935	0.734652	0.654193	5.431439
6.302000	1.175846	3.160781	643.629662	-0.183936	-0.183885	-1.541747
6.303000	1.256422	3.321216	644.726364	0.415385	0.294951	2.261475
6.304000	1.457661	3.762186	646.758575	0.295111	0.294951	2.420008
6.305000	1.336595	3.721857	647.068687	-0.024157	-0.024273	-0.750376
6.306000	0.450657	3.039791	641.442863	0.774451	0.693981	5.907620
6.307000	0.933712	3.560980	646.285378	-0.064248	-0.064291	-0.908580
6.308000	1.256018	4.001950	648.788200	0.654762	0.574157	4.638429
6.309000	0.611810	3.520651	644.412796	-0.264412	-0.303709	-2.650820
6.310000	0.329591	3.439991	643.473289	0.694561	0.574157	4.954018
6.311000	0.772560	3.840632	647.063713	0.015642	0.015515	-0.433639
6.312000	0.732069	3.880520	647.534264	0.255312	0.254933	1.786604
6.313000	0.369677	3.961180	645.505402	0.494982	0.374757	3.529173
6.314000	0.530829	4.001066	646.596275	0.095239	0.015515	-0.750376
6.315000	-0.033610	3.478992	644.406998	0.774451	0.653734	5.428468
6.316000	0.208524	3.919963	646.908165	-0.264119	-0.104309	-2.652642
6.317000	0.329186	4.281159	648.159546	0.854634	0.813805	6.541514
6.318000	0.006880	4.039624	646.752617	-0.144138	-0.143868	-1.700609
6.319000	-0.597646	3.719200	643.314392	0.495275	0.454333	3.370640
6.320000	0.006880	4.199616	647.531670	0.255019	0.175357	1.470196
6.321000	0.046966	4.439824	649.407539	0.535074	0.374757	3.211778
6.322000	-0.517069	4.079069	645.347214	0.415092	0.334969	2.737074
6.323000	-0.718308	3.998409	644.875778	-0.024157	-0.024503	-0.590932
6.324000	-0.476983	4.198286	648.311546	0.694561	0.654193	5.431439
6.325000	-0.517069	4.318833	648.156876	-0.383808	-0.223903	-3.760987
6.326000	-0.718308	4.318833	646.126350	0.654762	0.534369	4.320452
6.327000	-0.598050	4.358278	647.688660	0.015642	0.015515	0.042052
6.328000	-1.081508	4.077297	645.498573	0.574580	0.414775	3.688617
6.329000	-0.638136	4.598487	649.249420	0.375294	0.334969	2.420008
6.330000	-0.638136	4.799250	650.187210	0.455184	0.334969	3.055304
6.331000	-1.282344	4.277618	645.811882	0.415092	0.374757	2.577630
6.332000	-1.605054	4.116742	644.404167	-0.063955	-0.064291	-0.750867
6.333000	-0.879461	4.758035	650.963867	0.614671	0.613945	4.163067
6.334000	-1.000932	4.758035	650.340179	-0.144138	-0.104309	-1.540836
6.335000	-1.645140	4.276732	646.122978	0.494982	0.534139	3.687797
6.336000	-1.605054	4.516941	647.683662	0.095825	0.095321	0.836301
6.337000	-1.564968	4.516941	649.556938	0.494982	0.374757	3.370640
6.338000	-1.484391	4.677375	649.402298	0.334909	0.334739	3.370640
6.339000	-1.726120	4.637487	648.464394	0.215221	0.135109	1.470196
6.340000	-2.048427	4.356064	647.685165	0.334909	0.414315	2.262461
6.341000	-2.451309	4.115856	645.340431	0.095239	-0.024503	-0.275014
6.342000	-1.645544	4.797036	652.057281	0.454891	0.494122	2.578212
6.343000	-1.564968	4.998242	653.310181	0.015642	-0.144327	-0.591843
6.344000	-2.451309	4.275847	647.371674	0.574580	0.573928	3.212436
6.345000	-2.571971	4.356064	647.371674	0.295111	0.174897	2.102031
6.346000	-1.967850	4.876810	653.149765	0.255019	0.254933	1.470196
6.347000	-2.129003	4.756705	652.218285	0.374708	0.294721	3.052992
6.348000	-2.329838	4.636602	650.497238	0.214928	0.174668	1.470358
6.349000	-2.410415	4.555943	650.497238	0.374708	0.374298	2.418768
6.350000	-2.571971	4.435395	650.339294	0.095239	0.015285	-0.274195
6.351000	-1.926956	4.996913	655.028107	0.294818	0.374298	1.945794
6.352000	-2.007127	5.037244	654.560768	0.135038	0.015056	0.678259
6.353000	-2.652144	4.475725	650.497238	0.374708	0.414315	3.211196
6.354000	-2.812892	4.435395	650.496429	0.334617	0.294262	2.261475
6.355000	-1.966637	5.237565	657.214973	0.374708	0.214686	1.945137
6.356000	-2.127387	4.956584	656.277802	0.334909	0.294262	2.895278
6.357000	-2.530673	4.756263	653.934677	0.214928	0.094862	1.310752
6.358000	-2.650931	4.675603	652.997406	0.294525	0.374298	1.470196
6.359000	-2.288539	4.916253	656.590401	0.294818	0.095091	2.260235
6.360000	-2.167472	5.156905	657.685509	0.214928	0.334050	0.994834
6.361000	-2.409202	4.996913	656.124733	0.214928	0.134880	1.468627
6.362000	-2.771997	4.715490	655.185242	0.574580	0.493892	3.369729
6.363000	-2.771997	4.595387	655.185081	0.175129	0.094862	1.152548
6.364000	-2.247645	5.116574	659.093239	0.294818	0.254244	0.994505
6.365000	-2.287731	5.156905	659.563057	0.454305	0.334050	3.211196
6.366000	-2.691017	4.715490	657.373779	0.374708	0.214686	3.053482
6.367000	-2.892257	4.675603	656.435814	0.094947	0.134650	-0.434130
6.368000	-2.247645	5.156019	661.591110	0.654470	0.414086	3.846584
6.369000	-2.489374	5.116574	660.813644	0.135038	0.174668	0.359117
6.370000	-2.650527	5.036358	660.032890	0.415092	0.174897	2.102031
6.371000	-2.771190	4.875924	659.873978	0.334909	0.414086	2.420008
6.372000	-2.569546	4.955698	661.905396	0.254727	0.174668	2.260564
6.373000	-2.367903	5.317339	663.314796	0.415092	0.374298	3.211196
6.374000	-2.529460	5.196792	663.002197	0.214928	0.134880	-0.117301
6.375000	-2.892257	4.836038	660.656494	0.574580	0.454333	4.478985
6.376000	-2.892257	4.836038	661.748329	0.135038	0.134650	-0.116153
6.377000	-2.448884	5.317339	665.656311	0.574580	0.494122	4.318883
6.378000	-2.690613	5.116574	663.314072	0.055148	0.174668	-0.116153
6.379000	-2.972428	4.836038	662.065102	0.415092	0.374298	3.051843
6.380000	-2.771190	4.996027	663.625069	0.294818	0.374298	1.153038
6.381000	-2.407989	5.196792	666.591980	0.254727	0.254933	1.153038
6.382000	-2.650123	5.116574	664.406700	0.494982	0.414315	3.213255
6.383000	-2.650123	5.116574	665.187630	0.055148	0.095091	-0.750867
6.384000	-2.932747	4.796150	663.780617	0.614671	0.454104	4.636860
6.385000	-2.771190	4.755378	664.404320	0.055148	0.095091	-0.433310
6.386000	-2.529460	5.156905	667.374496	0.774451	0.574157	5.907291
6.387000	-2.650527	4.996913	665.344765	-0.064541	0.055074	-1.067205
6.388000	-2.973238	4.675603	662.844414	0.654470	0.494122	5.115192
6.389000	-2.570355	4.996913	666.747597	0.255019	0.214686	1.311571
6.390000	-2.167472	5.357668	669.872459	0.175129	0.134880	0.358880
6.391000	-2.771997	4.916698	664.562424	0.415092	0.334739	2.895860
6.392000	-2.771997	4.917139	665.029762	0.175129	0.134880	0.041561
6.393000	-2.731912	4.876367	665.341576	0.694561	0.574157	5.431110
6.394000	-2.490182	5.117018	667.684784	0.055148	0.055303	-0.434130
6.395000	-2.329029	5.237565	668.154518	0.734360	0.573928	5.112222
6.396000	-2.490587	5.037244	667.058678	-0.024449	0.015285	-0.750047
6.397000	-2.973641	4.756263	663.776802	0.614671	0.454333	4.479896
6.398000	-2.410010	5.116574	667.526031	0.175129	0.174897	0.835627
6.399000	-2.128195	5.478215	670.184349	0.135038	0.095321	0.041232
6.400000	-2.852978	4.836923	664.715492	0.654470	0.494351	4.320452
6.401000	-3.014536	4.876810	663.622124	-0.024449	0.015285	-0.591843
6.402000	-2.610846	4.996913	666.431786	0.734360	0.613945	5.905889
6.403000	-2.248857	5.438328	669.087708	0.095239	-0.024732	-0.274195
6.404000	-2.611653	5.237565	666.901619	0.774158	0.573928	5.906800
6.405000	-2.772402	5.117904	665.025764	-0.064541	-0.024732	-1.225409
6.406000	-2.974046	4.876810	663.775101	0.334909	0.374298	3.052755
6.407000	-2.490587	5.277894	667.526031	0.334909	0.294721	1.945137
6.408000	-2.288943	5.518544	668.778198	-0.224321	-0.104539	-1.858883
6.409000	-2.732316	5.117018	666.276253	0.814250	0.653734	6.223537
6.410000	-3.094709	4.876810	661.901886	0.055148	0.015285	-0.434458
6.411000	-2.611653	5.237565	666.588051	0.774158	0.653734	5.905889
6.412000	-2.047214	5.759195	670.650803	-0.024449	-0.024503	-1.383942
6.413000	-2.933556	5.117018	665.030571	0.814250	0.733769	6.539875
6.414000	-3.135602	4.996913	663.153198	0.015642	0.015285	-1.067205
6.415000	-2.853383	5.037244	665.650871	0.135038	0.134880	0.358880
6.416000	-2.611653	5.397997	667.370483	0.574580	0.454104	3.845090
6.417000	-2.530673	5.437884	667.372978	-0.064248	-0.024732	-0.591843
6.418000	-2.691826	5.397997	667.214226	0.854048	0.733999	6.382070
6.419000	-3.174881	4.916698	662.682556	-0.224321	-0.144327	-2.810356
6.420000	-2.812488	5.397555	666.433403	0.894432	0.733769	6.697497
6.421000	-2.208367	5.878857	670.184349	-0.064541	-0.144327	-1.067205
6.422000	-2.852978	5.277452	665.652657	0.534488	0.494122	3.686649
6.423000	-3.336438	4.956584	662.058937	0.095239	0.015285	0.359700
6.424000	-2.691826	5.397555	666.901543	0.294818	0.254933	1.786604
6.425000	-2.369116	5.638205	668.465614	0.374708	0.414315	3.369729
6.426000	-2.933151	5.357668	664.405273	0.055148	0.015285	-0.750376
6.427000	-2.852575	5.358109	665.186188	0.814250	0.773557	6.223866
6.428000	-2.893065	5.237565	664.871010	-0.264412	-0.144556	-2.966738
6.429000	-2.852575	5.357668	665.186028	0.734360	0.693522	5.748596
6.430000	-2.650931	5.598762	667.530922	-0.064541	0.015285	-0.750047
6.431000	-2.812084	5.437884	666.123116	0.374708	0.454104	3.528844
6.432000	-3.456697	4.876810	661.436050	0.175129	0.095091	0.517413
6.433000	-2.691017	5.558431	666.749199	0.534488	0.414315	3.371130
6.434000	-2.449692	5.718423	668.625061	0.454891	0.494122	3.687377
6.435000	-3.134390	5.357668	663.938744	0.015642	-0.064521	-0.591843
6.436000	-3.174477	5.277452	663.624443	0.774158	0.693522	5.748176
6.437000	-2.852575	5.437884	666.746803	-0.304211	-0.144327	-2.649672
6.438000	-2.933151	5.397997	665.971581	0.574287	0.533910	3.686067
6.439000	-2.973238	5.478215	665.190994	0.095239	0.015285	-0.273774
6.440000	-2.973238	5.518102	665.969154	0.574580	0.454333	3.686557
6.441000	-3.255053	5.117018	664.093285	0.334909	0.294721	1.786604
6.442000	-2.812084	5.558431	667.219757	0.334909	0.174897	2.419679
6.443000	-2.852575	5.678535	666.909538	0.294818	0.374298	2.577630
6.444000	-3.214562	5.317780	664.720268	-0.064248	-0.064750	-0.275925
6.445000	-3.295139	5.238007	663.158607	0.694268	0.653734	4.638429
6.446000	-2.731104	5.759195	667.999695	-0.304211	-0.184345	-1.542076
6.447000	-2.852170	5.598762	668.002983	0.534488	0.533910	3.529173
6.448000	-3.214562	5.438328	664.097382	0.295111	0.134880	1.786604
6.449000	-3.254648	5.358554	663.471291	0.334909	0.414086	2.578212
6.450000	-2.852170	5.558875	667.689491	0.454891	0.454104	3.052992
6.451000	-2.932747	5.639535	666.754005	0.334909	0.214686	2.736416
6.452000	-3.093496	5.479100	664.570419	0.454891	0.454104	3.211524
6.453000	-3.093496	5.358554	664.724365	0.055148	0.055074	-0.116481
6.454000	-3.214158	5.118346	663.630043	0.454891	0.493892	2.578212
6.455000	-2.650527	5.639535	667.224648	0.055148	-0.024732	-0.593902
6.456000	-2.569951	5.679866	667.537231	0.534488	0.414086	3.053320
6.457000	-3.174072	5.118346	663.634117	0.454891	0.294721	2.895278
6.458000	-3.053409	5.118346	663.162682	0.534488	0.454104	3.211196
6.459000	-2.247241	5.679866	669.098732	0.295111	0.214686	2.578212
6.460000	-2.690613	5.358995	666.758080	0.175129	0.134880	0.675617
6.461000	-2.892257	5.038130	663.635719	0.334909	0.414315	2.894787
6.462000	-2.731104	5.158675	665.040253	0.095239	0.095091	0.994505
6.463000	-2.610036	5.078459	666.289864	0.334617	0.414315	1.944156
6.464000	-2.207155	5.318666	667.854721	0.214928	0.015285	0.677768
6.465000	-2.529460	5.038571	666.448769	0.494982	0.374298	3.369400
6.466000	-2.811276	4.677816	663.323914	0.175129	0.174897	0.993686
6.467000	-2.811276	4.517383	663.323914	0.294818	0.214686	2.262203
6.468000	-1.965021	5.199006	669.574326	0.454891	0.494122	3.370640
6.469000	-2.207155	4.958356	667.232719	0.175129	0.095091	1.311081
6.470000	-2.650527	4.477496	663.794556	0.214928	0.374298	0.678097
6.471000	-2.569546	4.517827	663.638130	0.374708	0.254933	2.577883
6.472000	-2.046001	4.758035	668.324554	0.174837	0.214686	0.517742
6.473000	-2.126577	4.678261	666.921806	0.175129	0.134880	0.833331
6.474000	-2.367903	4.517383	665.046730	0.454891	0.454104	3.370640
6.475000	-2.489374	4.117185	663.484268	0.255019	0.174668	1.626179
6.476000	-2.529460	4.116742	663.951622	0.295111	0.214686	1.785693
6.477000	-1.763782	4.719033	668.485771	0.294818	0.174668	2.102031
6.478000	-2.046001	4.397721	665.829887	0.494982	0.334739	3.371130
6.479000	-2.569951	3.956307	662.860649	0.095239	0.094862	-0.591843
6.480000	-2.287731	3.996637	664.110344	0.694561	0.534139	4.795975
6.481000	-1.764590	4.397721	668.015953	0.095239	0.095091	0.200094
6.482000	-2.046406	4.157072	665.362549	0.294818	0.294721	2.736837
6.483000	-2.167068	3.996637	664.579308	0.214928	0.174897	1.150558
6.484000	-2.247645	3.836205	663.485222	0.215221	0.174897	1.786350
6.485000	-2.005916	3.956307	666.143364	0.334909	0.374298	2.577630
6.486000	-1.603436	4.398166	668.019218	0.135038	0.174897	0.200676
6.487000	-1.926147	4.076855	666.457649	0.454891	0.334739	3.370640
6.488000	-2.288539	3.555667	662.393227	0.055148	0.095091	-0.433310
6.489000	-2.046406	3.756431	664.738045	0.694561	0.534369	5.907291
6.490000	-1.562946	4.197845	667.394646	-0.064541	-0.024732	-1.067205
6.491000	-1.805080	3.957193	665.207085	0.454891	0.334739	4.004205
6.492000	-1.925743	3.636327	662.863853	0.175129	0.294262	0.678588
6.493000	-1.885656	3.756872	664.111137	0.334909	0.334739	3.052992
6.494000	-1.442688	4.036967	667.394646	0.255019	0.294721	2.262203
6.495000	-1.603436	3.997523	664.896873	0.174837	0.174668	0.041232
6.496000	-1.684417	3.837090	664.115234	0.574580	0.454104	4.162738
6.497000	-1.724907	3.676657	663.799347	0.055148	0.095091	-0.273866
6.498000	-1.644331	3.716986	664.426315	0.614671	0.533910	5.115683
6.499000	-1.160872	4.078183	666.303787	0.055148	0.094862	-0.591514
6.500000	-1.201363	4.078183	665.522148	0.574287	0.414315	3.844761
6.501000	-1.724907	3.556995	662.085678	0.095239	0.055074	-0.115333
6.502000	-1.201363	3.837532	664.582573	0.175129	0.174897	0.517084
6.503000	-0.838971	4.238173	666.771126	0.295111	0.214686	2.420008
6.504000	-1.322430	3.757316	662.399879	-0.024449	0.015056	-1.067205
6.505000	-1.241853	3.797646	662.084785	0.654470	0.533910	5.113041
6.506000	-1.000527	3.917749	665.365074	0.175129	0.055074	0.042963
6.507000	-0.838971	3.998409	665.054802	0.734652	0.574157	5.589643
6.508000	-0.758395	4.078183	664.118614	-0.024449	-0.024732	-1.067695
6.509000	-0.718308	4.118512	665.056473	0.654470	0.494122	4.636860
6.510000	-1.121191	3.637212	660.836617	0.095239	0.135109	0.043200
6.511000	-0.638136	3.998409	664.431282	-0.024449	0.095091	-0.274686
6.512000	-0.396406	4.238617	665.994377	0.614671	0.494122	4.162738
6.513000	-1.000527	3.637654	661.465187	-0.144723	-0.104539	-1.068024
6.514000	-0.919547	3.637654	659.590111	0.774158	0.573928	5.906380
6.515000	-0.315425	3.998409	664.431107	0.095239	0.015285	-0.433310
6.516000	-0.315425	3.998409	664.746185	0.734360	0.653734	6.065333
6.517000	-0.798885	3.557437	660.063148	-0.104339	-0.064750	-1.383942
6.518000	-0.798885	3.557437	659.593315	0.454891	0.414086	3.369492
6.519000	-0.597646	3.437334	660.373192	0.175129	0.134880	0.994834
6.520000	-0.396406	3.677542	662.092865	-0.184522	-0.144556	-1.068024
6.521000	-0.194763	3.918635	662.406357	0.734360	0.613716	5.589643
6.522000	-0.436896	3.557437	660.375748	-0.104339	-0.064750	-1.225738
6.523000	-0.799289	3.116023	657.253372	0.854048	0.773557	6.697497
6.524000	-0.074909	3.677542	661.780960	-0.184522	-0.104539	-1.857902
6.525000	0.046158	3.797646	662.721260	0.774158	0.613945	5.905889
6.526000	-0.477791	3.276458	657.878578	-0.024449	-0.024732	-0.591514
6.527000	-0.557964	3.236128	656.627296	0.454891	0.414315	2.577393
6.528000	-0.034823	3.476778	660.687447	0.255019	0.135109	1.153038
6.529000	0.166416	3.637212	661.158073	0.214928	0.134880	0.517413
6.530000	-0.356725	3.476778	657.878578	0.814250	0.733769	6.382070
6.531000	-0.236466	3.316344	657.408760	-0.344302	-0.104539	-2.969708
6.532000	-0.437706	3.116023	656.158257	0.974322	0.933170	7.332211
6.533000	0.045754	3.597324	658.971931	-0.144138	-0.144556	-2.017346
6.534000	0.327165	3.757316	660.221626	0.654470	0.573928	5.272906
6.535000	-0.115804	3.356232	656.940514	0.095239	-0.024732	-0.591843
6.536000	-0.639752	2.955589	652.878746	0.574580	0.534139	4.002804
6.537000	0.166012	3.596883	658.345016	0.334909	0.214686	2.737074
6.538000	0.447827	3.837532	660.221527	0.174837	0.134880	0.358880
6.539000	-0.277360	3.116023	653.660919	0.654470	0.613716	4.638429
6.540000	-0.317447	3.155468	653.503952	-0.264412	-0.224592	-1.543714
6.541000	0.044137	3.275572	656.000862	0.694268	0.613716	5.589643
6.542000	0.165608	3.516665	656.785774	-0.064541	-0.064750	-1.226320
6.543000	0.084627	3.516665	655.534477	0.534488	0.533910	4.162248
6.544000	0.084627	3.436006	655.220901	0.255019	0.134880	1.153949
6.545000	-0.640157	2.834600	650.378242	0.454891	0.414315	2.894130
6.546000	0.124713	3.555667	655.690575	0.255019	0.294262	1.628729
6.547000	0.527596	3.836647	658.035538	0.135038	0.055074	0.358880
6.548000	-0.157506	3.235242	652.879295	0.574287	0.494122	3.370640
6.549000	-0.197188	3.034479	651.315315	-0.184522	-0.184345	-2.017346
6.550000	0.446615	3.595553	657.252213	0.734360	0.653734	5.431439
6.551000	0.366039	3.515337	655.536789	0.095239	0.055074	-0.117392
6.552000	0.084223	3.435563	653.974335	0.454891	0.334739	2.104581
6.553000	0.124309	3.355346	653.816452	0.294818	0.374298	2.419679
6.554000	-0.036844	3.073923	652.876007	0.334909	0.374298	2.418768
6.555000	0.204885	3.515337	654.909805	0.374708	0.214686	2.418186
6.556000	0.446615	3.716101	655.379478	0.055148	0.015285	0.041723
6.557000	0.084223	3.234798	653.189407	0.614378	0.613716	4.322511
6.558000	-0.157506	3.073923	651.315140	-0.224321	-0.184345	-1.857902
6.559000	0.406529	3.555223	655.221519	0.494104	0.493892	3.370968
6.560000	0.446615	3.595111	655.378654	0.094947	0.094862	0.517084
6.561000	0.043733	3.314573	652.256226	0.374708	0.454104	2.894038
6.562000	-0.036844	3.194027	651.473892	0.374708	0.294262	2.577883
6.563000	0.406125	3.474564	655.219742	0.254727	0.254244	1.786604
6.564000	0.366039	3.595111	654.443176	0.574287	0.493892	3.686886
6.565000	0.164799	3.554781	652.567230	0.094947	0.015056	0.201167
6.566000	0.043733	3.394347	652.721176	0.334617	0.414086	1.470196
6.567000	-0.077334	3.153255	651.940338	-0.064541	-0.064750	-0.750376
6.568000	0.285866	3.634555	654.440590	0.534488	0.453874	3.211524
6.569000	0.164395	3.794546	653.973328	0.135038	0.094862	0.678259
6.570000	-0.037248	3.353132	651.941071	0.534488	0.454104	3.529173
6.571000	0.003647	3.514009	652.409203	0.454891	0.414315	3.528353
6.572000	0.406125	3.874320	656.313965	0.214928	0.174668	1.311663
6.573000	0.204885	3.833990	654.752396	0.374708	0.454104	2.895278
6.574000	-0.076930	3.633669	652.255417	0.214928	0.095091	1.310752
6.575000	-0.077334	3.673556	652.720993	0.214928	0.254244	0.674544
6.576000	0.164395	3.793660	655.686996	0.175129	0.015285	0.677440
6.577000	0.164395	3.914207	654.908661	0.494104	0.533680	3.686886
6.578000	-0.076930	3.753774	653.346184	0.214928	0.134880	1.627160
6.579000	-0.117420	3.672671	653.346100	0.534488	0.454104	3.211196
6.580000	-0.399236	3.592897	652.720169	0.254727	0.294032	2.101120
6.581000	0.124309	4.114085	656.313805	0.294818	0.214686	1.786604
6.582000	-0.117420	3.913764	654.909286	0.294525	0.334050	1.628071
6.583000	-0.641370	3.552567	651.159332	0.374708	0.214686	2.736416
6.584000	-0.520302	3.632785	652.094803	0.174837	0.214226	0.360357
6.585000	0.083819	4.274519	658.343521	0.534488	0.374298	2.735597
6.586000	-0.278169	3.953209	654.597481	0.334909	0.414086	2.737074
6.587000	-0.520302	3.873434	654.128540	0.294818	0.294262	2.260564
6.588000	-0.520302	3.712559	653.502365	0.334617	0.294262	2.896518
6.589000	-0.480217	3.832220	655.534492	0.334909	0.334050	2.734104
6.590000	-0.157911	4.273634	657.407158	0.334909	0.174668	2.260963
6.591000	-0.439726	4.113199	655.847176	0.174837	0.134650	0.199765
6.592000	-1.003761	3.671785	652.097038	0.734360	0.494122	5.114863
6.593000	-0.681456	3.992653	654.907509	0.015057	0.015056	-0.432070
6.594000	-0.076930	4.513842	659.751869	0.574580	0.454104	3.846001
6.595000	-0.842609	4.032539	655.379654	0.214928	0.254244	0.994834
6.596000	-1.003761	3.831777	654.441055	0.214928	0.374298	2.102031
6.597000	-0.922781	3.951880	655.689857	0.214928	0.294262	1.627979
6.598000	-0.519899	4.312192	658.812202	0.374708	0.453874	2.261475
6.599000	-0.681456	4.312634	658.033928	0.454305	0.414086	3.687377
6.600000	-0.962867	4.272305	656.626938	0.094947	0.094862	-0.115662
6.601000	-1.405836	3.710787	653.971046	0.654470	0.573698	6.065005
6.602000	-1.002953	3.951880	656.470612	0.134745	0.134650	0.200584
6.603000	-0.640157	4.512956	660.064293	0.694268	0.533910	5.273725
6.604000	-1.043443	3.991325	657.408562	0.054855	0.014826	-0.906521
6.605000	-1.566989	3.790561	654.439987	0.454305	0.334050	3.211196
6.606000	-1.324855	4.030769	656.471390	0.294818	0.254244	2.420736
6.607000	-0.962867	4.391966	660.691200	0.015057	0.054614	-0.591843
6.608000	-1.365345	4.071099	657.879837	0.694268	0.493892	4.796304
6.609000	-1.486008	3.910666	656.941933	0.134745	0.134650	0.200256
6.610000	-1.607075	3.750231	657.095703	0.774158	0.613486	6.065824
6.611000	-1.324855	4.070656	659.752403	0.094947	0.014826	-0.591843
6.612000	-1.203788	4.351636	661.005470	0.734067	0.573698	5.907620
6.613000	-1.364941	4.110543	660.689415	0.054855	0.054844	-1.066876
6.614000	-2.009553	3.628799	656.003868	0.294525	0.214226	0.993686
6.615000	-1.727333	4.029883	659.440437	0.374708	0.334050	3.528353
6.616000	-1.203384	4.390638	663.816483	-0.144723	-0.024962	-1.225409
6.617000	-1.767420	3.908894	660.222786	0.654177	0.653504	5.589643
6.618000	-2.089725	3.628799	658.035919	0.015057	0.014826	-0.273866
6.619000	-1.807506	3.908894	660.532913	0.773865	0.653504	6.223537
6.620000	-1.605862	4.189431	663.346733	0.054855	-0.025192	-0.750376
6.621000	-2.008745	3.908894	660.067970	0.654177	0.573468	5.115192
6.622000	-2.088917	3.908894	661.158974	0.015057	0.054614	-0.591024
6.623000	-2.290156	3.507367	659.597328	0.134745	0.174209	0.199436
6.624000	-2.169089	3.667801	661.472382	0.574287	0.493662	4.004534
6.625000	-1.846783	4.068441	664.597931	-0.065126	0.014826	-0.907761
6.626000	-2.169089	3.747575	662.877449	1.053627	0.772869	7.332794
6.627000	-2.813297	3.105397	658.817207	-0.065126	-0.105227	-1.383942
6.628000	-2.410415	3.546811	662.721008	0.773865	0.732851	5.587001
6.629000	-2.209176	3.787462	665.534073	-0.065419	-0.105227	-0.750468
6.630000	-3.054622	3.065510	660.225632	0.614085	0.533451	4.004297
6.631000	-2.933556	3.305718	661.786331	0.054855	-0.065439	-0.273866
6.632000	-2.772402	3.185171	664.126968	0.254434	0.213997	1.470196
6.633000	-2.933556	3.184729	664.129364	0.693975	0.533451	4.321271
6.634000	-2.973641	3.425379	663.973831	-0.105218	-0.145015	-1.542475
6.635000	-3.134390	3.264503	664.130005	0.853755	0.812657	6.855701
6.636000	-3.738512	2.662655	660.378349	-0.224906	-0.185263	-2.175059
6.637000	-3.214967	3.223729	665.378807	0.813957	0.732851	6.223866
6.638000	-2.973238	3.464380	668.036293	-0.105218	-0.145015	-1.382632
6.639000	-3.738108	2.862533	663.348206	0.614085	0.453415	3.845090
6.640000	-3.858770	2.822203	662.725311	0.174544	0.213997	1.310752
6.641000	-3.536464	3.222844	666.783775	0.294525	0.293803	1.944808
6.642000	-3.737703	3.061968	666.940117	0.414214	0.413397	3.053811
6.643000	-4.139777	2.901534	663.663132	0.014471	0.014597	-0.433639
6.644000	-4.260844	2.941421	663.817696	0.813664	0.732621	5.905889
6.645000	-4.179864	2.820431	665.535347	-0.344888	-0.265069	-2.811267
6.646000	-4.058796	3.061082	667.098610	0.773573	0.732621	4.957317
6.647000	-4.219546	3.140856	666.006699	0.094654	0.094173	-0.115662
6.648000	-4.501361	2.780101	665.380524	0.454013	0.413397	3.369729
6.649000	-4.903839	2.499122	662.256493	0.334031	0.293573	1.628729
6.650000	-4.379890	2.940092	667.412567	0.334031	0.253785	2.894130
6.651000	-4.258823	3.140413	668.819321	0.454013	0.333591	3.052080
6.652000	-5.023694	2.498236	664.132965	0.014471	-0.025880	-0.433639
6.653000	-5.184443	2.457906	662.570442	0.733774	0.732392	5.113370
6.654000	-4.540234	2.938765	668.816666	-0.065419	-0.145475	-1.382632
6.655000	-4.781156	2.818217	667.881897	0.573701	0.492974	3.369729
6.656000	-5.304296	2.537237	664.288895	0.214342	0.213767	0.995325
6.657000	-5.264211	2.496907	665.538574	0.454013	0.452956	3.687048
6.658000	-5.424959	2.255814	664.287117	0.334031	0.293573	2.578212
6.659000	-5.062567	2.736671	667.257065	0.214342	0.213538	1.943897
6.660000	-4.981586	2.856776	667.726013	0.453720	0.532762	3.053811
6.661000	-5.666284	2.295259	664.288391	-0.025620	-0.105457	0.042542
6.662000	-5.948100	2.174711	662.099129	0.373830	0.412938	1.628729
6.663000	-5.101441	2.936107	668.973030	0.054270	0.053926	-0.117721
6.664000	-5.303083	2.895777	668.663536	0.533610	0.492744	3.845419
6.665000	-5.986973	2.374589	663.662849	0.293940	0.173750	2.103341
6.666000	-5.986973	2.414476	663.659561	0.413628	0.293344	2.895278
6.667000	-5.825821	2.574468	666.784233	0.493518	0.492744	4.322511
6.668000	-5.744840	2.814675	667.412727	0.293647	0.093714	0.675617
6.669000	-5.986165	2.774345	665.067833	0.293647	0.412938	1.785693
6.670000	-6.389048	2.493364	664.129059	0.094068	0.053926	1.469446
6.671000	-6.630373	2.372819	662.252296	0.293940	0.332903	1.470433
6.672000	-5.945675	3.214873	668.503410	0.174251	0.013908	0.835972
6.673000	-5.985357	3.254761	668.661385	0.573408	0.572550	3.846330
6.674000	-6.629969	2.733130	663.658249	0.373830	0.213538	2.103341
6.675000	-6.750631	2.692800	663.499512	0.293940	0.253326	1.311571
6.676000	-6.025443	3.294206	668.343796	0.373830	0.332903	2.262203
6.677000	-6.186596	3.373980	667.563042	0.174251	0.093714	1.467462
6.678000	-6.146106	3.294206	666.468819	0.293647	0.372920	0.833660
6.679000	-6.267577	3.133772	665.372002	0.373830	0.253556	2.894621
6.680000	-5.985357	3.133328	666.151955	0.253848	0.213538	0.676765
6.681000	-5.421726	3.654960	668.342194	0.373830	0.253556	2.577393
6.682000	-5.542388	3.574742	667.250359	0.373830	0.412938	2.579851
6.683000	-5.784522	3.053112	663.808830	0.253848	0.213538	1.153038
6.684000	-5.502707	3.133328	663.808830	0.334031	0.293344	2.895278
6.685000	-4.858094	3.614630	667.558075	0.253848	0.093714	0.358880
6.686000	-4.818412	3.454638	665.996506	0.373830	0.333362	3.370219
6.687000	-4.939479	3.294206	663.967567	0.094068	0.173750	0.042052
6.688000	-5.020056	3.013225	662.088509	0.653884	0.452956	4.954508
6.689000	-4.335358	3.414309	666.151230	0.094068	0.133502	-0.115662
6.690000	-4.335762	3.494968	664.592140	0.413921	0.333362	3.212926
6.691000	-4.375848	3.294647	663.029678	0.174251	0.213538	0.834970
6.692000	-4.376252	3.053555	662.716202	0.293940	0.293344	1.785693
6.693000	-4.255590	2.973781	662.246368	0.334031	0.133502	2.894367
6.694000	-3.852707	3.334977	664.123909	0.053977	0.053696	-0.432399
6.695000	-3.772535	3.214432	662.719475	0.573701	0.492974	5.116011
6.696000	-4.053946	2.773459	659.909019	0.054270	0.053696	-0.907761
6.697000	-3.933283	2.652913	659.749298	0.773573	0.572780	5.589314
6.698000	-3.248586	3.214432	664.125511	-0.065712	-0.066128	-1.226649
6.699000	-3.651872	2.853677	660.535904	0.613500	0.452956	4.796304
6.700000	-3.530401	2.733130	659.440788	0.094068	0.093714	-0.590695
6.701000	-3.409739	2.693243	659.906525	0.333738	0.253556	1.152219
6.702000	-3.248989	2.652913	660.376282	0.453720	0.373379	3.687377
6.703000	-3.127923	2.773459	660.376343	-0.105510	-0.026110	-1.699369
6.704000	-3.168008	2.613026	659.128983	0.573701	0.452956	4.320452
6.705000	-3.449825	2.211942	656.473068	0.054270	0.093714	0.200256
6.706000	-3.127923	2.211942	657.877518	0.773573	0.572780	5.905561
6.707000	-2.563888	2.693243	661.784698	-0.105510	-0.065898	-1.225409
6.708000	-3.047347	2.332489	656.786629	0.733481	0.572780	6.223537
6.709000	-3.248586	2.011621	654.288681	-0.065712	-0.026110	-1.541747
6.710000	-2.845298	2.172054	656.629410	0.094068	0.093714	0.199436
6.711000	-2.442821	2.252272	658.660667	0.453720	0.412938	3.687377
6.712000	-2.644059	2.132168	655.694794	-0.025913	0.053926	-0.749557
6.713000	-2.482907	2.091838	655.694809	0.693683	0.532762	5.431439
6.714000	-2.764722	1.770970	654.289490	0.014178	0.013908	-0.592754
6.715000	-2.362244	1.930961	656.005730	0.853170	0.612568	6.382070
6.716000	-1.918871	2.212384	658.196762	-0.025620	-0.026110	-1.067534
6.717000	-2.321754	1.731083	654.446724	0.573701	0.532762	4.637771
6.718000	-2.644464	1.290112	650.854362	-0.025620	0.093714	-0.908672
6.719000	-1.918871	1.610537	656.008209	0.054270	0.093714	0.041723
6.720000	-1.476307	1.891960	658.510895	0.693683	0.532762	4.797123
6.721000	-2.080428	1.290112	653.354889	-0.065712	-0.026110	-0.433639
6.722000	-1.999852	1.330885	652.885849	0.853170	0.652356	6.064093
6.723000	-1.878786	1.170008	653.823021	-0.105510	-0.065898	-1.067205
6.724000	-1.516394	1.290112	656.007477	0.693683	0.612568	4.954837
6.725000	-1.436221	1.450989	654.918159	-0.065712	-0.105457	-0.909001
6.726000	-1.596970	1.129678	653.668365	0.493811	0.452956	3.211778
6.727000	-1.838699	0.809254	651.790199	0.253848	0.173750	0.358460
6.728000	-1.274664	1.130121	655.385483	0.134452	0.173750	1.310752
6.729000	-0.992444	1.411101	657.574760	0.693683	0.612568	4.957317
6.730000	-1.436221	0.889913	653.668365	-0.145309	-0.185492	-2.333754
6.731000	-1.757718	0.568603	650.233421	0.773573	0.732392	5.906708
6.732000	-1.314750	0.809696	653.512024	-0.145309	-0.105916	-1.700609
6.733000	-0.750714	1.129678	657.731895	0.733481	0.732392	5.431439
6.734000	-1.274260	0.849583	653.047173	-0.025620	0.014137	-0.432820
6.735000	-1.354836	0.689592	652.264015	0.493518	0.452956	3.530084
6.736000	-1.274260	0.568160	653.199501	0.373830	0.253556	2.418768
6.737000	-1.153193	0.809696	654.452484	0.054270	0.053926	0.517904
6.738000	-0.669330	0.970130	656.172096	0.533610	0.452956	3.371459
6.739000	-0.790800	0.849583	654.920631	-0.145309	-0.145475	-1.543714
6.740000	-1.475498	0.128517	650.234390	0.853170	0.692604	6.064422
6.741000	-0.629244	0.769809	655.857094	-0.264998	-0.265298	-2.652734
6.742000	-0.066016	1.170451	658.825508	0.613500	0.612568	4.320452
6.743000	-0.911464	0.448942	652.734833	-0.025620	0.014137	0.042963
6.744000	-0.992444	0.288507	651.951683	0.413921	0.333362	2.418768
6.745000	-0.549071	0.608932	655.699150	0.374122	0.253556	2.260235
6.746000	-0.267255	0.729921	656.013435	0.374122	0.173979	2.261545
6.747000	-0.307342	0.769809	655.075630	0.373830	0.373379	2.736163
6.748000	-0.146189	0.850026	656.012726	-0.105510	-0.185263	-1.699698
6.749000	-0.589561	0.288507	652.103851	0.733481	0.692604	5.112551
6.750000	-0.146189	0.769809	655.698524	-0.304796	-0.265069	-2.335414
6.751000	0.296780	1.171336	658.824265	0.413921	0.413397	2.735834
6.752000	-0.186679	0.770251	655.697716	0.134452	0.173979	0.994505
6.753000	-0.468899	0.369167	652.414314	0.493811	0.453415	3.685646
6.754000	0.095137	0.930243	656.788040	0.334031	0.213767	2.735834
6.755000	0.417443	1.211666	658.975800	0.334031	0.253785	2.260564
6.756000	-0.186679	0.850469	654.602158	0.373830	0.373379	2.737074
6.757000	-0.227169	0.810139	655.069511	0.014471	-0.065439	-0.274195
6.758000	-0.066016	0.810139	656.317528	0.373830	0.413397	1.628729
6.759000	0.095137	1.051676	657.566559	0.014471	-0.105227	-0.432399
6.760000	0.296780	1.331771	657.880844	0.614085	0.492974	3.686886
6.761000	0.296780	1.291441	658.502861	0.374122	0.253785	2.102031
6.762000	-0.146996	0.810581	655.066391	0.533902	0.413397	3.846330
6.763000	0.336462	1.331771	658.968773	0.374122	0.333591	2.578212
6.764000	0.618682	1.612750	661.313751	0.214342	0.134191	0.834312
6.765000	0.376548	1.251996	658.344460	0.334031	0.333591	1.469285
6.766000	0.134818	1.092006	657.094765	0.254434	0.173979	1.469446
6.767000	0.859603	1.613194	662.560257	0.334031	0.373379	0.995653
6.768000	0.940584	1.693410	662.247650	0.334031	0.213997	1.785693
6.769000	0.578192	1.533420	659.749947	0.413921	0.453415	3.211196
6.770000	0.859603	1.653523	661.309120	0.414214	0.333591	2.578212
6.771000	0.819516	1.413315	661.306725	0.294525	0.253785	0.834150
6.772000	1.141823	1.854287	662.557472	0.413921	0.413397	2.735926
6.773000	1.302571	2.134824	663.339020	0.254434	0.173979	2.262203
6.774000	1.221591	1.854287	662.713814	0.214342	0.253785	0.517413
6.775000	0.819113	1.453645	660.213631	0.374122	0.213997	2.736088
6.776000	1.584791	2.015163	664.431030	0.214635	0.293803	0.358298
6.777000	1.745540	2.135267	666.151367	0.334031	0.254015	2.577883
6.778000	1.181909	1.694296	660.995369	0.254434	0.293803	1.628729
6.779000	1.342657	1.694296	661.308037	0.174544	0.213767	0.991864
6.780000	1.866202	2.015163	666.305389	0.294525	0.293803	2.260564
6.781000	1.786030	1.975276	664.433685	0.454013	0.333591	2.579123
6.782000	1.584387	1.855172	662.404839	0.414214	0.213997	2.735834
6.783000	1.866607	1.895059	664.277428	0.214635	0.213997	0.675946
6.784000	1.503406	1.454088	661.778831	0.654177	0.373609	4.478327
6.785000	2.148422	1.975718	665.995430	0.134745	0.173979	0.200584
6.786000	2.269086	2.095823	666.309799	0.374122	0.293803	2.894130
6.787000	1.745136	1.574635	662.092323	0.414214	0.373609	2.895278
6.788000	1.785626	1.614079	661.310760	0.214635	0.254015	1.310752
6.789000	2.591391	2.175597	667.247704	0.334031	0.254015	1.944883
6.790000	2.228595	1.935389	664.123726	0.134745	0.174209	0.041232
6.791000	1.825712	1.614079	660.687958	0.574287	0.373839	3.845581
6.792000	1.986866	1.694296	661.312363	0.054855	0.054614	-0.275106
6.793000	2.147614	1.653966	662.716812	0.653884	0.493662	5.273396
6.794000	2.429834	1.854287	663.344574	0.134452	0.134191	0.042052
6.795000	2.228595	1.814400	661.940140	0.494104	0.373839	3.370731
6.796000	1.825712	1.292768	659.596916	0.174544	0.254015	0.200584
6.797000	1.785222	1.292768	658.814484	0.174544	0.134191	0.675127
6.798000	2.309172	1.854287	663.189919	0.494104	0.413627	3.369729
6.799000	2.067442	1.733740	661.629059	-0.105218	-0.105457	-1.225738
6.800000	1.584387	1.252439	657.879074	0.853755	0.772639	6.856941
6.801000	1.584387	1.292768	657.567993	0.174544	0.174209	0.359700
6.802000	1.986866	1.613194	662.411476	0.693975	0.613027	5.748176
6.803000	1.866202	1.572864	660.849991	-0.025328	-0.065439	-1.225409
6.804000	1.463320	1.292325	657.726822	0.653884	0.453415	4.796304
6.805000	1.342657	1.171780	656.943497	0.054855	0.094173	-0.274777
6.806000	1.422830	1.331771	658.036850	-0.025328	-0.065439	-1.068024
6.807000	1.785626	1.612750	660.851501	0.614085	0.453415	4.795393
6.808000	1.664559	1.492204	659.289833	0.094654	0.014597	-0.432399
6.809000	0.980670	1.010460	655.383453	0.773865	0.613027	6.223537
6.810000	1.020757	1.010460	655.694519	-0.025328	0.094173	-0.909491
6.811000	1.665368	1.692525	660.695786	0.933353	0.732851	6.541185
6.812000	1.464128	1.571535	658.977150	-0.105218	-0.105457	-2.017346
6.813000	1.021160	1.250225	655.853172	0.733774	0.692833	5.112222
6.814000	0.940584	1.170008	655.382545	0.174544	0.173979	0.359117
6.815000	1.222399	1.490876	658.506508	0.094654	0.134191	-0.117392
6.816000	1.222803	1.650867	658.508904	0.653884	0.533451	4.954837
6.817000	1.062055	1.531206	656.944031	-0.065126	-0.065439	-1.067205
6.818000	0.618682	1.129678	654.599236	0.773865	0.732621	6.697497
6.819000	0.619086	1.049018	654.132607	-0.145309	-0.105457	-1.700609
6.820000	1.183526	1.650424	658.194534	0.733774	0.692833	5.906380
6.821000	0.901306	1.489547	657.101913	0.014471	-0.065439	-0.749228
6.822000	0.337271	1.008689	652.570229	0.653884	0.492974	3.686557
6.823000	0.418655	1.088463	653.662872	0.094654	0.133961	0.201986
6.824000	0.901710	1.408444	657.568359	0.134452	0.133961	0.517413
6.825000	0.539722	1.328671	654.602264	0.693683	0.572780	5.112551
6.826000	0.418655	1.168238	653.976166	-0.145309	-0.105457	-1.857902
6.827000	0.297993	0.967031	653.505554	0.733774	0.652815	5.907948
6.828000	0.257503	0.967031	653.974503	-0.025620	0.014137	-1.067534
6.829000	0.580617	1.408002	656.943695	0.773573	0.692833	5.270755
6.830000	0.419464	1.367673	655.849480	0.014471	-0.065439	-0.749228
6.831000	-0.426388	0.525174	650.224182	0.374122	0.333591	2.736416
6.832000	-0.104081	0.765382	653.347351	0.334031	0.253785	1.785364
6.833000	0.419868	1.406673	657.723564	0.174251	0.094173	0.516173
6.834000	-0.224340	0.885043	653.349762	0.733774	0.692833	5.429616
6.835000	-0.304916	0.924930	653.035477	0.014471	0.094173	-0.274195
6.836000	-0.385897	0.884600	653.659050	0.813664	0.772639	6.539293
6.837000	-0.385089	0.964817	654.439819	-0.224906	-0.225281	-1.700280
6.838000	-0.425175	1.084921	653.971680	0.573701	0.572780	4.004534
6.839000	-0.545433	1.044591	653.658096	0.174544	0.133961	0.675617
6.840000	-1.109873	0.563290	651.156860	0.374122	0.253785	2.895278
6.841000	-0.747077	0.883715	653.657135	0.493811	0.373379	3.054722
6.842000	-0.504538	1.284356	655.220390	0.214342	0.133961	0.835972
6.843000	-1.028488	0.923601	652.720840	0.573701	0.652815	5.113370
6.844000	-1.552032	0.642179	650.063324	-0.145309	-0.185263	-2.966738
6.845000	-1.310304	0.842055	652.093689	0.773573	0.812198	5.907620
6.846000	-1.108256	1.163366	655.061394	-0.105510	-0.105457	-0.750468
6.847000	-1.631801	0.882385	650.689255	0.493811	0.532762	3.529173
6.848000	-1.671483	1.042819	651.626266	0.413921	0.293573	2.894038
6.849000	-1.832636	0.801284	651.466637	0.453720	0.412938	3.370640
6.850000	-1.711569	1.001604	653.031410	0.453720	0.452956	3.052992
6.851000	-1.751656	1.282142	652.718002	0.134452	0.093714	-0.116481
6.852000	-2.073153	1.080935	651.779953	0.533610	0.572550	4.005354
6.853000	-2.556611	0.800398	649.123978	-0.145602	-0.185492	-1.858813
6.854000	-2.113238	1.120823	653.185905	0.613500	0.612568	4.162248
6.855000	-1.952086	1.601681	655.059364	-0.025620	0.013908	-0.274195
6.856000	-2.717360	1.080493	649.749184	0.613500	0.572550	4.480715
6.857000	-2.917791	0.999833	649.123085	0.334031	0.253556	2.260564
6.858000	-2.797128	1.200154	652.870567	0.334031	0.332903	2.418768
6.859000	-2.716956	1.360146	652.870567	0.373830	0.333362	2.736416
6.860000	-3.280184	1.279928	649.591866	0.094068	0.053926	0.675617
6.861000	-3.078540	1.480248	651.464455	0.453720	0.532532	3.053482
6.862000	-3.481018	1.118608	649.745720	0.014178	-0.025880	-0.433310
6.863000	-3.238885	1.479806	651.776161	0.373830	0.452726	3.211524
6.864000	-3.198395	1.840560	653.807480	0.054270	0.053696	-0.117721
6.865000	-3.721536	1.399146	651.153191	0.493518	0.492744	3.212015
6.866000	-4.325253	1.078279	647.246017	0.373830	0.332903	2.895278
6.867000	-3.559574	1.759458	654.274658	0.333738	0.332903	1.944808
6.868000	-3.478593	2.039995	655.995789	0.373830	0.412709	2.735834
6.869000	-4.283954	1.398704	649.434380	0.413628	0.293344	3.369729
6.870000	-4.323635	1.558695	649.903320	0.253848	0.252867	0.834479
6.871000	-4.283145	1.638911	652.400314	0.094068	-0.066128	0.678259
6.872000	-4.242655	1.919005	653.181953	0.453427	0.492515	2.261292
6.873000	-4.443490	1.958893	652.402802	0.333738	0.133502	1.785364
6.874000	-4.563748	1.998780	652.555779	0.453720	0.412709	3.211196
6.875000	-5.127783	1.517036	648.962791	0.413628	0.372920	2.735834
6.876000	-4.523258	2.238545	654.900513	0.373537	0.372920	2.578212
6.877000	-4.522854	2.519083	656.150284	0.373830	0.412709	2.420008
6.878000	-5.328214	1.917678	650.837692	0.214342	0.133502	1.469446
6.879000	-5.488559	1.917235	649.430946	0.173665	0.133502	-0.117064
6.880000	-4.883629	2.478753	655.835922	0.533610	0.293344	3.211449
6.881000	-5.004696	2.598414	655.835205	0.333738	0.372920	1.309749
6.882000	-5.568327	2.317876	651.932014	0.333738	0.213538	1.785693
6.883000	-5.769162	2.237217	651.458801	0.373537	0.412709	2.735834
6.884000	-5.889824	2.157001	651.457214	0.333738	0.173290	1.466805
6.885000	-5.647691	2.557641	654.427406	0.094068	0.133273	0.676765
6.886000	-5.767949	2.758406	653.491821	0.333738	0.372691	2.260564
6.887000	-6.170427	2.517311	651.771317	0.453427	0.372920	3.687048
6.888000	-6.613396	2.236774	649.740906	0.014178	0.173290	0.042380
6.889000	-6.008466	2.958283	654.116226	0.413628	0.173290	3.052334
6.890000	-5.847313	3.118275	656.147568	0.293647	0.372691	1.311571
6.891000	-6.572501	2.676860	651.461243	0.293647	0.133273	1.153038
6.892000	-6.893999	2.597086	649.584564	0.293647	0.292655	1.153038
6.893000	-6.289877	3.037615	654.581886	0.333445	0.252867	1.945137
6.894000	-6.410135	3.198049	653.960693	0.293647	0.253326	2.102759
6.895000	-6.691952	3.237936	652.711716	0.053977	0.212849	-0.117392
6.896000	-6.853105	3.157719	652.394142	0.613207	0.372920	4.479147
6.897000	-7.215496	2.836851	650.832657	0.053977	0.173290	0.358789
6.898000	-6.812210	3.438256	653.490845	0.573408	0.412709	4.795064
6.899000	-6.691144	3.718794	654.740654	0.133574	0.133273	0.041960
6.900000	-7.255178	3.237493	651.458649	0.253848	0.093484	1.945137
6.901000	-7.577080	3.197163	649.895462	0.333738	0.332903	2.420407
6.902000	-6.851892	3.758680	655.832405	0.053977	0.133273	0.041232
6.903000	-6.932468	3.838455	655.051559	0.613207	0.452726	4.004534
6.904000	-7.455609	3.517588	651.929214	-0.025913	0.093255	-0.433639
6.905000	-7.415119	3.718350	652.082352	0.613207	0.412709	4.954508
6.906000	-7.375033	3.718350	653.953949	-0.066005	0.093255	-0.909001
6.907000	-7.414714	3.958559	654.270905	0.813078	0.532303	6.064093
6.908000	-7.334138	4.079105	654.270012	-0.025913	0.093484	-0.591935
6.909000	-7.455204	3.838455	653.333649	0.493518	0.412709	3.687377
6.910000	-7.776702	3.637691	651.768791	0.413335	0.253326	2.420736
6.911000	-7.212667	4.239540	655.832405	-0.105803	0.053467	-1.067534
6.912000	-7.293243	4.239540	655.052368	0.732896	0.452497	4.480715
6.913000	-7.776702	3.798568	651.771362	-0.105803	0.053467	-1.067205
6.914000	-7.575059	3.958559	653.333710	0.813078	0.572321	6.697169
6.915000	-7.091600	4.319756	658.019356	-0.025913	0.013449	-0.749557
6.916000	-7.252753	4.118993	655.834091	0.813078	0.652127	6.224357
6.917000	-7.292840	4.079105	654.740738	-0.105803	-0.066128	-1.540836
6.918000	-7.494482	3.998889	654.583588	0.333738	0.412709	2.577064
6.919000	-7.252753	3.958559	655.206314	0.293647	0.053467	0.993831
6.920000	-6.970938	4.319756	658.177391	-0.145895	0.053467	-1.543386
6.921000	-7.051110	4.159765	656.772156	0.733481	0.532303	5.113041
6.922000	-7.333330	3.798568	654.114655	-0.065712	0.013678	-0.591843
6.923000	-7.051110	3.919115	656.768059	0.853170	0.652127	6.380830
6.924000	-6.487479	4.360529	660.520607	-0.105803	-0.066128	-1.382632
6.925000	-7.051110	3.919558	656.928497	0.773573	0.652127	6.224028
6.926000	-6.930448	3.919558	655.991501	-0.185400	-0.146163	-2.177043
6.927000	-6.930448	3.799454	656.770538	0.333738	0.293344	2.260235
6.928000	-6.407307	4.040105	660.362740	0.373830	0.332903	2.420407
6.929000	-6.326731	4.160208	660.209846	0.013885	0.013678	-0.433310
6.930000	-6.688718	3.839784	658.176750	0.613207	0.572321	5.112551
6.931000	-6.769294	3.559245	657.239594	0.053977	0.093484	0.042542
6.932000	-6.527565	3.599133	659.270988	0.813078	0.691915	5.748176
6.933000	-6.205259	4.000659	660.990685	-0.105803	-0.145934	-1.858813
6.934000	-6.608141	3.639905	658.961594	0.693683	0.612338	5.431439
6.935000	-6.769294	3.318596	656.459717	0.013885	0.053696	-0.115333
6.936000	-6.608545	3.479471	658.644981	0.333738	0.253326	2.260235
6.937000	-6.044510	3.920444	663.645607	0.413628	0.452726	2.579851
6.938000	-6.688718	3.479471	659.430702	-0.066005	-0.106146	-1.226557
6.939000	-6.688718	3.278708	658.178452	0.733481	0.612338	5.589643
6.940000	-6.648228	3.278708	659.896454	-0.185693	-0.106146	-2.177701
6.941000	-6.446989	3.479471	661.615089	0.813078	0.692144	5.906380
6.942000	-6.124682	3.639905	663.334770	-0.065712	-0.105916	-0.749557
6.943000	-6.285835	3.600019	662.394402	0.573115	0.492515	3.844761
6.944000	-6.930448	2.998613	657.863533	0.174251	0.093714	0.360519
6.945000	-6.446989	3.440027	662.080833	0.293940	0.173290	1.786604
6.946000	-5.762694	4.001102	666.925209	0.333738	0.372920	2.735834
6.947000	-6.446989	3.319923	661.770012	-0.145602	-0.026110	-0.909001
6.948000	-6.608141	3.239706	660.986763	0.892968	0.692144	6.222626
6.949000	-6.084597	3.560575	665.203384	-0.225492	-0.185952	-2.810356
6.950000	-5.963933	3.761337	667.078430	0.852877	0.612338	5.589152
6.951000	-6.205663	3.560575	664.892387	-0.065712	-0.026110	-1.067205
6.952000	-6.205663	3.440913	665.827942	0.493518	0.492515	3.212436
6.953000	-6.527565	3.200262	663.795662	0.373537	0.173290	1.627160
6.954000	-6.044510	3.521573	666.609505	0.413628	0.372920	2.261545
6.955000	-5.681714	3.922657	670.203362	0.533317	0.412709	3.687377
6.956000	-6.084597	3.401026	666.921379	-0.065712	-0.026340	-1.067205
6.957000	-6.527969	3.120488	662.701500	0.852877	0.692144	5.587821
6.958000	-6.004019	3.481686	668.170280	-0.345181	-0.145934	-2.810356
6.959000	-5.682522	3.602232	669.421654	0.653298	0.612109	4.796142
6.960000	-6.205663	3.081044	664.893272	-0.025913	-0.066128	-0.433639
6.961000	-6.085000	3.041157	664.736122	0.493518	0.412709	3.211524
6.962000	-5.963933	3.041157	666.296013	0.333738	0.253326	2.736416
6.963000	-5.762694	3.121374	667.394417	0.453720	0.332903	3.211686
6.964000	-5.601542	3.242364	666.927170	0.413628	0.332903	1.944156
6.965000	-5.763099	2.881166	665.987587	0.014178	0.013678	-0.748646
6.966000	-6.206471	2.359978	661.143135	0.613500	0.572321	4.478985
6.967000	-5.440792	2.921495	666.142258	-0.225492	-0.265987	-2.968069
6.968000	-5.078401	3.202918	667.706306	0.573115	0.492515	4.002804
6.969000	-5.441197	2.681288	664.426727	0.253848	0.133273	1.310914
6.970000	-5.643244	2.520855	662.394676	0.573408	0.452726	3.846821
6.971000	-4.958547	2.842164	665.673317	0.333738	0.173290	2.895278
6.972000	-4.918056	2.801834	664.581566	0.413628	0.372691	2.736416
6.973000	-5.079613	2.682174	662.240105	0.373537	0.332903	1.786350
6.974000	-4.878374	2.762390	663.019333	0.053977	-0.026110	0.517413
6.975000	-4.798606	2.522182	662.078873	0.453427	0.492515	2.893548
6.976000	-4.315147	2.883380	662.705841	0.014178	0.013678	0.043453
6.977000	-4.355638	2.964039	662.237793	0.413628	0.412709	2.894038
6.978000	-4.195292	2.843493	661.455536	0.094068	0.093714	0.675617
6.979000	-4.315955	2.523068	658.173630	0.413628	0.452726	3.211196
6.980000	-3.470509	3.085029	662.547447	0.453720	0.412938	2.895278
6.981000	-3.148202	3.245906	663.640884	0.253848	0.213538	1.150558
6.982000	-3.511807	2.885151	659.735474	0.373537	0.452726	2.737074
6.983000	-3.270482	2.845263	658.326233	0.293940	0.053926	1.785693
6.984000	-2.546103	3.286677	663.166595	0.094068	0.253326	0.200584
6.985000	-2.506420	3.246791	661.137848	0.054270	-0.025880	0.041394
6.986000	-2.385757	3.248119	658.949547	0.413921	0.452956	3.053482
6.987000	-1.782041	3.408553	660.978470	0.334031	0.173750	1.945137
6.988000	-1.702272	3.208232	659.414604	0.454013	0.373379	2.735834
6.989000	-1.017978	3.609317	661.913345	0.453720	0.532762	3.845090
6.990000	-0.615905	3.810966	662.225296	0.293940	0.133961	1.627160
6.991000	-0.858038	3.330108	658.163628	0.293940	0.333362	0.991864
6.992000	-0.536540	3.410767	657.848549	0.334031	0.134191	2.103341
6.993000	0.590722	4.012614	663.941086	0.174544	0.213767	0.676765
6.994000	0.751471	3.853509	661.596458	0.374122	0.213997	2.577883
6.995000	0.710576	3.693076	658.470970	0.454013	0.373379	2.261222
6.996000	1.152737	3.733848	659.562904	0.254434	0.293803	2.260564
6.997000	1.635792	3.853952	660.965019	0.294525	0.333591	1.785693
6.998000	1.917202	3.854395	660.185951	0.294525	0.333821	2.735834
6.999000	1.997779	3.855723	659.249756	0.254434	0.213997	1.786350
7.000000	2.077547	3.615072	657.996872	0.254434	0.293803	1.469285
7.001000	2.318468	3.575186	657.839005	0.454305	0.294032	3.369982
7.002000	3.204405	4.297581	662.370750	0.134745	0.254015	0.359117
7.003000	3.002358	3.977156	659.557098	0.414214	0.294032	3.528844
7.004000	2.921377	3.616844	656.433296	0.414214	0.413627	3.053811
7.005000	3.001549	3.657174	656.431870	0.174837	0.094632	0.517413
7.006000	3.927572	4.178362	661.585472	0.374708	0.334050	2.260564
7.007000	3.846996	4.099030	660.024872	0.254727	0.294032	1.628071
7.008000	3.886678	4.018814	657.993538	0.454305	0.453874	3.369729
7.009000	3.846188	3.818493	656.585106	0.134745	0.134650	-0.115662
7.010000	4.167686	4.019257	658.614906	0.734067	0.573698	5.431110
7.011000	4.651144	4.461114	660.802765	0.094947	0.054844	-0.433310
7.012000	4.529674	4.180575	658.615974	0.294818	0.294262	3.053574
7.013000	4.327626	3.859709	655.801491	0.334617	0.294262	1.467462
7.014000	4.770998	4.100801	657.360664	0.255019	0.134650	0.994834
7.015000	5.455293	4.742979	661.893173	0.334909	0.374298	2.578940
7.016000	5.212755	4.502771	659.080292	0.015057	0.054844	-0.433218
7.017000	4.930535	4.181904	656.423042	0.694268	0.653734	5.431929
7.018000	5.172264	4.262121	656.265892	0.094947	0.015056	-0.591843
7.019000	5.695809	4.623318	660.014427	0.614378	0.573698	5.431110
7.020000	6.058201	4.824525	660.015312	0.094947	0.054844	-0.273866
7.021000	5.856154	4.703978	658.449730	0.654470	0.494122	5.273396
7.022000	5.533444	4.423440	655.636864	-0.064541	0.054844	-1.382632
7.023000	6.016903	4.744751	657.510323	0.334909	0.374298	1.627090
7.024000	6.459871	5.266381	659.855217	0.334909	0.374298	2.736163
7.025000	6.418976	4.945514	658.291954	0.055148	0.015056	-1.068024
7.026000	6.056585	4.625090	654.075462	0.654470	0.573928	5.589971
7.027000	6.337996	4.905626	656.101181	0.095239	-0.064750	-0.116153
7.028000	7.183847	5.507032	660.789284	0.814250	0.733769	6.223537
7.029000	6.740474	5.306711	656.416435	-0.104339	-0.064750	-1.700350
7.030000	6.780157	5.146721	655.945808	0.774158	0.653734	6.223537
7.031000	6.860733	5.226937	655.786346	-0.184522	-0.104309	-1.856916
7.032000	7.102057	5.267267	656.256096	0.255019	0.174897	0.358061
7.033000	7.545026	5.909002	658.444748	0.415092	0.334739	3.529173
7.034000	7.545026	5.909002	658.597786	0.135038	0.135109	-0.116481
7.035000	6.900010	5.187493	652.034882	0.774451	0.574157	5.589643
7.036000	7.423556	5.668351	655.940376	-0.064248	-0.064521	-0.909491
7.037000	7.906610	6.310529	658.751816	0.814250	0.534139	5.747356
7.038000	7.382660	5.708681	653.753670	-0.104339	-0.024732	-1.225738
7.039000	7.422343	5.789341	653.437782	0.854634	0.574157	6.065005
7.040000	7.785139	6.150095	656.404610	-0.064541	-0.024503	-1.383214
7.041000	7.865311	6.270642	655.625458	0.295111	0.294721	2.102031
7.042000	7.785139	6.270642	654.532104	0.614671	0.494122	3.530084
7.043000	7.905397	6.551180	654.527847	-0.104339	-0.104309	-1.225738
7.044000	7.421938	6.110209	652.182419	0.894432	0.693981	5.747356
7.045000	7.864907	6.431519	654.215332	-0.024449	-0.024732	-0.432399
7.046000	8.186404	6.912821	656.403961	0.854634	0.574157	5.589152
7.047000	7.864503	6.671727	653.900345	0.015642	0.095321	-0.274195
7.048000	7.501707	6.270642	650.306534	0.694854	0.574157	5.114373
7.049000	7.823608	6.751943	654.211349	0.135331	-0.024503	-0.434130
7.050000	8.105424	6.951822	655.148422	0.135331	0.095091	0.042634
7.051000	7.501707	6.671727	650.305740	0.614671	0.534139	3.845910
7.052000	7.621965	6.912821	651.399178	-0.064248	-0.024503	-0.750376
7.053000	7.823204	6.951822	653.738312	0.774451	0.733769	5.905889
7.054000	7.783118	7.192914	653.583649	-0.104047	-0.024503	-1.383942
7.055000	7.742628	7.192914	651.554726	0.774451	0.693981	5.906218
7.056000	7.702137	7.192914	652.489502	-0.224321	-0.064291	-1.068935
7.057000	7.299255	6.872048	649.521706	0.494982	0.454333	3.370640
7.058000	7.782310	7.313461	654.051010	0.255312	0.215145	2.102031
7.059000	7.943462	7.714547	655.144264	0.175129	0.215145	1.310752
7.060000	7.339746	7.233245	650.926155	0.535074	0.494122	4.004863
7.061000	7.218678	7.273132	649.830307	-0.064541	-0.104309	-1.226977
7.062000	7.822800	7.754434	655.142044	0.774451	0.813575	6.540274
7.063000	7.702137	7.674218	654.515060	-0.304211	-0.144327	-3.127421
7.064000	7.138102	7.474339	650.300858	0.774451	0.733769	5.270264
7.065000	7.259169	7.594000	651.078400	-0.064248	-0.223903	-1.067534
7.066000	7.299255	7.633887	652.952507	0.494982	0.414315	3.052992
7.067000	7.460408	7.754434	654.047623	0.255019	0.215145	1.786604
7.068000	7.419918	7.914867	653.580284	0.455184	0.494351	3.054065
7.069000	7.138102	7.754434	652.641510	0.614671	0.454333	3.846001
7.070000	6.654643	7.433566	649.516739	-0.064541	-0.064521	-1.701919
7.071000	7.460408	8.074858	655.451263	0.774451	0.653734	6.064422
7.072000	7.541388	8.315510	657.013725	-0.303918	-0.263921	-2.651823
7.073000	6.775710	7.754434	651.233788	0.774451	0.693981	4.798784
7.074000	6.816201	7.753992	651.233139	0.095239	0.015285	0.201495
7.075000	7.419918	8.195405	656.699455	0.535074	0.494351	3.845090
7.076000	7.259169	8.074858	655.139458	0.415092	0.294721	2.418768
7.077000	7.057930	7.914426	653.576385	0.295111	0.254933	2.260564
7.078000	7.017439	7.914867	653.576286	0.454891	0.573928	3.211524
7.079000	6.775710	7.674218	652.793854	0.135038	-0.024503	-0.116481
7.080000	7.581474	8.276065	658.106377	0.654762	0.653734	4.954837
7.081000	7.621561	8.276065	658.106377	-0.224321	-0.223903	-2.493290
7.082000	7.017439	7.714547	653.417633	0.614671	0.573928	3.845090
7.083000	7.057525	7.674660	652.634384	0.215221	0.135109	0.833331
7.084000	7.902972	8.316396	659.509193	0.334909	0.294721	2.420008
7.085000	7.741819	8.236177	657.946121	0.334909	0.294721	2.578212
7.086000	7.540580	7.915310	655.133240	0.295111	0.334739	2.578212
7.087000	7.499686	7.875422	655.288612	0.295111	0.334739	2.418935
7.088000	7.902164	8.035856	657.472290	0.215221	0.135109	0.834150
7.089000	8.063721	8.397497	658.882484	0.574580	0.494351	3.528353
7.090000	7.902164	8.237063	657.005096	0.015642	-0.064291	-0.434458
7.091000	7.659626	7.835536	655.128433	0.334909	0.374757	2.420008
7.092000	7.660030	7.755320	654.346794	0.375294	0.254933	2.893639
7.093000	8.143085	8.317723	658.410339	0.494982	0.374757	3.368909
7.094000	8.223662	8.356725	658.408737	0.415092	0.374757	3.212436
7.095000	7.740203	7.916196	655.283966	0.295111	0.255163	2.102031
7.096000	7.659626	7.796535	653.407242	0.494982	0.534139	3.528682
7.097000	8.263748	8.316837	658.874329	0.175422	0.095780	0.991864
7.098000	8.182767	8.157290	657.629509	0.215221	0.334739	0.678426
7.099000	7.981124	8.116961	655.752037	0.135331	0.055533	0.677768
7.100000	7.739394	7.996856	654.967125	0.454891	0.374757	2.737074
7.101000	7.940634	7.876308	656.063034	0.255312	0.175357	1.945137
7.102000	8.182767	8.277836	657.157280	0.415092	0.374757	2.578212
7.103000	8.021210	8.157290	655.593300	0.375294	0.374757	3.211196
7.104000	7.698904	7.715875	653.250008	0.175422	0.095321	0.836301
7.105000	7.577837	7.636101	653.249115	0.334909	0.374757	2.420008
7.106000	8.181958	8.277836	657.465782	0.375294	0.175357	2.578212
7.107000	7.940229	7.996856	654.812302	0.135331	0.135109	0.200584
7.108000	7.617924	7.876308	652.469177	0.255312	0.175357	1.469538
7.109000	7.698904	7.595329	651.839714	0.375294	0.374757	2.260564
7.110000	7.939825	7.876308	654.497124	0.254727	0.095321	1.311663
7.111000	7.819162	7.876308	653.250557	0.295111	0.254933	1.785693
7.112000	7.859653	7.876308	652.935463	0.375294	0.294951	2.102031
7.113000	7.456366	7.555443	651.372292	0.295111	0.255163	2.577630
7.114000	7.617115	7.554998	651.215851	0.215221	0.254933	0.994015
7.115000	7.779076	7.956082	652.622780	0.295111	0.095321	1.628071
7.116000	7.415876	7.635217	650.593048	0.135331	0.135109	0.200584
7.117000	6.972907	7.193800	646.373169	0.455184	0.255163	3.368672
7.118000	7.254722	7.474339	649.810448	0.415092	0.334969	1.945794
7.119000	7.536134	7.714991	652.623329	0.175422	0.255163	1.469285
7.120000	6.932416	7.434452	647.469711	0.454891	0.374757	3.053482
7.121000	7.012993	7.474339	647.781342	0.255019	0.254933	0.994505
7.122000	6.770859	7.313461	647.467056	0.375294	0.255163	2.577630
7.123000	6.891926	7.353348	648.092262	0.015642	0.095321	-0.116153
7.124000	6.932416	7.674218	649.031845	0.694561	0.494351	4.954180
7.125000	6.811754	7.433566	647.938316	0.135331	0.135109	0.200584
7.126000	6.207633	7.072369	643.717567	0.614671	0.414775	4.479896
7.127000	6.610111	7.553227	648.716492	0.214928	0.294721	0.517413
7.128000	6.771667	7.833766	649.655266	0.214928	0.135109	1.154278
7.129000	6.005989	7.232359	644.656181	0.295111	0.294721	2.262203
7.130000	5.844836	7.272688	643.719719	0.175129	0.174897	0.200347
7.131000	6.087374	7.472568	646.061310	0.454891	0.454333	4.004205
7.132000	6.248123	7.632557	647.623604	-0.024449	0.015285	-0.750047
7.133000	5.805154	7.633001	645.283684	0.774451	0.693981	6.065824
7.134000	5.603915	7.512454	644.498756	0.094947	0.095091	-0.116153
7.135000	5.362185	7.231031	643.561584	0.694561	0.534369	4.956659
7.136000	5.563829	7.632115	646.686348	-0.104339	0.015285	-1.225409
7.137000	5.564233	7.792106	647.156105	0.334909	0.294951	2.895370
7.138000	5.120860	7.471682	644.655663	0.255019	0.215145	2.262203
7.139000	4.557229	7.270919	641.688057	0.095239	0.015285	-0.750376
7.140000	5.040688	7.711446	646.375175	0.614671	0.534139	5.112222
7.141000	5.322504	7.911767	649.342003	0.095239	0.015285	-0.432399
7.142000	4.436970	7.430467	643.723358	0.734652	0.733769	5.589643
7.143000	4.236135	7.390579	643.094788	-0.064541	-0.064291	-0.907761
7.144000	4.316712	7.469910	645.591850	0.734360	0.693981	5.905561
7.145000	4.397288	7.831551	647.624786	-0.104339	-0.184345	-2.015777
7.146000	4.236539	7.790778	646.846443	0.255019	0.334739	1.944409
7.147000	4.035301	7.750449	647.467552	0.334909	0.254933	2.260564
7.148000	3.351007	7.148600	643.250885	0.095239	0.134880	-0.432890
7.149000	3.753485	7.790778	648.093651	0.694561	0.534139	4.954018
7.150000	4.076599	8.151089	651.689842	0.055148	0.055074	-0.432070
7.151000	3.311325	7.589571	647.312737	0.814250	0.653734	6.224777
7.152000	2.708011	7.268261	644.032433	-0.064541	-0.064750	-0.908580
7.153000	3.231557	7.789450	649.811394	0.694561	0.533910	4.957317
7.154000	3.151385	7.990213	651.687180	0.055148	0.015285	-0.432981
7.155000	2.386110	7.589129	647.002449	0.255019	0.294262	1.468557
7.156000	2.265851	7.548799	648.251396	0.294818	0.214686	1.945137
7.157000	1.903460	7.347592	648.559853	-0.064541	-0.024732	-0.909820
7.158000	1.984035	7.708346	650.125519	0.734360	0.613716	5.271084
7.159000	2.225766	8.109432	652.626587	-0.064541	0.015056	-1.225738
7.160000	1.622048	7.708346	651.062675	0.774158	0.613716	5.748176
7.161000	0.856773	7.146830	646.842819	0.015057	-0.024732	-0.908580
7.162000	1.340232	7.828008	652.155151	0.614378	0.493892	3.687140
7.163000	1.421618	8.028329	655.595001	-0.144723	-0.024732	-0.751287
7.164000	0.494785	7.547028	650.438202	0.214635	0.214686	1.470196
7.165000	0.212970	7.507140	650.905457	0.415092	0.414086	3.211196
7.166000	0.454700	7.828008	654.654709	-0.024449	-0.024962	-0.749136
7.167000	0.132797	7.867453	654.499161	0.734360	0.693522	5.907620
7.168000	-0.027951	8.027886	654.343788	-0.064541	-0.104768	-1.383942
7.169000	-0.309767	7.947669	654.500046	0.774158	0.613716	5.747685
7.170000	-0.832907	7.586472	652.778046	-0.104339	-0.104768	-1.858813
7.171000	-0.470111	8.187435	656.685219	0.534488	0.414086	3.211524
7.172000	-0.509793	8.387756	658.093842	0.294525	0.334050	2.261475
7.173000	-1.033338	8.027443	655.902817	0.454891	0.214686	2.736416
7.174000	-1.436221	7.906454	654.499252	0.414214	0.453874	3.052992
7.175000	-1.073020	8.387756	659.183098	0.134745	-0.064750	-0.274195
7.176000	-1.354836	8.347425	659.183098	0.654177	0.733081	4.954837
7.177000	-1.797805	8.186991	656.218674	-0.304796	-0.463781	-3.760987
7.178000	-2.120111	8.146662	656.215485	0.854048	0.932710	5.906800
7.179000	-1.918467	8.266765	659.963921	-0.184522	-0.224592	-0.749557
7.180000	-1.999044	8.387312	659.343536	0.454305	0.493892	3.053482
7.181000	-2.401117	8.346983	657.624886	0.374708	0.294262	3.052992
7.182000	-2.401522	8.306652	659.187988	0.454305	0.493892	3.052334
7.183000	-2.965153	8.025672	656.684509	0.254727	0.134650	2.577630
7.184000	-2.602356	8.506973	660.436958	0.055148	0.094862	-0.276254
7.185000	-2.723019	8.587191	660.905190	0.574287	0.533910	4.004863
7.186000	-3.246968	8.266323	657.469337	-0.264412	-0.224592	-1.858813
7.187000	-3.327141	8.185663	657.781227	0.574287	0.493892	3.846821
7.188000	-2.763510	8.827399	663.716454	0.135038	0.094632	0.200256
7.189000	-3.206478	8.666965	661.218681	0.534488	0.454104	3.529173
7.190000	-3.689937	8.466200	658.251869	0.254727	0.174668	1.310752
7.191000	-3.649851	8.546418	659.344498	0.294818	0.134650	2.262785
7.192000	-3.489102	8.586305	661.373337	0.334617	0.373839	3.211196
7.193000	-3.448612	8.987831	661.999496	0.214635	0.134880	1.310914
7.194000	-3.569275	8.987831	661.844032	0.374708	0.493892	2.418278
7.195000	-3.972157	8.586747	658.404198	0.055148	-0.104539	-0.433310
7.196000	-4.012648	8.626634	659.342178	0.534488	0.533680	2.894787
7.197000	-3.327949	9.428804	665.122734	0.055148	-0.064750	-0.116810
7.198000	-3.650256	9.108378	661.841713	0.534488	0.493892	3.211196
7.199000	-4.053138	8.867728	659.029579	0.534488	0.414086	3.370968
7.200000	-3.811812	8.987831	660.748444	0.454305	0.334050	2.894130
7.201000	-3.247777	9.509022	664.184135	0.334617	0.294262	2.737074
7.202000	-3.489911	9.309143	661.996552	0.255019	0.214686	1.787423
7.203000	-3.529997	9.269256	661.057953	0.214928	0.254244	0.838032
7.204000	-3.691958	9.028162	659.184479	0.135038	0.015285	0.517084
7.205000	-3.329566	9.229369	661.057144	0.374708	0.374298	2.103017
7.206000	-2.806021	9.750999	664.652611	0.255019	0.214686	2.260235
7.207000	-2.927492	9.590124	662.622101	0.534488	0.454104	3.686886
7.208000	-3.491931	9.029047	658.403099	0.534488	0.454104	3.054722
7.209000	-3.008472	9.310029	660.743027	0.334909	0.214686	2.418768
7.210000	-2.404351	9.831659	664.650291	0.374708	0.414086	2.260564
7.211000	-2.807638	9.431017	661.057404	0.255019	0.055074	1.312482
7.212000	-2.687380	9.390688	660.430603	0.094947	0.214686	-0.117064
7.213000	-2.647293	9.310472	659.961563	0.374708	0.095091	2.895041
7.214000	-2.244815	9.631782	662.460320	0.255019	0.414086	1.309258
7.215000	-1.761356	9.832103	663.711845	0.214928	0.095091	1.470196
7.216000	-2.043576	9.632224	661.991455	0.374708	0.494122	2.735926
7.217000	-2.366286	9.231582	658.709564	0.334909	0.174668	2.102031
7.218000	-1.883232	9.512121	661.364746	0.175129	0.214686	1.469285
7.219000	-1.238620	10.033752	664.803772	0.254727	0.214686	1.786604
7.220000	-1.480349	9.592781	661.833755	0.454891	0.454333	3.528844
7.221000	-1.762569	9.312686	658.553452	0.094947	0.015285	-0.273866
7.222000	-1.319601	9.352573	660.269699	0.494982	0.494122	3.211287
7.223000	-0.796460	9.753657	664.176109	0.255019	0.134880	1.152548
7.224000	-0.998103	9.553336	661.212646	0.255019	0.414315	2.418768
7.225000	-0.958016	9.393346	660.583282	0.255019	0.055303	1.471015
7.226000	-0.797268	9.192581	660.737930	0.334909	0.573928	2.260564
7.227000	-0.475366	9.393346	661.520363	0.454891	0.095321	3.212015
7.228000	-0.112570	9.554222	662.772728	0.095239	0.294721	0.042052
7.229000	-0.113379	9.554222	662.771111	0.694561	0.295180	4.480058
7.230000	-0.596837	8.792383	658.086372	0.095239	0.334739	0.200676
7.231000	0.127947	9.193467	661.987076	0.734652	0.294951	5.431110
7.232000	0.732069	9.675210	665.895233	0.135331	0.414315	0.042052
7.233000	0.248610	9.073805	659.960823	0.454891	0.254933	3.686557
7.234000	0.288696	8.953702	659.332237	0.295111	0.494351	2.262203
7.235000	0.691174	9.114136	662.612473	0.095239	-0.024503	-0.434458
7.236000	0.812241	9.074249	661.834274	0.574580	0.613945	4.162248
7.237000	0.892413	9.074691	659.960808	0.055148	-0.104309	-0.750047
7.238000	1.214719	9.074249	662.302605	0.774451	0.773787	5.906800
7.239000	0.972585	8.674049	658.863457	0.015642	-0.024503	0.042871
7.240000	1.334978	8.914701	661.520966	0.774451	0.733769	6.382981
7.241000	1.898608	9.356114	663.395065	-0.024449	-0.064521	-1.540836
7.242000	1.495726	8.754709	659.803123	0.334909	0.454333	3.369001
7.243000	1.334169	8.514502	657.301964	0.215221	0.134880	0.834479
7.244000	2.059358	8.915143	662.301796	-0.064541	0.055303	-1.225738
7.245000	2.301087	9.076019	662.459740	0.654762	0.494351	4.796304
7.246000	1.857714	8.554832	658.399559	0.095239	0.055303	-0.750047
7.247000	2.139125	8.635492	658.712166	0.894432	0.693981	6.381741
7.248000	2.501517	8.635048	661.833748	-0.064541	-0.064521	-0.750047
7.249000	2.582095	8.635492	660.741264	0.934524	0.853593	6.698408
7.250000	2.622585	8.756481	659.650230	-0.104047	-0.064291	-0.909162
7.251000	2.702757	8.475500	659.024132	0.455184	0.534139	3.687140
7.252000	2.581690	8.114745	657.618195	0.215221	0.135109	0.678916
7.253000	3.387455	8.635934	662.305244	0.015642	0.135109	-0.432728
7.254000	3.548608	8.716594	661.680931	0.734652	0.414775	5.589643
7.255000	3.145726	8.155518	657.305595	0.015642	0.135109	-0.750376
7.256000	3.185812	8.075744	656.992279	0.734652	0.654193	5.907620
7.257000	4.111431	8.517159	662.614983	-0.064248	0.055303	-0.591843
7.258000	4.030854	8.396611	659.959885	0.774451	0.733999	5.749087
7.259000	3.949873	8.036301	657.931931	-0.104047	-0.024503	-1.382632
7.260000	4.070940	8.076630	657.462112	0.494982	0.414775	3.053574
7.261000	4.351948	7.996413	658.864929	0.295111	0.294951	1.153038
7.262000	4.674658	8.318165	660.429878	0.055734	0.055533	-0.274686
7.263000	4.754830	8.278278	658.554832	0.694561	0.574157	4.954675
7.264000	4.512697	7.877194	655.898216	-0.064248	-0.064291	-1.066784
7.265000	4.552783	7.636101	654.961205	0.894432	0.813805	6.856941
7.266000	5.519296	8.398383	659.802994	-0.024157	-0.064291	-1.542475
7.267000	5.518892	8.278722	659.646736	0.694561	0.694211	5.272906
7.268000	4.994943	7.757092	654.493134	0.056026	0.175357	0.520383
7.269000	5.035029	7.677317	653.398102	0.455184	0.255163	2.260235
7.270000	5.799899	8.158617	659.176201	0.375294	0.334969	1.628729
7.271000	5.799899	8.078843	656.834778	0.175422	0.135568	0.994505
7.272000	5.598660	8.038514	655.117722	0.814835	0.694211	5.273563
7.273000	5.678833	7.797864	654.958969	-0.224321	-0.183885	-2.333754
7.274000	5.597851	7.717646	653.867142	0.894725	0.774017	6.223866
7.275000	6.121397	8.159503	656.678513	-0.183936	-0.183885	-1.700350
7.276000	6.121397	8.279608	656.211159	0.494982	0.374757	2.419189
7.277000	5.597447	7.597985	652.461090	0.214928	0.255392	2.578212
7.278000	5.597447	7.558098	651.052673	0.575165	0.295180	3.528353
7.279000	6.644538	8.279608	657.926689	0.415092	0.334969	2.737074
7.280000	6.281742	8.119616	654.961464	0.055734	0.015744	0.835972
7.281000	6.040012	7.839079	652.772102	0.734652	0.694211	5.115850
7.282000	6.039608	7.919294	651.989685	-0.303918	-0.303480	-3.602783
7.283000	6.160675	7.919294	652.925949	0.654762	0.733999	5.115030
7.284000	6.563557	8.280935	654.179031	-0.063955	-0.183885	-1.541165
7.285000	6.563153	8.240163	654.489220	0.654470	0.654193	4.480225
7.286000	6.079694	7.719418	649.801201	0.215514	0.055533	1.310094
7.287000	6.079694	7.679530	649.956749	0.455184	0.414775	3.211196
7.288000	6.643325	8.321266	653.707672	0.614671	0.374986	3.212926
7.289000	6.401595	8.120060	651.521614	0.175422	0.255163	1.149739
7.290000	6.118971	7.799634	649.176010	0.654762	0.494351	4.003623
7.291000	6.280529	7.839965	649.957619	-0.024157	0.135568	-0.273866
7.292000	6.602026	8.200275	652.457802	0.694854	0.534369	4.798784
7.293000	6.521854	8.160389	651.052673	-0.104047	0.055533	-1.066294
7.294000	6.440873	8.120060	650.115578	0.494982	0.374986	3.211524
7.295000	6.158653	7.799634	648.238899	0.215514	0.374986	2.419679
7.296000	6.360297	7.999954	649.643272	0.495275	0.255392	3.528353
7.297000	6.722689	8.401483	651.835091	0.375294	0.614404	2.418768
7.298000	6.601622	8.280935	650.428101	0.375294	0.175586	2.894130
7.299000	6.198740	7.919739	647.770767	0.455184	0.574157	2.894787
7.300000	6.400383	8.080173	649.486916	0.055734	-0.143638	0.200584
7.301000	6.883842	8.521585	652.771294	0.255312	0.574157	2.261222
7.302000	6.360297	8.241049	648.710175	0.175129	-0.024273	0.520055
7.303000	6.400383	8.161274	648.239708	0.455184	0.654193	3.211196
7.304000	6.521046	8.241049	649.486916	0.415385	0.255163	2.895278
7.305000	6.722285	8.401483	651.362686	0.375294	0.454792	2.735926
7.306000	6.682198	8.561473	650.428185	0.375294	0.295180	2.735343
7.307000	6.561132	8.401483	649.644142	0.135916	0.215374	1.152219
7.308000	6.198740	8.120502	648.082397	0.175422	0.255163	0.042472
7.309000	6.601218	8.401483	650.894615	0.415092	0.255392	2.736088
7.310000	6.923928	8.842453	652.926743	0.295696	0.254933	0.518561
7.311000	6.521046	8.481256	650.582809	0.494982	0.334969	2.577883
7.312000	6.158250	8.241049	647.302521	0.614671	0.454792	3.213255
7.313000	6.561536	8.521585	651.205551	0.335495	0.334969	1.944156
7.314000	6.802862	8.842011	653.861359	0.375294	0.255163	1.626179
7.315000	6.118163	8.361154	648.709381	0.495275	0.414775	3.368909
7.316000	6.158250	8.521585	649.333855	0.335495	0.255163	2.262785
7.317000	6.400383	8.561473	651.675369	0.175422	0.175357	-0.274686
7.318000	6.399574	8.721464	652.771194	0.575165	0.415004	4.321363
7.319000	6.480556	8.842453	652.614937	0.215221	0.135568	0.042380
7.320000	6.238826	8.802124	652.458527	0.335495	0.255163	2.260235
7.321000	5.594213	8.200275	648.241135	0.215514	0.295180	1.311081
7.322000	6.238826	8.802124	653.863029	0.295111	0.334969	1.786604
7.323000	6.682198	9.202765	657.770302	0.255312	0.135568	1.469285
7.324000	5.755367	8.561030	651.053902	0.295111	0.334969	0.993686
7.325000	5.634705	8.561030	650.739876	0.415385	0.255163	3.371130
7.326000	6.077673	8.962114	655.268906	0.175422	0.215145	-0.274195
7.327000	6.037183	9.002445	655.738754	0.614671	0.374986	4.795485
7.328000	5.715281	8.842011	653.240868	0.055734	0.254933	0.042380
7.329000	5.675195	8.802124	654.334206	0.535074	0.335198	4.161919
7.330000	5.473147	8.440484	652.143356	0.255312	0.334969	0.676765
7.331000	5.835539	9.002445	656.207680	0.175422	0.095321	0.837120
7.332000	6.117759	9.282983	658.864296	0.455184	0.414775	3.529501
7.333000	5.433061	8.641247	654.646011	0.095239	0.055533	-0.275014
7.334000	4.949602	8.200275	651.520462	0.535074	0.414775	3.686557
7.335000	5.553723	9.001559	657.301018	0.055734	0.055533	-0.434130
7.336000	5.674386	9.082219	659.176964	0.654762	0.534828	5.431110
7.337000	5.150841	8.721464	655.115768	0.015642	-0.064291	-0.116153
7.338000	5.070264	8.600918	654.647598	0.455184	0.374986	3.370640
7.339000	5.150437	8.640804	656.987442	0.215221	0.215145	1.153367
7.340000	5.311589	8.921785	658.710335	0.175422	0.215374	0.675127
7.341000	5.150841	8.921785	657.772453	0.375294	0.294951	1.944156
7.342000	5.029774	8.600918	657.613617	0.015642	0.015515	-0.750047
7.343000	4.666574	8.319937	655.114944	0.734652	0.614404	5.589643
7.344000	5.351676	8.961673	659.802170	0.135331	0.175357	0.201824
7.345000	5.553319	9.122107	661.832695	0.814835	0.614404	6.064093
7.346000	5.069457	8.520701	658.082558	-0.104047	0.015515	-1.066294
7.347000	4.586402	8.320823	655.582283	0.575165	0.454792	4.637610
7.348000	5.351272	8.721021	661.206589	-0.024157	0.055533	-1.382303
7.349000	5.512829	8.842011	662.145378	0.255312	0.215374	1.311663
7.350000	5.190119	8.641247	659.177773	0.614671	0.454792	4.005445
7.351000	5.149629	8.521144	659.333244	-0.104047	-0.103850	-1.542475
7.352000	5.028157	8.199834	659.017258	0.814835	0.654193	5.905889
7.353000	5.350464	8.601359	660.897285	-0.063955	-0.024273	-0.908580
7.354000	5.350868	8.681578	660.739426	0.734652	0.654193	5.588823
7.355000	5.148820	8.440928	660.582985	-0.144138	-0.143868	-2.175221
7.356000	4.786427	7.999954	656.676605	0.934524	0.774017	6.698408
7.357000	5.511212	8.641247	661.988228	-0.024157	-0.024273	-1.381392
7.358000	5.591385	8.681578	663.238800	0.175422	0.255163	0.675127
7.359000	4.947177	8.079729	658.709625	0.455184	0.334969	2.736416
7.360000	4.786024	7.999954	657.615303	-0.064248	0.015515	-0.908580
7.361000	5.309165	8.320823	662.457176	0.694854	0.454792	5.589152
7.362000	5.107926	8.280935	660.429138	-0.104047	-0.064291	-1.857902
7.363000	4.906686	8.160389	659.180946	0.934524	0.733999	6.223537
7.364000	5.067840	8.120060	660.740120	-0.104047	-0.064291	-1.067205
7.365000	4.583976	7.719418	657.927902	0.614671	0.534369	3.846093
7.366000	5.026945	8.159946	661.522476	-0.024157	0.055533	-0.433310
7.367000	5.027349	8.240163	661.524094	0.375294	0.255163	2.102031
7.368000	4.462909	7.759305	657.305016	0.295111	0.294951	1.787423
7.369000	4.503399	7.759305	658.865776	-0.024157	0.015515	0.042963
7.370000	5.107926	8.200275	663.867210	0.854634	0.693981	6.064422
7.371000	4.825302	8.039842	660.900299	-0.224321	-0.104309	-2.333754
7.372000	4.462909	7.879408	659.181664	0.734652	0.733999	5.905889
7.373000	4.502995	7.919294	659.336220	0.015935	0.015515	-0.431580
7.374000	4.543082	7.839079	660.740654	0.614671	0.534369	3.686557
7.375000	4.624062	8.039400	661.213707	0.175129	0.175357	1.153038
7.376000	4.543486	8.039400	659.652206	0.455184	0.334969	2.736416
7.377000	4.220776	7.718090	657.930916	0.455184	0.494351	3.053811
7.378000	4.261266	7.638316	658.868004	0.055734	0.015515	-0.275014
7.379000	4.744724	8.199834	661.838104	0.734652	0.733999	4.796962
7.380000	4.260862	7.758419	658.870399	-0.144138	-0.104309	-2.650820
7.381000	4.019941	7.517769	656.683517	0.694561	0.654193	4.795485
7.382000	4.100517	7.597985	658.401459	-0.064248	-0.183885	-1.067205
7.383000	4.543486	7.999069	661.994362	0.415092	0.414775	3.212436
7.384000	4.341842	7.878080	660.591515	0.495275	0.334969	3.212926
7.385000	4.060027	7.718090	657.778557	0.255019	0.294951	2.578212
7.386000	3.938960	7.517325	657.619820	0.295111	0.294951	2.894787
7.387000	4.221179	7.757977	660.276344	0.015642	-0.024273	-0.275014
7.388000	4.341842	8.158617	661.685677	0.694561	0.613945	4.954837
7.389000	4.221179	7.838193	660.124092	-0.183936	-0.183885	-2.177701
7.390000	3.818701	7.477438	656.842979	0.734360	0.693981	4.796142
7.391000	4.019941	7.757533	659.497047	0.015935	0.055303	-0.114751
7.392000	4.463314	8.118288	663.247154	0.415092	0.374757	2.418278
7.393000	3.979855	7.717646	658.875031	0.215221	0.174897	1.470196
7.394000	3.657548	7.597099	657.000847	0.295111	0.135109	2.578212
7.395000	3.939768	7.677317	659.029610	0.415092	0.454333	3.052992
7.396000	4.342651	7.917525	662.467842	-0.024449	-0.024503	-0.433547
7.397000	4.100921	8.118288	661.062691	0.654470	0.613945	4.638758
7.398000	4.020345	7.997299	660.591255	-0.104339	-0.303709	-2.017346
7.399000	3.496800	7.476110	657.313202	0.454891	0.494122	2.735926
7.400000	3.779020	7.796978	659.499245	0.055734	-0.024503	-0.275014
7.401000	4.141411	8.158175	662.937492	0.574580	0.494351	3.845090
7.402000	3.738934	7.796978	659.500847	0.255019	0.174897	1.945137
7.403000	3.215388	7.435781	655.907150	0.415092	0.414315	2.895278
7.404000	3.658357	7.916639	659.656380	0.494982	0.454333	3.212436
7.405000	4.020749	8.157290	663.408035	0.095239	0.135109	0.359371
7.406000	3.497204	7.836865	658.097145	0.334909	0.374298	0.994015
7.407000	3.457118	7.675987	658.722412	0.135331	0.095321	0.200676
7.408000	3.416628	7.595329	658.721603	0.494982	0.534139	3.211524
7.409000	3.497204	7.715875	659.972191	0.095239	0.055303	-0.115570
7.410000	3.860404	8.197176	662.316917	0.574580	0.493892	3.688288
7.411000	3.618675	8.076630	661.536102	0.415092	0.294951	3.370640
7.412000	2.812910	7.354677	655.598999	0.415092	0.454333	3.052992
7.413000	3.578184	7.876308	660.284546	0.334909	0.174668	1.628729
7.414000	3.780232	8.156847	663.412567	0.295111	0.294721	2.418768
7.415000	3.135216	7.595329	658.568382	0.135038	0.134880	-0.116153
7.416000	3.135216	7.595329	658.100868	0.255019	0.215145	2.419679
7.417000	3.336859	7.835536	661.223076	0.415092	0.414086	2.895607
7.418000	3.296369	7.875422	660.912933	0.334617	0.294721	2.418768
7.419000	3.095129	7.835093	659.040367	0.295111	0.294262	2.260564
7.420000	3.135621	7.835093	659.663956	0.334909	0.214686	1.944156
7.421000	2.692651	7.313461	657.162636	0.214928	0.374298	1.786604
7.422000	3.055044	7.714991	659.507530	0.255019	0.174897	1.468627
7.423000	3.417840	8.116075	661.852325	0.415092	0.334739	3.370640
7.424000	2.974871	7.754434	659.508240	0.094947	0.134650	-0.275597
7.425000	2.531095	7.233245	655.602654	0.654470	0.374757	4.637771
7.426000	2.893891	7.754434	659.663788	0.214928	0.174668	0.675946
7.427000	3.095129	7.834652	660.603180	0.255019	0.294721	1.628071
7.428000	2.571585	7.513340	656.699196	0.295111	0.214686	1.945794
7.429000	2.450922	7.514226	656.073997	0.454305	0.414315	3.052992
7.430000	2.692247	7.473009	658.725563	0.214928	0.134650	1.786350
7.431000	2.732738	7.673774	659.200188	0.254727	0.334050	1.467646
7.432000	2.611671	7.754434	657.012512	0.694268	0.334739	4.478327
7.433000	2.652161	7.593114	658.104988	0.015057	0.174668	-0.116153
7.434000	2.168703	7.152143	655.292107	0.614671	0.494122	4.796304
7.435000	2.611671	7.713661	658.884201	0.214928	0.214686	0.834479
7.436000	2.772823	7.874095	659.980843	0.294818	0.214686	2.102031
7.437000	2.329451	7.391908	656.072861	0.454891	0.294032	1.945137
7.438000	2.128212	7.352020	654.822113	0.254727	0.254244	1.311571
7.439000	2.732333	7.793435	660.443924	0.334617	0.374298	3.527442
7.440000	2.611267	7.592670	658.569672	0.135038	0.134650	-0.272955
7.441000	2.047636	7.352020	654.977661	0.654470	0.494122	5.115192
7.442000	2.248875	7.552341	656.226463	0.135038	0.174668	0.200584
7.443000	2.409623	7.431794	657.473763	0.654470	0.494122	4.954508
7.444000	2.570776	7.632557	658.412521	0.135038	0.094862	-0.115333
7.445000	2.570776	7.873209	657.317490	0.334617	0.374298	3.211196
7.446000	2.328643	7.512454	656.379517	0.454891	0.373839	2.736163
7.447000	2.127404	7.151258	654.349785	0.135038	0.214226	-0.433218
7.448000	2.932764	7.953427	659.658203	0.574287	0.493892	4.321271
7.449000	2.932764	7.953427	659.973221	0.094947	0.134650	0.360028
7.450000	2.368729	7.391908	654.192650	0.774158	0.493892	5.273396
7.451000	2.449306	7.432237	654.974274	-0.065126	0.054844	-0.591843
7.452000	3.294752	8.033643	660.593613	0.774158	0.613486	5.906800
7.453000	2.891870	7.793435	657.941086	0.094654	0.174209	-0.273866
7.454000	2.851379	7.753548	656.377914	0.294525	0.254244	2.103341
7.455000	2.851379	7.632557	656.063629	0.255019	0.294262	2.261292
7.456000	2.891465	7.592228	656.219162	0.094947	-0.024962	-0.908580
7.457000	3.374925	8.154190	659.812057	0.654177	0.573698	4.954018
7.458000	3.334838	8.113861	658.406845	0.015057	0.014826	-0.907761
7.459000	2.689822	7.552341	654.342499	0.813957	0.733081	6.382981
7.460000	3.011724	7.712775	654.967705	-0.184815	-0.064980	-1.225738
7.461000	3.696826	8.354067	661.215714	0.694268	0.613716	5.589643
7.462000	3.615845	8.273851	659.654060	0.015057	-0.064980	-1.540836
7.463000	3.253453	7.993314	656.841095	0.414214	0.414086	2.577883
7.464000	3.293540	7.993314	656.528496	0.374708	0.294262	2.421647
7.465000	3.736508	8.233522	659.650841	0.015057	0.055074	-1.226228
7.466000	3.817085	8.554388	659.965141	0.694268	0.613716	5.906800
7.467000	3.696422	8.354067	658.399475	-0.064541	-0.024732	-1.067205
7.468000	3.413798	8.073089	656.210197	0.934231	0.613945	5.748176
7.469000	3.615441	8.193192	656.991028	-0.184522	-0.024732	-1.541165
7.470000	4.260054	8.875257	661.367081	0.934231	0.733769	7.015145
7.471000	4.098496	8.594719	659.647736	-0.104339	-0.104539	-1.701261
7.472000	3.776594	8.233522	656.054749	0.334617	0.414315	2.102031
7.473000	3.936939	8.313738	656.052338	0.334909	0.294721	2.577630
7.474000	4.662127	8.794597	661.051453	0.015057	-0.024732	-0.750047
7.475000	4.581147	8.795040	659.803284	0.694268	0.613716	5.749087
7.476000	4.460485	8.594719	658.083755	-0.024449	0.015285	-0.591843
7.477000	4.500166	8.474614	657.141869	0.774451	0.853134	6.065333
7.478000	4.741492	8.594719	658.862900	-0.264412	-0.064521	-2.175059
7.479000	5.144374	8.995803	660.268227	0.734360	0.653734	5.747356
7.480000	4.943134	8.875257	659.017654	-0.184522	-0.104539	-1.065965
7.481000	4.660510	8.393954	655.111259	0.255019	0.214686	2.101703
7.482000	4.902240	8.674935	657.609207	0.415092	0.374298	2.737074
7.483000	5.586534	9.316227	661.982834	0.214928	0.095091	0.358880
7.484000	5.143565	8.915143	657.609207	0.774158	0.693522	5.428468
7.485000	4.821664	8.634606	655.577011	-0.184522	-0.144556	-1.859794
7.486000	4.982008	8.754709	656.667130	0.814250	0.573928	6.223866
7.487000	5.465467	8.955030	658.698547	-0.064541	-0.024962	-1.541165
7.488000	5.223737	9.076019	656.983017	0.574580	0.573698	3.846001
7.489000	5.384082	9.195680	658.074783	0.214928	0.214686	1.311571
7.490000	5.102671	8.713937	655.260239	0.494104	0.454104	3.687377
7.491000	5.223333	8.874371	655.884727	0.334909	0.294262	2.735834
7.492000	5.626216	9.356114	658.541336	0.015057	-0.024732	-0.274195
7.493000	5.303506	9.075577	656.354446	0.734360	0.733081	5.907620
7.494000	4.860133	8.594275	652.447258	-0.264119	-0.264610	-3.127421
7.495000	5.424168	9.195238	656.817795	0.774158	0.653734	5.906218
7.496000	5.826646	9.436332	659.007866	-0.144723	0.015056	-0.591024
7.497000	5.222121	8.955030	653.385239	0.614085	0.493892	3.687377
7.498000	5.423764	9.155351	655.102211	0.294818	0.214686	1.628071
7.499000	5.423360	8.994917	655.412468	0.294818	0.174668	1.786275
7.500000	5.503128	9.075577	655.727577	0.454891	0.533680	3.687377
7.501000	5.624195	9.476219	656.664658	0.055148	-0.064521	-0.116481
7.502000	5.584109	9.275454	657.288254	0.694268	0.733081	4.954675
7.503000	5.100246	8.834483	653.379478	-0.184522	-0.184345	-2.808533
7.504000	5.704367	9.355672	658.065804	0.734360	0.812887	5.591373
7.505000	5.865116	9.636209	659.317261	-0.104339	-0.104539	-1.541165
7.506000	5.260590	8.834483	654.785515	0.534488	0.493892	3.529501
7.507000	5.140332	8.954588	654.160217	0.454305	0.214686	2.578212
7.508000	5.582896	9.275454	659.468552	0.454891	0.374298	3.053482
7.509000	5.743645	9.235125	658.998886	0.334617	0.374298	2.895278
7.510000	5.260186	8.955030	655.721085	0.214928	0.095091	0.359700
7.511000	5.300272	8.954588	656.655594	0.734360	0.693981	4.954675
7.512000	5.219291	8.714380	656.651497	-0.344302	-0.343957	-2.812086
7.513000	5.339550	8.874814	658.685394	0.654470	0.573698	3.686557
7.514000	5.339550	8.835369	658.059395	0.015642	0.015285	0.199436
7.515000	5.137502	8.514945	656.652321	0.534488	0.494122	3.687377
7.516000	4.935859	8.273851	654.619560	0.454891	0.294721	2.578212
7.517000	5.580066	8.715266	660.086632	0.454891	0.334739	3.528353
7.518000	5.700325	8.836255	660.710251	0.374708	0.294721	2.577630
7.519000	5.055309	8.235291	656.180252	0.015642	0.055074	-0.274524
7.520000	5.054905	8.114745	655.554092	0.334909	0.454104	2.420008
7.521000	5.860670	8.716594	661.331535	0.015057	-0.064291	-0.751287
7.522000	5.900352	8.796810	660.864990	0.574580	0.454104	3.370968
7.523000	5.375998	8.556160	657.737823	0.175129	0.095091	0.517413
7.524000	5.697900	8.476386	658.204391	0.574287	0.494122	3.686557
7.525000	5.415680	8.476386	657.578293	0.255019	0.374298	2.261475
7.526000	6.099569	9.037904	661.327538	0.294818	0.294721	1.627160
7.527000	6.341703	9.278997	662.576424	0.374708	0.494122	3.369729
7.528000	5.776859	8.797695	659.136589	0.255019	0.055074	1.153038
7.529000	5.696283	8.757809	657.259201	0.294818	0.454104	1.152548
7.530000	6.622306	9.600307	664.132408	0.095239	0.015056	0.517084
7.531000	6.500835	9.600307	663.507111	0.334909	0.454104	2.895278
7.532000	6.097548	9.399545	659.288048	0.294818	0.134880	1.627090
7.533000	6.137635	9.279883	659.440308	0.255019	0.414086	2.262203
7.534000	6.660775	9.761183	663.032387	0.534488	0.374298	3.211196
7.535000	6.700861	10.162269	663.034897	0.334909	0.294262	2.260564
7.536000	6.660775	10.202598	662.093727	0.334617	0.374298	2.260564
7.537000	6.418237	10.001835	660.686089	0.255019	0.174668	2.260564
7.538000	6.337257	10.002277	658.496727	0.174837	0.134880	0.200584
7.539000	7.021955	10.644013	663.965645	0.135038	0.095091	1.310094
7.540000	7.142213	10.724229	663.965584	0.374708	0.414086	1.945137
7.541000	6.698840	10.484021	659.901237	0.294818	0.174897	1.788173
7.542000	6.859993	10.644454	660.366188	0.334909	0.214686	1.945137
7.543000	7.584374	11.205531	664.896103	0.294818	0.414086	2.577630
7.544000	7.221173	11.286191	662.711014	0.215221	0.174668	1.153038
7.545000	7.422412	11.406737	662.552261	0.334617	0.454104	2.260564
7.546000	7.462498	11.286191	661.455460	0.374708	0.254933	2.894130
7.547000	7.622843	11.486953	662.234688	0.134745	0.134650	0.042380
7.548000	7.985639	12.088802	664.578705	0.574580	0.334739	4.321363
7.549000	7.945149	12.169018	663.640015	0.255019	0.334050	1.312719
7.550000	7.541458	11.767490	659.577278	0.175129	0.095091	0.836301
7.551000	7.823273	12.088802	660.822083	0.334909	0.334739	2.260564
7.552000	8.467482	12.730094	664.415878	0.294818	0.214686	2.102031
7.553000	8.063790	12.530215	660.821274	0.215221	0.095091	1.628637
7.554000	8.265434	12.730094	660.664139	0.175129	0.174897	0.675946
7.555000	8.346010	12.850641	660.814880	0.654470	0.374757	4.320706
7.556000	8.586527	13.131620	662.064575	0.135331	0.095091	0.042052
7.557000	8.627017	13.331499	661.128227	0.494982	0.334739	4.004205
7.558000	8.626613	13.492375	660.498039	0.175129	0.254933	0.517742
7.559000	8.586123	13.532262	659.246658	0.334909	0.255163	2.259745
7.560000	8.787362	13.772914	660.338493	0.255019	0.254933	1.153367
7.561000	9.069178	14.294101	661.586578	0.135038	0.174897	0.358880
7.562000	8.988197	14.214327	660.803520	0.614671	0.414775	3.846821
7.563000	8.544824	14.093780	657.519875	-0.024449	0.055074	-0.750047
7.564000	9.068370	14.414648	660.641312	0.694561	0.613945	5.270264
7.565000	9.349781	14.855619	662.358543	0.015642	0.055303	0.042052
7.566000	8.906003	14.615411	657.828384	0.694561	0.494351	5.589643
7.567000	9.107647	14.775845	657.824387	-0.024449	0.015285	-1.857244
7.568000	9.469231	15.096713	660.787216	0.334909	0.334969	3.528353
7.569000	9.508912	15.257147	660.004944	0.175422	0.215145	1.788081
7.570000	9.790728	15.578014	659.377960	-0.024157	-0.024503	-1.226557
7.571000	9.830410	15.618343	659.061279	0.654762	0.454792	5.273725
7.572000	9.628767	15.297476	655.932442	-0.024157	-0.024273	-0.433310
7.573000	10.353551	16.099646	659.991074	0.894725	0.734228	6.223537
7.574000	10.956864	16.540617	663.270599	-0.104047	-0.024273	-1.065965
7.575000	10.191590	16.139975	657.487633	0.934524	0.694211	6.381741
7.576000	10.231272	16.100087	655.452202	-0.063955	-0.063832	-1.225409
7.577000	10.915565	16.661163	659.977325	0.255312	0.255392	2.419679
7.578000	11.076314	17.102578	660.759857	0.295696	0.215374	0.675946
7.579000	10.874671	16.902257	656.071838	0.055734	0.095780	-0.434130
7.580000	10.954843	17.102578	656.221687	0.694854	0.574846	5.431110
7.581000	11.115592	17.182352	656.844498	-0.024157	0.015744	-1.067205
7.582000	11.397812	17.584322	657.779907	0.854634	0.574846	6.065333
7.583000	11.558156	17.944633	657.308548	-0.023864	0.095780	-0.750047
7.584000	11.397003	17.824086	655.430214	0.775037	0.654422	5.747685
7.585000	10.873054	17.664096	651.523109	-0.143845	-0.103850	-1.701261
7.586000	11.839567	18.585925	657.300392	0.574580	0.495040	3.210959
7.587000	12.000721	18.866906	658.703140	0.255312	0.255392	1.312482
7.588000	11.355705	18.465822	653.389915	0.055734	0.095780	0.042052
7.589000	11.476771	18.745917	652.448753	0.854927	0.734228	6.065333
7.590000	11.959826	19.307435	655.882118	-0.064248	-0.103850	-1.542475
7.591000	11.838759	19.547643	654.632256	0.734652	0.694211	5.589152
7.592000	11.838759	19.668188	653.222206	-0.063955	-0.143868	-1.384271
7.593000	11.717288	19.708075	652.595238	0.775037	0.614404	5.431110
7.594000	11.677202	19.948283	651.498528	-0.024157	-0.063832	-0.750047
7.595000	12.200747	20.830669	654.934288	0.495275	0.495040	3.686886
7.596000	12.321410	21.151537	654.932762	0.375586	0.295410	1.629640
7.597000	11.797864	20.750009	651.023643	0.015935	0.095780	-0.275014
7.598000	11.757374	20.990217	649.612808	0.695439	0.654422	4.638429
7.599000	12.321410	21.912934	654.610153	-0.183936	-0.103620	-1.225738
7.600000	12.442477	22.153140	653.827637	0.894725	0.734228	6.223866
7.601000	12.160257	22.193027	651.950264	-0.063955	-0.143409	-1.225409
7.602000	11.959422	22.272801	650.070229	0.535366	0.574846	4.003715
7.603000	12.321410	22.753661	652.724457	0.215514	0.175586	0.836301
7.604000	12.361496	23.275292	652.100754	0.375586	0.295410	2.261475
7.605000	12.200747	23.475613	650.535110	0.335495	0.335198	2.894787
7.606000	12.120170	23.554943	650.687279	0.135331	0.095780	0.677768
7.607000	11.999508	23.715377	649.904137	0.814835	0.734228	5.271084
7.608000	12.281324	24.437329	651.465553	-0.303918	-0.223444	-3.285626
7.609000	12.201152	24.637208	650.994995	0.854927	0.774017	5.907129
7.610000	11.838759	24.717424	648.180374	-0.024157	-0.143638	-0.909491
7.611000	11.919336	24.997519	648.175385	0.455184	0.415004	3.528353
7.612000	12.403199	25.598480	651.611160	0.335495	0.295410	1.945137
7.613000	11.959826	25.839132	649.109200	0.455476	0.335198	3.528936
7.614000	11.879653	26.160000	648.324371	0.415385	0.255392	3.213255
7.615000	12.000316	26.520311	649.413712	0.056026	0.016204	-0.433218
7.616000	12.000316	26.800406	649.566620	0.694854	0.734228	5.429288
7.617000	12.161874	27.401811	650.190300	-0.143845	-0.103620	-1.383942
7.618000	12.000721	27.762566	649.717995	0.814835	0.734228	4.956497
7.619000	11.638733	27.762122	646.432816	-0.063955	-0.063832	-0.908090
7.620000	11.759395	28.202651	647.990303	0.495275	0.534828	4.162248
7.621000	12.364325	29.124924	651.737068	0.375586	0.175586	1.786604
7.622000	11.679223	29.164811	647.360847	0.455476	0.375216	3.211196
7.623000	11.438302	29.405019	645.638054	0.455476	0.375216	2.895370
7.624000	11.961847	30.046311	648.910896	0.135916	0.135798	0.677768
7.625000	11.962252	30.526727	650.002563	0.495275	0.534828	3.212764
7.626000	11.639946	30.967698	647.032555	-0.183644	-0.183426	-1.543548
7.627000	11.720926	31.529216	647.653679	0.654762	0.694440	4.479896
7.628000	11.519687	31.808867	647.178253	0.056026	-0.063832	-0.432728
7.629000	11.801907	32.529935	648.892815	0.615256	0.574846	4.320781
7.630000	12.003550	33.291774	650.608154	0.535366	0.455252	3.052992
7.631000	11.601072	33.251443	647.946609	0.455476	0.495040	3.370149
7.632000	11.118017	33.450879	644.819359	0.375586	0.374986	1.944156
7.633000	11.762629	34.493698	650.126099	0.255312	0.215604	1.786275
7.634000	11.924187	35.094659	651.372429	0.495275	0.495040	2.737166
7.635000	11.360151	35.054330	647.150963	0.095825	-0.023355	0.199436
7.636000	11.360960	35.615407	647.301544	0.415385	0.495040	2.737074
7.637000	11.562198	36.216368	649.951653	0.295696	0.135798	1.310094
7.638000	11.642371	36.777443	650.260910	0.455476	0.455252	3.054722
7.639000	11.441940	37.097867	649.633156	0.215514	0.215604	1.942587
7.640000	11.563411	37.578728	650.565521	0.455476	0.295410	2.261475
7.641000	11.200615	37.578284	647.280144	0.535366	0.455252	3.370640
7.642000	11.684074	38.500114	651.651428	0.216099	0.175816	1.945627
7.643000	12.006784	39.342170	654.146820	0.255312	0.215604	0.199765
7.644000	11.403067	39.181293	650.233940	0.415678	0.255622	2.577393
7.645000	11.040271	39.382056	647.418488	0.335495	0.335198	2.261222
7.646000	11.685286	40.303444	652.725853	0.135916	0.175816	1.310752
7.647000	11.886930	40.864519	653.972473	0.455476	0.455252	2.895278
7.648000	11.524941	40.984623	650.844330	0.415385	0.375216	3.052992
7.649000	11.404279	41.384378	650.684006	0.216099	0.215604	1.470196
7.650000	11.524941	41.785907	652.708672	0.375586	0.375216	2.735926
7.651000	11.686499	42.306652	653.177696	0.375586	0.215833	2.894130
7.652000	11.606327	42.707736	652.393585	0.015935	0.135798	-0.274357
7.653000	11.646817	43.068048	652.698906	0.455769	0.255622	3.370403
7.654000	11.243934	43.067161	650.039734	0.375586	0.335428	1.788081
7.655000	11.929441	43.990319	654.099976	0.495568	0.295640	2.894130
7.656000	12.170767	44.631167	655.971680	0.415678	0.455252	2.579198
7.657000	11.647221	44.470736	652.062820	0.455476	0.335428	2.577722
7.658000	11.446386	44.630726	650.182785	0.295696	0.255622	1.471015
7.659000	12.050912	45.472339	655.176926	0.256191	0.215604	0.993686
7.660000	12.050912	45.833094	654.551643	0.415678	0.335428	3.528353
7.661000	11.930654	46.073303	652.984283	0.175422	0.215833	0.359538
7.662000	12.051316	46.434054	653.916489	0.655641	0.575076	5.431110
7.663000	11.930250	46.554162	653.445068	0.135916	0.215833	0.200584
7.664000	12.011634	47.195893	653.598938	0.375586	0.295640	2.418768
7.665000	12.172787	47.596536	654.532753	0.415678	0.295410	2.737074
7.666000	11.931058	47.515436	652.341629	0.215514	0.175816	0.994505
7.667000	11.850885	47.836304	650.774445	0.495861	0.335428	3.529501
7.668000	12.576074	48.718246	655.770920	0.215514	0.255622	1.153038
7.669000	12.294258	48.878236	653.894974	0.615256	0.495269	4.796304
7.670000	12.012847	48.958894	651.393036	0.215514	0.175816	0.201005
7.671000	12.093019	49.279320	651.854683	0.575458	0.415463	4.640251
7.672000	12.576478	49.919726	654.196838	0.056026	0.175586	-0.276416
7.673000	12.294663	50.080604	652.006767	0.415678	0.255622	3.052992
7.674000	12.375643	50.401472	652.316994	0.135916	0.295410	1.153367
7.675000	12.416133	50.721452	651.062950	0.135916	0.175816	0.674798
7.676000	12.254577	50.881887	650.747887	0.575458	0.495269	4.480715
7.677000	12.738035	51.643726	653.400414	-0.063955	0.016433	-0.591843
7.678000	12.416942	51.683168	650.900047	0.735531	0.575076	5.747356
7.679000	12.134318	51.803275	648.240891	0.056026	0.056221	-0.116153
7.680000	12.537201	52.284132	650.736176	0.775037	0.535287	5.747847
7.681000	13.061150	53.125748	653.858513	0.056026	0.016204	-0.433801
7.682000	12.456624	52.845207	648.544365	0.615256	0.455481	4.321692
7.683000	12.659076	53.285736	649.009277	0.135916	0.175816	0.518561
7.684000	12.659076	53.646492	649.631233	0.056026	0.095780	-0.591423
7.685000	12.859911	53.806925	650.408676	0.535366	0.455481	4.796304
7.686000	12.981381	54.447777	650.406998	0.016228	-0.103620	-0.750047
7.687000	12.739652	54.527992	649.468300	0.815128	0.575076	5.904579
7.688000	12.739652	54.487217	646.809052	0.056026	0.096239	-0.432890
7.689000	13.143343	55.248613	649.775871	0.974908	0.814494	7.016056
7.690000	13.263601	55.569923	651.335754	-0.143552	-0.103620	-2.333754
7.691000	12.942104	55.328831	647.584023	0.575458	0.575076	4.795485
7.692000	12.499136	55.489708	644.458405	0.176301	0.255622	1.153367
7.693000	13.142939	55.930237	647.422729	0.015935	0.096239	-0.275505
7.694000	13.547034	56.450983	650.077568	0.575165	0.495269	4.479896
7.695000	12.982594	56.411095	645.077827	0.176301	0.056221	-0.274686
7.696000	12.942508	56.370766	644.137367	0.895018	0.694899	6.541514
7.697000	13.063575	56.690746	645.699684	-0.023864	-0.103620	-1.226228
7.698000	13.224324	56.972170	645.854408	0.815128	0.654881	6.062783
7.699000	13.506948	57.412699	645.697121	-0.104047	0.016433	-0.433801
7.700000	13.386285	57.451702	645.693024	0.535366	0.495269	3.054485
7.701000	12.902826	57.131275	641.162125	0.216099	0.215833	0.994834
7.702000	13.668505	57.812899	645.534203	0.056319	0.136257	0.359209
7.703000	13.748677	58.253870	648.187614	0.855219	0.535058	5.589152
7.704000	13.345795	57.812899	642.408562	-0.223442	-0.143409	-1.858883
7.705000	13.266431	57.892231	640.530212	0.895018	0.734458	6.696678
7.706000	13.708591	58.373529	645.526749	0.015935	0.016204	-0.434130
7.707000	13.990811	58.654070	645.371994	0.615256	0.615093	5.432350
7.708000	13.669314	58.613737	642.870865	0.096118	0.056451	0.042052
7.709000	13.708591	58.654070	643.335716	0.455769	0.415463	3.371222
7.710000	13.749890	58.573408	641.458176	0.216099	0.215833	1.945067
7.711000	13.910639	59.094599	642.710358	0.295696	0.135798	0.199436
7.712000	14.232945	59.294918	644.740074	0.695439	0.654881	5.907129
7.713000	13.951129	59.173927	642.237228	-0.063955	-0.183197	-1.544205
7.714000	13.709804	58.893391	639.422585	0.974908	0.774476	6.698737
7.715000	14.394097	59.735888	644.577858	-0.183644	-0.143409	-1.381392
7.716000	14.434588	59.855549	644.421516	0.775037	0.575076	4.319633
7.717000	13.911043	59.534681	640.358009	-0.063662	-0.023355	0.362670
7.718000	13.991620	59.695118	640.356316	0.295696	0.295640	2.418278
7.719000	14.354416	60.015539	643.321510	0.495568	0.415463	3.211196
7.720000	14.273839	60.175533	642.384430	0.016228	0.016433	0.836301
7.721000	14.394906	60.296520	642.228828	0.775037	0.614864	5.113370
7.722000	14.354820	60.295637	642.224716	-0.183644	-0.223215	-2.967557
7.723000	13.951534	60.255749	640.661491	0.815128	0.734458	6.698737
7.724000	14.637040	60.977259	643.632370	-0.143552	-0.183426	-2.652642
7.725000	14.597358	61.057476	643.474442	0.455476	0.455481	3.686886
7.726000	14.153986	60.856710	640.505066	0.335788	0.215833	1.946048
7.727000	14.436204	61.096920	641.595909	0.535366	0.335428	3.370640
7.728000	14.839492	61.698765	645.657867	0.375586	0.335428	2.894787
7.729000	14.476290	61.578663	642.690254	0.335495	0.175816	0.835482
7.730000	14.517186	61.618549	642.063271	0.615256	0.654422	4.480225
7.731000	14.437013	61.738211	642.531418	-0.343717	-0.343038	-3.443830
7.732000	14.477504	61.858315	643.623947	0.775037	0.694440	4.637610
7.733000	14.799810	62.098967	643.780281	-0.143845	-0.183426	-0.750047
7.734000	14.679147	62.339172	643.468399	0.575165	0.495040	4.004044
7.735000	14.397331	62.018749	641.748009	0.295696	0.175816	1.311663
7.736000	14.598975	62.379059	643.466637	0.455476	0.375216	4.005445
7.737000	14.759723	62.739815	644.873550	0.375294	0.295640	2.420008
7.738000	14.478717	62.459278	642.374901	0.096118	0.056221	0.358880
7.739000	14.277073	62.459278	640.656090	0.535366	0.535058	3.688617
7.740000	14.518803	62.739372	643.468163	-0.103754	-0.183197	-0.907761
7.741000	14.921685	63.140015	646.904739	0.575458	0.575076	3.528353
7.742000	14.357649	62.819588	642.533554	0.016228	0.056451	-0.590932
7.743000	14.197304	62.779259	642.062752	0.495568	0.495269	3.686067
7.744000	14.398544	62.859474	642.999832	0.256191	0.255851	2.102031
7.745000	14.519611	63.140015	645.033745	0.455476	0.415463	3.211196
7.746000	14.640678	63.260559	645.659744	0.415678	0.415463	3.052992
7.747000	14.520015	63.179901	645.504196	0.335788	0.136257	1.943498
7.748000	14.036556	62.819145	642.381042	0.375586	0.375216	2.737074
7.749000	14.480334	63.219788	646.129486	-0.023864	-0.143409	-0.274195
7.750000	14.802639	63.540215	649.101082	0.335495	0.415004	2.260564
7.751000	14.037769	62.938366	644.259216	0.135916	0.135798	0.358552
7.752000	13.876615	62.858149	643.480003	0.455476	0.415463	3.370149
7.753000	14.480737	63.139130	648.947960	0.415385	0.375216	3.370640
7.754000	14.400565	63.258791	648.480682	0.375586	0.295410	2.578212
7.755000	13.998087	63.018581	646.453262	0.375586	0.295410	2.894787
7.756000	14.078663	63.018581	647.859390	0.215514	0.175816	1.310752
7.757000	13.675781	62.697271	646.454880	0.375294	0.374986	0.990554
7.758000	14.079067	62.898037	649.271004	0.095825	0.016204	1.153130
7.759000	14.119558	63.058468	651.145378	0.335495	0.335198	1.628729
7.760000	13.636099	62.496506	649.117882	0.335495	0.215374	2.102031
7.761000	13.152640	62.015648	645.993118	0.295111	0.375216	3.052992
7.762000	13.837742	62.577168	651.619919	0.415385	0.295180	2.418768
7.763000	13.797252	62.536839	652.873695	0.375294	0.295180	1.785623
7.764000	13.112554	61.975319	649.438553	0.415092	0.414775	3.370968
7.765000	13.031978	61.734226	649.283165	0.335495	0.175357	2.101120
7.766000	13.394370	61.774113	652.408722	0.055734	0.215145	0.201824
7.767000	13.273706	61.733784	652.882561	0.495275	0.255392	3.369492
7.768000	13.072468	61.694338	652.883354	0.375294	0.334969	1.628729
7.769000	12.910910	61.252926	652.260452	0.095825	0.095321	0.994015
7.770000	12.468347	60.731293	650.856728	0.375294	0.374757	2.261222
7.771000	12.910910	61.132822	655.079079	0.375294	0.294951	2.260564
7.772000	12.911719	61.092489	656.176506	0.255312	0.215145	2.260564
7.773000	12.346875	60.410872	653.676247	0.295111	0.294721	1.627090
7.774000	12.266703	60.250435	653.834999	0.455184	0.374757	4.004205
7.775000	12.669585	60.370539	657.429497	0.175129	0.135109	0.360028
7.776000	12.346875	60.049669	656.027435	0.455184	0.334969	3.371222
7.777000	12.105145	59.769135	655.874382	0.215221	0.174897	1.153367
7.778000	12.104741	59.488153	655.721245	0.295111	0.135109	1.942587
7.779000	12.024165	59.207615	656.345642	0.215221	0.294951	1.310752
7.780000	12.064251	59.207615	657.913857	0.295111	0.254933	2.260564
7.781000	11.983675	58.926634	657.292488	0.455184	0.334739	3.369238
7.782000	11.660965	58.445333	656.044289	0.015642	0.055303	-0.116481
7.783000	11.499811	58.164795	656.360184	0.494982	0.374757	4.004534
7.784000	11.781627	58.324789	657.924232	0.175129	0.135109	-0.116153
7.785000	11.499811	57.883818	656.992737	0.694561	0.494351	5.112222
7.786000	11.177101	57.362627	655.589966	0.055148	0.095091	-0.274777
7.787000	11.177101	57.121979	656.372398	0.455184	0.334969	2.894130
7.788000	11.579579	57.081205	659.343231	0.415092	0.414315	2.577630
7.789000	11.176697	56.761225	657.316780	0.095239	0.254933	0.519235
7.790000	10.894073	56.480686	656.540024	0.455184	0.294951	2.735834
7.791000	10.974649	56.079159	657.166908	-0.024449	0.015285	-0.432070
7.792000	10.974649	55.798180	658.264236	0.774451	0.613945	5.588823
7.793000	10.974649	55.838509	659.050934	0.015057	-0.024503	-0.750047
7.794000	10.853583	55.477753	658.273277	0.774451	0.574157	6.855701
7.795000	10.450700	54.835575	655.151749	0.175129	0.055074	-0.591843
7.796000	10.611853	54.836018	657.653595	0.494982	0.454333	3.845090
7.797000	11.014735	54.915791	661.564064	0.095239	0.095091	0.044111
7.798000	10.369719	54.114065	657.038078	0.135038	0.134880	0.359209
7.799000	10.249057	53.873417	655.322624	0.534488	0.374298	3.686557
7.800000	10.611853	53.752869	659.075050	0.055148	-0.024962	-1.225409
7.801000	10.570554	53.432001	660.328896	0.694268	0.613716	5.905889
7.802000	10.369719	53.191793	659.084007	0.135038	0.094862	0.043291
7.803000	10.289143	52.750824	659.398300	0.854048	0.613716	5.905561
7.804000	9.805684	51.988543	656.905998	-0.224614	-0.104539	-2.332935
7.805000	10.087095	51.988543	659.096252	0.694561	0.533910	4.954508
7.806000	10.570554	52.028872	663.163849	0.135038	0.094862	0.359117
7.807000	10.046605	51.266590	659.574150	0.094947	0.094862	-0.433218
7.808000	9.402397	50.545523	656.143196	0.774158	0.613716	5.589643
7.809000	10.006519	50.625298	661.302475	0.054855	0.054844	-0.750047
7.810000	10.127181	50.344316	663.183304	0.654470	0.533680	5.271084
7.811000	9.482165	49.582476	658.657471	0.094947	0.054844	-0.591843
7.812000	9.523060	49.181834	659.912743	0.854048	0.653504	7.173349
7.813000	9.603233	48.901299	661.007858	0.015057	-0.064750	-1.225409
7.814000	9.602828	48.460324	662.109444	0.574287	0.493892	3.687140
7.815000	9.723895	48.380108	663.052307	0.174837	0.214226	0.358789
7.816000	9.441675	47.498166	662.118317	0.135038	0.094632	-0.118212
7.817000	8.877640	46.695998	658.688316	0.574287	0.453874	3.845090
7.818000	9.522251	46.976533	664.160370	0.055148	0.054614	-1.067205
7.819000	9.642914	46.776656	666.979874	0.813664	0.653045	6.223866
7.820000	9.078879	45.733838	662.921242	-0.105218	-0.105227	-1.541165
7.821000	8.836745	45.212649	661.053452	0.773865	0.693063	5.589971
7.822000	9.199137	45.012328	665.275803	-0.065126	-0.105227	-0.750958
7.823000	9.158647	44.491141	665.595772	0.374122	0.293803	2.577393
7.824000	8.836341	43.969953	664.040749	0.214635	0.213997	0.518233
7.825000	8.796255	43.408435	664.198685	0.174544	0.054614	0.200256
7.826000	8.755765	42.806585	664.984299	0.733774	0.653045	5.271084
7.827000	8.835937	42.607151	666.555733	-0.264998	-0.264839	-2.652642
7.828000	8.916917	42.326170	667.031250	1.013243	0.852445	7.332211
7.829000	8.634293	41.444228	666.566368	-0.184815	-0.185263	-1.543714
7.830000	8.150835	40.562285	663.762291	0.733774	0.692604	4.796304
7.831000	8.715274	40.562285	667.673561	0.134452	0.014597	-0.591843
7.832000	8.754956	40.241859	669.398849	0.413921	0.293803	2.894130
7.833000	8.271497	39.279700	666.281349	0.334031	0.293803	2.735834
7.834000	8.069853	38.637966	665.348434	0.174544	0.134191	0.201495
7.835000	8.512822	38.356985	669.884094	0.653884	0.532992	4.479804
7.836000	8.231007	37.835796	668.332291	-0.145309	-0.145245	-2.177701
7.837000	7.989277	37.154617	666.775673	0.773573	0.772639	6.540932
7.838000	8.069449	36.633430	668.967323	-0.224906	-0.265069	-2.651823
7.839000	7.827720	35.831704	668.192345	0.733481	0.612568	4.638429
7.840000	8.028959	35.711599	669.136696	0.214342	0.094173	0.517904
7.841000	7.988469	35.190413	669.770164	0.493811	0.373379	2.894130
7.842000	7.424433	34.107706	666.338463	0.413921	0.293573	3.053811
7.843000	7.343857	33.506300	666.344078	0.293940	0.173750	1.310914
7.844000	7.826507	33.586516	671.975716	0.453720	0.492744	3.369400
7.845000	7.584778	32.744462	669.797035	-0.145602	-0.225281	-2.016855
7.846000	7.222385	32.063282	668.240326	0.933060	0.812427	6.856941
7.847000	7.221981	31.622310	669.498192	-0.105510	-0.185492	-1.700280
7.848000	7.383539	31.101123	670.751953	0.533610	0.452956	3.529173
7.849000	7.100915	30.459831	669.824722	0.334031	0.213767	1.627160
7.850000	7.020338	29.818095	669.205101	0.453720	0.492744	3.688288
7.851000	6.455495	29.056256	667.024803	0.333738	0.293344	2.577630
7.852000	6.576966	28.495180	667.966736	0.293940	0.213538	1.469446
7.853000	6.938549	28.414964	671.570213	0.533317	0.492744	4.003952
7.854000	6.334428	27.573351	668.298080	-0.105803	-0.105916	-1.385182
7.855000	5.810478	26.610749	664.866295	0.613207	0.612109	4.004534
7.856000	6.051804	26.289881	667.371597	0.053977	0.013678	-0.433639
7.857000	6.252638	26.049673	670.502762	0.453427	0.412709	3.212015
7.858000	5.608027	25.247505	665.981651	0.333738	0.293344	2.103341
7.859000	5.486960	24.726758	665.519989	0.533317	0.412709	3.529663
7.860000	5.365489	24.124912	666.305679	0.493518	0.452497	3.687377
7.861000	5.284508	23.764157	666.938232	0.293647	0.252867	1.469446
7.862000	5.324594	23.483620	668.040649	0.413335	0.412479	2.102759
7.863000	4.760154	22.721781	665.546051	0.013885	-0.066357	-0.116573
7.864000	4.155629	21.719290	660.867706	0.333445	0.452267	2.262203
7.865000	4.477530	21.799064	665.716042	0.093483	0.013219	0.199927
7.866000	4.638279	21.679403	668.222000	0.533024	0.492055	3.212015
7.867000	3.832514	20.716801	662.605835	0.413335	0.372232	3.053482
7.868000	3.348651	20.035180	661.363510	0.413043	0.252408	2.102101
7.869000	3.428823	19.834859	663.868561	0.453134	0.372232	3.369729
7.870000	3.307352	19.513991	665.127304	0.213464	0.172602	1.943897
7.871000	2.904066	19.033133	662.793045	0.253263	0.292196	0.991864
7.872000	2.581760	18.391397	662.173332	0.173373	0.013219	0.517904
7.873000	2.138387	17.669445	660.304039	0.413043	0.451808	3.052900
7.874000	2.178069	17.549342	662.968895	0.173373	0.172372	1.627651
7.875000	2.137174	17.388908	664.695595	0.452841	0.331984	3.371459
7.876000	1.411986	16.466636	662.672356	0.332860	0.291966	2.894038
7.877000	0.645903	15.704797	658.931267	0.292768	0.212160	2.262203
7.878000	0.927718	15.704353	663.312271	0.572530	0.411790	3.212015
7.879000	1.007891	15.543921	666.289719	0.213171	0.092566	0.834970
7.880000	0.121549	14.581761	662.081276	0.292768	0.411331	1.309749
7.881000	-0.482977	13.859809	660.369843	0.292768	0.172372	1.944388
7.882000	-0.443295	13.419280	663.812859	0.252970	0.251719	0.993831
7.883000	-0.766005	12.937978	664.137085	0.132988	0.012301	0.675617
7.884000	-1.048629	12.457120	663.676208	0.572237	0.491137	3.370219
7.885000	-1.330445	11.775054	664.777718	0.292768	0.211931	2.420407
7.886000	-2.137018	10.692348	662.130875	0.252677	0.251949	0.992683
7.887000	-1.895693	10.491585	665.262978	0.292768	0.371313	2.418768
7.888000	-1.896501	10.131272	668.240425	0.252970	0.211931	1.786183
7.889000	-2.702671	8.847803	664.655594	0.092897	0.091648	-0.434221
7.890000	-3.186129	8.006633	662.476891	0.332567	0.251719	3.211686
7.891000	-2.824142	7.845756	669.044746	0.292476	0.411102	1.945045
7.892000	-3.267515	7.004143	667.338280	0.292476	0.171683	1.466805
7.893000	-3.871636	6.001654	664.379532	0.452256	0.450890	3.528752
7.894000	-4.033597	5.360362	666.573036	0.292476	0.251260	2.420407
7.895000	-4.396798	4.437646	666.736504	0.292476	0.251260	2.102759
7.896000	-4.598441	3.916458	667.685104	0.092604	0.091648	-0.274195
7.897000	-4.800489	3.275166	667.225113	0.651834	0.450890	4.795884
7.898000	-5.364524	2.272234	666.919792	0.092604	0.051630	-0.115333
7.899000	-5.928964	1.229856	665.052879	0.691926	0.450890	4.479637
7.900000	-5.526486	1.229856	670.998756	0.212586	0.171224	0.041960
7.901000	-6.131415	0.307585	669.445328	0.252384	0.171224	1.943897
7.902000	-6.937181	-0.815452	666.016747	0.372073	0.290819	1.627979
7.903000	-7.138824	-1.376527	667.117546	0.212586	0.211242	0.834150
7.904000	-7.018565	-1.777612	671.968369	0.411872	0.291048	3.528752
7.905000	-7.582601	-2.700327	669.634918	0.012129	0.211013	-0.591024
7.906000	-7.985888	-3.221516	668.861549	0.771816	0.530466	5.590133
7.907000	-8.429260	-4.023684	669.181419	-0.027670	0.091189	-0.750468
7.908000	-8.631308	-4.865739	670.906616	0.651834	0.490448	5.590133
7.909000	-8.711884	-4.985844	672.479630	-0.107560	0.011153	-1.699789
7.910000	-9.397391	-5.908116	671.708542	0.371487	0.210783	2.100279
7.911000	-10.042003	-6.950936	668.588654	0.371780	0.290589	2.578029
7.912000	-10.284136	-7.431794	670.783752	0.091433	0.011153	-0.750796
7.913000	-10.002725	-7.592227	675.792374	0.531560	0.330377	3.370219
7.914000	-10.848980	-8.514058	673.145523	0.012129	0.130518	0.041960
7.915000	-11.453506	-9.516990	670.341614	0.611157	0.489760	4.795555
7.916000	-11.897283	-10.238499	671.286682	-0.027963	-0.068883	-1.064655
7.917000	-11.817919	-10.559809	676.607277	0.571359	0.489760	4.953597
7.918000	-12.099735	-11.080997	675.524475	-0.147651	-0.029324	-1.225339
7.919000	-12.865413	-12.043155	673.657646	0.491176	0.250342	2.103832
7.920000	-13.430257	-13.005315	672.415947	0.291597	0.090500	0.834878
7.921000	-13.550920	-13.406400	675.236259	-0.068054	0.090500	-0.432820
7.922000	-13.431065	-13.767154	677.748840	0.491176	0.290130	3.528423
7.923000	-14.196340	-14.689869	675.570061	0.091433	0.050482	-0.276017
7.924000	-14.962018	-15.812463	672.766068	0.690462	0.529318	5.270334
7.925000	-14.881847	-16.173660	674.649178	0.171323	0.130288	0.043690
7.926000	-14.761184	-16.373981	680.127792	0.571066	0.369706	4.637680
7.927000	-15.326028	-17.295368	677.327797	-0.188328	-0.069342	-2.177793
7.928000	-16.009918	-18.138310	675.615799	0.211122	0.209635	1.150230
7.929000	-16.414417	-18.979923	675.624664	0.411286	0.289441	1.628470
7.930000	-16.051621	-19.260902	679.072662	-0.268218	-0.189395	-2.176882
7.931000	-16.333436	-19.700989	680.802048	0.610572	0.449283	4.160749
7.932000	-16.414822	-20.503599	680.652954	-0.148530	-0.149607	-1.223937
7.933000	-17.623064	-21.706853	675.974953	0.610572	0.409035	4.318792
7.934000	-17.261481	-21.946617	680.201218	-0.068933	-0.149607	-1.860473
7.935000	-16.898280	-21.986506	684.901398	0.650663	0.608436	5.113860
7.936000	-17.946583	-23.349749	679.911407	-0.109024	-0.189625	-2.176391
7.937000	-18.067246	-24.031372	679.138725	-0.188621	0.010005	-1.224428
7.938000	-18.268888	-24.633219	682.583458	0.410993	0.289212	2.579101
7.939000	-17.745748	-24.792324	685.253174	-0.268511	-0.229642	-2.811105
7.940000	-18.430042	-25.674711	683.545204	0.610279	0.448824	4.796703
7.941000	-18.310188	-26.275672	684.957687	-0.228420	-0.229642	-2.811105
7.942000	-18.994481	-27.558699	681.999908	0.570480	0.608436	4.796703
7.943000	-18.874223	-27.839238	685.758919	-0.268804	-0.269660	-3.128262
7.944000	-18.390359	-28.039559	689.365044	0.290426	0.368788	2.261545
7.945000	-19.235807	-29.323027	687.029915	-0.109024	-0.229872	-1.699789
7.946000	-19.478345	-30.325076	683.601425	0.090847	0.089123	-0.274615
7.947000	-19.437449	-30.725716	689.234779	0.410115	0.248735	2.419657
7.948000	-18.994885	-31.126801	691.433792	-0.268804	-0.110507	-2.334924
7.949000	-19.961400	-32.329612	686.289246	0.609986	0.567959	4.954088
7.950000	-20.001890	-33.050678	688.328720	-0.388785	-0.429732	-4.237098
7.951000	-19.920909	-33.893176	688.647087	0.609986	0.408347	4.954745
7.952000	-20.001890	-34.494139	691.627754	-0.189207	-0.389943	-2.810286
7.953000	-19.759352	-34.895223	691.797043	0.250335	0.328311	1.786183
7.954000	-20.323387	-35.737278	692.429871	0.050463	-0.230561	-1.067463
7.955000	-20.766761	-37.019863	688.375130	0.050463	0.088893	0.517812
7.956000	-20.363070	-37.180739	693.852135	0.329932	0.128681	1.625500
7.957000	-20.282897	-37.621268	696.676453	-0.468968	-0.350155	-3.920033
7.958000	-21.088258	-38.944624	691.216011	0.649785	0.447905	4.638499
7.959000	-21.289902	-39.826124	691.535896	-0.229298	-0.390173	-3.602384
7.960000	-20.644885	-39.987000	696.855743	0.369731	0.408117	3.369890
7.961000	-21.128344	-40.788728	696.709244	-0.149408	-0.390173	-2.810286
7.962000	-21.370073	-41.550121	692.972168	0.130061	0.248046	1.468444
7.963000	-21.692379	-42.312406	693.914200	0.289841	0.008628	0.833401
7.964000	-21.893619	-43.274566	695.484680	0.050463	0.048646	0.517812
7.965000	-21.732465	-43.515214	697.057686	0.209658	0.008628	0.832980
7.966000	-21.853128	-44.116619	697.848381	-0.069811	-0.150984	-1.700118
7.967000	-22.134943	-45.078778	697.543037	0.449328	0.367640	3.371529
7.968000	-22.820045	-46.001052	694.581978	-0.269390	-0.390632	-3.443851
7.969000	-22.134943	-46.001052	700.684128	0.409529	0.527252	2.895019
7.970000	-22.376673	-46.481911	701.942062	-0.029720	-0.310826	-1.383710
7.971000	-23.222524	-47.724609	696.640923	0.010079	0.207799	0.517812
7.972000	-23.423359	-48.366343	695.711174	0.089969	-0.071408	0.042122
7.973000	-23.061372	-48.527220	702.903549	0.010079	0.088204	0.358530
7.974000	-23.060966	-49.048408	702.290504	0.329639	0.247587	1.309000
7.975000	-23.705174	-49.769475	700.110359	-0.229591	-0.231249	-2.651170
7.976000	-23.665089	-50.331436	701.676659	0.489419	0.447217	2.895348
7.977000	-24.067971	-51.013057	699.966988	-0.309774	-0.350844	-2.652081
7.978000	-23.785751	-51.132716	704.661400	0.129475	0.127993	-0.116083
7.979000	-23.583703	-51.293596	706.700249	0.089969	0.127993	0.199997
7.980000	-24.510535	-52.496848	702.176552	0.169566	0.087745	1.310730
7.981000	-24.832437	-53.098253	700.151787	0.289255	0.207799	0.992424
7.982000	-24.066758	-52.697611	709.063683	-0.030012	-0.031849	-0.591282
7.983000	-24.026268	-53.218356	707.975922	0.409236	0.327393	2.103249
7.984000	-25.274193	-54.301062	703.140709	-0.229591	-0.271267	-2.176720
7.985000	-25.113849	-54.501828	704.238937	0.169274	0.327163	0.201566
7.986000	-25.032867	-54.862583	707.525780	-0.070104	-0.071867	-0.907691
7.987000	-24.911397	-54.902470	708.470970	0.288962	0.287375	1.309000
7.988000	-25.233298	-55.303552	707.696793	0.129475	0.047727	0.199997
7.989000	-25.797334	-56.106165	706.607422	0.209365	0.207569	0.358530
7.990000	-26.118831	-56.747898	704.269073	0.209072	0.247357	1.625990
7.991000	-25.474220	-56.185938	711.618690	0.009786	-0.072097	-0.908019
7.992000	-25.433729	-56.507250	712.405914	0.169274	0.247357	0.991934
7.993000	-26.359752	-57.549625	706.474663	-0.109902	-0.191461	-0.749487
7.994000	-26.399838	-57.830605	707.104118	0.169274	0.286686	0.042450
7.995000	-25.754823	-57.550066	713.357613	-0.070397	-0.151903	-0.591282
7.996000	-26.117214	-57.870934	712.584335	0.329054	0.327163	2.421717
7.997000	-26.237473	-58.312349	710.871216	0.089384	0.007710	0.356799
7.998000	-26.680441	-58.954084	710.406418	0.169274	0.127304	0.359279
7.999000	-26.639951	-59.435385	709.470779	0.129182	0.047498	0.199835
