BioWare Version 5.4.3.0 Export
Device:	Kistler Grande1 9287CA	Kistler Grande1 9287CA	Kistler Grande1 9287CA	Kistler Grande2 9287CA	Kistler Grande2 9287CA	Kistler Grande2 9287CA
Samples (#):	8000	8000	8000	8000	8000	8000
Rate (Hz):	1000.000000	1000.000000	1000.000000	1000.000000	1000.000000	1000.000000
Contact period start (sample #):	2453	2453	2453	2460	2460	2460
Contact period end (sample #):	4974	4974	4974	3686	3686	3686
Contact period start time (s):	2.453000	2.453000	2.453000	2.460000	2.460000	2.460000
Contact period end time (s):	4.974000	4.974000	4.974000	3.686000	3.686000	3.686000
First sample time (s):	0.000000	0.000000	0.000000	0.000000	0.000000	0.000000
Normalized force (N):	658.043884	658.043884	658.043884	658.043884	658.043884	658.043884
Normalized length (m):	1.000000	1.000000	1.000000	1.000000	1.000000	1.000000
File Information
Date	Oct 29, 2025  14:25:15
Name	
ID	
Classification	
Description	
abs time (s)	Fx	Fy	Fz	Fx	Fy	Fz
	N	N	N	N	N	N
0.000000	0.465473	0.605408	-0.345517	0.522739	0.422522	3.554679
0.001000	0.102676	0.324428	-2.844264	0.443142	0.223122	2.127446
0.002000	0.908441	1.006492	3.871072	0.522739	0.223122	3.078498
0.003000	0.666308	0.725512	1.686688	0.443142	0.382504	2.919146
0.004000	0.384896	0.605408	-1.749955	0.602922	0.263140	3.871508
0.005000	0.626221	0.846059	1.061408	0.203179	0.103069	0.225929
0.006000	0.344406	0.405087	-1.127146	0.522739	0.223122	3.395327
0.007000	0.667116	0.765399	1.061408	0.602629	0.502328	3.871837
0.008000	0.908441	1.087152	3.717131	0.363252	0.183104	2.288130
0.009000	0.424982	0.485304	-0.813660	0.562831	0.422522	3.554189
0.010000	0.222935	0.485304	-1.906295	0.562831	0.302928	3.395656
0.011000	0.787779	0.765842	2.933981	0.363252	0.223122	1.970735
0.012000	0.545645	0.725512	0.437721	0.443142	0.302928	3.079738
0.013000	0.344406	0.645738	-0.811890	0.163381	-0.016296	1.019430
0.014000	0.626221	0.765842	1.841434	0.522739	0.422522	2.604867
0.015000	0.223743	0.324428	-2.376040	0.163381	-0.016296	0.543831
0.016000	0.586135	0.725069	0.905865	0.602922	0.462540	3.712393
0.017000	0.988614	1.086709	4.341703	0.562831	0.263140	3.871508
0.018000	0.344406	0.485304	-1.593527	0.443142	0.303158	3.237942
0.019000	0.384492	0.605408	-0.658117	0.682520	0.462540	4.664264
0.020000	0.626221	0.685182	1.996092	0.363252	0.103528	1.651848
0.021000	0.505559	0.605408	-0.033714	0.722611	0.582364	4.504820
0.022000	0.747288	0.885946	0.906750	0.083491	-0.215696	-0.724540
0.023000	0.626221	0.725512	1.841434	0.722611	0.582364	4.980274
0.024000	0.102676	0.284098	-2.531584	0.163381	-0.056314	0.068469
0.025000	0.747692	0.805729	1.840549	0.682812	0.462540	3.712393
0.026000	0.908037	0.885946	3.404531	0.403343	0.223122	2.919965
0.027000	0.424982	0.645738	-0.810457	0.602922	0.343175	3.871508
0.028000	0.465473	0.565078	0.122626	0.483234	0.342946	2.919804
0.029000	0.424578	0.484861	-0.502742	0.203472	0.063740	-0.091794
0.030000	0.626221	0.805729	1.373203	0.962574	0.702188	6.249702
0.031000	1.029104	1.087152	3.718016	-0.236069	-0.295502	-1.673862
0.032000	0.424982	0.525191	-0.501857	0.762409	0.622382	5.296682
0.033000	0.102676	0.284098	-2.532469	0.203179	0.103528	0.702364
0.034000	0.666308	0.765399	2.622098	0.443142	0.263140	3.553860
0.035000	0.747288	0.846059	2.936388	0.363252	0.223122	2.127446
0.036000	0.505559	0.725512	-0.031227	0.403343	0.223352	3.077679
0.037000	0.505559	0.525191	-0.189974	0.602922	0.462540	4.505731
0.038000	0.142762	0.244211	-2.375155	0.043399	-0.135890	-1.040787
0.039000	0.707202	0.805729	1.843833	0.922482	0.741976	7.040490
0.040000	0.988614	1.046379	3.717936	0.123289	0.023492	-0.249179
0.041000	0.264234	0.484861	-1.437267	0.722611	0.622382	4.504912
0.042000	0.222935	0.444974	-2.219780	0.203179	0.023492	1.018519
0.043000	0.747288	0.845616	2.311179	0.562831	0.342946	3.237123
0.044000	0.626221	0.805729	1.217660	0.443142	0.263140	2.605778
0.045000	0.707202	0.846059	0.905865	0.203179	0.103528	0.542429
0.046000	0.303915	0.525191	-1.127146	0.922775	0.662170	7.199185
0.047000	0.102676	0.324428	-2.844989	-0.076289	-0.175908	-1.358435
0.048000	1.110085	1.086709	3.872674	1.002372	0.781764	7.357228
0.049000	0.787779	0.885946	2.466554	0.083491	-0.096332	-0.566827
0.050000	0.424982	0.525191	-0.501777	1.041878	0.662170	7.199185
0.051000	0.384492	0.605408	-0.815262	0.003894	-0.016526	-0.406655
0.052000	0.424982	0.484861	-0.034511	0.283069	0.183334	2.287801
0.053000	0.908441	0.925833	3.092728	0.682520	0.462311	4.347199
0.054000	0.787779	1.006492	2.623868	0.043399	-0.056314	-0.724540
0.055000	0.223743	0.365200	-1.595377	1.002372	0.741976	7.199185
0.056000	0.222935	0.364315	-2.219780	0.163088	0.063280	-0.090975
0.057000	0.989018	0.925833	4.028218	0.922482	0.622382	6.565711
0.058000	0.585731	0.805729	1.998579	0.083491	0.023492	-0.724540
0.059000	0.425387	0.525191	-1.281892	0.802501	0.582364	6.247734
0.060000	0.545645	0.685182	0.280656	0.203472	0.143316	0.702110
0.061000	0.223743	0.364315	-0.970805	0.203179	0.223122	0.543341
0.062000	0.707202	0.805729	2.154839	0.642721	0.422522	4.505403
0.063000	0.908037	0.925833	2.780845	0.203179	0.143316	0.860078
0.064000	0.102676	0.323985	-2.374438	0.802501	0.582364	5.774593
0.065000	0.303915	0.485304	-2.063440	0.363252	0.223122	1.652996
0.066000	0.988614	0.885503	3.872674	0.802501	0.542576	5.773774
0.067000	0.707202	0.765399	1.061400	0.123582	0.023492	0.068216
0.068000	0.424578	0.685182	-0.968487	0.443142	0.263140	3.712485
0.069000	0.465068	0.484861	-0.034431	0.562831	0.342946	2.763400
0.070000	0.424578	0.484861	-0.972407	0.163381	0.103528	0.543831
0.071000	0.867951	0.925833	2.778438	0.523325	0.342946	3.871508
0.072000	0.585731	0.845616	1.373928	0.203472	0.143546	0.542920
0.073000	0.303915	0.444974	-1.594412	0.802501	0.462540	5.774593
0.074000	0.465068	0.525191	-0.659002	0.083491	-0.016296	-0.408294
0.075000	0.626221	0.725069	1.996092	0.682812	0.423211	4.663116
0.076000	0.585731	0.805729	1.374805	0.323454	0.263370	1.969242
0.077000	0.505155	0.765399	0.594061	0.283655	0.183563	1.176486
0.078000	0.465068	0.604522	-0.189974	0.523325	0.303387	2.764311
0.079000	0.344002	0.524748	-0.815262	0.483234	0.343175	2.920877
0.080000	0.908037	0.845173	3.404531	0.483526	0.303387	3.713304
0.081000	0.746480	0.805286	1.373203	0.243271	0.263370	0.384716
0.082000	0.384492	0.644852	-0.343110	0.722904	0.463229	5.297173
0.083000	0.505155	0.644852	0.593176	0.363545	0.183793	1.335676
0.084000	0.504750	0.524748	0.433632	0.403636	0.223581	2.919146
0.085000	0.626221	0.765399	1.374088	0.483526	0.423211	3.395656
0.086000	0.666308	0.845173	1.062285	0.523618	0.263599	3.395656
0.087000	0.182444	0.284098	-1.281087	0.363545	0.143775	1.177143
0.088000	0.303915	0.484861	-1.594412	0.683105	0.423441	4.029550
0.089000	0.867547	0.804843	2.933901	0.363545	0.223811	2.920294
0.090000	0.625817	0.805286	0.905865	0.243856	0.183793	0.701782
0.091000	0.586135	0.805286	0.437801	0.363838	0.064199	1.493315
0.092000	0.424578	0.524748	-0.659002	0.643014	0.423441	3.555100
0.093000	0.384492	0.523863	-0.503379	0.323746	0.024410	1.019522
0.094000	0.827461	0.845173	2.311179	0.523618	0.423441	3.555100
0.095000	0.626221	0.804843	0.905148	0.483819	0.343864	3.871018
0.096000	0.384492	0.403759	-1.439666	0.403929	0.144234	2.603228
0.097000	0.384088	0.524748	-0.972407	0.483819	0.343864	2.761761
0.098000	0.625817	0.684739	2.308612	0.283948	0.144693	1.811528
0.099000	0.625817	0.804843	1.219270	0.523618	0.423441	3.555100
0.100000	0.666308	0.845173	1.529543	0.004479	-0.134972	-0.565425
0.101000	0.263021	0.323985	-1.284291	0.683691	0.583282	4.346708
0.102000	0.222935	0.404202	-1.440471	0.444021	0.184482	2.761433
0.103000	1.109680	1.166040	4.655108	0.643892	0.344323	3.712393
0.104000	0.626221	0.845173	0.592379	0.523911	0.344323	3.555100
0.105000	0.384492	0.604522	-0.189974	0.484112	0.264517	3.237123
0.106000	0.344002	0.524748	-0.347199	0.604093	0.463918	3.873077
0.107000	0.303107	0.403759	-0.502742	-0.075118	-0.214319	-1.199810
0.108000	0.827461	0.925390	2.154919	0.883562	0.703565	5.299162
0.109000	0.827461	0.845173	2.154839	0.124753	-0.174301	-0.250090
0.110000	0.062186	0.203438	-3.156864	0.484112	0.304535	2.761761
0.111000	0.222531	0.404202	-1.907897	0.444313	0.264517	3.396567
0.112000	0.908037	1.005164	3.716414	0.523911	0.344553	3.712485
0.113000	0.424174	0.685182	-0.187487	0.444021	0.264747	2.921205
0.114000	0.505155	0.644852	-0.189974	0.164845	0.065117	0.385627
0.115000	0.222935	0.323985	-1.907897	0.844056	0.663777	5.932636
0.116000	0.344002	0.363872	-0.972407	-0.155008	-0.293895	-2.786067
0.117000	0.908037	1.045494	2.780208	1.083434	0.783601	7.358139
0.118000	0.585731	0.764956	1.061400	0.005065	-0.134284	-0.724540
0.119000	0.102272	0.284098	-2.844989	0.683983	0.504395	4.348110
0.120000	0.303915	0.444089	-1.751557	0.204936	0.105364	0.860078
0.121000	0.867547	0.845173	3.247386	0.364716	0.185170	2.127446
0.122000	0.585731	0.764956	1.218545	0.644185	0.424359	4.347199
0.123000	0.505155	0.685182	0.434429	0.005065	-0.214089	-1.199810
0.124000	0.222935	0.363872	-1.127146	1.043635	0.783830	6.882869
0.125000	0.384492	0.444089	-0.502662	0.005065	-0.054248	-0.723629
0.126000	1.029104	1.045494	4.340818	0.924239	0.703795	7.358139
0.127000	0.505155	0.685182	0.749525	0.045156	-0.174072	-0.881925
0.128000	0.142762	0.364315	-2.219700	0.684276	0.623989	4.662297
0.129000	0.424578	0.525191	-0.659002	0.165137	-0.014230	-0.091136
0.130000	0.585731	0.725069	1.371609	0.164845	0.185170	0.701545
0.131000	0.666308	0.805286	1.998579	0.764166	0.544642	5.296682
0.132000	0.545645	0.725069	0.905865	0.084955	-0.014230	-0.249998
0.133000	0.102272	0.324428	-3.156067	0.764459	0.544642	5.774103
0.134000	0.424982	0.523863	0.122626	0.125046	-0.014000	-0.091465
0.135000	0.908037	0.925390	3.717051	0.884440	0.584430	6.248645
0.136000	0.424578	0.524748	-0.187567	-0.034734	-0.133824	-1.674843
0.137000	0.344002	0.524748	-1.751557	0.644185	0.424818	3.396238
0.138000	0.344002	0.363872	-1.596811	0.405100	0.385030	3.080067
0.139000	0.585731	0.604522	0.590689	0.165137	-0.014000	-0.566406
0.140000	0.827461	0.885503	2.154919	0.724368	0.464836	4.822070
0.141000	0.465068	0.644852	0.125113	0.125339	0.105824	0.543341
0.142000	0.263021	0.404202	-2.376040	0.964331	0.504854	6.723096
0.143000	0.505155	0.644852	-0.034519	0.005357	-0.053789	-0.724120
0.144000	0.666308	0.805286	2.622098	0.764459	0.504854	5.773774
0.145000	0.545241	0.725069	0.593981	0.165137	0.026017	-0.247939
0.146000	0.545645	0.764956	0.748720	0.284826	0.066035	2.126136
0.147000	0.263021	0.363872	-1.596811	0.525082	0.385259	3.555429
0.148000	0.585731	0.644852	0.904980	0.125339	0.026017	-0.724120
0.149000	0.908037	0.965720	2.935583	0.724368	0.425277	4.820992
0.150000	0.344002	0.444089	-1.438232	0.165430	0.026017	-0.090225
0.151000	0.142762	0.404202	-1.907897	0.924532	0.584889	7.041984
0.152000	0.505155	0.644852	1.058913	0.085540	0.026017	-0.725031
0.153000	0.505155	0.644409	0.278089	0.644770	0.385259	4.504912
0.154000	0.666308	0.845616	1.843753	0.285119	0.145841	1.810709
0.155000	0.747288	0.885503	1.842948	0.445192	0.305453	2.603228
0.156000	0.062186	0.244211	-2.532300	0.245320	0.106053	2.130255
0.157000	0.505155	0.644852	0.434429	0.324917	0.145841	1.019031
0.158000	0.988614	1.045494	3.091126	0.525082	0.305912	4.030462
0.159000	0.222935	0.484861	-1.591200	0.165723	0.066035	0.226021
0.160000	0.465068	0.644852	-0.501060	0.804843	0.385489	5.299324
0.161000	0.424578	0.525191	-0.033714	0.325503	0.225877	2.129597
0.162000	0.465068	0.644852	-0.659002	0.484990	0.225877	2.761433
0.163000	0.827461	0.885503	2.154919	0.405100	0.345471	2.284669
0.164000	0.545645	0.765399	1.531233	0.445192	0.225877	2.920386
0.165000	0.142762	0.364315	-2.531584	0.485283	0.265895	3.237452
0.166000	0.505155	0.565078	0.120944	0.245320	0.106053	0.859587
0.167000	0.746480	0.764956	2.309578	0.525082	0.226106	3.396238
0.168000	0.384492	0.725069	-1.437267	0.205229	0.186089	0.543669
0.169000	0.505559	0.685182	0.280576	0.285119	-0.013312	1.809071
0.170000	0.424578	0.404202	-0.972407	0.724660	0.545101	4.346708
0.171000	0.384492	0.444089	-0.501857	0.205522	0.146300	0.860078
0.172000	0.988614	1.126153	3.717211	0.485283	0.266124	3.077679
0.173000	0.545645	0.685182	0.592460	0.485283	0.385489	3.713633
0.174000	0.222935	0.323985	-2.063440	0.485283	0.226106	3.080321
0.175000	0.545645	0.644852	0.434429	0.365594	0.265895	1.492662
0.176000	0.585731	0.684739	1.217668	0.405393	0.146300	2.605778
0.177000	0.626221	0.845616	0.906750	0.525374	0.345930	2.605126
0.178000	0.666308	0.805286	1.530348	0.205522	0.106512	1.653999
0.179000	0.102272	0.243768	-3.001409	0.525374	0.345930	3.395656
0.180000	0.505155	0.644852	-0.190859	0.525082	0.306142	3.712814
0.181000	0.948527	0.925390	3.560871	0.405393	0.305912	3.238034
0.182000	0.424578	0.644852	-0.030422	0.684862	0.465524	4.506152
0.183000	0.344002	0.444089	-1.283326	0.365594	0.146530	1.179877
0.184000	0.344002	0.323985	-0.816067	0.525374	0.545331	4.030462
0.185000	0.585731	0.805286	1.218545	0.125632	-0.092888	-0.248758
0.186000	0.747288	0.925390	2.311179	0.605265	0.465524	4.030790
0.187000	0.625817	0.685182	0.593176	0.245906	0.146760	1.177397
0.188000	0.102272	0.243768	-3.157669	0.605265	0.385948	3.871346
0.189000	0.424174	0.604522	-0.346402	0.365887	0.226336	2.603557
0.190000	0.908037	0.885503	2.778358	0.485576	0.306142	3.238034
0.191000	0.424578	0.644852	-0.970000	0.645649	0.385948	3.554609
0.192000	0.384492	0.565078	-0.502662	-0.033856	-0.172465	-1.834195
0.193000	0.142762	0.323985	-1.907897	1.044806	0.745190	7.357648
0.194000	0.545241	0.725069	1.373203	-0.113453	-0.212482	-1.515399
0.195000	1.069190	1.166040	4.028298	0.844935	0.625366	5.299162
0.196000	0.303107	0.604522	-0.501857	0.086126	0.067183	0.385627
0.197000	0.102272	0.283655	-3.313212	0.685447	0.466213	4.664027
0.198000	0.746480	0.804843	2.153318	0.405686	0.306371	2.603320
0.199000	0.625817	0.684739	1.997694	0.325796	0.186777	1.493643
0.200000	0.625817	0.805286	0.593265	0.685447	0.625596	4.822560
0.201000	0.545241	0.725069	0.748720	-0.073654	-0.012852	-1.356775
0.202000	0.021696	0.203438	-3.626617	0.925117	0.705402	6.089530
0.203000	0.705990	0.764956	1.997774	-0.073654	-0.052641	-0.881834
0.204000	0.988614	1.045494	3.716414	0.805136	0.546019	5.140629
0.205000	0.142762	0.363872	-2.376032	0.245906	0.067183	1.178383
0.206000	0.222935	0.444089	-1.750752	0.525374	0.266354	3.078682
0.207000	0.625817	0.644852	0.902653	0.485576	0.266124	3.078919
0.208000	0.545241	0.644852	1.061408	0.166309	-0.052641	0.067160
0.209000	0.545645	0.764956	0.593981	0.885026	0.665384	6.090279
0.210000	0.505155	0.565078	0.748720	-0.033856	-0.092888	-0.723629
0.211000	-0.058881	0.243768	-4.094760	0.964916	0.705172	6.882869
0.212000	0.666308	0.764956	1.529463	-0.033856	-0.092888	-1.516219
0.213000	0.948527	0.885503	3.716414	0.805136	0.546019	6.090441
0.214000	0.222935	0.444974	-2.375324	0.245906	0.186318	0.703350
0.215000	0.424982	0.605408	-0.501857	0.205522	0.106512	0.543341
0.216000	0.505155	0.565078	0.434429	0.805136	0.625366	5.299162
0.217000	0.545645	0.644852	0.436836	0.006236	-0.053329	-0.566406
0.218000	0.827461	0.925833	2.154034	0.844935	0.665384	6.090441
0.219000	0.586135	0.725069	0.904980	0.125632	-0.132906	-0.407873
0.220000	0.062186	0.364315	-3.313212	0.924825	0.625366	7.516435
0.221000	0.867951	0.885503	3.402044	0.125632	-0.013312	-0.724120
0.222000	0.666308	0.804843	1.997694	0.804843	0.505542	5.299162
0.223000	0.344406	0.565078	-1.593607	0.285704	0.106512	0.861554
0.224000	0.626221	0.805286	0.592460	0.205522	0.106512	0.542521
0.225000	0.303915	0.364315	-1.127951	0.525667	0.345930	4.030462
0.226000	0.585731	0.684739	1.842948	0.205522	0.146300	0.067979
0.227000	0.867951	0.925390	3.248271	0.884733	0.585578	6.566622
0.228000	0.424578	0.524748	-0.031227	0.205522	0.146530	0.543669
0.229000	0.344002	0.444089	-1.750752	0.804843	0.585578	5.930997
0.230000	0.626221	0.764956	2.777641	0.125632	0.026476	0.385956
0.231000	0.545241	0.684739	0.748720	0.525374	0.306142	3.396567
0.232000	0.465068	0.684739	-0.497857	0.365594	0.186318	1.652834
0.233000	0.626221	0.805286	1.374088	0.325503	0.186089	2.286163
0.234000	0.102272	0.243768	-2.375155	0.525374	0.266124	3.713304
0.235000	0.545241	0.725069	0.748720	0.086126	0.066265	-0.249669
0.236000	0.747288	0.845173	1.997774	0.805136	0.425966	5.775014
0.237000	0.344002	0.604522	-1.593607	0.285704	0.186318	0.861317
0.238000	0.505559	0.725069	-0.658922	0.525374	0.266124	3.871929
0.239000	0.505155	0.604522	0.589973	0.445485	0.385489	2.763001
0.240000	0.545241	0.684739	0.592460	0.325503	0.146530	2.445607
0.241000	0.746480	0.965720	1.687573	0.445192	0.266124	2.760942
0.242000	0.424578	0.604522	0.593176	0.365302	0.226106	1.809071
0.243000	0.222935	0.323542	-1.907897	0.605265	0.346160	4.348438
0.244000	0.786566	0.845173	2.777641	0.165723	0.146300	0.225692
0.245000	0.625817	0.724626	1.686608	0.605265	0.345930	5.457856
0.246000	0.505155	0.644409	0.124316	0.405393	0.305912	1.813189
0.247000	0.545241	0.764956	0.748720	0.445485	0.186318	2.286163
0.248000	0.222935	0.283655	-0.971691	0.525082	0.385489	3.555100
0.249000	0.585731	0.724626	0.434429	0.365302	0.266124	2.761271
0.250000	0.988614	1.206370	4.343305	0.445485	0.226106	2.127959
0.251000	0.384492	0.444089	-0.813740	0.445192	0.305912	3.236632
0.252000	0.142762	0.363872	-2.845866	0.405686	0.186318	2.603228
0.253000	0.827461	0.724626	2.778438	0.245320	0.225877	1.176653
0.254000	0.585327	0.684739	0.437721	0.405393	0.146300	2.286163
0.255000	0.585731	0.805286	0.594778	0.565173	0.425507	2.920294
0.256000	0.585731	0.764956	0.748720	0.485283	0.226106	2.921205
0.257000	-0.058477	0.163551	-3.469472	0.525082	0.385489	3.237123
0.258000	0.585731	0.764956	1.374088	0.445192	0.266124	3.237452
0.259000	0.988614	1.045494	4.029819	0.445485	0.226106	2.445024
0.260000	0.223743	0.404202	-2.064157	0.644770	0.465065	4.188994
0.261000	0.303915	0.404202	-1.595377	0.205522	-0.013541	0.544160
0.262000	0.625817	0.644409	1.215173	0.525082	0.465295	3.396896
0.263000	0.626221	0.765399	1.218545	0.085540	-0.133365	-0.088824
0.264000	0.666308	0.805286	1.374805	0.724660	0.544872	4.030790
0.265000	0.464664	0.684739	-0.033714	0.245320	0.106053	1.969426
0.266000	-0.059285	0.163108	-3.626617	0.684569	0.465295	4.504912
0.267000	0.827461	0.885060	2.621293	0.445192	0.305453	2.762672
0.268000	0.988209	1.005164	3.716414	0.285119	0.106053	1.812531
0.269000	0.384492	0.604522	-0.813660	0.644770	0.505083	4.188504
0.270000	0.464664	0.563750	-0.033634	-0.074240	-0.212941	-1.199972
0.271000	0.424578	0.404202	-0.190859	0.804258	0.624907	5.614589
0.272000	0.746480	0.845173	2.157238	0.005943	-0.093577	-0.882745
0.273000	0.908037	1.126153	3.561676	0.644770	0.465295	3.871018
0.274000	0.384088	0.403759	-0.815262	0.365302	0.186089	2.289041
0.275000	0.102676	0.323985	-2.687844	0.525082	0.345471	3.554281
0.276000	0.867547	0.885060	3.560074	0.525082	0.425277	3.554609
0.277000	0.746480	0.805286	2.311179	0.085540	-0.053559	-0.249998
0.278000	0.505155	0.725069	-0.031227	0.924532	0.624907	6.882286
0.279000	0.464664	0.604522	-0.189974	-0.074240	-0.133365	-1.674751
0.280000	0.182444	0.323985	-1.595377	0.884440	0.664695	5.615570
0.281000	0.908037	0.965720	2.780208	0.125632	-0.053559	-0.405652
0.282000	0.746480	0.804843	2.154839	0.564588	0.465295	3.396076
0.283000	0.222935	0.364315	-1.907897	0.445192	0.225877	3.078919
0.284000	0.142762	0.364315	-3.000532	0.285119	0.106053	1.496123
0.285000	0.827461	0.724626	2.777641	0.684569	0.545101	5.299981
0.286000	0.666308	0.845173	1.374805	0.005357	-0.173383	-1.042097
0.287000	0.424982	0.685182	-0.343030	0.964623	0.624907	6.723425
0.288000	0.384088	0.565078	-0.345517	0.005357	-0.053559	-1.516219
0.289000	0.102272	0.284098	-2.533185	1.044513	0.784519	7.041073
0.290000	0.948527	0.965720	3.403726	-0.034148	-0.212941	-0.882745
0.291000	0.746480	0.845173	1.997694	0.604679	0.425277	3.395748
0.292000	0.303915	0.484861	-1.750752	0.365302	0.186089	1.494301
0.293000	0.545645	0.725069	0.436916	0.165430	0.026247	0.225692
0.294000	0.626221	0.684739	1.527152	0.884733	0.545101	5.615570
0.295000	0.746480	0.845616	2.466723	0.125339	0.026247	-0.248758
0.296000	0.585731	0.765399	0.907467	0.924532	0.704484	7.041073
0.297000	0.303915	0.404202	-1.595377	0.045449	-0.053559	-1.199810
0.298000	0.303915	0.404202	-1.907897	0.924532	0.624677	7.199277
0.299000	1.029104	1.046379	3.871877	-0.074240	-0.093577	-1.356866
0.300000	0.585731	0.725069	0.748720	0.484990	0.305453	2.444787
0.301000	0.505155	0.644852	-0.657320	0.484990	0.345242	2.605778
0.302000	0.465068	0.605408	0.748720	0.205229	0.026017	0.384225
0.303000	0.384088	0.484861	-0.659002	0.724660	0.425277	5.299162
0.304000	0.707202	0.845616	2.000093	0.125339	0.026247	0.227423
0.305000	0.747288	0.845616	1.687493	0.764459	0.545101	5.930997
0.306000	0.102272	0.405087	-2.687844	0.165137	0.026247	-0.248758
0.307000	0.424982	0.565521	-0.813660	0.644770	0.345471	4.346379
0.308000	0.908037	0.965720	3.871789	0.324917	0.185400	1.336916
0.309000	0.465068	0.605408	0.280656	0.245028	0.185400	0.860169
0.310000	0.465068	0.725512	-0.031227	0.604679	0.385259	4.030462
0.311000	0.465068	0.644852	-0.190054	0.125339	0.026017	-0.249669
0.312000	0.303915	0.404202	-1.284291	0.924239	0.584889	6.247734
0.313000	0.867951	0.885503	2.466723	0.205229	0.066035	0.859587
0.314000	0.625817	0.765399	1.061408	0.724660	0.385259	4.664027
0.315000	0.384492	0.565078	-0.343030	0.405100	0.345242	1.494630
0.316000	0.424982	0.565078	-0.659807	0.484990	0.145841	2.919965
0.317000	0.827461	0.725069	2.464873	0.444899	0.305453	2.447574
0.318000	0.545645	0.725512	0.436916	0.444899	0.305453	2.603228
0.319000	0.586135	0.885503	0.748720	0.405100	0.145841	2.920294
0.320000	0.465068	0.644852	0.593176	0.284826	0.145841	0.542429
0.321000	0.303915	0.364315	-1.284291	0.604679	0.345471	4.505494
0.322000	0.908037	0.885946	3.873479	0.165137	0.066035	0.701873
0.323000	0.585731	0.805286	0.436119	0.484990	0.305453	3.395748
0.324000	0.384492	0.525191	-0.343827	0.405100	0.265206	2.603557
0.325000	0.384492	0.524748	-0.347119	0.405100	0.145841	2.603557
0.326000	0.424578	0.404202	-0.348004	0.405100	0.225418	1.493643
0.327000	0.707202	0.805286	1.687493	0.604679	0.425048	3.871018
0.328000	0.666308	0.805729	1.688290	0.285119	0.106053	2.127446
0.329000	0.142762	0.404202	-1.749150	0.324917	0.225418	1.494301
0.330000	0.303915	0.364315	-1.751557	0.245320	0.066035	0.860989
0.331000	0.747288	0.765399	2.464952	0.484990	0.425048	3.237452
0.332000	0.586135	0.765399	0.751207	0.245028	0.066035	1.177397
0.333000	0.465068	0.645738	-0.189974	0.564588	0.425048	3.553370
0.334000	0.303915	0.404202	-1.127146	0.324917	0.225418	2.287801
0.335000	0.424578	0.404202	-0.502742	0.564588	0.345242	3.238034
0.336000	0.787779	0.885946	2.000093	0.564588	0.345242	3.396076
0.337000	0.707202	0.725512	1.063010	0.205229	-0.053789	0.543341
0.338000	0.303915	0.484861	-1.750752	0.604679	0.544642	3.871018
0.339000	0.344406	0.404202	-1.282697	0.005357	-0.173613	-0.881834
0.340000	0.626221	0.765399	1.529463	0.644477	0.464836	3.712814
0.341000	0.827461	0.845616	1.530348	0.245320	0.105824	1.019522
0.342000	0.747288	0.885503	1.997774	0.684569	0.425048	4.664027
0.343000	0.142762	0.283655	-2.065042	0.444899	0.345242	2.921205
0.344000	0.384492	0.484861	-0.189974	0.444899	0.225418	3.396567
0.345000	1.029104	1.126153	4.029819	0.684276	0.465065	4.347527
0.346000	0.505155	0.605408	0.436836	0.005357	-0.173613	-1.041186
0.347000	0.303915	0.404202	-1.593607	0.804258	0.584660	5.773122
0.348000	0.384492	0.524748	-0.970886	0.045449	-0.093577	-0.565096
0.349000	0.465068	0.525191	-0.189974	0.444899	0.385030	3.396076
0.350000	0.827461	0.925833	2.468325	0.405100	0.185400	2.127959
0.351000	0.707202	0.805286	1.530348	0.444899	0.345242	3.238363
0.352000	-0.018795	0.163994	-3.468667	0.564588	0.385030	3.555100
0.353000	0.344002	0.484861	-0.814465	0.125339	-0.093577	-0.248758
0.354000	0.867547	0.925833	3.560871	0.924239	0.624677	6.407507
0.355000	0.505559	0.565078	-0.030422	-0.074240	-0.173613	-1.832465
0.356000	0.424578	0.524748	-0.343030	0.924239	0.704484	6.882777
0.357000	0.303915	0.484861	-0.814545	0.125339	-0.053789	-0.090646
0.358000	0.424982	0.484861	-0.346402	0.724368	0.504854	4.982915
0.359000	0.867951	0.885503	2.311179	0.204936	0.026017	0.861808
0.360000	0.585731	0.765399	0.748720	0.444899	0.345242	2.445024
0.361000	-0.018391	0.163551	-4.094760	0.604386	0.504854	4.348438
0.362000	0.465068	0.644852	-0.034519	0.125339	-0.014000	-0.564676
0.363000	0.827461	0.845173	2.933981	0.804258	0.624448	6.407507
0.364000	0.545645	0.845616	0.594061	0.005357	-0.053789	-1.041277
0.365000	0.505155	0.685182	0.277284	1.084019	0.664695	7.515852
0.366000	0.263021	0.364315	-1.907897	-0.074240	-0.173613	-1.515399
0.367000	0.585731	0.684739	0.434429	0.803965	0.544642	5.299162
0.368000	1.069190	1.045494	3.715529	0.245028	0.105824	0.860735
0.369000	0.384492	0.604522	-0.814545	0.125339	-0.053789	0.224453
0.370000	0.222935	0.363872	-2.218098	0.884440	0.584660	6.089530
0.371000	0.545645	0.644852	-0.033714	0.005357	-0.053789	-0.565096
0.372000	0.585731	0.644409	1.997694	0.804258	0.504854	5.615570
0.373000	0.625817	0.765399	0.905865	0.125339	-0.053789	-0.406472
0.374000	0.505559	0.684739	0.436200	0.844642	0.584889	6.407178
0.375000	0.021696	0.243768	-3.000524	0.125339	0.026017	-0.247939
0.376000	0.505155	0.684739	0.278089	0.324917	0.265206	2.445278
0.377000	0.988614	0.925390	3.716414	0.444899	0.305453	2.604867
0.378000	0.344002	0.444089	-1.123137	0.005357	-0.093577	-0.883564
0.379000	0.142762	0.444089	-2.062555	0.724660	0.465065	5.457695
0.380000	0.504750	0.563750	0.122626	0.085248	-0.093577	-0.564185
0.381000	0.585731	0.684739	0.748720	0.884733	0.624677	6.564892
0.382000	0.827461	0.845173	2.154034	0.125339	-0.013771	-0.090225
0.383000	0.545241	0.644409	-0.033714	0.844642	0.505083	5.457695
0.384000	0.222935	0.283655	-2.844989	0.205229	0.105824	0.226512
0.385000	0.585731	0.764956	1.215173	0.405100	0.305453	2.285672
0.386000	0.746480	0.764956	2.152432	0.405100	0.305453	3.395656
0.387000	0.344002	0.644409	-1.437267	0.165137	0.026017	-0.408202
0.388000	0.464664	0.644852	-0.346322	0.724660	0.425277	4.820992
0.389000	0.384088	0.403759	-0.503459	0.125339	0.026017	0.069219
0.390000	0.544836	0.684296	0.590689	0.844642	0.584889	6.248645
0.391000	0.827461	1.005164	2.935583	0.125339	0.065806	-0.091465
0.392000	0.384088	0.523863	-0.815262	0.564588	0.345471	3.554281
0.393000	0.263021	0.523863	-1.439666	0.285119	0.145841	1.333218
0.394000	0.625817	0.764513	2.309409	0.484990	0.305453	3.237123
0.395000	0.464664	0.644409	0.278089	0.405100	0.145841	2.446663
0.396000	0.545241	0.764956	0.280576	0.405100	0.105824	1.177235
0.397000	0.585327	0.804843	1.530348	0.684569	0.425277	4.664027
0.398000	0.021291	0.243325	-3.314814	0.165430	0.106053	0.067488
0.399000	0.705990	0.684296	1.373203	0.525082	0.265895	3.712156
0.400000	0.907633	1.004721	3.404611	0.484990	0.385259	2.763001
0.401000	0.263021	0.403759	-2.061750	0.405393	0.106053	2.445024
0.402000	0.384088	0.644409	-0.501857	0.485283	0.345471	2.920715
0.403000	0.464260	0.644409	0.121024	0.405100	0.225877	2.920386
0.404000	0.464664	0.483533	-0.346314	0.445192	0.225877	3.078008
0.405000	0.705585	0.844730	1.531950	0.325503	0.225877	1.492662
0.406000	0.705990	0.804400	1.686608	0.405393	0.186089	2.443876
0.407000	0.061782	0.283212	-3.313212	0.484990	0.345471	2.762090
0.408000	0.464664	0.563750	0.122546	0.205522	-0.013541	0.859258
0.409000	0.948123	0.924504	3.091923	0.525082	0.465295	3.871346
0.410000	0.222531	0.563750	-2.218815	0.405393	0.265895	2.763001
0.411000	0.545241	0.684296	-0.033634	0.405393	0.305453	3.237123
0.412000	0.384088	0.443203	-0.348004	0.445192	0.265895	2.447574
0.413000	0.384088	0.563750	-0.658922	0.245320	0.066265	1.177235
0.414000	0.867547	1.004721	2.934778	0.485283	0.425277	2.762182
0.415000	0.504750	0.684296	0.592460	0.125632	-0.093347	-0.090554
0.416000	0.102272	0.283212	-2.688729	0.525082	0.465065	4.029060
0.417000	0.625817	0.724183	1.525542	0.445192	0.266124	1.971975
0.418000	0.665499	0.764513	1.530348	0.405393	0.226106	2.603228
0.419000	0.585327	0.764513	-0.031227	0.525082	0.385489	3.712814
0.420000	0.705990	0.844730	2.154034	0.485283	0.305912	2.920386
0.421000	0.141954	0.162223	-2.219700	0.684862	0.505083	4.346218
0.422000	0.585327	0.804400	1.216943	0.125339	-0.053329	-0.407291
0.423000	0.948123	1.005164	4.029899	0.884733	0.664695	5.457695
0.424000	0.383279	0.563750	-0.499370	0.125339	-0.172924	-0.247939
0.425000	0.141954	0.323542	-2.533185	0.684862	0.505313	4.346708
0.426000	0.585327	0.563750	0.589973	0.405393	0.066265	1.655475
0.427000	0.585327	0.724183	1.218553	0.764459	0.545101	5.138807
0.428000	0.585731	0.804843	0.593265	0.445192	0.265895	3.238363
0.429000	0.544836	0.684296	0.904263	0.365302	0.186089	2.286163
0.430000	-0.018795	0.202995	-3.625812	0.844642	0.584889	5.457695
0.431000	0.705990	0.764513	0.748720	-0.114038	-0.252959	-1.517038
0.432000	0.908037	0.964834	3.872674	0.924532	0.744731	6.565221
0.433000	0.263021	0.444089	-1.594412	0.005943	-0.053329	-0.566008
0.434000	0.424578	0.563750	-1.126180	0.764459	0.584889	4.820830
0.435000	0.303107	0.363429	-0.972496	0.165430	0.026247	0.385627
0.436000	0.625817	0.764513	0.905865	0.525082	0.425277	4.030462
0.437000	0.867951	1.045494	2.468325	0.484990	0.345471	2.921205
0.438000	0.464664	0.604522	-0.189974	0.205229	0.026247	0.543341
0.439000	0.222935	0.363872	-3.157669	1.004422	0.664695	6.565711
0.440000	0.666308	0.885060	2.622098	-0.074240	-0.053559	-1.041606
0.441000	0.746076	0.804843	2.311179	0.924532	0.624907	6.564892
0.442000	0.504750	0.684739	-0.031227	0.085540	-0.013771	-0.407383
0.443000	0.585731	0.684739	-0.033634	0.644770	0.505083	4.505004
0.444000	0.222531	0.363429	-2.065042	0.245320	0.066265	1.176653
0.445000	0.666308	0.804843	2.466723	0.205229	0.066265	0.701054
0.446000	1.028700	1.045051	4.341703	0.844642	0.584889	4.981093
0.447000	0.222935	0.363872	-2.064157	0.085540	-0.053789	-0.724449
0.448000	0.303915	0.403759	-2.219700	0.924532	0.664695	7.041073
0.449000	0.786566	0.885060	2.777641	0.085540	-0.013771	-0.407383
0.450000	0.504750	0.604522	0.750321	0.924532	0.584889	6.723425
0.451000	0.505155	0.724626	0.437721	-0.034148	-0.053559	-1.199972
0.452000	0.545241	0.644409	-0.033714	0.724660	0.544872	5.140629
0.453000	-0.018391	0.123221	-3.781355	0.325503	0.066265	1.018939
0.454000	0.827461	0.844730	2.154034	0.165430	0.026017	0.225692
0.455000	0.786566	0.964834	3.248988	0.844642	0.585119	5.138149
0.456000	0.222935	0.363872	-2.532300	0.125339	0.066265	0.070038
0.457000	0.263021	0.524748	-1.750752	0.884440	0.664695	6.564892
0.458000	0.625817	0.724626	1.369999	0.085540	-0.053559	-0.565916
0.459000	0.505155	0.644409	0.436119	0.964623	0.624907	6.723096
0.460000	0.666308	0.845173	0.904263	0.085540	-0.053559	-0.883564
0.461000	0.464664	0.644409	0.122626	0.565173	0.305912	3.871929
0.462000	0.141954	0.283655	-2.844272	0.405393	0.225877	2.287149
0.463000	0.948123	0.964834	3.402929	0.205522	0.066265	0.384808
0.464000	0.746480	0.844730	2.779243	0.605265	0.465295	4.504912
0.465000	0.141954	0.444089	-2.532300	0.165723	-0.013541	0.067979
0.466000	0.585327	0.724626	0.904263	0.884733	0.545331	6.566622
0.467000	0.384088	0.483533	-0.190859	0.165430	0.106053	0.385136
0.468000	0.545241	0.724626	1.062125	0.565173	0.305912	4.187846
0.469000	0.907633	0.925390	2.311179	0.365302	0.345471	1.495120
0.470000	0.263021	0.444089	-1.282520	0.325503	0.186089	1.813189
0.471000	0.222935	0.444089	-2.062555	0.405393	0.265895	2.919804
0.472000	0.746480	0.804843	2.777641	0.165430	0.146300	0.383406
0.473000	0.545241	0.684739	0.905865	0.644770	0.425507	4.346379
0.474000	0.384492	0.644852	-1.593607	0.165430	0.066265	0.225692
0.475000	0.505155	0.644852	0.593176	0.684862	0.425507	4.821741
0.476000	0.303915	0.323985	-1.750752	0.405393	0.225877	1.494301
0.477000	0.545241	0.764956	1.374088	0.445192	0.186089	2.761761
0.478000	0.908037	0.925390	2.779243	0.485283	0.305912	3.078919
0.479000	0.344002	0.524748	-0.813660	0.485283	0.385489	3.078919
0.480000	0.344406	0.524748	-1.124747	0.405393	0.186089	2.921205
0.481000	0.585327	0.684739	1.213579	0.325503	0.265895	1.177235
0.482000	0.545645	0.805286	0.593176	0.565173	0.305912	3.712485
0.483000	0.626221	0.845173	0.750321	0.285119	0.265895	1.178383
0.484000	0.465068	0.644852	-0.034599	0.405393	0.186089	3.078682
0.485000	0.142762	0.323985	-2.533185	0.445192	0.385489	3.237452
0.486000	0.666308	0.885503	2.464952	0.565173	0.385489	3.714544
0.487000	0.625817	0.764956	1.998579	0.365302	0.265895	2.602738
0.488000	0.505155	0.644852	-0.031227	0.525082	0.385489	3.712814
0.489000	0.465068	0.644852	0.278169	0.405393	0.226106	2.762672
0.490000	0.424578	0.404202	-0.190859	0.525082	0.425507	3.871929
0.491000	0.666308	0.805286	1.686688	0.205522	-0.013541	1.019522
0.492000	0.908037	0.965720	3.092728	0.485283	0.425507	2.763001
0.493000	0.263021	0.444089	-0.813660	0.245320	0.106512	0.860169
0.494000	0.142762	0.363872	-2.221382	0.565173	0.425507	3.712814
0.495000	0.867547	0.885503	3.247386	0.485283	0.265895	3.554281
0.496000	0.585731	0.684739	1.218553	0.565173	0.385489	3.712814
0.497000	0.625817	0.805286	1.220147	0.525082	0.265895	3.078919
0.498000	0.545645	0.685182	-0.034511	0.405393	0.186089	2.127959
0.499000	0.061782	0.123664	-3.469472	0.604679	0.505313	4.030790
0.500000	0.746480	0.925833	2.311179	-0.073947	-0.172924	-1.041439
0.501000	0.908037	1.126153	3.561676	0.684862	0.545101	4.188175
0.502000	0.222935	0.404202	-1.593775	0.005943	0.066724	0.226183
0.503000	0.384492	0.524748	-1.750752	0.684862	0.585119	4.822889
0.504000	0.505155	0.644852	1.685014	0.365594	0.146300	2.285672
0.505000	0.545241	0.725069	0.748720	0.565173	0.345930	4.030462
0.506000	0.626221	0.925833	1.530348	0.485283	0.345930	3.553370
0.507000	0.424578	0.565078	-0.345597	0.165430	-0.013312	0.067650
0.508000	0.022100	0.203881	-3.470357	0.924825	0.585119	5.616228
0.509000	0.867951	0.925833	2.933981	-0.113746	-0.212712	-1.832465
0.510000	0.948527	0.925833	3.717936	0.804843	0.585119	5.297523
0.511000	0.384492	0.565078	-1.124747	0.125632	0.066724	0.385136
0.512000	0.464664	0.685182	-0.033714	0.565173	0.305912	3.712814
0.513000	0.465068	0.484861	-0.190054	0.445192	0.306142	2.920386
0.514000	0.626221	0.805729	1.374805	0.325503	0.146300	2.286163
0.515000	0.827461	1.046379	3.093533	0.804843	0.505313	4.981093
0.516000	0.344406	0.444974	-0.657400	0.005943	-0.093347	-1.200630
0.517000	0.102272	0.324428	-2.843387	0.924825	0.744961	6.565221
0.518000	0.948527	0.965720	3.872674	-0.153837	-0.093347	-2.150113
0.519000	0.626221	0.765399	1.844638	0.844642	0.784749	6.882869
0.520000	0.384492	0.605408	-0.813660	0.085540	0.026476	-0.247939
0.521000	0.424982	0.645738	-0.346314	0.565173	0.465295	4.188175
0.522000	0.344406	0.444974	-0.343827	0.405393	0.306142	2.920386
0.523000	0.787779	0.966605	2.311179	0.205522	0.066265	0.543341
0.524000	0.747288	0.846059	2.311179	0.804843	0.545101	5.141448
0.525000	0.344406	0.444974	-1.750672	0.085540	-0.053329	-0.249669
0.526000	0.143571	0.365200	-2.844264	0.924825	0.625366	6.564892
0.527000	0.747288	0.765842	2.777641	-0.114038	-0.093347	-1.673932
0.528000	0.707202	0.846059	2.311179	1.004715	0.705172	7.514704
0.529000	0.384896	0.565521	-0.970805	0.005943	-0.092888	-0.882745
0.530000	0.384896	0.485304	-0.815342	0.485283	0.266124	3.395748
0.531000	0.264234	0.485304	-1.595377	0.365302	0.226106	2.603557
0.532000	0.908441	0.966605	3.090241	0.125632	-0.013541	-0.408202
0.533000	0.787779	0.765399	1.685014	0.804843	0.585119	6.248974
0.534000	0.264234	0.485304	-1.593775	0.085540	-0.013541	0.225692
0.535000	0.465068	0.645738	-0.189974	0.884733	0.585119	5.930997
0.536000	0.545645	0.565521	1.213579	0.005943	0.026476	-0.407383
0.537000	0.867951	0.846059	2.780040	0.764459	0.505542	5.614589
0.538000	0.546049	0.765842	1.063010	0.125339	0.026247	-0.565587
0.539000	0.223743	0.405087	-2.062635	0.365302	0.186089	2.127139
0.540000	0.384896	0.525191	-0.345605	0.525374	0.385489	3.555100
0.541000	0.908441	1.006935	3.560791	0.005943	-0.013541	-0.407873
0.542000	0.586135	0.645738	0.751126	0.844935	0.505542	5.930997
0.543000	0.465473	0.645738	-0.186770	0.165723	0.066265	-0.090554
0.544000	0.424982	0.565521	-0.658197	0.844935	0.545331	6.565382
0.545000	0.303915	0.405087	-0.816147	0.125632	0.066265	0.703021
0.546000	0.787779	0.806171	1.843833	0.485283	0.266124	3.871929
0.547000	0.586135	0.765842	0.750241	0.365302	0.266124	1.972633
0.548000	0.102676	0.444974	-2.532460	0.325503	0.265895	1.970735
0.549000	0.424982	0.525191	-0.969292	0.445485	0.265895	3.079738
0.550000	0.747288	0.765842	2.622018	0.205522	0.066265	-0.090225
0.551000	0.505559	0.645738	0.280576	0.765045	0.345930	4.821741
0.552000	0.505963	0.846059	1.061400	0.165430	0.066035	0.226021
0.553000	0.264234	0.445417	-1.127146	0.605265	0.305912	4.504745
0.554000	0.344406	0.365200	-1.596262	0.365594	0.225877	1.494301
0.555000	0.828269	0.846059	2.622098	0.405393	0.226106	2.287403
0.556000	0.505559	0.605851	0.437641	0.365302	0.226106	2.761271
0.557000	0.465473	0.525634	-0.813660	0.565173	0.345930	3.871018
0.558000	0.505559	0.686068	0.749436	0.365594	0.226106	3.078919
0.559000	0.465473	0.525191	0.589892	0.445192	0.265895	2.445607
0.560000	0.626221	0.805729	1.218545	0.445485	0.146300	3.238034
0.561000	0.667116	0.765842	1.375690	0.325503	0.226106	1.176653
0.562000	0.384896	0.485304	-0.814545	0.405393	0.186318	2.285343
0.563000	0.384896	0.405087	-1.127951	0.565173	0.465295	3.712814
0.564000	0.908441	0.966605	3.404531	0.365594	0.186089	2.287801
0.565000	0.545645	0.725512	0.594866	0.485283	0.305912	3.078919
0.566000	0.465473	0.605408	-0.030510	0.485283	0.305912	3.237123
0.567000	0.505559	0.605851	0.592379	0.445192	0.186089	2.286163
0.568000	0.344406	0.444974	-0.813740	0.484990	0.305912	2.920386
0.569000	0.667116	0.806171	1.687493	0.125632	-0.132906	0.384716
0.570000	0.707202	0.805729	1.219270	0.484990	0.465295	3.079248
0.571000	0.384896	0.525634	-1.279317	0.165723	-0.013541	1.018702
0.572000	0.344406	0.525634	-1.751557	0.565173	0.425507	3.712814
0.573000	0.787779	0.686068	2.466554	0.405393	0.186089	2.603228
0.574000	0.667116	0.765842	1.374805	0.565173	0.425507	3.714215
0.575000	0.465473	0.646181	-0.189257	0.405393	0.265895	2.128616
0.576000	0.344406	0.525634	-0.190939	0.205522	0.026247	0.860989
0.577000	0.344406	0.365200	-1.127951	0.565173	0.505083	4.029971
0.578000	0.828269	0.926718	2.622098	-0.073947	-0.212941	-0.564676
0.579000	0.586135	0.806171	1.530348	0.604679	0.505083	3.712814
0.580000	0.344406	0.565521	-0.810457	0.085540	0.026476	0.383897
0.581000	0.264234	0.445417	-0.970805	0.565173	0.425507	4.188175
0.582000	0.545645	0.605408	0.902493	0.445192	0.266124	2.920968
0.583000	0.828673	0.926718	2.780845	0.325503	0.186089	2.443876
0.584000	0.626221	0.765842	1.688290	0.644770	0.585119	4.506152
0.585000	0.303915	0.405087	-1.750752	0.005943	-0.132906	-0.882653
0.586000	0.384492	0.485304	-0.659002	0.924825	0.744961	6.882286
0.587000	0.908441	0.966605	3.248988	-0.233727	-0.172924	-1.991580
0.588000	0.707202	0.805729	0.905068	0.844935	0.704943	6.090441
0.589000	0.344406	0.565521	-0.501857	0.046034	0.066724	0.543669
0.590000	0.384492	0.405087	-0.970805	0.565173	0.345930	3.712814
0.591000	0.505559	0.525191	-0.033714	0.445485	0.385948	3.079830
0.592000	0.707202	0.926718	2.154839	0.205522	-0.013312	0.701873
0.593000	0.586135	0.686068	0.750321	0.844935	0.585119	5.141448
0.594000	0.022100	0.244653	-3.313212	-0.033856	-0.172924	-1.834195
0.595000	0.264234	0.445417	-1.750920	0.964916	0.665154	6.882869
0.596000	0.828269	0.926718	2.935503	-0.113746	-0.132676	-1.199810
0.597000	0.505559	0.646181	0.280576	0.885026	0.665154	6.406359
0.598000	0.627030	0.686068	0.593176	0.085540	-0.012852	-0.563857
0.599000	0.102676	0.365200	-2.219780	0.445485	0.345930	3.079830
0.600000	0.424982	0.485304	-0.659002	0.405393	0.265895	2.128616
0.601000	1.110085	1.127039	4.185274	0.205522	0.106512	0.385136
0.602000	0.465068	0.605851	-0.033714	0.844935	0.545331	5.612109
0.603000	0.264234	0.405530	-2.687119	0.125632	-0.013312	-0.089735
0.604000	0.425387	0.485747	-0.346402	0.804843	0.665154	6.089530
0.605000	0.867951	0.846059	2.779163	0.125632	-0.013312	-0.564676
0.606000	0.747692	0.846059	2.000093	0.804843	0.545331	6.248974
0.607000	0.627030	0.686068	1.374088	0.005943	0.026476	0.225929
0.608000	0.102676	0.365200	-2.689445	0.365594	0.226106	2.127959
0.609000	0.424982	0.565521	-0.190939	0.485283	0.305912	3.396567
0.610000	1.069594	1.046822	5.123251	0.005943	-0.093347	-1.516219
0.611000	0.384896	0.565964	-0.342305	0.884733	0.665154	6.407178
0.612000	0.264234	0.485747	-1.281087	0.046034	-0.013312	-0.090554
0.613000	0.465473	0.605851	0.436916	0.884733	0.665154	6.090441
0.614000	0.545645	0.605851	0.905865	0.046034	0.026476	-0.407383
0.615000	0.787779	0.846059	1.688218	0.684862	0.306142	4.664356
0.616000	0.667116	0.726397	0.905865	0.325503	0.186089	0.862465
0.617000	0.062590	0.325313	-3.154465	0.365302	0.186089	1.334129
0.618000	0.465877	0.526077	-0.189257	0.684862	0.345930	4.347199
0.619000	0.868759	0.926718	3.404531	0.005943	-0.013541	-0.566406
0.620000	0.425387	0.565964	-0.970000	0.884733	0.505542	6.723096
0.621000	0.264234	0.526077	-1.281087	0.165430	0.026476	0.227423
0.622000	0.425387	0.526077	-0.033714	0.844935	0.505542	6.248645
0.623000	0.465473	0.485747	-0.190054	0.125632	0.146300	-0.565587
0.624000	0.868759	1.007378	2.778358	0.525374	0.385948	3.870689
0.625000	0.465473	0.606293	0.281293	0.365594	0.226106	1.813189
0.626000	0.224147	0.365643	-2.998922	0.405393	0.266124	1.653017
0.627000	0.546049	0.646181	0.121741	0.605265	0.345930	4.188994
0.628000	0.828269	0.806171	2.779243	0.285704	0.146300	0.385465
0.629000	0.627030	0.726397	0.907467	0.605265	0.346160	4.505494
0.630000	0.627030	0.807057	0.904980	0.205522	0.146300	0.385956
0.631000	0.264234	0.485747	-0.501857	0.485283	0.226336	3.396238
0.632000	0.546049	0.726397	1.373928	0.485283	0.305912	2.921534
0.633000	0.868759	0.967048	3.404531	0.325503	0.146300	1.337919
0.634000	0.465473	0.606293	0.125918	0.565173	0.345930	3.396076
0.635000	0.425387	0.566406	-0.499370	0.445485	0.266124	2.605051
0.636000	0.546049	0.606293	0.434429	0.445485	0.226336	3.079738
0.637000	0.546049	0.565964	0.748639	0.405100	0.226106	0.859587
0.638000	0.707606	0.926718	1.687493	0.445485	0.226566	2.762764
0.639000	0.707606	0.807057	1.374805	0.445485	0.305912	1.971722
0.640000	0.224147	0.405530	-1.749947	0.365594	0.186548	2.445024
0.641000	0.505963	0.565964	0.122546	0.605265	0.465524	3.871438
0.642000	0.828269	0.967048	3.405248	0.365594	0.226106	2.127959
0.643000	0.546049	0.767170	0.126723	0.525374	0.266354	3.238363
0.644000	0.586944	0.686510	0.437721	0.525082	0.425966	3.712814
0.645000	0.384896	0.485747	-0.659002	0.325796	0.146530	2.447245
0.646000	0.546049	0.605851	0.278089	0.365594	0.305912	1.336097
0.647000	0.788183	0.967048	2.468325	0.205522	0.146760	1.493643
0.648000	0.546049	0.686510	0.593981	0.485576	0.345930	3.554609
0.649000	0.345214	0.485747	-1.281892	0.485576	0.266354	2.920386
0.650000	0.425387	0.565964	-0.346402	0.685447	0.545331	4.504912
0.651000	0.747692	0.686068	1.997694	0.525374	0.345930	3.712814
0.652000	0.627030	0.806171	0.750241	0.405393	0.226336	2.762672
0.653000	0.707606	0.886831	1.687493	0.684862	0.465524	4.029879
0.654000	0.224147	0.405530	-1.595377	0.046034	-0.172694	0.068890
0.655000	0.505963	0.605851	0.904980	0.684862	0.665154	4.345889
0.656000	0.989422	1.207699	4.499565	0.125632	-0.132676	-0.247518
0.657000	0.465877	0.606293	-0.186850	0.565173	0.545331	4.029971
0.658000	0.425387	0.646181	-0.813740	0.365594	0.146530	1.812203
0.659000	0.465473	0.525634	-0.347119	0.525374	0.345930	3.237123
0.660000	0.546049	0.606293	1.217668	0.565173	0.346160	4.030462
0.661000	0.788183	0.967048	2.623868	0.405393	0.186318	1.653999
0.662000	0.707606	0.886831	2.000093	0.765045	0.505313	4.030462
0.663000	0.022504	0.325313	-3.156864	-0.114038	-0.292518	-1.675663
0.664000	0.465473	0.565964	0.121749	0.884733	0.705172	6.408418
0.665000	0.989018	1.047265	3.874196	-0.033856	-0.172694	-1.041277
0.666000	0.425387	0.526077	-0.653392	0.765045	0.625366	4.822070
0.667000	0.384896	0.526077	-1.281892	0.325796	0.146760	1.493643
0.668000	0.425387	0.525634	-0.345517	0.525374	0.266354	3.238034
0.669000	0.505559	0.605851	0.281293	0.525374	0.306142	3.396896
0.670000	0.948932	1.087595	3.248988	0.165723	0.066724	0.384808
0.671000	0.707606	0.886831	1.843753	0.924825	0.665154	6.406688
0.672000	0.062590	0.244653	-3.313212	-0.033856	-0.132906	-1.199810
0.673000	0.546049	0.686068	0.278886	0.964916	0.705172	6.724665
0.674000	0.948932	0.926718	3.560791	0.006236	-0.012852	-0.407383
0.675000	0.505963	0.686510	0.125838	0.565466	0.425966	4.029642
0.676000	0.546049	0.646181	0.122626	0.405686	0.266354	2.289041
0.677000	0.264234	0.365643	-1.438232	0.285704	0.066724	1.496123
0.678000	0.627030	0.686068	0.904980	0.805136	0.505313	4.506152
0.679000	0.989018	1.087152	3.872674	0.006236	0.066724	-0.090225
0.680000	0.505559	0.565964	0.280576	0.964623	0.705172	6.882869
0.681000	0.103485	0.365643	-3.156067	0.046034	-0.092888	-0.882653
0.682000	0.546049	0.605851	0.904980	0.924825	0.705172	6.723425
0.683000	0.788183	0.886831	2.935503	0.046034	0.106742	-0.088495
0.684000	0.627030	0.726397	0.906670	0.605265	0.385948	4.029314
0.685000	0.505963	0.686510	0.905865	0.325796	0.146530	1.178383
0.686000	0.183657	0.325313	-2.844264	0.046034	0.066724	-0.249249
0.687000	0.586135	0.646181	0.904980	0.885026	0.585578	6.248974
0.688000	0.989018	1.047265	4.186079	-0.033856	-0.132906	-1.357686
0.689000	0.264234	0.445417	-0.966797	0.964916	0.705402	7.041073
0.690000	0.264234	0.526077	-1.749867	0.046034	0.027165	0.067979
0.691000	0.425387	0.525634	-0.346402	0.885026	0.625596	6.407178
0.692000	0.707202	0.726397	1.841434	0.125632	-0.012852	-0.883564
0.693000	0.667520	0.926718	1.374805	0.485576	0.346160	3.079830
0.694000	0.465473	0.565964	0.436916	0.405686	0.226336	2.447574
0.695000	0.022100	0.325313	-3.157669	0.165723	0.186318	0.227423
0.696000	0.505963	0.646181	0.434429	0.685447	0.465524	5.457037
0.697000	0.828269	0.926718	3.091046	0.325796	0.146530	0.544160
0.698000	0.264234	0.485747	-1.749150	0.685740	0.425966	5.615570
0.699000	0.505963	0.646181	-0.031227	0.365594	0.226336	1.178383
0.700000	0.384896	0.525634	-0.503547	0.725539	0.425966	4.663537
0.701000	0.667116	0.726397	1.060523	0.245906	0.146300	1.178383
0.702000	0.828269	1.047265	3.248183	0.445485	0.266354	2.762672
0.703000	0.384492	0.485747	-0.501140	0.405686	0.226336	2.921534
0.704000	0.304724	0.445417	-1.750752	0.325796	0.146530	0.860498
0.705000	0.667116	0.765842	2.464952	0.565466	0.346160	4.030133
0.706000	0.707202	0.686068	1.997694	0.245906	0.146530	0.543669
0.707000	0.546049	0.726397	0.595583	0.765630	0.386178	5.457037
0.708000	0.667520	0.806171	1.374088	0.325796	0.226336	1.494301
0.709000	0.264234	0.405087	-1.440631	0.605850	0.306371	3.554281
0.710000	0.586135	0.686068	1.687493	0.565466	0.306371	3.394837
0.711000	1.029508	1.087152	4.186159	0.445777	0.306371	2.920715
0.712000	0.344406	0.525634	-0.499370	0.445777	0.266583	2.921205
0.713000	0.344406	0.525634	-0.658117	0.365594	0.266354	2.285672
0.714000	0.667116	0.686068	1.216783	0.485869	0.226795	3.396567
0.715000	0.505559	0.565521	0.124236	0.086126	0.186548	0.067488
0.716000	0.707202	0.886831	1.063010	0.485869	0.306601	3.869870
0.717000	0.667116	0.806171	1.686608	0.485283	0.306371	2.921205
0.718000	0.022504	0.325313	-3.155262	0.405686	0.106742	1.812531
0.719000	0.546049	0.765842	1.216783	0.525667	0.306371	3.712814
0.720000	0.828269	0.926718	3.717211	0.565466	0.386178	3.712814
0.721000	0.223743	0.485747	-2.217293	0.405686	0.146760	2.129597
0.722000	0.465473	0.605851	-0.501060	0.525667	0.386178	3.712814
0.723000	0.505963	0.565521	1.059629	0.285997	0.027625	1.494301
0.724000	0.465473	0.645738	-0.189257	0.445777	0.386178	2.604306
0.725000	0.747692	0.966605	1.843833	0.245906	0.027165	0.859258
0.726000	0.586135	0.846059	1.217668	0.725539	0.546019	4.347948
0.727000	0.022100	0.245539	-3.313212	0.365887	0.186777	2.603228
0.728000	0.747692	0.765842	1.682599	0.565466	0.346389	3.712814
0.729000	0.828269	0.806171	2.622098	0.605850	0.426425	3.871929
0.730000	0.224147	0.565964	-1.749150	0.285704	0.027165	1.018702
0.731000	0.747692	0.806171	1.529463	0.845227	0.745420	5.299490
0.732000	0.183657	0.365200	-1.596182	0.006529	-0.092199	-0.723301
0.733000	0.586135	0.725512	1.062125	0.845227	0.665614	5.140958
0.734000	0.989018	1.127039	4.186159	0.006236	-0.052411	-0.565916
0.735000	0.465473	0.565521	-0.033714	0.685740	0.466213	4.188175
0.736000	0.183657	0.445417	-2.688720	0.405686	0.226795	2.445607
0.737000	0.586135	0.605408	0.902493	0.485869	0.306601	3.238034
0.738000	0.667116	0.806171	2.154839	0.525667	0.266583	2.920715
0.739000	0.505559	0.686068	-0.031227	0.086126	-0.052641	0.384808
0.740000	0.747288	0.846059	1.687493	0.725539	0.625596	5.456385
0.741000	0.102676	0.204324	-2.531584	-0.113453	-0.092429	-1.675663
0.742000	0.505963	0.645738	0.905865	0.845227	0.705402	5.457037
0.743000	1.029508	1.006492	3.874276	0.166309	0.027395	0.702785
0.744000	0.424982	0.525634	-0.655710	0.605265	0.346160	3.237543
0.745000	0.344406	0.565964	-1.281087	0.645649	0.466443	3.713725
0.746000	0.465473	0.565521	0.120944	0.365887	0.226795	2.443876
0.747000	0.586135	0.645738	0.748720	0.525667	0.346389	4.031281
0.748000	0.707202	0.966605	1.219430	0.046327	-0.052641	-0.249087
0.749000	0.505559	0.565521	0.592460	0.925117	0.705402	7.041730
0.750000	0.062186	0.164879	-3.157669	-0.073361	-0.132217	-1.516219
0.751000	0.586135	0.765842	1.061400	0.885319	0.705631	6.248155
0.752000	0.908441	1.006492	3.716334	0.126510	0.027395	0.226512
0.753000	0.344406	0.485747	-0.810537	0.485869	0.306371	3.396238
0.754000	0.424982	0.565521	-0.814465	0.285997	0.186777	1.493643
0.755000	0.465068	0.485304	-0.659887	0.245906	0.067183	0.542521
0.756000	0.707202	0.765842	1.217668	0.885319	0.586037	6.566622
0.757000	0.989018	1.087152	3.404531	0.006236	-0.052411	-1.040366
0.758000	0.344406	0.525191	-0.814545	1.045099	0.785437	7.040582
0.759000	0.102676	0.365200	-3.001409	-0.073361	-0.132217	-1.516219
0.760000	0.908441	0.845616	3.091843	0.965209	0.586037	6.408418
0.761000	0.747288	0.805729	2.465758	0.006236	-0.052411	-1.199153
0.762000	0.626221	0.765842	0.437721	0.525374	0.426425	3.396330
0.763000	0.424982	0.605851	0.280576	0.365887	0.266583	2.289041
0.764000	0.102676	0.124549	-2.845874	0.046327	-0.052641	-0.247939
0.765000	0.747288	0.846059	2.154839	0.805722	0.506231	5.616481
0.766000	1.029104	1.086709	3.718016	0.166309	-0.012623	-0.090554
0.767000	0.142762	0.405087	-2.061750	0.925117	0.665614	6.564892
0.768000	0.223743	0.485304	-1.751557	0.046327	0.027395	-0.090225
0.769000	0.827461	0.845616	2.778358	0.885319	0.546249	5.933218
0.770000	0.465068	0.565521	0.437633	0.046327	-0.012623	-1.199972
0.771000	0.545645	0.645738	0.282178	0.285997	0.067183	1.492005
0.772000	0.505559	0.565521	-0.031227	0.605850	0.386637	3.712814
0.773000	-0.058477	0.244211	-3.313212	0.046327	-0.012852	-0.882815
0.774000	0.908441	0.925833	2.778358	0.845227	0.546019	5.615570
0.775000	0.908441	0.885946	3.092728	0.166309	0.146760	0.860827
0.776000	0.022100	0.324428	-2.844272	0.725539	0.466213	5.457037
0.777000	0.424982	0.605408	-0.970805	0.245906	0.146760	0.067488
0.778000	0.586135	0.644852	0.746233	0.565466	0.386178	4.345560
0.779000	0.545645	0.725069	0.749525	0.445777	0.266354	2.288130
0.780000	0.707202	0.885946	1.530348	0.325796	0.146760	0.701054
0.781000	0.505155	0.525191	-0.346314	0.565466	0.306371	3.713633
0.782000	0.062186	0.244211	-3.314009	0.086126	0.066724	0.067979
0.783000	0.908037	0.925390	3.558384	0.725539	0.346389	4.824382
0.784000	0.666308	0.845616	2.466554	0.165723	0.106742	-0.088985
0.785000	0.223743	0.444974	-2.218098	0.805136	0.425966	5.615570
0.786000	0.585731	0.725512	0.905865	0.325796	0.226336	0.861317
0.787000	0.303915	0.444974	-0.972487	0.365887	0.186548	1.494301
0.788000	0.626221	0.765399	1.218545	0.445485	0.266354	2.922116
0.789000	0.787779	0.925833	2.311179	0.365594	0.266354	2.604468
0.790000	0.424982	0.565078	-0.345517	0.405686	0.226566	3.079248
0.791000	0.222935	0.484861	-2.219700	0.405686	0.266354	1.811550
0.792000	0.867547	0.845173	3.404531	0.485576	0.266583	3.871600
0.793000	0.626221	0.684739	1.219270	0.245906	0.106742	-0.090225
0.794000	0.303915	0.524748	-1.438781	0.445777	0.266354	2.761524
0.795000	0.505155	0.725069	0.748720	0.645649	0.466213	4.030790
0.796000	0.102272	0.243768	-2.062635	0.365887	0.146760	1.496123
0.797000	0.585731	0.765399	1.218545	0.405686	0.306371	2.919475
0.798000	0.908037	0.925390	2.934786	0.645649	0.466213	3.871346
0.799000	0.344002	0.444089	-1.437267	0.245906	0.027165	1.019522
0.800000	0.303915	0.484861	-1.906295	0.405686	0.346160	1.337919
0.801000	0.585731	0.684739	1.529463	0.326089	0.067183	1.969426
0.802000	0.585731	0.764956	1.217668	0.525667	0.386178	3.238363
0.803000	0.545645	0.805286	0.594053	0.166309	0.067183	0.543341
0.804000	0.424578	0.604522	-0.033714	0.685447	0.466213	4.188666
0.805000	0.142762	0.323985	-2.533185	0.405979	0.226795	2.920386
0.806000	0.747288	0.805286	1.996889	0.445777	0.266583	3.238363
0.807000	0.747288	0.885503	2.311179	0.525667	0.346389	3.396076
0.808000	0.464664	0.604522	-0.501777	0.365887	0.107201	1.653999
0.809000	0.424578	0.644852	-0.189974	0.445777	0.466213	3.079830
0.810000	0.424174	0.403759	-0.036918	-0.033270	-0.052411	-0.566406
0.811000	0.585731	0.725069	1.530348	0.645942	0.506231	4.188175
0.812000	0.908037	1.005164	2.937353	0.405979	0.267272	2.287403
0.813000	0.222531	0.403759	-1.127146	0.485869	0.386637	2.604468
0.814000	0.222935	0.323542	-2.376040	0.485869	0.346848	3.712814
0.815000	0.786566	0.885060	2.622098	0.446070	0.187237	2.761524
0.816000	0.625817	0.764956	0.749525	0.525667	0.426655	3.079248
0.817000	0.545241	0.724626	0.594061	0.126510	-0.012164	-0.249087
0.818000	0.464664	0.524748	-0.033714	0.925410	0.745649	5.932566
0.819000	0.102272	0.202995	-2.531584	-0.113160	-0.131988	-2.150113
0.820000	0.746480	0.885060	1.843833	0.685740	0.506461	4.030462
0.821000	0.867547	0.925390	2.779243	0.366180	0.107430	1.497034
0.822000	0.222935	0.363429	-1.907897	0.485869	0.306601	3.396076
0.823000	0.182444	0.323542	-2.219700	0.485869	0.346848	2.920386
0.824000	0.705990	0.724626	2.152432	0.405979	0.107430	2.762764
0.825000	0.504750	0.644409	0.280656	0.725832	0.586267	5.614589
0.826000	0.625817	0.804843	1.218545	-0.193343	-0.211794	-2.627205
0.827000	0.384088	0.444089	-0.815262	0.965209	0.825685	7.357648
0.828000	0.061782	0.163108	-3.159271	-0.033270	-0.052181	-1.198242
0.829000	0.907633	0.964834	2.934778	0.645942	0.546249	4.189577
0.830000	0.786566	0.924504	3.091923	0.206400	0.067642	1.019031
0.831000	0.263021	0.563750	-1.282777	0.566051	0.346848	3.713725
0.832000	0.303107	0.523420	-0.816147	0.446070	0.386866	2.762182
0.833000	0.504346	0.483090	0.276487	0.166601	-0.012393	0.067160
0.834000	0.705990	0.764071	1.374088	1.005300	0.626284	7.041073
0.835000	0.786162	0.964391	2.466803	-0.033270	-0.091970	-1.356775
0.836000	0.303107	0.402873	-0.972407	0.925410	0.586267	6.248974
0.837000	0.101464	0.282769	-3.313212	0.126510	0.027625	-0.248758
0.838000	0.826248	0.924061	3.403009	0.765923	0.546478	4.978635
0.839000	0.786162	0.884174	2.310383	0.126510	0.027625	-1.041439
0.840000	0.343193	0.522977	-0.657320	0.326089	0.147219	1.018702
0.841000	0.625009	0.643524	0.122626	0.805722	0.506461	5.773122
0.842000	0.181636	0.362543	-1.284291	-0.033270	-0.012164	-1.517038
0.843000	0.826652	0.924061	2.468325	0.965502	0.626284	6.564892
0.844000	0.826248	1.004278	3.091126	0.126803	0.067642	0.225692
0.845000	0.222126	0.402430	-1.906295	0.925410	0.626284	6.724336
0.846000	0.262617	0.442760	-2.533105	0.166601	0.067642	-0.088985
0.847000	0.786162	0.924061	3.557667	0.645942	0.506461	4.505004
0.848000	0.705585	0.883732	1.530348	0.326089	0.227484	1.495940
0.849000	0.342789	0.603194	-1.284131	0.086711	0.147448	-0.250068
0.850000	0.504346	0.603194	-0.346322	0.846106	0.666532	5.931908
0.851000	0.182040	0.402430	-2.221302	0.126803	0.027854	-0.248758
0.852000	0.785758	0.883732	2.308773	0.885904	0.546478	6.564892
0.853000	0.826248	0.923619	2.778606	0.126803	0.107660	0.227423
0.854000	0.222126	0.402430	-2.219700	0.885904	0.586496	6.882540
0.855000	0.342789	0.522534	-1.127951	0.086711	0.067872	-0.407873
0.856000	0.665095	0.642196	1.837346	0.566344	0.347308	3.711994
0.857000	0.745671	0.803072	2.154034	0.486454	0.307520	3.239511
0.858000	0.705585	0.763185	1.062285	0.206693	0.187696	0.543761
0.859000	0.342789	0.482205	-0.815262	0.646234	0.387326	4.347619
0.860000	0.342789	0.482205	-0.816067	0.286583	0.227714	0.860827
0.861000	0.826248	0.882846	3.245864	0.766216	0.507379	5.772464
0.862000	0.705181	0.803072	2.309578	0.246784	0.227714	0.703113
0.863000	0.423365	0.602751	-0.501777	0.686033	0.507379	4.982425
0.864000	0.544836	0.682525	0.590849	0.326674	0.267502	1.813189
0.865000	0.342789	0.361658	-0.191576	0.486454	0.267502	2.288060
0.866000	0.785758	0.842959	2.154203	0.486454	0.307520	2.920715
0.867000	0.745671	0.842959	1.374088	0.606143	0.387326	3.555192
0.868000	0.181636	0.361658	-1.750752	0.526546	0.267731	3.396567
0.869000	0.262212	0.482647	-1.283326	0.246784	0.187696	0.701054
0.870000	0.785758	0.803072	3.091126	0.726124	0.387555	5.298504
0.871000	0.503538	0.602751	0.280656	0.286876	0.307520	2.128616
0.872000	0.504346	0.762742	0.125113	0.406857	0.147907	1.969264
0.873000	0.504346	0.602751	0.278169	0.646527	0.586955	4.505333
0.874000	0.262212	0.321771	-1.753956	0.406857	0.307749	2.603320
0.875000	0.745671	0.923619	1.840629	0.406857	0.307520	2.288060
0.876000	0.665095	0.762742	1.841434	0.526546	0.347767	3.239274
0.877000	0.262212	0.522534	-1.439666	0.686326	0.307749	3.872258
0.878000	0.342789	0.522534	-0.347039	0.166894	0.187925	0.067488
0.879000	0.705181	0.722412	1.682599	0.526546	0.188155	3.078682
0.880000	0.584518	0.602751	0.278886	0.606436	0.427343	3.872258
0.881000	0.625009	0.883732	1.061400	0.367059	0.188155	1.969264
0.882000	0.382875	0.602751	-0.347119	0.566637	0.467591	3.555100
0.883000	0.222126	0.241554	-2.221302	0.606436	0.387555	3.713725
0.884000	0.866738	1.003836	3.559269	0.526546	0.267961	3.079830
0.885000	0.665095	0.883732	1.996978	0.446949	0.467591	2.920715
0.886000	0.464260	0.562864	-0.345517	0.367059	0.148367	2.762672
0.887000	0.423365	0.603194	0.278169	0.526546	0.387555	2.445774
0.888000	0.423365	0.522534	0.120944	0.127388	-0.011245	0.068890
0.889000	0.745671	0.883732	1.530428	0.726124	0.586955	4.347037
0.890000	0.786162	0.924061	2.468325	0.446949	0.267961	2.920386
0.891000	0.262617	0.442760	-1.283326	0.526546	0.347767	3.554281
0.892000	0.141550	0.362543	-2.533105	0.606436	0.467591	4.030462
0.893000	0.826248	0.883732	3.402124	0.367059	0.188155	2.445116
0.894000	0.665095	0.683411	0.906750	0.686619	0.547397	3.714053
0.895000	0.464260	0.603637	-0.345437	-0.072483	-0.090822	-0.882653
0.896000	0.423365	0.522977	-0.189974	0.806307	0.746797	5.297852
0.897000	0.222126	0.281884	-1.907897	0.087297	-0.131069	-0.248758
0.898000	0.746076	0.843845	1.997774	0.686326	0.507379	4.188504
0.899000	0.826248	1.044165	2.623063	0.447241	0.307979	3.078682
0.900000	0.182040	0.282769	-2.376040	0.686619	0.427803	4.347619
0.901000	0.262617	0.402873	-2.220505	0.567223	0.507609	4.029971
0.902000	0.826652	0.843845	3.089524	0.327260	0.068790	0.860498
0.903000	0.705585	0.843845	1.684369	0.886490	0.747026	6.091099
0.904000	0.544836	0.643524	-0.345437	-0.152080	-0.250664	-2.150604
0.905000	0.302703	0.483090	-0.816147	0.806307	0.666991	5.931747
0.906000	0.262617	0.442760	-1.283326	0.127388	0.028772	0.226604
0.907000	0.826652	1.004278	2.778438	0.646820	0.467820	4.345889
0.908000	0.665499	0.843845	1.841434	0.407150	0.228402	2.287403
0.909000	0.302703	0.522977	-1.284042	0.487040	0.348226	3.555192
0.910000	0.343193	0.483090	-1.127951	0.646820	0.467820	3.714053
0.911000	0.665095	0.643524	1.996889	-0.072190	-0.090822	-1.199061
0.912000	0.746076	0.924061	2.623063	0.926581	0.787044	7.041730
0.913000	0.665499	0.843845	1.687573	-0.032099	-0.090822	-1.357594
0.914000	0.182040	0.282769	-2.376845	0.766508	0.627662	5.456056
0.915000	0.343193	0.522977	-1.125552	0.127388	-0.050804	-0.090225
0.916000	0.987805	0.963949	3.560074	0.487040	0.388244	3.555192
0.917000	0.705585	0.683411	1.375690	0.487333	0.348456	3.238363
0.918000	0.383279	0.563307	-0.345517	0.207278	0.149285	0.702294
0.919000	0.262617	0.402873	-1.283326	0.926581	0.667680	6.565221
0.920000	0.383279	0.522977	-0.346314	-0.071898	-0.170398	-1.832956
0.921000	0.786162	0.924061	2.623063	0.926874	0.747715	6.882869
0.922000	0.665499	0.764071	1.218545	0.047791	0.029231	-0.247518
0.923000	0.101059	0.282769	-3.156784	0.886783	0.787504	6.724336
0.924000	0.343193	0.522977	-0.970805	0.007993	-0.050575	-0.725031
0.925000	0.866738	0.883732	2.933981	0.487333	0.388474	2.762764
0.926000	0.504346	0.683411	0.747923	0.527424	0.388474	3.080649
0.927000	0.544836	0.683411	0.125033	0.167480	0.069020	0.068399
0.928000	0.262617	0.483090	-0.970805	0.846984	0.667680	6.407599
0.929000	0.383279	0.482647	-0.502662	0.247663	0.069249	0.544580
0.930000	0.786162	0.883732	2.308773	0.886783	0.588103	6.565312
0.931000	0.544836	0.643081	1.061400	0.047791	-0.010557	-0.565495
0.932000	0.222531	0.442760	-1.907817	0.966673	0.708157	6.725247
0.933000	0.343193	0.643081	-0.347119	0.087883	0.029461	-0.724282
0.934000	0.786162	0.764071	2.776836	0.407443	0.229091	1.811642
0.935000	0.584518	0.683411	1.218545	0.567515	0.428491	3.872258
0.936000	0.665095	0.843845	1.530428	0.168065	0.069249	0.069219
0.937000	0.182040	0.442760	-1.753956	0.806893	0.628351	5.615500
0.938000	0.383279	0.442760	-0.502662	0.287754	0.189073	0.860498
0.939000	1.027891	1.004278	4.341703	0.966965	0.708157	7.198458
0.940000	0.342789	0.562864	-0.501857	0.128267	0.069249	-0.407291
0.941000	0.383279	0.563307	-0.502662	0.686911	0.508527	4.505004
0.942000	0.544836	0.603194	0.905140	0.247663	0.269109	1.653346
0.943000	0.423365	0.482647	0.278089	0.287754	0.229091	0.862320
0.944000	0.625009	0.763185	1.687573	0.527424	0.428491	3.396076
0.945000	0.665499	0.883732	1.530348	0.247663	0.149285	0.385136
0.946000	0.222126	0.442760	-1.749947	0.966965	0.668139	6.406359
0.947000	0.343193	0.482647	-0.971611	0.128267	0.149285	-0.089805
0.948000	0.826652	0.883732	3.090241	0.887076	0.508527	6.091352
0.949000	0.383279	0.603194	-0.031227	0.287754	0.189303	0.703113
0.950000	0.383279	0.603194	-0.658117	0.447534	0.189303	2.762182
0.951000	0.424174	0.522977	-0.190859	0.447534	0.308897	2.128708
0.952000	0.262212	0.362543	-1.284291	0.367644	0.308897	2.126977
0.953000	0.746076	0.883732	1.529543	0.487918	0.309127	3.080159
0.954000	0.705585	0.803072	1.687493	0.248248	0.189073	-0.090134
0.955000	0.222126	0.442760	-2.376040	0.767094	0.428950	4.982425
0.956000	0.464260	0.522977	-0.973212	0.208157	0.189303	0.385465
0.957000	0.625009	0.643081	1.681802	0.447827	0.269338	3.078191
0.958000	0.665499	0.883732	1.531313	0.567515	0.468509	3.238692
0.959000	0.625009	0.763185	0.278169	0.407735	0.349144	2.762182
0.960000	0.383279	0.482647	-0.347119	0.447827	0.269338	2.604468
0.961000	0.302703	0.442318	-0.972407	0.647698	0.588562	4.189415
0.962000	0.826248	0.923619	3.091126	0.447534	0.229321	2.763001
0.963000	0.705585	0.763185	1.374088	0.487625	0.309127	1.970504
0.964000	0.342789	0.483090	-0.657320	0.367937	0.149514	1.970994
0.965000	0.383279	0.522534	-0.189974	0.527717	0.428950	2.762839
0.966000	0.382875	0.482647	0.121024	0.208450	0.109726	0.543432
0.967000	0.745671	0.963949	2.000173	0.687790	0.428950	4.347619
0.968000	0.705585	0.883732	1.374088	0.447827	0.269338	2.445116
0.969000	0.181636	0.202110	-2.377642	0.487918	0.309127	2.604560
0.970000	0.343193	0.442760	-0.971611	0.487918	0.269338	2.919895
0.971000	0.866738	0.923619	3.248271	0.248248	0.189532	1.653017
0.972000	0.625009	0.763185	1.218553	0.527424	0.428950	3.238783
0.973000	0.464260	0.603194	-0.189177	-0.031513	-0.129692	-0.409021
0.974000	0.262617	0.442760	-1.440471	0.567515	0.508986	3.397316
0.975000	0.342789	0.402430	-0.503459	0.248248	0.229550	1.337590
0.976000	0.786162	1.004278	2.311260	0.607900	0.469198	3.871438
0.977000	0.665095	0.763185	1.374088	0.447827	0.309356	2.921626
0.978000	0.141550	0.202110	-3.157669	0.567515	0.389162	3.555192
0.979000	0.262617	0.522977	-1.751557	0.607900	0.428950	3.237872
0.980000	0.786162	0.843845	2.465918	0.248248	0.149744	0.543432
0.981000	0.544836	0.683411	0.749605	0.647698	0.549004	4.347129
0.982000	0.625009	0.843845	1.216943	0.048670	-0.089445	-0.564676
0.983000	0.141550	0.202110	-2.534787	0.647698	0.508986	4.029152
0.984000	0.464260	0.522977	-0.190859	0.328431	0.189762	1.969426
0.985000	1.068382	1.124382	4.340898	0.607900	0.508986	4.187685
0.986000	0.343193	0.563307	-0.345517	0.487918	0.349374	3.078100
0.987000	0.222126	0.442760	-1.596811	0.448120	0.269568	2.604560
0.988000	0.464260	0.603194	-0.033634	0.687790	0.509216	4.187685
0.989000	0.665499	0.643081	1.684289	-0.031513	-0.089445	-0.881903
0.990000	0.665499	0.763185	1.374000	0.807771	0.668598	6.090279
0.991000	0.705585	0.843845	1.686688	-0.111111	-0.209269	-1.356775
0.992000	0.101464	0.202110	-3.626617	0.767680	0.668598	4.981115
0.993000	0.504346	0.562864	-0.033714	0.168651	0.030379	0.860827
0.994000	1.068382	1.124382	4.652701	0.647991	0.469198	3.871438
0.995000	0.342789	0.442760	-0.970637	0.368522	0.269568	2.761034
0.996000	0.383279	0.563307	-1.126180	0.288340	0.110185	1.652198
0.997000	0.383279	0.562864	-0.346322	0.807771	0.629039	5.457296
0.998000	0.423365	0.562864	0.436916	0.008871	-0.129233	-1.675242
0.999000	0.786162	0.843845	1.997854	1.087533	0.788422	7.041493
1.000000	0.585327	0.643524	1.061400	-0.071312	-0.209269	-1.990669
1.001000	0.060973	0.282769	-3.625732	0.927460	0.669057	6.407599
1.002000	0.423365	0.522977	-0.347119	0.128560	0.030379	-0.247518
1.003000	0.866738	0.963949	3.871072	0.448120	0.389621	3.079339
1.004000	0.383279	0.563307	-1.127146	0.528302	0.389621	3.396987
1.005000	0.423365	0.603194	-0.345517	0.248541	0.110185	1.179386
1.006000	0.342789	0.442318	-0.658922	0.807771	0.629039	5.773542
1.007000	0.423365	0.522977	0.278169	0.088468	-0.009639	-0.565495
1.008000	0.826652	0.883732	2.778438	0.847862	0.669057	6.883289
1.009000	0.343193	0.522977	-0.189974	0.088761	0.030379	-0.406051
1.010000	0.343193	0.483090	-1.437267	0.807771	0.629039	6.406779
1.011000	0.383279	0.563307	-0.034519	0.168651	0.070397	0.226021
1.012000	0.826248	0.643081	2.465121	0.208450	0.150203	0.858860
1.013000	0.665499	0.724183	0.280656	0.647991	0.469427	4.030391
1.014000	0.625009	0.643081	0.905865	0.088761	-0.009409	-0.249249
1.015000	0.302703	0.442760	-0.970805	0.967258	0.669057	6.725576
1.016000	0.544836	0.562864	0.589973	0.088761	0.070397	-0.406213
1.017000	0.866738	1.004278	3.715529	0.847862	0.669057	6.723516
1.018000	0.262617	0.483090	-1.126180	0.048670	0.030609	-0.564838
1.019000	0.302703	0.522977	-0.969840	0.688082	0.429639	4.346800
1.020000	0.504346	0.522977	0.278169	0.288632	0.190221	1.496781
1.021000	0.504346	0.562864	0.436836	0.128852	0.110415	0.069311
1.022000	0.705585	0.843845	1.219430	0.728174	0.549463	4.665688
1.023000	0.544836	0.683411	0.434429	0.089054	0.110415	-0.249249
1.024000	0.141954	0.281884	-2.218895	0.967551	0.669057	6.565312
1.025000	0.504346	0.643081	0.121829	0.088761	0.070626	-0.406962
1.026000	0.746076	0.843845	2.309578	0.808064	0.589481	5.931908
1.027000	0.464260	0.643524	-0.501857	0.288632	0.189762	0.226113
1.028000	0.464260	0.683411	-0.189177	0.608192	0.349833	3.396987
1.029000	0.383279	0.483090	-0.659807	0.368522	0.270257	2.128125
1.030000	0.544836	0.563307	-0.347924	0.288632	0.349833	1.336280
1.031000	0.867547	0.924504	2.466803	0.648284	0.429639	3.714636
1.032000	0.544836	0.643524	0.121829	0.128852	0.070397	0.226113
1.033000	0.263021	0.323099	-2.219700	0.688082	0.549463	4.823892
1.034000	0.665499	0.603637	1.369999	0.248541	0.309586	0.700073
1.035000	0.504750	0.643524	0.434429	0.488797	0.349833	3.553461
1.036000	0.625009	0.804400	1.374973	0.448120	0.429639	2.602738
1.037000	0.585327	0.724183	1.060683	0.368522	0.190221	1.811971
1.038000	0.182040	0.282769	-2.221382	0.448705	0.349833	2.921626
1.039000	0.544836	0.603637	0.589973	0.328431	0.389621	1.970175
1.040000	0.987805	1.044608	4.029819	0.528302	0.389621	3.555520
1.041000	0.343193	0.563750	-0.031227	0.288340	0.309586	1.176254
1.042000	0.262617	0.483533	-2.064157	0.568394	0.269797	3.554044
1.043000	0.424174	0.483090	0.278169	0.448120	0.349833	1.337919
1.044000	0.504346	0.563307	-0.189974	0.528302	0.349833	2.920478
1.045000	0.746076	0.884174	1.998579	0.607900	0.429639	3.713234
1.046000	0.746076	0.804400	2.623063	0.568101	0.309586	3.079339
1.047000	-0.019199	0.202995	-3.781275	0.647991	0.429639	3.713725
1.048000	0.504750	0.563750	0.278886	0.487918	0.429410	3.237543
1.049000	0.988209	1.045051	4.029899	0.368522	0.150203	3.079830
1.050000	0.384088	0.563750	-0.813660	0.248541	0.269568	0.702623
1.051000	0.303107	0.403759	-1.750752	0.328431	0.110415	2.286583
1.052000	0.303107	0.403759	-0.504264	0.568101	0.429410	3.397316
1.053000	0.424174	0.563750	-0.345517	0.368522	0.269797	2.604560
1.054000	0.948123	1.005164	3.248271	0.568101	0.429639	3.871438
1.055000	0.625817	0.764513	1.840629	0.568101	0.429410	3.713234
1.056000	0.021696	0.243325	-3.627334	0.328431	0.189762	1.969426
1.057000	0.625817	0.724626	0.902653	0.647991	0.549004	4.188924
1.058000	0.907633	0.885060	3.091046	0.168651	-0.009409	0.542521
1.059000	0.464664	0.684739	-0.813660	0.647991	0.509216	3.238783
1.060000	0.545241	0.684296	0.433713	0.128560	-0.009409	0.068071
1.061000	0.222935	0.323542	-1.751557	0.647991	0.509216	3.396076
1.062000	0.625817	0.684739	1.373203	0.408028	0.269797	2.445116
1.063000	1.028700	1.125268	4.340898	0.568101	0.389621	3.553790
1.064000	0.464664	0.644409	0.436119	0.607900	0.429410	3.713725
1.065000	0.182444	0.323985	-2.219700	0.248541	0.110185	1.493994
1.066000	0.625817	0.724626	1.684289	0.727881	0.589022	4.663866
1.067000	0.746480	0.764956	2.309578	-0.071312	-0.129233	-1.197821
1.068000	0.505155	0.725069	0.280656	0.807771	0.668598	5.455237
1.069000	0.625817	0.644409	0.902653	0.088761	-0.089445	-0.881903
1.070000	0.021696	0.243768	-3.157669	0.687790	0.549004	4.982754
1.071000	0.705990	0.764956	1.686608	0.408028	0.150203	2.446027
1.072000	1.028700	1.045494	4.186079	0.608192	0.389621	3.079339
1.073000	0.344002	0.404202	-1.282520	0.568101	0.429410	3.713234
1.074000	0.142762	0.404202	-2.062555	0.208450	0.110185	0.543761
1.075000	0.464664	0.604522	0.278169	0.887368	0.669057	5.932566
1.076000	0.626221	0.725069	1.217668	-0.030928	-0.049427	-1.673512
1.077000	0.666308	0.925390	1.374885	0.807771	0.708616	5.932658
1.078000	0.505155	0.644852	-0.033714	0.128560	-0.009639	0.385136
1.079000	0.021696	0.203438	-3.626617	0.607900	0.429410	3.237635
1.080000	0.625817	0.805286	1.997774	0.448120	0.269568	2.128708
1.081000	0.867547	0.845173	3.247386	0.448120	0.150203	1.971905
1.082000	0.222935	0.524748	-2.062555	0.688082	0.549233	4.982754
1.083000	0.424578	0.644852	-0.658922	0.128560	0.030379	-0.407782
1.084000	0.344002	0.404202	-0.972407	0.927460	0.748634	6.882049
1.085000	0.746480	0.764956	1.997694	0.048670	-0.009639	-1.199061
1.086000	0.867547	0.885503	2.935583	0.927460	0.748634	6.724756
1.087000	0.384492	0.444089	-0.659002	0.168651	0.070397	0.703113
1.088000	0.222935	0.404202	-2.219700	0.528302	0.429410	3.237635
1.089000	0.746480	0.804843	2.464952	0.368522	0.309586	2.604468
1.090000	0.585731	0.725069	1.840549	0.208742	0.070168	0.226113
1.091000	0.384492	0.644852	-1.126180	1.087533	0.868458	7.042733
1.092000	0.666308	0.805729	1.374088	0.088761	-0.009409	-0.881903
1.093000	0.062186	0.283655	-2.689445	1.127331	0.948264	8.149019
1.094000	0.666308	0.804843	1.686608	0.048670	-0.009409	-0.724028
1.095000	0.948123	0.965720	3.403726	1.047734	0.868458	7.359470
1.096000	0.142762	0.323985	-2.218815	0.048670	-0.009409	-1.040199
1.097000	0.344002	0.444089	-0.970805	0.568101	0.429410	2.763185
1.098000	0.545241	0.684739	2.309409	0.448120	0.389621	3.079830
1.099000	0.464664	0.604522	0.282178	0.088761	0.110185	-0.247680
1.100000	0.545241	0.804843	0.437721	0.967551	0.669057	6.407599
1.101000	0.626221	0.805286	1.530348	0.168651	-0.009409	-0.249249
1.102000	0.102272	0.323985	-3.157669	0.847862	0.749093	6.882960
1.103000	0.666308	0.845173	2.309578	0.168651	0.110415	0.069639
1.104000	0.908037	1.045494	3.247466	0.847862	0.549463	6.407599
1.105000	0.222935	0.444089	-2.063360	0.208742	0.150203	-0.088985
1.106000	0.545645	0.684739	0.122626	0.448120	0.389851	2.603741
1.107000	0.585327	0.563750	0.589087	0.648284	0.429639	3.871767
1.108000	0.464664	0.644852	0.281373	0.129145	0.070397	-0.089805
1.109000	0.747288	0.965720	1.686608	0.728174	0.509675	5.140629
1.110000	0.464664	0.604522	0.122626	0.328724	0.270257	1.812790
1.111000	0.182444	0.363872	-2.689445	0.728174	0.469657	5.456967
1.112000	0.786566	0.845173	2.777641	0.208742	0.270257	0.068728
1.113000	0.705990	0.764956	1.997694	0.448120	0.349833	3.237543
1.114000	0.424578	0.684739	-0.031227	0.528302	0.429869	2.921626
1.115000	0.505155	0.684739	0.434429	0.288632	0.190221	1.811971
1.116000	0.222935	0.363872	-1.128747	0.608192	0.389851	3.872258
1.117000	0.585731	0.684739	0.593176	0.208742	0.110415	0.700984
1.118000	0.988614	1.085381	3.406133	0.688375	0.469657	4.823892
1.119000	0.424578	0.444089	-0.343827	0.208742	0.270257	0.385886
1.120000	0.263021	0.404202	-2.531584	0.648284	0.429869	4.505004
1.121000	0.746480	0.725069	2.465758	0.448705	0.389851	2.762182
1.122000	0.585731	0.764956	1.063727	0.368522	0.190221	2.128708
1.123000	0.545645	0.805286	-0.031227	0.568394	0.389851	3.237872
1.124000	0.545241	0.684739	0.748720	0.448120	0.429869	2.921626
1.125000	0.062186	0.243768	-2.844989	0.568394	0.389851	3.554609
1.126000	0.625817	0.764956	1.530348	0.368522	0.469657	1.811060
1.127000	0.908037	1.045494	3.404531	0.568394	0.270486	3.238126
1.128000	0.464664	0.644409	-0.501777	0.368522	0.389851	1.335116
1.129000	0.222935	0.363872	-1.907100	0.408907	0.230468	2.446027
1.130000	0.465068	0.524748	0.589892	0.608192	0.509445	3.555520
1.131000	0.626221	0.805286	1.374805	0.448705	0.270257	2.604560
1.132000	0.747288	0.965720	1.686688	0.568101	0.389851	2.762182
1.133000	0.465068	0.604522	0.120944	0.648284	0.549463	4.505333
1.134000	0.021696	0.283655	-3.470357	0.208742	0.030838	1.017392
1.135000	0.827461	0.845173	2.934698	0.568101	0.549463	3.237543
1.136000	0.746480	0.805286	2.309578	0.049255	-0.129003	-0.407291
1.137000	0.465068	0.684739	0.282178	0.688082	0.549463	4.188924
1.138000	0.465068	0.604522	-0.344800	0.288632	0.110644	0.702785
1.139000	0.222935	0.323985	-1.284291	0.767972	0.589481	5.298181
1.140000	0.867951	0.845173	2.935583	0.568394	0.429869	3.078682
1.141000	0.948123	1.126153	3.405416	0.528302	0.389851	3.237543
1.142000	0.263021	0.363872	-1.438232	0.648284	0.469657	3.713234
1.143000	0.102272	0.364315	-2.687844	0.208742	0.070626	0.226604
1.144000	0.948527	0.965720	3.560791	0.767972	0.709305	5.774033
1.145000	0.625817	0.764956	1.061408	-0.030928	-0.049197	-0.723371
1.146000	0.424982	0.565078	-0.187567	0.727881	0.589481	4.347129
1.147000	0.585731	0.685182	0.748720	0.288632	0.150433	1.494813
1.148000	0.021696	0.163551	-2.531584	0.648284	0.469657	4.507484
1.149000	0.827461	0.925390	2.779243	0.568394	0.389621	3.396987
1.150000	0.746480	0.885503	2.466723	0.368522	0.270257	2.604560
1.151000	0.102272	0.284098	-2.688729	0.688082	0.549463	4.505661
1.152000	0.142762	0.444974	-2.531584	0.008871	-0.129003	-1.199880
1.153000	0.666308	0.685182	2.464952	0.847862	0.828669	6.723845
1.154000	0.585731	0.764956	0.748720	-0.030928	-0.129003	-1.040528
1.155000	0.424982	0.565078	-0.189974	0.648284	0.509445	4.345819
1.156000	0.465068	0.644852	-0.190054	0.448705	0.270257	2.128708
1.157000	0.062186	0.284098	-3.469472	0.328724	0.190221	1.812461
1.158000	0.867547	0.885503	3.090241	0.568394	0.469657	3.555520
1.159000	0.746480	0.805286	2.622098	0.168944	0.030609	0.227515
1.160000	0.142762	0.364315	-2.218984	0.847862	0.789111	6.249723
1.161000	0.505155	0.725069	0.122626	0.009164	-0.049197	-1.357594
1.162000	0.505155	0.524748	0.900979	0.968137	0.789111	7.201266
1.163000	0.666308	0.764956	1.841434	0.009164	-0.128774	-1.356775
1.164000	0.545645	0.805286	1.063010	0.728174	0.589481	5.298763
1.165000	0.424578	0.524748	-0.815431	0.168944	0.030838	0.542850
1.166000	0.303915	0.364315	-2.220497	0.568394	0.350292	2.443386
1.167000	0.948123	0.804843	4.028218	0.608485	0.469886	3.555520
1.168000	0.827461	0.804843	2.468325	0.009164	-0.048968	-0.881903
1.169000	0.222935	0.484861	-1.906295	0.928338	0.749322	6.565312
1.170000	0.585731	0.684739	0.592379	0.048962	-0.048968	-0.881903
1.171000	0.344002	0.323985	-1.127951	0.928338	0.669516	6.565312
1.172000	0.585731	0.765399	1.530348	0.089054	-0.008950	-0.880992
1.173000	0.747288	0.885503	2.154839	0.848155	0.629728	5.298763
1.174000	0.222935	0.444089	-1.122977	0.168944	0.110644	0.068728
1.175000	0.344002	0.444089	-1.906295	0.288925	0.190680	1.494323
1.176000	0.827461	0.804843	2.620496	0.688375	0.429869	4.030553
1.177000	0.585731	0.725069	0.748720	0.249127	0.190680	0.385557
1.178000	0.424578	0.725069	-0.187487	0.848155	0.629728	6.091191
1.179000	0.505155	0.644852	0.592379	0.248834	0.190910	0.544580
1.180000	0.344002	0.403759	-1.128747	0.768265	0.549692	6.089622
1.181000	0.585731	0.805286	1.686688	0.129145	0.070856	-0.249249
1.182000	0.867547	0.885503	2.310383	0.688375	0.390310	4.188596
1.183000	0.344002	0.565078	-1.126180	0.448998	0.310504	2.604306
1.184000	0.465068	0.685182	-0.189974	0.168944	0.150892	-0.248338
1.185000	0.505155	0.604522	0.900174	0.728467	0.430328	4.824221
1.186000	0.585731	0.725069	0.904980	0.249127	0.190910	0.543761
1.187000	0.585731	0.845616	1.375690	0.848741	0.629958	6.249066
1.188000	0.384492	0.484861	-0.501857	0.169237	0.230468	0.384646
1.189000	0.303915	0.444089	-1.438232	0.848155	0.510363	5.298763
1.190000	0.827461	0.885060	2.779243	0.209328	0.190910	0.544090
1.191000	0.666308	0.725069	1.528754	0.409199	0.310733	2.762931
1.192000	0.505155	0.644852	0.125113	0.489089	0.350522	2.762931
1.193000	0.545645	0.685182	0.436916	0.209035	0.230698	1.178076
1.194000	0.263021	0.404202	-0.816147	0.609071	0.390539	4.029971
1.195000	0.666308	0.845173	1.686608	0.168944	0.150892	0.069639
1.196000	0.747288	0.845616	1.844638	0.768558	0.510363	5.773375
1.197000	0.182444	0.404202	-1.438781	0.169237	0.230698	0.228172
1.198000	0.384492	0.524748	-0.970805	0.528888	0.350751	3.872349
1.199000	0.908037	0.845173	2.622098	0.529181	0.509904	2.921718
1.200000	0.545645	0.725512	0.594061	0.448998	0.350522	2.762274
1.201000	0.586135	0.765399	0.750321	0.409199	0.310733	2.128217
1.202000	0.384896	0.565078	-0.502662	0.448998	0.390539	2.920898
1.203000	0.102676	0.244211	-3.003011	0.409199	0.191139	2.604560
1.204000	0.827461	0.885503	1.530348	0.249127	0.270716	0.544419
1.205000	0.747288	0.885503	2.779243	0.489089	0.230927	2.921389
1.206000	0.303915	0.364315	-2.219700	0.568979	0.510593	3.396076
1.207000	0.223743	0.364315	-1.907897	0.409199	0.230927	1.653017
1.208000	0.626221	0.765399	1.840549	0.688668	0.510593	4.347129
1.209000	0.545645	0.725512	0.750321	0.409492	0.310733	2.288152
1.210000	0.707202	0.845616	1.530348	0.448998	0.230927	1.970175
1.211000	0.303915	0.484861	-1.595377	0.528888	0.510363	3.555030
1.212000	0.102676	0.243768	-2.376040	0.209328	0.111333	1.494813
1.213000	1.029104	1.166483	4.028934	0.489089	0.430328	2.288152
1.214000	0.787779	0.885503	2.154839	0.169237	0.031757	0.704935
1.215000	0.303915	0.484861	-1.438232	0.728759	0.510363	4.188596
1.216000	0.465068	0.525191	-0.345517	0.289511	0.151121	1.494813
1.217000	0.465068	0.565078	0.433632	0.649162	0.470575	3.871859
1.218000	0.827461	0.846059	1.842159	0.529181	0.430787	3.554701
1.219000	0.707202	0.885946	1.687493	0.409492	0.151351	2.128050
1.220000	0.142762	0.405087	-2.062635	0.529181	0.470575	3.555030
1.221000	0.303915	0.444974	-2.219700	0.049841	-0.087838	-0.407782
1.222000	1.069190	1.046379	3.872674	0.728759	0.630417	4.981444
1.223000	0.586135	0.725512	1.531233	0.010042	-0.008032	-0.246607
1.224000	0.384492	0.524748	-0.970000	0.529181	0.510593	3.871767
1.225000	0.424982	0.525191	-0.502662	0.489382	0.390999	3.395840
1.226000	0.344406	0.484861	-0.813740	0.449291	0.351210	2.762274
1.227000	0.867951	0.966605	2.468325	0.568979	0.510593	3.870947
1.228000	0.545645	0.765842	1.062125	0.249712	0.031757	0.545912
1.229000	0.142762	0.324428	-3.000524	0.928631	0.750011	6.091191
1.230000	0.183657	0.405087	-2.688729	-0.229628	-0.287697	-3.574284
1.231000	0.908037	0.845616	3.403646	1.048612	0.829817	7.200118
1.232000	0.626221	0.725512	0.905865	0.010042	-0.048049	-0.881903
1.233000	0.424982	0.525634	-0.813660	0.529181	0.550611	3.713234
1.234000	0.384492	0.525634	-0.659002	0.489382	0.351210	2.763185
1.235000	0.465473	0.525191	-0.345517	0.489382	0.231386	2.763185
1.236000	0.867951	1.006492	3.248183	0.569272	0.470805	3.713234
1.237000	0.505559	0.645738	0.591663	0.010042	-0.008032	-1.040436
1.238000	0.344406	0.525191	-1.438232	0.968722	0.790029	6.883289
1.239000	0.384896	0.565521	-0.502662	-0.149738	-0.207662	-2.466430
1.240000	0.626221	0.725512	2.464952	0.968722	0.790029	6.882470
1.241000	0.787779	0.846059	2.154919	0.089932	-0.007802	-0.089805
1.242000	0.424982	0.605408	0.281293	0.569272	0.471034	3.712997
1.243000	0.384492	0.525191	-0.813740	0.329602	0.231386	1.336609
1.244000	0.505559	0.605408	-0.033714	0.249712	0.111792	1.493994
1.245000	0.989018	1.006492	3.559189	0.888832	0.550840	5.457296
1.246000	0.505155	0.605408	-0.032024	0.050133	0.031986	-0.880992
1.247000	0.384492	0.565521	-0.813660	0.888832	0.670664	6.091191
1.248000	0.465068	0.605408	0.279859	0.050133	0.071774	-0.089805
1.249000	0.465068	0.484861	0.122546	0.808942	0.590858	5.773542
1.250000	0.747692	0.885946	1.843753	0.050133	-0.047820	-0.248429
1.251000	0.586135	0.725512	0.748720	0.529474	0.471034	3.237307
1.252000	0.142762	0.324428	-2.531575	0.449584	0.351210	2.604560
1.253000	0.424982	0.565078	-0.190062	0.010042	-0.007802	-1.356354
1.254000	0.747288	0.805286	2.778358	0.969015	0.630646	6.724756
1.255000	0.424982	0.605408	-0.187567	0.169529	0.031986	0.227024
1.256000	0.546049	0.725512	0.436916	0.849034	0.630876	5.457296
1.257000	0.465068	0.565078	-0.034511	0.329602	0.151810	0.700984
1.258000	0.303915	0.484861	-0.816147	0.809528	0.590858	5.773214
1.259000	0.867951	0.925833	2.466554	0.050133	0.072004	-0.723371
1.260000	0.545645	0.805729	0.748720	0.409492	0.391228	1.811152
1.261000	0.344406	0.364315	-1.281087	0.529474	0.391228	3.554701
1.262000	0.465068	0.644852	-0.190062	0.170115	0.072004	-0.564746
1.263000	0.707202	0.764956	1.684289	0.889125	0.551070	5.773214
1.264000	0.747288	0.845616	1.687493	0.369694	0.351440	1.652856
1.265000	0.747288	0.885503	2.153229	0.889125	0.590858	6.249977
1.266000	0.424578	0.404202	-0.970805	0.050133	0.111792	-0.406213
1.267000	0.424578	0.524748	-0.190859	0.689546	0.551070	5.139319
1.268000	0.989018	0.965720	3.873559	0.369694	0.231386	1.021182
1.269000	0.585731	0.765399	0.593345	0.369694	0.311422	1.811971
1.270000	0.384492	0.524748	-0.815262	0.489675	0.351440	3.396076
1.271000	0.545645	0.644852	0.593176	0.329602	0.311422	1.496053
1.272000	0.585731	0.685182	0.904263	0.569565	0.391458	4.191237
1.273000	0.747288	0.845616	2.154919	0.289804	0.311422	1.336609
1.274000	0.666308	0.885503	2.311179	0.689546	0.431475	4.980786
1.275000	0.222935	0.243768	-2.531575	0.409785	0.351440	1.495142
1.276000	0.384492	0.364315	-1.597616	0.369986	0.271863	2.604560
1.277000	0.907633	0.925390	3.716414	0.529474	0.431475	3.079431
1.278000	0.626221	0.764956	0.906670	0.529766	0.391458	2.921718
1.279000	0.344002	0.484861	-0.970886	0.409785	0.351440	2.605218
1.280000	0.344002	0.404202	-0.814545	0.409785	0.271863	1.654257
1.281000	0.505155	0.644409	0.125033	0.649748	0.351899	4.507155
1.282000	0.787779	0.965720	1.843753	0.289804	0.192057	0.544090
1.283000	0.867547	0.845173	2.154034	0.489675	0.272093	3.237635
1.284000	0.062186	0.284098	-3.156784	0.649748	0.551070	4.030391
1.285000	0.344002	0.524748	-1.594412	0.409785	0.271863	1.811971
1.286000	0.867951	0.925390	3.091126	0.489675	0.471264	2.762274
1.287000	0.545241	0.805286	0.905148	0.529766	0.471264	3.870947
1.288000	0.505155	0.725069	-0.502662	0.410078	0.311881	2.446847
1.289000	0.303915	0.363872	-0.971691	0.289804	0.272093	1.177586
1.290000	0.545241	0.684739	0.278169	0.410078	0.192287	2.763185
1.291000	0.908037	0.965720	3.403646	0.409785	0.391458	1.970994
1.292000	0.505155	0.644852	0.280576	0.250298	0.072233	1.336280
1.293000	0.062186	0.323985	-2.376040	0.729638	0.551299	4.188596
1.294000	0.384492	0.484861	-0.502662	0.489968	0.271863	3.237635
1.295000	0.867951	0.764956	2.622098	0.489675	0.391458	2.919987
1.296000	0.747288	0.845616	1.843833	0.689546	0.471493	3.870947
1.297000	0.585731	0.764956	1.061408	0.369986	0.152269	1.653438
1.298000	0.102272	0.284098	-2.688729	0.489675	0.471264	3.079431
1.299000	0.585731	0.684739	1.373203	0.010335	-0.087379	-0.248338
1.300000	0.988614	0.965720	4.028218	0.769436	0.710912	4.822911
1.301000	0.424578	0.524748	-0.655710	0.250298	0.112481	1.020853
1.302000	0.424578	0.565078	-0.187487	0.729638	0.511281	4.030391
1.303000	0.384492	0.524748	-0.502662	0.449876	0.351899	3.396497
1.304000	0.585731	0.685182	1.061328	0.529766	0.312111	3.397079
1.305000	0.747288	1.006492	2.468325	0.609949	0.471493	3.396497
1.306000	0.545645	0.685182	0.749605	0.050133	-0.007343	-0.248666
1.307000	0.142762	0.323985	-2.374438	0.969015	0.830735	6.250635
1.308000	0.586135	0.685182	0.904980	-0.149152	-0.127167	-1.990831
1.309000	0.867951	0.925833	3.560074	0.729638	0.591088	4.981115
1.310000	0.303915	0.524748	-1.437267	0.250298	0.112481	0.862649
1.311000	0.465068	0.685182	-0.657320	0.649748	0.511281	4.030063
1.312000	0.424578	0.565078	-0.033714	0.449876	0.431475	2.921718
1.313000	0.545645	0.644852	0.748720	0.489675	0.272093	2.921389
1.314000	0.908037	0.925833	2.466723	0.769729	0.631335	4.983665
1.315000	0.505559	0.644852	0.280576	-0.069555	-0.127167	-1.675150
1.316000	0.223743	0.324428	-2.062555	0.929217	0.830735	7.041003
1.317000	0.586135	0.725069	1.215253	0.090518	-0.087379	-0.722460
1.318000	0.545241	0.725512	1.686608	0.689546	0.551070	4.345490
1.319000	0.585731	0.765399	0.437721	0.250298	0.192287	0.862978
1.320000	0.546049	0.725512	0.749436	0.449876	0.272093	2.446027
1.321000	0.344002	0.404202	-0.972407	0.609949	0.471493	3.554701
1.322000	0.666308	0.725069	1.684289	0.170115	0.112481	0.227024
1.323000	0.989018	1.046379	3.873559	0.969308	0.710912	7.041914
1.324000	0.465068	0.644852	-0.186770	0.010335	-0.007343	-1.040436
1.325000	0.303915	0.484861	-1.750752	0.889711	0.750929	6.407437
1.326000	0.666308	0.685182	1.996889	0.170408	0.152269	0.385557
1.327000	0.505155	0.605408	0.592379	0.809528	0.631335	5.774125
1.328000	0.707202	0.885946	1.531950	0.090518	0.072693	-0.406213
1.329000	0.747288	0.845616	2.623699	0.289804	0.192287	1.810731
1.330000	-0.018391	0.244211	-2.843379	0.769729	0.631335	5.298763
1.331000	0.545241	0.685182	0.278089	0.010335	-0.047361	-1.198640
1.332000	0.867951	0.925833	3.404531	0.969308	0.751159	6.724756
1.333000	0.384492	0.725512	-0.810457	0.250298	0.112481	0.227024
1.334000	0.424578	0.565078	-0.501857	0.969308	0.751159	6.882470
1.335000	0.545645	0.565078	-0.033714	-0.029464	-0.007343	-1.040108
1.336000	0.465068	0.565078	-0.501777	0.889125	0.711141	6.090371
1.337000	0.827461	0.925833	1.843833	0.170700	0.152499	0.068728
1.338000	0.747288	0.805286	2.311179	0.210499	0.192287	0.384247
1.339000	0.062186	0.284098	-3.000524	0.849619	0.551299	5.457296
1.340000	0.505559	0.685182	0.120944	0.250298	0.152269	0.227353
1.341000	0.948527	0.885503	3.091763	0.809528	0.631335	5.774454
1.342000	0.505155	0.765399	0.280656	0.250298	0.192287	1.019872
1.343000	0.505559	0.685182	-0.189257	0.889711	0.671353	6.406779
1.344000	0.303915	0.364315	-1.285893	0.090518	0.032445	-1.040927
1.345000	0.747288	0.765399	1.841434	0.649748	0.391917	4.030063
1.346000	0.948527	1.046379	3.716334	0.529766	0.391917	3.397316
1.347000	0.465068	0.684739	1.060523	0.210499	0.232305	0.229175
1.348000	0.102272	0.324428	-3.157669	0.650041	0.431935	4.346800
1.349000	0.545645	0.644852	1.058913	0.290389	0.232305	1.336609
1.350000	0.786566	0.845616	2.309578	0.849912	0.671353	6.090371
1.351000	0.625817	0.805286	1.062930	0.130609	0.112481	-0.088894
1.352000	0.585731	0.685182	0.905865	0.769729	0.511970	5.300003
1.353000	0.102272	0.243768	-3.000524	0.290389	0.351899	1.970504
1.354000	0.586135	0.725069	1.530348	0.290389	0.192517	1.654257
1.355000	0.908037	1.045494	3.560074	0.449876	0.312111	2.445865
1.356000	0.263021	0.364315	-1.126180	0.290389	0.232305	1.178076
1.357000	0.384492	0.444089	-1.906295	0.729931	0.431935	4.507155
1.358000	0.424578	0.484861	-0.033714	0.130609	0.232305	0.067909
1.359000	0.705990	0.764956	1.843753	0.769729	0.551988	6.566224
1.360000	0.747288	0.925390	1.687493	0.210499	0.152499	0.544090
1.361000	0.505155	0.644852	0.436916	0.410078	0.232305	2.287333
1.362000	0.102272	0.243768	-3.937615	0.650041	0.431935	3.554701
1.363000	0.666308	0.845173	1.997694	0.649748	0.391917	3.554701
1.364000	0.908037	1.005164	4.029819	0.410078	0.232305	2.128708
1.365000	0.142762	0.484861	-2.219700	0.410078	0.312340	2.128800
1.366000	0.384492	0.565078	-0.813660	0.609949	0.272552	4.189086
1.367000	0.344002	0.364315	-1.127951	0.210499	0.272322	-0.089967
1.368000	0.626221	0.725069	1.060523	0.450169	0.192517	3.237635
1.369000	0.948527	1.046379	3.090241	0.689839	0.631335	4.349279
1.370000	0.303915	0.525191	-1.127951	0.369986	0.192517	1.811642
1.371000	0.222935	0.404202	-2.531584	0.609949	0.431935	3.555520
1.372000	0.827461	0.845616	3.246501	0.489968	0.391917	3.554701
1.373000	0.827461	0.805286	2.778438	0.449876	0.192517	1.811642
1.374000	0.424578	0.604522	-0.345517	0.449876	0.511511	2.920645
1.375000	0.545645	0.725069	1.372494	0.250590	0.072922	1.336280
1.376000	0.222935	0.323985	-2.220585	0.610242	0.591547	3.396497
1.377000	0.585731	0.644852	1.060523	0.051012	-0.046672	-0.248666
1.378000	0.988614	1.125268	4.653506	0.769729	0.551988	4.030391
1.379000	0.222935	0.364315	-1.906295	0.370572	0.232534	2.287333
1.380000	0.384088	0.565078	-0.970805	0.610242	0.511970	4.188596
1.381000	0.666308	0.805286	2.622098	0.530352	0.352358	2.445865
1.382000	0.545241	0.725069	0.905865	0.370572	0.232764	2.287333
1.383000	0.585731	0.805286	0.593265	0.729931	0.551988	4.030391
1.384000	0.666308	0.724626	1.062125	-0.109061	-0.086460	-1.516289
1.385000	0.102272	0.243768	-3.000524	0.729931	0.592006	5.140068
1.386000	0.505155	0.684739	0.278089	0.170993	0.033364	-0.248666
1.387000	0.867547	0.845173	3.091843	0.530352	0.392606	3.238783
1.388000	0.303915	0.444089	-2.217293	0.610242	0.432394	3.237635
1.389000	0.384492	0.644409	-1.126180	0.570443	0.432394	3.079922
1.390000	0.585731	0.684739	1.058913	0.610242	0.392606	3.396497
1.391000	0.464664	0.604522	-0.189257	0.130902	-0.046442	-0.723279
1.392000	0.747288	0.845616	1.686688	0.969894	0.831424	6.724594
1.393000	0.585731	0.684739	0.593176	-0.028878	-0.126248	-2.308226
1.394000	0.062186	0.364315	-2.376040	0.729931	0.671582	5.138828
1.395000	0.666308	0.725069	1.059629	0.290682	0.073381	1.336280
1.396000	0.666308	0.805286	2.779243	0.610242	0.472182	3.079431
1.397000	0.424578	0.685182	-0.813660	0.530352	0.312570	2.921718
1.398000	0.585731	0.764956	0.278089	0.330773	0.232764	1.653438
1.399000	0.303915	0.404202	-0.816147	0.729931	0.592006	5.456967
1.400000	0.626221	0.685182	0.748720	-0.069262	-0.046442	-1.833354
1.401000	0.948527	0.965720	3.405328	1.050076	0.831194	7.518424
1.402000	0.545645	0.685182	0.747923	0.011213	-0.046442	-1.356354
1.403000	0.062186	0.444974	-2.376040	0.810113	0.711600	5.614681
1.404000	0.585731	0.685182	0.589892	0.091103	0.033364	-0.881903
1.405000	0.586135	0.805729	1.997694	0.690132	0.472412	4.507484
1.406000	0.626221	0.845616	0.751126	0.450755	0.272552	2.447596
1.407000	0.626221	0.805729	1.686688	0.210792	0.112940	0.227353
1.408000	-0.018391	0.084220	-3.782957	0.810113	0.632024	6.092102
1.409000	0.586135	0.605408	0.904980	0.130902	0.033364	-0.088894
1.410000	0.908441	1.006492	3.248988	0.969894	0.672041	5.932658
1.411000	0.303915	0.485304	-1.122977	0.051012	0.033364	-0.882723
1.412000	0.344406	0.485304	-2.218895	0.969894	0.592006	6.249815
1.413000	0.384896	0.485304	-0.189257	0.051012	0.033364	-0.722131
1.414000	0.505559	0.645738	0.593176	0.330480	0.232764	1.335790
1.415000	0.908441	1.046822	2.468325	0.770022	0.551988	4.507484
1.416000	0.545645	0.605408	0.278886	0.130902	0.112940	-0.723279
1.417000	-0.017986	0.284540	-3.938500	0.810113	0.672041	5.615010
1.418000	0.545645	0.725512	1.062125	0.250590	0.232764	1.335790
1.419000	0.908441	0.966605	3.404451	0.849912	0.632024	6.249815
1.420000	0.424982	0.645738	-0.654197	0.051012	-0.006654	-1.041838
1.421000	0.546049	0.686068	-0.032917	0.690132	0.472412	4.664378
1.422000	0.303915	0.365200	-1.907897	0.330480	0.272552	1.971652
1.423000	0.626221	0.765842	1.374805	0.210499	0.073381	-0.089713
1.424000	0.989018	1.167369	3.872674	0.770022	0.552218	4.346800
1.425000	0.384896	0.565521	-0.347199	0.130902	0.112940	-0.407032
1.426000	0.183657	0.445417	-2.844264	0.849912	0.512429	5.774125
1.427000	0.787779	0.806171	2.466554	0.130902	0.152958	-0.090624
1.428000	0.707202	0.806171	2.465758	0.810113	0.472412	5.774125
1.429000	0.505559	0.686068	0.125838	0.210792	0.192976	0.704445
1.430000	0.586135	0.765842	1.217660	0.450755	0.272782	2.129128
1.431000	0.183657	0.325313	-2.531584	0.450169	0.392606	2.445865
1.432000	0.667116	0.765842	2.154839	0.290682	0.232764	1.495234
1.433000	1.069594	1.127039	4.655108	0.530352	0.352817	3.396497
1.434000	0.223743	0.445417	-2.062635	0.290682	0.232764	0.700984
1.435000	0.264234	0.485304	-1.749150	0.730223	0.432623	5.298763
1.436000	0.667116	0.806171	2.622098	0.210792	0.232764	0.068399
1.437000	0.546049	0.686068	0.905865	0.450755	0.113399	1.971086
1.438000	0.667116	0.886831	0.750321	0.650333	0.512429	4.190747
1.439000	0.586135	0.686068	1.062125	0.450755	0.232993	1.969684
1.440000	0.183657	0.244653	-2.998922	0.370572	0.352817	1.970175
1.441000	0.586135	0.686068	1.216783	0.450755	0.432623	3.079431
1.442000	0.908441	1.006935	3.874276	0.371158	0.113399	2.128708
1.443000	0.102676	0.445417	-2.842662	0.210792	0.272782	0.542780
1.444000	0.425387	0.565964	-0.813660	0.330773	0.192976	1.969356
1.445000	0.505963	0.645738	0.904980	0.730223	0.592235	4.030391
1.446000	0.626221	0.686068	0.904980	0.250883	0.153417	1.337191
1.447000	0.828269	1.006935	2.000093	0.690425	0.552447	4.506174
1.448000	0.505559	0.605408	-0.032997	0.490846	0.353047	2.605309
1.449000	0.183657	0.405530	-2.530698	0.450755	0.272782	2.287333
1.450000	0.626221	0.686068	1.995119	0.370572	0.432623	2.447105
1.451000	0.747692	0.765842	3.091126	0.330773	0.073611	1.654257
1.452000	0.424982	0.686510	-0.343110	0.610535	0.472412	2.763023
1.453000	0.546049	0.806171	0.750321	0.091103	-0.046213	-0.249157
1.454000	0.384896	0.405087	-0.502662	0.690425	0.552447	4.349279
1.455000	0.667116	0.686068	1.217668	0.451048	0.313029	2.603741
1.456000	0.948932	1.047265	3.561676	0.490846	0.392835	3.396497
1.457000	0.384896	0.605851	-0.345517	0.610535	0.552447	3.712415
1.458000	0.183657	0.445417	-2.219780	0.330773	0.153417	1.812882
1.459000	0.707202	0.686068	1.997534	0.690425	0.512429	3.873007
1.460000	0.627030	0.726397	0.749525	-0.108183	-0.165807	-2.150512
1.461000	0.586135	0.726397	0.283780	0.850498	0.632253	5.615921
1.462000	0.586135	0.806171	1.686608	0.131487	-0.006195	-0.246607
1.463000	0.022504	0.284540	-2.531584	0.530938	0.472641	3.079431
1.464000	0.546049	0.686068	0.748720	0.490846	0.353047	3.079431
1.465000	0.908441	1.006935	3.248988	0.490846	0.353047	3.079922
1.466000	0.384896	0.565964	-0.655710	0.570443	0.512659	3.554211
1.467000	0.384896	0.565964	-1.281087	0.131195	-0.006195	-1.040345
1.468000	0.384896	0.485747	-0.034599	1.010278	0.712059	7.041822
1.469000	0.465473	0.605851	0.280576	-0.268255	-0.285401	-3.101144
1.470000	0.787779	0.967048	1.687493	0.930095	0.712059	5.931348
1.471000	0.667116	0.726397	1.529463	0.131195	0.033823	0.227353
1.472000	-0.017986	0.244653	-3.469552	0.610535	0.512659	3.554793
1.473000	0.707606	0.807057	2.309409	0.410956	0.313029	1.811971
1.474000	0.787779	0.846059	2.780765	0.451048	0.233453	2.289063
1.475000	0.384896	0.646181	-0.343110	0.730516	0.512659	4.825132
1.476000	0.546049	0.686068	0.278886	0.051305	-0.046213	-1.356845
1.477000	0.102676	0.284540	-1.909667	0.970186	0.712059	6.566062
1.478000	0.707606	0.926718	1.530348	0.051305	0.033823	-0.882723
1.479000	1.029508	1.167369	4.186965	0.850498	0.672271	5.931838
1.480000	0.384896	0.525634	-0.345597	0.131195	0.033593	-0.406213
1.481000	0.183657	0.405530	-2.219700	0.410956	0.393065	2.445957
1.482000	0.788183	0.806171	2.623699	0.530938	0.472641	2.922375
1.483000	0.747692	0.806171	2.468325	0.250883	0.073611	0.068820
1.484000	0.546049	0.726397	0.437721	0.930388	0.712059	6.882470
1.485000	0.707606	0.806171	1.531950	0.091396	0.033823	-0.088894
1.486000	-0.017986	0.164879	-3.781355	0.890589	0.592465	6.090371
1.487000	0.707202	0.886831	1.686688	0.171286	0.033823	0.067909
1.488000	1.069594	1.167369	4.969398	0.890296	0.592465	6.090371
1.489000	0.224147	0.445860	-1.434860	0.131195	0.073611	-0.407124
1.490000	0.264234	0.485747	-1.594412	0.371158	0.313029	1.652947
1.491000	0.627030	0.686068	1.529463	0.730516	0.552677	4.822582
1.492000	0.546049	0.646181	0.749605	0.131195	0.073611	-0.722950
1.493000	0.546049	0.886831	0.750321	0.930388	0.632483	6.566224
1.494000	0.505963	0.605851	0.592379	0.171286	0.033823	0.387708
1.495000	0.022504	0.325313	-3.782957	1.010278	0.632483	6.090371
1.496000	0.788183	0.886831	2.466554	0.091396	0.033823	-0.881483
1.497000	0.948932	1.007378	3.873479	0.690425	0.512659	4.982355
1.498000	0.184061	0.486190	-1.906295	0.290975	0.233453	1.653767
1.499000	0.425387	0.606293	-0.813660	0.290975	0.313029	1.493994
1.500000	0.505963	0.565964	0.590689	0.650626	0.432853	3.714145
1.501000	0.707202	0.886831	1.218545	0.211085	0.153417	0.227353
1.502000	0.948932	1.047708	3.248988	0.930388	0.552677	6.407691
1.503000	0.425387	0.565964	-0.189257	0.211085	0.153417	0.542780
1.504000	0.224147	0.445860	-2.375244	0.730516	0.512659	4.982026
1.505000	0.868759	0.926718	3.872594	0.251176	0.232993	0.544090
1.506000	0.828269	0.886831	2.779959	0.491139	0.393065	2.921718
1.507000	0.384896	0.526077	-1.122977	0.490846	0.393065	2.445865
1.508000	0.586944	0.686510	0.593176	0.451048	0.392835	2.763185
1.509000	0.384896	0.485747	-0.657400	0.530938	0.313029	3.079339
1.510000	0.707606	0.886831	1.374813	0.251176	0.233453	1.177586
1.511000	0.989422	1.047265	3.561596	0.650626	0.313488	4.346983
1.512000	0.224147	0.445860	-1.436630	0.211085	0.352817	0.701313
1.513000	0.264234	0.526077	-1.907092	0.451048	0.273471	3.080342
1.514000	0.707202	0.726397	2.466554	0.571029	0.512659	4.191075
1.515000	0.546049	0.686510	1.375530	0.251176	0.233453	1.653767
1.516000	0.505963	0.686510	-0.186682	0.650626	0.472871	3.714145
1.517000	0.586944	0.726397	1.217660	0.650626	0.512659	3.871859
1.518000	0.224147	0.405973	-1.750752	0.491139	0.273471	3.079339
1.519000	0.828269	0.967048	3.092728	0.250883	0.353047	1.336119
1.520000	0.787779	0.886831	2.311985	0.411249	0.193894	1.811642
1.521000	0.384896	0.606293	-0.813660	0.650626	0.432853	3.081819
1.522000	0.425387	0.606293	-0.501060	0.371158	0.233682	2.129619
1.523000	0.546049	0.565964	0.904183	0.730516	0.552677	4.507484
1.524000	0.627030	0.726397	1.530348	0.530938	0.432853	3.079431
1.525000	0.707606	0.927161	1.531950	0.451048	0.393065	2.287333
1.526000	0.545645	0.605851	-0.034511	0.690425	0.552677	4.030391
1.527000	0.264234	0.445860	-1.593775	0.251176	-0.005965	1.495724
1.528000	0.948932	1.047265	3.715449	0.530938	0.552677	2.763023
1.529000	0.667116	0.686068	1.686608	0.131487	0.033823	-0.088894
1.530000	0.627030	0.726397	0.282178	0.650626	0.552677	4.032542
1.531000	0.546049	0.686068	0.749525	0.331359	0.193665	1.971086
1.532000	0.344406	0.244653	-1.284371	0.650626	0.472871	4.033033
1.533000	0.707202	0.686068	1.219270	0.571029	0.433082	3.714145
1.534000	0.908441	1.127482	3.563278	0.371158	0.153876	1.336701
1.535000	0.384896	0.525634	-0.498565	0.730516	0.552677	4.030391
1.536000	0.183657	0.405530	-1.593775	-0.068384	-0.045754	-1.515706
1.537000	0.828269	0.806171	3.091046	0.930388	0.792324	5.775365
1.538000	0.505559	0.646181	0.437721	-0.068091	-0.005965	-1.198640
1.539000	0.546049	0.886831	1.063002	0.810113	0.632483	4.981444
1.540000	0.586135	0.686068	1.062125	0.411249	0.313488	2.288244
1.541000	-0.017986	0.084662	-3.781355	0.571029	0.433082	3.715967
1.542000	0.788183	0.926718	2.311179	0.530938	0.432853	3.555030
1.543000	0.948932	1.006935	3.718016	0.171286	0.073841	0.383918
1.544000	0.425387	0.565964	-1.124747	0.970186	0.792324	6.250963
1.545000	0.384896	0.605851	-0.657400	-0.147981	-0.045754	-2.149601
1.546000	0.626221	0.765842	2.310214	0.970479	0.832342	6.725506
1.547000	0.667116	0.806171	1.530348	0.131487	-0.005965	0.069639
1.548000	0.707202	0.966605	1.062125	0.571029	0.433082	3.396260
1.549000	0.546049	0.645738	0.748720	0.411249	0.273471	2.129619
1.550000	-0.058477	0.124549	-3.937615	0.371450	0.153876	1.654678
1.551000	0.908441	0.966605	3.247386	0.690718	0.552677	4.349770
1.552000	0.908441	0.966605	3.404531	0.011799	-0.045754	-0.723279
1.553000	0.424982	0.565521	-0.501060	0.970479	0.752307	7.041914
1.554000	0.465473	0.605851	-0.032917	0.011799	-0.005965	-0.723279
1.555000	0.223743	0.445417	-0.659887	0.930680	0.712518	6.248904
1.556000	0.787779	0.806171	2.312613	0.171286	0.153876	-0.089967
1.557000	0.828269	0.966605	3.404531	0.491139	0.393065	2.762365
1.558000	0.424982	0.525634	0.124236	0.411249	0.353047	2.445865
1.559000	0.022100	0.365200	-3.156864	0.091396	0.033823	-0.407032
1.560000	0.989018	1.006492	4.029819	0.930388	0.672730	6.409259
1.561000	0.828269	0.926718	3.249793	0.211377	0.114088	-0.246769
1.562000	0.304724	0.565964	-0.810457	1.010570	0.752536	7.359891
1.563000	0.465473	0.686068	0.121829	0.131487	0.034052	0.068820
1.564000	-0.017986	0.244653	-2.998922	0.850498	0.672730	5.774454
1.565000	0.788183	0.966605	2.154839	0.011799	0.034052	-0.722950
1.566000	0.908441	1.046822	3.873479	0.530938	0.433082	2.762365
1.567000	0.264234	0.525634	-1.438232	0.571029	0.353506	2.922375
1.568000	0.304724	0.485304	-1.906295	0.091396	0.073841	-0.563506
1.569000	0.667116	0.685182	1.840549	0.850790	0.552906	5.615921
1.570000	0.747692	0.926718	1.530348	0.251176	0.153876	0.704445
1.571000	0.546049	0.726397	-0.030422	0.890589	0.632942	6.406779
1.572000	0.505559	0.645738	0.280576	0.211085	0.193665	0.542451
1.573000	0.264234	0.405530	-1.751717	0.730516	0.512888	4.822582
1.574000	0.948932	1.087152	3.871072	0.331359	0.273471	0.862649
1.575000	0.787779	0.886831	2.935503	0.371158	0.313488	1.811642
1.576000	0.264234	0.485747	-1.593607	0.530938	0.393065	3.080089
1.577000	0.505963	0.606293	0.125033	0.131195	0.073841	0.068820
1.578000	0.424982	0.525634	-0.035396	0.650626	0.433082	4.822582
1.579000	0.788183	0.886831	2.310214	0.330773	0.273471	1.496053
1.580000	0.707606	0.886831	2.311985	0.690718	0.512888	4.823165
1.581000	0.224147	0.445860	-1.438232	0.330773	0.353047	1.496053
1.582000	0.264234	0.445417	-1.438232	0.451048	0.353047	2.604490
1.583000	0.908441	0.886831	3.247386	0.451048	0.393065	2.287333
1.584000	0.707202	0.726397	1.687493	0.451048	0.393065	2.287661
1.585000	0.505963	0.686510	-0.029625	0.530938	0.393065	3.555520
1.586000	0.747692	0.806171	1.374805	0.290975	0.313029	1.335790
1.587000	0.264234	0.405530	-1.438232	0.530938	0.393065	3.238546
1.588000	0.828269	0.967048	2.780845	0.211085	0.233453	0.385886
1.589000	0.868759	1.006935	3.249793	0.571029	0.313488	3.397079
1.590000	0.143571	0.365643	-2.687119	0.451048	0.393065	2.287333
1.591000	0.425387	0.606293	-1.281972	0.451048	0.353047	2.605309
1.592000	0.747692	0.807057	2.465758	0.530938	0.393065	2.605309
1.593000	0.505963	0.606293	-0.187567	0.530938	0.432853	3.871859
1.594000	0.505963	0.767170	0.125918	0.371450	0.153417	1.970175
1.595000	0.546049	0.565964	0.593176	0.410956	0.353047	2.129128
1.596000	0.103485	0.245539	-3.314814	0.290975	0.073841	1.971086
1.597000	0.707606	0.967048	2.622098	0.451048	0.392835	1.971744
1.598000	0.868759	1.007378	2.780845	0.290975	0.233453	1.653438
1.599000	0.304724	0.485747	-1.436630	0.690425	0.432853	4.187286
1.600000	0.667116	0.807057	0.904980	0.610535	0.432853	3.714145
1.601000	0.667116	0.646181	1.527869	0.530938	0.432853	3.079431
1.602000	0.546049	0.646181	0.125033	0.530938	0.472641	3.554701
1.603000	0.828673	1.047708	3.250590	0.251176	0.033823	0.545583
1.604000	0.425387	0.526077	-0.501857	0.571029	0.512429	3.555941
1.605000	0.143571	0.285869	-2.220585	0.091396	-0.125789	-0.405302
1.606000	0.788183	0.927161	3.247386	0.650626	0.472641	3.713655
1.607000	0.707606	0.886831	2.311179	0.290975	0.113629	1.336280
1.608000	0.546858	0.686510	0.438518	0.730516	0.552677	4.822911
1.609000	0.505963	0.646181	0.436836	0.451048	0.273471	2.763185
1.610000	0.264234	0.365643	-1.594572	0.451048	0.393065	2.763185
1.611000	0.667116	0.807057	1.062125	0.530938	0.512659	3.396497
1.612000	0.948932	1.047265	2.936388	0.131195	-0.006195	-0.247426
1.613000	0.384896	0.486190	-1.124747	0.850498	0.632253	5.140888
1.614000	0.103485	0.285869	-3.469552	-0.068091	-0.165807	-1.674002
1.615000	0.707202	0.726397	2.466554	0.650626	0.592465	4.506174
1.616000	0.707606	0.847387	1.845355	0.131195	0.073611	0.704116
1.617000	0.546049	0.807500	0.282178	0.530938	0.432853	3.714145
1.618000	0.424982	0.526077	-0.345597	0.451048	0.393065	2.605309
1.619000	0.184061	0.325313	-2.064237	0.451048	0.193665	2.288244
1.620000	0.788183	0.927161	1.688290	0.730516	0.632483	4.349279
1.621000	0.909250	1.047265	3.561676	-0.028293	-0.045983	-1.515706
1.622000	0.345214	0.526077	-0.657400	1.010278	0.832113	6.250144
1.623000	0.264638	0.405973	-2.219780	-0.068091	-0.125789	-1.040927
1.624000	0.667116	0.605851	1.216783	0.850498	0.592465	5.140559
1.625000	0.788183	0.926718	2.157238	0.211377	0.113629	1.337520
1.626000	0.788183	1.007378	2.000093	0.491139	0.313488	2.763023
1.627000	0.264638	0.445417	-1.439117	0.530938	0.433082	3.238875
1.628000	0.183657	0.405530	-2.063440	0.211085	0.153876	0.704116
1.629000	0.948932	1.007378	3.246589	0.970479	0.712518	6.408348
1.630000	0.707202	0.807057	2.467359	-0.028293	-0.085772	-1.673420
1.631000	0.465473	0.606293	0.125033	1.090461	0.832342	7.516364
1.632000	0.384896	0.525634	-0.657400	-0.068091	-0.165348	-1.990157
1.633000	0.424982	0.445417	-0.190939	0.930680	0.672730	5.615921
1.634000	0.787779	0.967048	3.248988	0.091396	0.034052	-0.406213
1.635000	0.707202	0.886831	1.843753	0.251176	0.193894	1.335790
1.636000	0.224147	0.405530	-2.374430	0.690718	0.473100	4.348951
1.637000	0.143571	0.405530	-2.062555	0.091396	-0.005965	-1.198640
1.638000	0.989422	1.006935	3.716334	0.970479	0.752536	6.724756
1.639000	0.505963	0.686510	1.374813	0.051890	-0.005965	-0.882723
1.640000	0.425387	0.646181	-0.186770	0.930388	0.752536	7.199628
1.641000	0.425387	0.525634	-0.501857	0.131487	0.153876	-0.564746
1.642000	0.224147	0.365643	-1.595377	0.810699	0.552906	5.774125
1.643000	0.828269	1.007378	2.937185	0.211085	0.153876	0.544909
1.644000	0.747692	0.927161	2.311985	0.171286	0.113629	0.384247
1.645000	0.264638	0.445860	-1.907092	0.690718	0.473100	4.981115
1.646000	0.425387	0.606293	-0.968487	0.211377	0.153876	-0.248499
1.647000	0.828269	0.926718	3.090241	0.850790	0.592695	5.615921
1.648000	0.586135	0.806171	0.593981	0.331359	0.233912	1.337520
1.649000	0.586944	0.807057	0.594061	0.770900	0.512888	5.139740
1.650000	0.465473	0.606293	-0.345597	0.091396	0.153876	-0.088894
1.651000	0.304724	0.405530	-2.063440	0.491139	0.353506	2.922467
1.652000	1.029508	1.087152	4.184478	0.491139	0.353506	2.921464
1.653000	0.667116	0.846059	1.843753	0.171286	0.153876	0.225714
1.654000	0.384896	0.646623	-1.280290	0.770900	0.473100	5.299092
1.655000	0.546049	0.726397	0.905865	0.171286	0.153876	0.071300
1.656000	0.465473	0.525634	0.904980	0.770900	0.513118	5.615921
1.657000	0.707202	0.726397	1.374813	0.211377	0.233682	1.178405
1.658000	0.667116	0.726397	1.063010	0.531230	0.353506	3.554464
1.659000	0.384896	0.485747	-1.281087	0.411249	0.273700	1.654257
1.660000	0.264234	0.405530	-2.063440	0.491139	0.353506	2.287661
1.661000	0.948932	1.006935	3.716334	0.451340	0.313718	2.605309
1.662000	0.627030	0.726397	1.374805	0.411249	0.433082	1.970595
1.663000	0.465473	0.566406	-0.813660	0.531230	0.313488	3.714145
1.664000	0.667116	0.646181	0.436836	0.331359	0.233453	0.861668
1.665000	0.264234	0.365200	-1.127146	0.571322	0.313718	4.031556
1.666000	0.707606	0.726397	1.218553	0.331359	0.273471	1.496053
1.667000	0.747692	0.807057	2.154839	0.491139	0.273700	2.762365
1.668000	0.304724	0.526077	-1.281892	0.411249	0.393065	2.763023
1.669000	0.264234	0.485747	-1.906295	0.491139	0.473100	2.763023
1.670000	0.667116	0.686510	1.527869	0.371450	0.273471	1.811971
1.671000	0.667116	0.726397	0.749605	0.571029	0.433082	3.237145
1.672000	0.505963	0.807057	0.125918	0.371743	0.193894	1.970175
1.673000	0.627030	0.606293	0.434429	0.491139	0.433082	1.970504
1.674000	0.224147	0.445417	-1.284291	0.331359	0.193894	1.971086
1.675000	0.788183	0.926718	1.997694	0.571029	0.473100	3.713234
1.676000	0.828269	0.967048	2.311985	0.331359	0.153876	1.495234
1.677000	0.425387	0.606293	-0.654197	0.690718	0.512888	4.348951
1.678000	0.425387	0.565964	-0.659002	0.491139	0.313488	3.238875
1.679000	0.546049	0.565964	0.589892	0.411249	0.233682	1.969684
1.680000	0.747692	0.886831	1.843753	0.571029	0.512888	3.713655
1.681000	0.747692	0.967048	2.000898	0.251176	0.153876	1.496053
1.682000	0.304724	0.485747	-1.438232	0.490846	0.433082	2.287661
1.683000	0.264638	0.485747	-0.970805	0.211377	0.114088	0.861339
1.684000	0.828269	0.967048	3.092648	0.531230	0.472871	3.871859
1.685000	0.707606	0.726397	1.531073	0.331359	0.233682	1.969356
1.686000	0.465473	0.726397	0.125033	0.531230	0.473100	3.238875
1.687000	0.465473	0.606293	-0.190054	0.571029	0.512888	4.033033
1.688000	0.264234	0.445860	-0.813740	0.331359	0.233912	1.812882
1.689000	0.788183	0.967048	2.625470	0.531230	0.512888	3.238622
1.690000	0.828269	1.047265	3.092648	0.011799	-0.045754	-0.723279
1.691000	0.143571	0.405530	-2.062635	0.690425	0.552677	4.823822
1.692000	0.264638	0.445860	-1.907897	0.051890	0.074300	-0.089713
1.693000	0.747692	0.806171	2.779243	0.611120	0.512888	4.032542
1.694000	0.747692	0.806171	1.687493	0.491432	0.313718	3.079431
1.695000	0.465473	0.686510	0.438518	0.491432	0.313488	3.079431
1.696000	0.425387	0.565964	-0.501857	0.611120	0.512888	4.188596
1.697000	0.224147	0.325313	-2.219780	0.091982	0.114088	0.387379
1.698000	0.828269	0.967048	2.935503	0.890882	0.792324	6.091191
1.699000	0.787779	0.966605	2.311985	-0.147981	-0.205136	-2.149272
1.700000	0.183657	0.365643	-2.374438	0.930680	0.752536	5.772394
1.701000	0.425387	0.606293	-0.502742	0.131487	-0.085312	-0.247426
1.702000	0.667116	0.686068	1.997694	0.531230	0.512888	3.396497
1.703000	0.787779	0.926718	2.623699	0.451340	0.353736	3.079431
1.704000	0.747692	0.926718	1.686608	0.451340	0.353736	2.921718
1.705000	0.264234	0.445417	-1.593607	0.571029	0.473100	4.032542
1.706000	0.224147	0.445417	-1.438232	0.131487	0.114088	-0.565565
1.707000	1.029508	1.127039	4.340738	0.930680	0.712748	6.407858
1.708000	0.747692	0.886831	2.154839	-0.107890	-0.125330	-1.991068
1.709000	0.304724	0.525634	-1.438232	0.930680	0.792554	6.249977
1.710000	0.627030	0.806171	0.280576	0.211377	0.074300	0.861668
1.711000	0.465473	0.565521	0.748639	0.611120	0.393524	3.873681
1.712000	0.707202	0.805729	2.000093	0.411542	0.353736	2.445865
1.713000	0.747692	0.926718	1.999304	0.291853	0.154106	1.495234
1.714000	0.183657	0.365200	-2.373713	0.850790	0.672960	5.457716
1.715000	0.344406	0.445417	-1.906295	-0.028000	-0.005277	-0.881483
1.716000	0.989018	1.046379	4.185363	0.930680	0.752766	6.090371
1.717000	0.586135	0.686068	0.907467	0.131487	0.034052	-0.563835
1.718000	0.384896	0.525634	-0.968487	0.930680	0.672730	5.931838
1.719000	0.546049	0.565964	0.436836	0.291560	0.194124	1.338576
1.720000	0.344406	0.525634	-0.814545	0.371450	0.313947	1.811152
1.721000	0.667116	0.765842	1.686608	0.611120	0.393524	3.080342
1.722000	0.747692	0.886831	1.999304	0.051890	0.074300	-0.405302
1.723000	0.223743	0.445417	-2.062635	1.010570	0.752766	7.041914
1.724000	0.465473	0.605851	-0.815262	0.211377	0.154106	0.387708
1.725000	0.747288	0.926718	2.933901	0.890882	0.752766	6.725506
1.726000	0.546049	0.806171	1.062125	0.051890	0.114088	-0.564746
1.727000	0.627030	0.726397	-0.189257	0.890882	0.672960	6.249815
1.728000	0.465068	0.686068	0.125033	0.131487	0.114088	-0.722131
1.729000	0.465877	0.565964	-0.345517	0.291560	0.233682	0.861010
1.730000	0.908441	1.006935	3.403646	0.571029	0.513118	4.825132
1.731000	0.747288	0.806171	1.218385	0.171286	0.114088	-0.564746
1.732000	0.384896	0.565964	-0.968487	0.850790	0.712978	6.249815
1.733000	0.586135	0.686068	0.748720	0.291560	0.233912	1.336119
1.734000	0.465068	0.565521	0.746233	0.851083	0.633171	6.249815
1.735000	0.667116	0.765842	1.531950	0.051890	0.114088	-0.722950
1.736000	0.747692	0.966605	1.531950	0.770900	0.593154	4.823822
1.737000	0.344406	0.485304	-1.281087	0.411542	0.353506	1.971744
1.738000	0.465473	0.565521	-0.345517	0.331359	0.273700	1.337191
1.739000	0.828269	0.966605	2.934786	0.691303	0.473100	4.348951
1.740000	0.505963	0.726397	1.219270	0.171579	0.193894	0.861668
1.741000	0.707202	0.726397	0.594061	0.890589	0.672960	5.931838
1.742000	0.465473	0.646181	-0.031307	0.291560	0.233912	1.022422
1.743000	0.384896	0.445417	-0.501857	0.611120	0.393524	4.505516
1.744000	0.747692	0.967048	2.157238	0.331652	0.353506	1.496053
1.745000	0.787779	0.886831	2.154839	0.451048	0.313718	2.921718
1.746000	0.384896	0.525634	-0.970000	0.491432	0.393524	2.922375
1.747000	0.304724	0.525634	-1.281892	0.451340	0.313718	2.128309
1.748000	0.747692	0.686068	2.623699	0.571322	0.393524	3.713655
1.749000	0.505559	0.686510	0.280576	0.211377	0.233912	1.019872
1.750000	0.667116	0.926718	1.530428	0.691303	0.393754	5.140230
1.751000	0.344406	0.485304	-0.657400	0.251762	0.233912	0.862978
1.752000	0.264234	0.405087	-1.595377	0.451340	0.353736	3.238875
1.753000	0.868759	1.046822	3.248183	0.491432	0.393524	3.237145
1.754000	0.707202	0.846059	2.154839	0.411249	0.273700	1.811971
1.755000	0.424982	0.645738	-0.344800	0.491432	0.353736	2.761454
1.756000	0.505559	0.645738	-0.190859	0.451340	0.353506	2.763023
1.757000	0.545645	0.605408	0.748720	0.491432	0.273930	2.762274
1.758000	0.667116	0.765842	1.841434	0.171579	0.233912	0.542780
1.759000	0.908441	1.006935	2.780845	0.531523	0.233912	3.238546
1.760000	0.223743	0.405087	-1.751717	0.371450	0.353506	2.287661
1.761000	0.224147	0.405530	-2.063440	0.411542	0.234141	2.129619
1.762000	1.069594	1.127039	4.497963	0.571322	0.473100	4.190747
1.763000	0.747288	0.846059	1.531073	0.531230	0.393524	3.554793
1.764000	0.505963	0.645738	0.280576	0.331652	0.273930	1.812882
1.765000	0.424982	0.565964	-0.501857	0.611120	0.552906	4.030391
1.766000	0.384896	0.485747	-0.501857	0.251762	0.154335	1.970504
1.767000	0.787779	0.967048	2.000093	0.491432	0.513118	2.287661
1.768000	0.828269	1.047265	2.623868	0.251762	-0.005277	0.545583
1.769000	0.062590	0.325313	-2.686234	0.690718	0.593154	4.349279
1.770000	0.183657	0.445417	-2.375244	0.331652	0.154335	1.812882
1.771000	0.948932	1.006492	4.028934	0.691303	0.593154	3.555941
1.772000	0.747692	0.886831	1.687493	0.491432	0.313718	3.079431
1.773000	0.505963	0.765842	0.593176	0.491139	0.313718	2.287333
1.774000	0.384896	0.565521	-0.031307	0.571029	0.513118	3.712415
1.775000	0.384896	0.444974	-0.970805	0.171579	-0.045065	0.068820
1.776000	0.908441	1.006935	2.779243	0.770900	0.632942	4.348951
1.777000	0.586135	0.806171	1.061328	0.012092	-0.125101	-0.880992
1.778000	0.223743	0.405530	-2.219700	0.810992	0.593154	4.981444
1.779000	0.264234	0.525634	-1.281892	0.411542	0.194124	2.130530
1.780000	0.908441	0.966605	3.247306	0.611120	0.393754	3.554793
1.781000	0.747692	0.806171	1.843753	0.491432	0.433542	2.763023
1.782000	0.627030	0.806171	0.748720	0.371450	0.194124	1.653109
1.783000	0.344406	0.485304	-1.284291	0.810992	0.712978	5.298601
1.784000	0.505559	0.605851	-0.345517	-0.028000	-0.125101	-1.039196
1.785000	0.989018	0.967048	3.715449	0.970772	0.752766	5.773634
1.786000	0.546049	0.686068	0.905068	0.012092	-0.005277	-0.248338
1.787000	0.424982	0.605851	-0.187567	0.571322	0.513118	3.396589
1.788000	0.424982	0.565964	-0.186770	0.411834	0.273930	2.446777
1.789000	0.707202	0.645738	1.996889	0.451340	0.313947	2.604490
1.790000	0.747288	0.966605	2.311179	0.690718	0.593154	4.033362
1.791000	0.586135	0.806171	0.594061	0.052183	0.034741	-0.089713
1.792000	0.223743	0.405087	-2.218895	1.050662	0.832572	6.725506
1.793000	0.344406	0.525634	-1.125632	-0.107597	-0.164889	-2.307805
1.794000	0.867951	0.885946	3.402849	0.930973	0.712978	6.091611
1.795000	0.465068	0.645738	0.282983	0.091982	-0.005277	-0.404483
1.796000	0.505559	0.765842	0.282178	0.691303	0.393754	3.554793
1.797000	0.424982	0.605408	-0.814545	0.491724	0.313947	2.288572
1.798000	0.384492	0.485304	-0.659002	0.291560	0.074759	1.495234
1.799000	0.667116	0.966605	1.843833	0.851083	0.633171	5.932167
1.800000	0.586135	0.806171	0.907467	-0.147688	-0.125101	-2.149272
1.801000	0.344406	0.485304	-1.439666	1.010570	0.792783	7.041914
1.802000	0.304724	0.485304	-1.125552	-0.067798	-0.045065	-1.040345
1.803000	0.827461	0.805729	2.777561	1.010863	0.792783	6.884200
1.804000	0.505559	0.645738	0.436916	0.091982	-0.005277	-0.882394
1.805000	0.667116	0.846059	0.749596	0.611120	0.353965	3.873681
1.806000	0.384896	0.525634	-0.033714	0.371743	0.313947	1.813211
1.807000	0.424982	0.525191	-0.815431	0.251762	0.034741	-0.247588
1.808000	0.908441	0.885946	2.778438	0.930973	0.712978	6.249815
1.809000	0.586135	0.765399	0.749525	0.051890	0.154335	-0.249157
1.810000	0.465473	0.565521	-0.970000	0.851083	0.712978	5.774454
1.811000	0.505559	0.645738	0.278169	0.091982	0.114317	-0.090624
1.812000	0.545645	0.565078	0.746233	0.810992	0.673189	5.933569
1.813000	0.707202	0.805729	1.530348	0.012384	0.114317	-0.881575
1.814000	0.747288	0.966605	2.468325	0.411542	0.274159	1.652290
1.815000	0.344406	0.484861	-1.284291	0.651505	0.513577	4.191237
1.816000	0.303915	0.364315	-1.440471	0.012092	-0.044835	-1.039687
1.817000	0.948527	1.046379	3.872674	0.971065	0.673189	6.090371
1.818000	0.505559	0.685182	0.593265	0.132366	0.074759	0.227353
1.819000	0.505559	0.685182	0.280576	0.930973	0.633631	6.566224
1.820000	0.465068	0.565078	0.280576	0.052183	0.034741	-0.407032
1.821000	0.222935	0.284098	-1.125632	0.731687	0.473789	4.983266
1.822000	0.707202	0.765399	1.687493	0.331944	0.234141	1.336609
1.823000	0.747288	0.885503	1.687493	0.172165	0.194353	0.387708
1.824000	0.303915	0.444974	-1.906295	0.691596	0.513577	4.822911
1.825000	0.142762	0.324428	-2.219700	0.052183	0.154335	-0.882723
1.826000	0.867951	0.845616	3.402929	0.851083	0.513807	5.458207
1.827000	0.465473	0.765399	0.594061	0.172165	0.194124	-0.247588
1.828000	0.505559	0.605408	-0.345517	0.890882	0.553825	6.407691
1.829000	0.424578	0.484861	-0.502742	0.251762	0.234141	0.068820
1.830000	0.223743	0.324428	-2.221382	0.491724	0.353965	2.763023
1.831000	0.948527	1.126153	3.092728	0.491432	0.353965	2.446777
1.832000	0.747288	0.845616	2.154839	0.451633	0.353736	2.604490
1.833000	0.344002	0.525191	-1.281087	0.411834	0.274159	2.922375
1.834000	0.223743	0.484861	-1.907897	0.291853	0.234141	1.020783
1.835000	0.626221	0.685182	1.060523	0.651505	0.314177	4.031885
1.836000	0.867951	0.925833	2.311179	0.291853	0.234141	0.545260
1.837000	0.707202	0.805729	0.748720	0.531523	0.314177	3.396260
1.838000	0.384492	0.444974	-1.127146	0.571322	0.513577	3.238875
1.839000	0.142762	0.284540	-2.219700	0.331652	0.233912	1.812882
1.840000	0.948527	0.925833	3.560791	0.531230	0.353736	2.605309
1.841000	0.707202	0.765399	1.531073	0.611120	0.513577	3.238875
1.842000	0.384896	0.525191	-0.031227	0.331652	0.194353	1.812300
1.843000	0.424982	0.565521	-0.970000	0.371450	0.313947	1.653276
1.844000	0.465068	0.525191	0.280496	0.411834	0.154335	2.763185
1.845000	0.867951	0.966605	2.469758	0.491432	0.313947	2.288901
1.846000	0.586135	0.765842	0.905865	0.172165	0.114317	1.177747
1.847000	0.223743	0.365200	-2.375315	0.810992	0.593154	4.982355
1.848000	0.384896	0.565521	-1.281892	0.411542	0.273930	2.445208
1.849000	0.948527	0.966605	3.247386	0.531230	0.353736	2.763023
1.850000	0.545645	0.765842	1.375690	0.531230	0.433542	2.763023
1.851000	0.424982	0.565521	-0.813660	0.331652	0.194124	1.811642
1.852000	0.384896	0.525191	-0.813660	0.411542	0.393524	1.969684
1.853000	0.384896	0.485304	-0.501857	0.171579	0.074300	0.385228
1.854000	0.948527	1.046822	3.404611	0.611120	0.552906	3.555779
1.855000	0.546049	0.806171	1.062930	0.331652	0.194124	1.495724
1.856000	0.183657	0.405087	-2.376040	0.611120	0.513118	3.871859
1.857000	0.384896	0.565521	-1.125552	0.571029	0.393524	3.554793
1.858000	0.828269	0.806171	2.776756	0.411542	0.273930	2.445208
1.859000	0.707606	0.806171	1.374088	0.571322	0.593154	3.555941
1.860000	0.586135	0.806171	0.436836	0.211377	-0.005277	0.702806
1.861000	0.264234	0.444974	-1.594572	0.810699	0.712748	4.823822
1.862000	0.304724	0.525634	-0.501857	-0.107890	-0.244925	-2.150512
1.863000	1.029508	1.087152	4.184478	0.571029	0.632942	4.506503
1.864000	0.586135	0.686068	0.906670	0.451340	0.194124	2.288572
1.865000	0.384896	0.525634	-0.813660	0.531230	0.353506	3.396497
1.866000	0.465473	0.686068	0.593981	0.531230	0.353506	3.398227
1.867000	0.505963	0.525634	1.060523	0.411542	0.154106	1.812882
1.868000	0.707606	0.806171	1.687493	0.810992	0.672960	4.825461
1.869000	0.546049	0.807057	1.063010	-0.187780	-0.284942	-2.468068
1.870000	0.304724	0.485747	-1.593607	1.010570	0.832572	7.358651
1.871000	0.264234	0.405530	-1.439037	-0.107597	-0.244925	-1.198640
1.872000	0.867951	0.846059	3.716334	0.770900	0.552906	4.187286
1.873000	0.505963	0.605851	-0.186850	0.331359	0.233912	1.653438
1.874000	0.425387	0.605851	-0.186770	0.571322	0.393524	3.554793
1.875000	0.667116	0.646181	1.062116	0.451340	0.273930	2.605309
1.876000	0.264234	0.365200	-1.126341	0.331652	0.154106	1.337520
1.877000	0.667116	0.806171	1.843753	0.890882	0.712748	5.774454
1.878000	0.707202	0.926718	2.000898	-0.147688	-0.125101	-2.148690
1.879000	0.384896	0.485304	-1.905490	1.010570	0.752766	7.041914
1.880000	0.264234	0.445417	-1.751557	0.051890	0.074300	-0.089805
1.881000	0.707202	0.886831	2.778358	0.691303	0.552906	3.870220
1.882000	0.546049	0.686510	0.593176	0.291560	0.154106	0.385557
1.883000	0.465473	0.686068	0.281373	0.451340	0.353736	3.079431
1.884000	0.546049	0.645738	0.748720	0.770900	0.632942	4.190747
1.885000	0.224147	0.405530	-1.751717	0.011799	-0.005736	-1.200279
1.886000	0.788183	0.967048	2.778438	0.970772	0.792554	7.200447
1.887000	0.747288	0.926718	2.468325	0.011799	-0.005736	-1.040927
1.888000	0.384896	0.485747	-1.124747	0.930680	0.712748	6.248904
1.889000	0.425387	0.565964	-0.346402	0.171579	0.153876	0.068820
1.890000	0.505559	0.605851	0.590689	0.571029	0.393524	3.554464
1.891000	0.747692	0.927161	1.531950	0.411542	0.233682	1.654586
1.892000	0.707606	0.926718	2.000898	0.131487	0.114088	-0.406121
1.893000	0.425387	0.445417	-0.345597	0.930680	0.712748	6.249815
1.894000	0.224147	0.405530	-1.439037	-0.028293	-0.045754	-1.039196
1.895000	0.828673	0.967048	3.248191	0.930680	0.712748	6.090371
1.896000	0.788183	0.967048	2.311985	0.211377	0.114088	-0.088894
1.897000	0.425387	0.606293	0.125033	0.930680	0.752536	6.566062
1.898000	0.505559	0.565964	-0.031307	0.011799	-0.005736	-1.039196
1.899000	0.384896	0.485747	-0.345597	0.690718	0.473100	4.506756
1.900000	0.828269	0.967048	2.313578	0.411249	0.273700	1.970504
1.901000	0.707202	0.847387	1.687493	0.171286	0.114088	-0.723769
1.902000	0.183657	0.365643	-1.905490	0.810992	0.512888	5.774545
1.903000	0.264638	0.485747	-1.906295	0.331359	0.233682	1.337520
1.904000	0.828269	0.927161	2.935503	0.890589	0.672730	6.091282
1.905000	0.868759	0.967048	3.093533	0.211377	0.153876	-0.089055
1.906000	0.465877	0.686510	-0.031307	0.850790	0.552906	6.091282
1.907000	0.304724	0.485747	-0.815262	0.171579	0.193665	-0.246769
1.908000	0.264234	0.405530	-1.594572	0.411249	0.273700	2.763023
1.909000	0.828269	1.007378	2.624665	0.491139	0.313488	2.762931
1.910000	0.546049	0.726397	0.905865	0.171286	0.193665	0.384247
1.911000	0.224147	0.445860	-2.062635	0.611120	0.353506	3.554793
1.912000	0.345214	0.565964	-1.124747	0.411249	0.313488	1.653767
1.913000	0.667116	0.765842	1.997694	0.810699	0.512888	5.457388
1.914000	0.788183	0.886831	2.780845	0.251176	0.233682	1.020201
1.915000	0.667520	0.927161	1.374813	0.571029	0.353506	3.396589
1.916000	0.183657	0.405530	-2.533185	0.451048	0.433082	2.922375
1.917000	0.384896	0.485747	-0.970886	0.411249	0.313488	2.288572
1.918000	0.989018	1.087152	4.029819	0.451340	0.393065	2.762931
1.919000	0.707202	0.807057	1.688210	0.491139	0.353506	2.130039
1.920000	0.384896	0.565964	-0.813660	0.571029	0.393524	4.030063
1.921000	0.546049	0.605851	0.280576	0.251176	0.233682	-0.089055
1.922000	0.465473	0.525634	-0.033714	0.770900	0.473100	4.822674
1.923000	0.747288	0.926718	2.309578	0.491139	0.433082	2.129948
1.924000	0.707202	0.926718	1.844638	0.411249	0.273700	2.129128
1.925000	0.143571	0.325313	-2.999807	0.571322	0.433082	2.919987
1.926000	0.425387	0.565964	-0.968487	0.531230	0.512888	3.713655
1.927000	1.029508	1.047265	4.184478	0.331359	0.273700	1.812882
1.928000	0.586135	0.645738	1.064612	0.491139	0.353506	2.605309
1.929000	0.425387	0.565521	-0.968487	0.530938	0.273930	3.238875
1.930000	0.505559	0.645738	0.593176	0.211085	0.313488	0.227353
1.931000	0.465068	0.565521	-0.031227	0.411249	0.193894	2.288244
1.932000	0.787779	0.885946	2.311179	0.611120	0.552677	3.079431
1.933000	0.747288	0.966605	2.311985	0.451340	0.233912	2.603741
1.934000	0.183657	0.444974	-2.218895	0.491139	0.433082	2.920645
1.935000	0.425387	0.565521	-0.813660	0.770900	0.552906	4.349279
1.936000	0.787779	0.805729	3.247386	0.411542	0.233682	1.653438
1.937000	0.586135	0.765842	0.592379	0.571029	0.473100	3.396497
1.938000	0.546049	0.765842	0.125113	0.171579	0.074300	1.021182
1.939000	0.424982	0.525191	0.124316	0.571029	0.552677	3.555941
1.940000	0.303915	0.405087	-1.595377	0.171579	-0.005736	0.068491
1.941000	0.908037	0.966605	3.091843	0.611120	0.512888	4.187615
1.942000	0.707202	0.805729	1.686608	0.531230	0.313718	2.920898
1.943000	0.465473	0.605408	-0.343110	0.611120	0.512888	3.714145
1.944000	0.505559	0.725512	0.278886	0.451340	0.353506	2.445865
1.945000	0.586135	0.525191	1.684289	0.411249	0.273471	2.128800
1.946000	0.626221	0.765842	1.062125	0.730516	0.552677	4.504023
1.947000	0.707202	0.846059	1.375690	-0.068091	-0.205366	-1.833354
1.948000	0.344406	0.485304	-1.127146	0.810699	0.712518	5.615430
1.949000	0.384896	0.485304	-0.657400	0.171286	0.034052	0.068820
1.950000	0.908441	0.885946	3.091046	0.730516	0.472871	4.345490
1.951000	0.586135	0.765842	1.063010	0.251176	0.233453	1.336701
1.952000	0.505559	0.725512	0.281461	0.690718	0.472871	4.822582
1.953000	0.465068	0.605851	-0.189257	0.491139	0.433082	2.447105
1.954000	0.505559	0.525191	0.436119	0.251176	0.073841	1.019543
1.955000	0.707202	0.926718	1.687493	0.890296	0.752307	5.614519
1.956000	0.707606	0.886831	1.687493	-0.028293	-0.125789	-1.673910
1.957000	0.264234	0.485304	-1.438232	0.810699	0.672271	5.140068
1.958000	0.264234	0.445417	-1.907260	0.251176	0.113629	1.021182
1.959000	0.867951	0.885946	2.622018	0.530938	0.472871	4.032542
1.960000	0.505559	0.765842	0.593265	0.371158	0.233453	1.811971
1.961000	0.627030	0.846059	0.905865	0.490846	0.392835	3.079431
1.962000	0.344002	0.445417	-0.970805	0.770315	0.552447	5.140888
1.963000	0.344406	0.485304	-1.128747	0.051305	-0.086001	-1.358084
1.964000	0.908441	1.006492	2.622894	1.010278	0.911689	7.359891
1.965000	0.707202	0.926718	1.687493	0.051305	-0.046213	-1.515706
1.966000	0.505559	0.605851	0.124316	1.050076	0.791636	6.724756
1.967000	0.223743	0.485304	-1.439117	0.011213	-0.046213	-1.357265
1.968000	0.505559	0.565521	0.746233	0.770022	0.552218	4.981115
1.969000	0.747692	0.846059	2.000093	0.290975	0.232993	1.653767
1.970000	0.828269	0.966605	2.468325	0.170993	-0.006195	-0.247426
1.971000	0.223743	0.405087	-1.907897	0.930095	0.791636	6.248904
1.972000	0.264234	0.445417	-2.063440	0.051305	-0.086231	-1.040436
1.973000	1.069594	1.087152	4.344021	0.970186	0.791636	6.882470
1.974000	0.707202	0.926718	1.219270	0.011213	-0.046442	-1.515706
1.975000	0.505963	0.605851	-0.031227	1.129674	0.871671	7.676299
1.976000	0.424982	0.565964	0.280576	0.051305	-0.086231	-1.515469
1.977000	0.424982	0.485304	-0.189257	0.650333	0.432623	3.238546
1.978000	0.787779	1.007378	3.091843	0.490846	0.432623	2.921718
1.979000	0.908441	0.926718	3.249873	0.130902	0.033364	-1.040436
1.980000	0.223743	0.405530	-2.217293	0.810113	0.632024	5.456967
1.981000	0.304724	0.405087	-2.063440	0.250883	0.152958	0.859517
1.982000	1.029508	1.046822	4.341623	0.930095	0.672041	6.884200
1.983000	0.546049	0.646181	0.593981	0.130902	0.152958	-0.724190
1.984000	0.505963	0.646181	-0.345517	0.809821	0.592006	6.090371
1.985000	0.424982	0.605851	-0.657400	0.210792	0.152728	0.227353
1.986000	0.344406	0.445417	-1.439037	0.330480	0.272552	1.654349
1.987000	0.828269	0.966605	2.935583	0.610242	0.472182	3.871767
1.988000	0.707202	0.806171	2.156273	0.130902	0.072922	-0.088894
1.989000	0.224147	0.405530	-3.156067	0.729931	0.512200	5.140559
1.990000	0.224147	0.405530	-2.220585	0.130609	0.112710	-0.089805
1.991000	0.867951	0.806171	2.778358	0.889711	0.551988	6.248246
1.992000	0.707606	0.806171	1.687493	0.210499	0.192746	0.067909
1.993000	0.627030	0.726397	0.436836	0.570151	0.312340	3.237635
1.994000	0.384896	0.525634	-0.657400	0.450169	0.312340	2.288152
1.995000	0.224147	0.405530	-1.751557	0.330480	0.232534	1.495234
1.996000	0.989018	1.046822	4.029014	0.570151	0.312340	3.238783
1.997000	0.707606	0.886831	1.374813	0.210499	0.192517	0.542780
1.998000	0.264234	0.565964	-1.592810	0.729931	0.631564	5.298434
1.999000	0.384896	0.605851	-0.189257	0.210499	0.112710	-0.089055
2.000000	0.545645	0.605851	0.904183	0.729931	0.472182	5.298763
2.001000	0.788183	0.966605	2.311179	0.450169	0.391917	1.970994
2.002000	0.465473	0.646181	0.437721	0.410078	0.272322	2.762274
2.003000	0.304724	0.445860	-1.905410	0.410078	0.272322	2.128708
2.004000	0.465473	0.565964	-0.345517	0.609949	0.511511	3.396497
2.005000	0.948932	1.006935	4.186079	0.410078	0.232305	2.445774
2.006000	0.667116	0.886831	1.220155	0.369986	0.312111	1.178076
2.007000	0.384896	0.606293	-0.813660	0.609949	0.312111	3.396751
2.008000	0.465473	0.565964	-0.345597	0.369986	0.311881	1.494651
2.009000	0.384896	0.526077	-0.032024	0.290389	0.192287	1.969356
2.010000	0.788183	0.927161	2.311179	0.689839	0.471493	3.714474
2.011000	0.425387	0.606293	-0.031227	0.410078	0.272093	2.445116
2.012000	0.224552	0.445860	-1.906295	0.449876	0.311881	2.129948
2.013000	0.384896	0.565964	-0.814545	0.489675	0.431475	3.396497
2.014000	0.707606	0.726397	2.465758	0.290389	0.152269	2.128708
2.015000	0.747692	0.807057	1.374088	0.529474	0.471264	2.447596
2.016000	0.465877	0.686510	0.281373	0.130316	-0.047361	0.227024
2.017000	0.384896	0.526077	-0.347199	0.689546	0.590858	3.714474
2.018000	0.425387	0.565964	-0.035316	0.329895	0.072233	1.493994
2.019000	1.029508	1.047265	3.872674	0.569565	0.551070	4.507484
2.020000	0.627030	0.726397	0.593265	0.409785	0.351440	2.288152
2.021000	0.465473	0.606293	-0.501060	0.569565	0.391458	4.030063
2.022000	0.505963	0.686068	0.122626	0.569565	0.431475	3.396497
2.023000	0.465068	0.525634	0.278089	0.170115	0.112022	0.862649
2.024000	0.828269	0.967048	1.843753	0.769436	0.630876	4.822911
2.025000	0.828269	0.926718	2.780845	0.050133	-0.087608	-1.039617
2.026000	0.264234	0.365200	-2.219780	0.569272	0.471034	3.396497
2.027000	0.304724	0.445417	-1.281892	0.329602	0.151810	1.653928
2.028000	0.828269	0.967048	3.404531	0.529766	0.391228	3.714145
2.029000	0.425387	0.646181	-0.030422	0.449584	0.351440	3.395257
2.030000	0.667116	0.726397	0.750321	0.529474	0.391458	3.555283
2.031000	0.465473	0.565964	0.436836	0.609364	0.550840	3.872678
2.032000	0.264234	0.405087	-0.970797	0.050133	-0.087608	-1.357502
2.033000	0.747692	0.926718	1.844550	0.888832	0.630646	6.091191
2.034000	0.747288	0.886831	1.843833	-0.069848	-0.087838	-1.357265
2.035000	0.022100	0.325313	-2.998922	0.569272	0.471034	3.714145
2.036000	0.384896	0.525634	-0.971691	0.329602	0.111792	1.338830
2.037000	0.948527	0.966605	3.560791	0.569272	0.431016	3.554701
2.038000	0.586135	0.765842	0.593981	0.609071	0.431016	3.872678
2.039000	0.505559	0.765842	-0.189177	0.289804	0.151351	1.020853
2.040000	0.384492	0.525634	-0.658922	0.808942	0.630417	5.615829
2.041000	0.384492	0.525191	-0.658922	-0.030049	-0.087838	-1.990577
2.042000	0.867951	1.006492	2.467520	0.968722	0.670434	6.409167
2.043000	0.787779	0.845616	1.841434	-0.030049	-0.087838	-1.673183
2.044000	0.142762	0.364315	-2.218895	0.848741	0.670434	5.457296
2.045000	0.424982	0.685182	-0.661409	0.289511	0.071774	1.336609
2.046000	0.747288	0.845616	2.933901	0.569272	0.390999	3.238875
2.047000	0.666308	0.885946	1.686688	0.609071	0.470805	3.871438
2.048000	0.585731	0.805286	1.686608	0.169529	0.151351	-0.406870
2.049000	0.222935	0.364315	-1.751717	0.928631	0.750011	6.249723
2.050000	0.465068	0.565078	-0.347119	0.009749	-0.048049	-1.515798
2.051000	0.988614	1.126153	4.342500	0.968430	0.750011	6.724756
2.052000	0.585731	0.684739	0.905865	0.009749	-0.167873	-1.040108
2.053000	0.384492	0.444089	-1.907897	0.848741	0.590399	5.297523
2.054000	0.384088	0.404202	-0.659002	0.209328	0.111333	0.701383
2.055000	0.625817	0.724626	1.060523	0.209328	0.191139	0.859188
2.056000	0.747288	0.845173	2.311179	0.569272	0.510593	3.871438
2.057000	0.625817	0.804843	1.687493	0.209328	0.151351	1.021182
2.058000	0.021696	0.243325	-3.467870	0.768558	0.630417	5.773214
2.059000	0.424578	0.644409	-0.345517	0.129438	0.111333	-0.089805
2.060000	0.948123	0.964834	3.247466	0.848741	0.709993	6.565312
2.061000	0.464664	0.724183	0.124316	0.129438	-0.008261	-1.040108
2.062000	0.384088	0.644409	-0.969840	0.568979	0.470805	4.030063
2.063000	0.222531	0.443203	-2.220585	0.409199	0.310963	2.128616
2.064000	0.504750	0.643524	0.276487	0.169529	0.151351	0.067909
2.065000	0.746480	0.924504	2.467520	0.728759	0.590399	5.615010
2.066000	0.504750	0.603194	0.436916	0.169529	0.111333	-0.089805
2.067000	0.141954	0.402873	-2.844989	1.008814	0.750011	7.042404
2.068000	0.464260	0.643081	-0.503467	0.049841	-0.007802	-0.406051
2.069000	0.826248	0.883732	2.935583	0.888832	0.630646	6.089622
2.070000	0.625009	0.763185	0.592460	0.049841	0.111333	-0.247518
2.071000	0.665499	0.763185	0.278161	0.568979	0.431016	3.871859
2.072000	0.182040	0.321771	-1.753956	0.409492	0.271175	2.763750
2.073000	0.584518	0.722855	0.904263	0.169529	0.191369	0.700984
2.074000	1.027891	1.123939	3.871153	0.649162	0.471034	4.824803
2.075000	0.262212	0.522534	-1.437267	0.089932	0.111792	-0.246769
2.076000	0.342789	0.522092	-1.751557	0.888832	0.630646	6.249066
2.077000	0.665095	0.722412	1.373283	0.169529	0.111792	0.068399
2.078000	0.745267	0.722412	1.371609	0.529474	0.311422	3.872349
2.079000	0.705181	0.802629	1.997774	0.409492	0.351440	1.336609
2.080000	0.664691	0.762742	1.216943	0.489089	0.391228	3.395257
2.081000	0.141146	0.281441	-3.158386	0.409492	0.311422	2.605218
2.082000	0.422557	0.561093	0.432827	0.369694	0.391228	1.493994
2.083000	0.906420	1.043280	4.028218	0.609364	0.471264	4.188596
2.084000	0.221722	0.401102	-2.063352	0.210206	0.151810	0.862978
2.085000	0.382875	0.682083	-0.501777	0.529474	0.391458	3.712997
2.086000	0.463047	0.561093	-0.035236	0.489675	0.471264	2.762931
2.087000	0.503134	0.520763	0.121909	0.369986	0.232075	1.970175
2.088000	0.704777	0.881961	1.841514	0.529474	0.431475	2.447013
2.089000	0.664691	0.802186	1.997774	0.449876	0.311881	2.128708
2.090000	0.180828	0.360772	-2.533185	0.489675	0.311881	2.762274
2.091000	0.422557	0.520763	-0.347924	0.410078	0.312111	2.129128
2.092000	0.785353	0.761857	2.464316	0.410078	0.232305	2.604560
2.093000	0.462643	0.600980	-0.970637	0.250298	0.311881	0.542850
2.094000	0.664691	0.801744	1.061400	0.290389	0.152499	2.128800
2.095000	0.422557	0.520763	-0.190779	0.609949	0.391917	3.396987
2.096000	0.462643	0.520763	-0.504264	0.450169	0.192517	2.127889
2.097000	0.865930	0.961735	2.933981	0.650041	0.472182	4.033033
2.098000	0.623796	0.801744	0.748003	0.450169	0.352358	2.921718
2.099000	0.382067	0.520763	-1.127951	0.450169	0.312570	3.079922
2.100000	0.462643	0.560650	0.121016	0.610242	0.511970	3.079178
2.101000	0.784949	0.761414	2.622098	0.130902	-0.046442	0.068399
2.102000	0.623796	0.841631	1.530428	0.610242	0.552218	3.238875
2.103000	0.784949	0.961735	2.309578	0.250883	0.033593	1.655168
2.104000	0.341576	0.399774	-1.128587	0.570443	0.512429	3.714474
2.105000	0.422153	0.480433	-0.189974	0.450755	0.272782	2.921389
2.106000	0.945698	0.961735	3.871958	0.650333	0.432623	4.030063
2.107000	0.502729	0.600537	0.279859	0.570443	0.472641	3.398227
2.108000	0.502729	0.600537	-0.502662	0.170993	0.073611	0.546823
2.109000	0.422153	0.479991	-0.190779	0.890296	0.712059	5.615338
2.110000	0.623392	0.680754	1.685174	-0.108183	-0.205366	-1.991068
2.111000	0.663882	1.001622	1.841514	0.770315	0.672271	4.664378
2.112000	0.663882	0.801301	1.996172	0.171286	0.034052	0.545912
2.113000	0.180828	0.359887	-1.907012	0.730516	0.552906	4.822911
2.114000	0.382067	0.480433	-0.971611	0.451340	0.273700	2.446777
2.115000	0.905612	0.921405	3.403009	0.571029	0.473100	3.238875
2.116000	0.502729	0.801744	0.279859	0.611120	0.512888	3.872678
2.117000	0.543220	0.680754	0.280656	0.011799	-0.165118	-0.881483
2.118000	0.382067	0.400217	-0.973212	0.930680	0.792554	6.408348
2.119000	0.422557	0.520320	-0.347119	-0.068091	-0.125330	-1.198312
2.120000	0.986593	1.162941	3.560951	0.930680	0.752766	5.615101
2.121000	0.583710	0.721527	1.216943	0.091982	-0.005277	0.068820
2.122000	0.221318	0.320442	-2.377642	0.691303	0.473789	4.506174
2.123000	0.503134	0.561093	-0.347924	0.451633	0.274159	2.129128
2.124000	0.785353	0.801744	2.465918	0.172165	0.074759	1.178987
2.125000	0.623796	0.842074	1.061408	0.771486	0.713207	5.616249
2.126000	0.785353	0.842074	1.997774	0.092567	0.034971	-0.723279
2.127000	0.181232	0.280555	-2.690331	0.931266	0.753225	6.408348
2.128000	0.543220	0.681640	0.747109	0.012384	-0.044835	-0.882723
2.129000	1.147341	1.202828	5.279671	0.931266	0.673649	6.248996
2.130000	0.422557	0.561093	-0.501777	0.132659	0.035200	0.229832
2.131000	0.342385	0.520763	-0.814465	0.492310	0.235060	1.652947
2.132000	0.503134	0.600980	0.277444	0.691889	0.514266	4.506174
2.133000	0.623796	0.721527	1.685174	0.052769	0.035430	-0.881483
2.134000	0.865930	0.922290	3.092728	0.931266	0.753684	6.407529
2.135000	0.745267	0.801744	2.153318	0.132659	0.035430	-0.407032
2.136000	0.019270	0.280555	-3.156784	1.091632	0.833949	6.883381
2.137000	0.583710	0.640867	1.216943	0.092860	-0.044147	-1.357993
2.138000	1.147341	1.122168	5.120932	0.851962	0.674337	5.775365
2.139000	0.382067	0.600980	-0.654745	0.252933	0.155483	0.547060
2.140000	0.422557	0.520763	-1.283326	0.292732	0.235519	1.176766
2.141000	0.503134	0.480433	-0.033634	0.652383	0.475166	3.873681
2.142000	0.462643	0.600537	0.278169	0.252933	0.155942	0.386727
2.143000	0.825439	0.961735	2.623143	0.972236	0.595220	6.091282
2.144000	0.462643	0.560650	1.060683	0.133244	0.036348	-0.247588
2.145000	0.099847	0.400217	-3.001249	1.012327	0.635238	6.883381
2.146000	0.462643	0.600537	0.120139	0.093153	0.076366	-0.881483
2.147000	0.905612	0.921405	3.714813	0.573079	0.435837	3.715477
2.148000	0.421749	0.640867	-0.031944	0.453390	0.356031	2.288901
2.149000	0.503134	0.721527	0.122626	0.373500	0.356031	1.813302
2.150000	0.502729	0.520320	-0.035236	0.533280	0.356490	4.032542
2.151000	0.543220	0.520763	0.746393	0.214013	0.236667	0.704046
2.152000	0.946102	1.081839	3.559269	0.853133	0.596138	5.774545
2.153000	0.462643	0.640867	-0.346234	0.214013	0.197108	0.545260
2.154000	0.261404	0.480433	-1.907897	0.573957	0.396738	4.347733
2.155000	0.583306	0.640424	1.526339	0.493774	0.436526	2.762532
2.156000	0.583306	0.640424	1.840629	0.334287	0.237126	1.971835
2.157000	0.583306	0.720641	0.592460	0.493774	0.356950	2.605730
2.158000	0.583306	0.801301	1.687573	0.573957	0.396738	2.921648
2.159000	0.179615	0.359887	-2.064157	0.614048	0.397197	3.396589
2.160000	0.422153	0.560208	0.120307	0.214598	0.077973	0.228194
2.161000	0.905612	0.960849	3.402929	0.574250	0.278062	3.872371
2.162000	0.220105	0.439661	-1.282440	0.334580	0.238044	1.813631
2.163000	0.421749	0.600095	-0.657320	0.414762	0.238274	2.445467
2.164000	0.461835	0.559765	0.433704	0.694231	0.437904	3.399068
2.165000	0.421344	0.519435	0.277372	0.494945	0.358097	2.763444
2.166000	0.743650	0.880189	1.843833	0.574835	0.398115	2.921648
2.167000	0.582497	0.760086	0.748003	0.575128	0.398115	2.921976
2.168000	0.179615	0.318671	-2.376757	0.455147	0.238733	2.762204
2.169000	0.461835	0.639096	0.121829	0.415348	0.438363	1.654608
2.170000	0.783736	0.839860	2.152432	0.295659	0.079350	1.178917
2.171000	0.542411	0.719756	0.124316	0.615219	0.558186	3.083151
2.172000	0.542411	0.719313	0.278169	0.375549	0.159386	2.129220
2.173000	0.300278	0.317786	-1.128587	0.535622	0.518628	3.399980
2.174000	0.582497	0.718870	0.902653	0.655604	0.399033	3.240536
2.175000	0.985380	1.039738	3.559349	0.535622	0.359475	3.556874
2.176000	0.421344	0.598766	0.278169	0.535622	0.518857	3.556292
2.177000	0.219701	0.438332	-1.284042	0.136465	-0.039555	-0.247076
2.178000	0.582497	0.597881	0.902653	0.815676	0.758735	4.507505
2.179000	0.702756	0.718870	1.840629	0.016776	-0.198938	-1.355842
2.180000	0.703160	0.959078	1.685174	0.655896	0.599123	3.714496
2.181000	0.702756	0.718427	1.841514	0.256446	0.160304	1.178917
2.182000	0.139125	0.197239	-3.629821	0.616098	0.439970	3.555963
2.183000	0.501517	0.557551	0.121024	0.296538	0.439970	1.971016
2.184000	0.944485	1.038852	4.028298	0.256739	0.080957	1.337121
2.185000	0.299873	0.397117	-1.126180	0.656189	0.559793	3.715407
2.186000	0.380450	0.517221	-1.440391	-0.022730	-0.158461	-1.674309
2.187000	0.259383	0.356787	-0.816067	0.776171	0.759653	5.140581
2.188000	0.500304	0.557108	0.279940	-0.062528	-0.118443	-1.356332
2.189000	0.863909	1.038409	2.935751	0.616391	0.520235	3.555143
2.190000	0.621775	0.677655	1.370079	0.177142	0.081187	0.545605
2.191000	-0.143499	0.035477	-4.409687	0.616391	0.400411	3.556874
2.192000	0.581689	0.596995	0.589248	0.337215	0.241028	1.496565
2.193000	0.903995	0.998079	3.871241	0.057453	0.001610	-0.087961
2.194000	0.299469	0.477334	-1.907817	0.976335	0.759653	5.775295
2.195000	0.339959	0.516778	-1.284927	-0.062528	-0.118214	-2.148760
2.196000	0.299469	0.396674	-1.130189	0.896445	0.640288	5.775295
2.197000	0.460218	0.597438	-0.190779	-0.022437	-0.078196	-1.514046
2.198000	0.903995	1.037966	2.934141	0.656482	0.480447	3.874193
2.199000	0.419728	0.516778	-0.347119	0.217233	0.041628	0.704795
2.200000	-0.023241	0.276128	-3.627334	0.137636	0.161452	0.070993
2.201000	0.701947	0.796873	1.838222	0.616976	0.480676	3.715407
2.202000	0.782524	0.796873	2.933344	0.017655	-0.117754	-1.356332
2.203000	0.460218	0.676769	-0.659559	0.976628	0.720094	6.091541
2.204000	0.500304	0.596110	-0.347039	0.017655	0.001610	-1.198128
2.205000	0.097422	0.235355	-2.378367	0.976628	0.720094	6.569544
2.206000	0.500304	0.676769	0.589248	-0.062235	-0.157772	-2.148760
2.207000	1.023849	1.037524	4.184638	0.576885	0.401100	3.872463
2.208000	0.218488	0.395789	-1.596731	0.217233	0.161682	0.705615
2.209000	0.178402	0.355902	-3.000452	0.017655	0.041628	-1.195977
2.210000	0.621775	0.596110	0.900334	0.616976	0.560712	4.666621
2.211000	0.540390	0.676326	1.217828	0.057746	0.041628	-1.353691
2.212000	0.500304	0.676769	-0.658754	0.896445	0.600500	5.933499
2.213000	0.419728	0.556665	-0.347836	-0.022437	-0.038178	-1.832023
2.214000	0.138316	0.275685	-3.002851	0.856646	0.680306	6.250656
2.215000	0.621775	0.676769	0.432827	-0.102327	-0.078196	-2.307875
2.216000	0.782524	0.837203	2.621461	0.417105	0.281046	2.922160
2.217000	0.299469	0.476448	-2.220337	0.377013	0.241258	1.338269
2.218000	0.299469	0.395789	-2.064077	0.057453	0.081416	-0.563813
2.219000	0.540390	0.556665	0.588362	0.576885	0.480676	4.032726
2.220000	0.500304	0.676769	0.433713	0.217233	0.041628	-0.719796
2.221000	0.702352	0.837203	0.746393	0.696573	0.520464	5.141071
2.222000	0.379237	0.476448	-0.504981	0.097545	0.161452	-0.405280
2.223000	0.258979	0.395789	-1.753071	0.576885	0.361082	4.030996
2.224000	0.782524	0.796873	2.307976	0.337215	0.201240	0.546591
2.225000	0.742438	0.716656	1.839912	0.257032	0.201470	1.338361
2.226000	0.299469	0.516778	-1.282440	0.417105	0.321064	2.129878
2.227000	0.540794	0.676769	0.279046	0.177142	0.161452	-0.088451
2.228000	0.258979	0.275685	-1.599218	0.616976	0.361082	3.717299
2.229000	0.661861	0.716656	1.525622	0.017655	0.041628	-1.674309
2.230000	0.823014	0.877090	2.934946	0.616976	0.440658	4.190440
2.231000	0.258979	0.355902	-1.596731	0.217233	0.161452	0.229434
2.232000	0.299469	0.436561	-1.596731	0.377306	0.201240	2.129641
2.233000	0.702352	0.676769	1.837426	0.417105	0.281046	1.813141
2.234000	0.460218	0.596995	-0.347119	0.337215	0.241258	1.337450
2.235000	0.500708	0.756986	0.124396	0.377306	0.201240	1.496565
2.236000	0.540794	0.676769	0.589248	0.337215	0.281046	0.545443
2.237000	0.016845	0.075364	-3.784487	0.417105	0.241258	2.607552
2.238000	0.742438	0.756986	1.526339	0.057453	0.041399	-0.563813
2.239000	0.823014	0.837203	2.465998	0.417105	0.161452	1.970687
2.240000	0.178402	0.436561	-2.221302	0.417105	0.321064	1.813631
2.241000	0.339555	0.516778	-1.128587	0.417105	0.241258	2.130131
2.242000	0.661861	0.516335	1.056594	0.417105	0.241258	1.812812
2.243000	0.419728	0.516778	-0.973044	0.496995	0.360623	2.130460
2.244000	0.661861	0.757429	0.748880	0.377013	0.241258	1.812483
2.245000	0.500304	0.596995	-0.035236	0.457196	0.400640	2.446378
2.246000	0.017249	0.235798	-3.314654	0.217819	0.041628	0.228286
2.247000	0.823014	0.756986	1.681882	0.417105	0.400640	1.496894
2.248000	0.701947	0.756986	1.526339	0.017655	-0.157772	-0.724826
2.249000	0.339555	0.516778	-1.282440	0.537086	0.440658	2.762134
2.250000	0.500304	0.596995	-0.035236	0.257032	0.041628	0.704138
2.251000	0.299065	0.355459	-0.973212	0.537086	0.321064	2.765266
2.252000	0.540390	0.636439	-0.035236	0.496995	0.400640	2.130460
2.253000	0.983763	1.077854	3.716494	0.337215	0.201470	1.337213
2.254000	0.419728	0.476448	-0.347119	0.537086	0.560253	3.082331
2.255000	-0.023241	0.195468	-3.785364	-0.022144	-0.157772	-1.673490
2.256000	0.782524	0.756986	2.308773	0.576885	0.480447	3.239226
2.257000	0.500304	0.676769	0.748880	-0.022437	-0.237578	-1.673398
2.258000	0.380046	0.556665	-1.283326	0.496995	0.281046	2.765594
2.259000	0.500304	0.596110	0.121024	0.297416	0.161452	0.387730
2.260000	0.017249	0.115694	-3.158394	0.497288	0.321064	2.607062
2.261000	0.580881	0.756986	1.057479	0.496995	0.321064	2.922489
2.262000	0.903187	0.917863	3.402212	0.137636	0.041628	0.069753
2.263000	0.299469	0.516778	-1.440391	0.696573	0.640288	4.033384
2.264000	0.138316	0.275685	-3.002851	-0.062235	-0.078196	-1.990227
2.265000	0.701947	0.636439	1.681882	0.616976	0.520464	3.714587
2.266000	0.580881	0.676769	0.434589	-0.022144	-0.117754	-1.514865
2.267000	0.540794	0.676769	-0.189894	0.537086	0.480676	2.920338
2.268000	0.419728	0.395789	-0.504184	0.377306	0.161452	1.654279
2.269000	0.057335	0.195468	-3.472684	0.377306	0.201470	1.654279
2.270000	0.742438	0.837203	1.838222	0.576885	0.480676	3.397759
2.271000	0.943677	0.916977	3.402204	-0.062235	-0.038178	-1.673398
2.272000	0.339555	0.556665	-1.596731	0.856646	0.760112	5.773564
2.273000	0.258979	0.436561	-1.597616	-0.181924	-0.277367	-3.099812
2.274000	0.419728	0.315572	-0.035236	0.896445	0.680306	5.299696
2.275000	0.702352	0.796873	1.684369	-0.022144	-0.197560	-1.830783
2.276000	0.742438	0.796873	1.841514	0.457196	0.361082	2.446706
2.277000	0.299065	0.355902	-1.284927	0.456903	0.321064	2.288174
2.278000	0.138316	0.235798	-3.002054	0.217233	0.121664	-0.404698
2.279000	0.903187	0.837203	3.559269	0.816555	0.680306	5.140489
2.280000	0.580881	0.716656	1.683652	-0.102034	-0.038178	-1.989316
2.281000	0.419728	0.516778	-0.502582	0.936536	0.760112	6.566903
2.282000	0.258979	0.516335	-1.128587	-0.142125	-0.237578	-2.624121
2.283000	0.178402	0.235798	-1.753071	0.896738	0.720094	5.933499
2.284000	0.823014	0.877090	2.309658	-0.022437	-0.038178	-1.515448
2.285000	0.661861	0.716656	1.374088	0.417105	0.321064	2.129641
2.286000	0.057335	0.235798	-2.688560	0.417398	0.201470	1.655098
2.287000	0.218893	0.436561	-1.752991	0.177142	0.001840	-0.406099
2.288000	0.782524	0.796873	3.245067	0.776756	0.560712	4.507177
2.289000	0.419728	0.556665	-0.348721	-0.062235	-0.038178	-1.514865
2.290000	0.460218	0.596995	-0.502582	0.936536	0.720324	6.250656
2.291000	0.460218	0.556665	-0.660524	0.097545	0.161452	-0.406099
2.292000	0.097422	0.235798	-3.004541	0.616976	0.520464	4.507177
2.293000	0.903187	0.837203	2.464316	0.017947	-0.038178	-1.196651
2.294000	0.661861	0.756986	1.997774	0.377306	0.201470	1.178680
2.295000	0.218488	0.355902	-2.064157	0.457196	0.281276	2.130460
2.296000	0.500304	0.636439	-0.349526	-0.062235	-0.038178	-1.990227
2.297000	0.540794	0.596110	1.056594	0.776756	0.481135	4.664890
2.298000	0.540794	0.676769	0.590849	0.017655	-0.038178	-0.722346
2.299000	0.661861	0.837203	1.685254	0.816848	0.600500	5.141071
2.300000	0.339555	0.476448	-0.972239	0.137636	0.041628	-0.403059
2.301000	0.178402	0.275685	-2.534707	0.537086	0.401100	3.240137
2.302000	0.983763	0.837203	3.559269	0.137636	0.161452	0.387147
2.303000	0.580881	0.676769	0.746393	0.217233	0.201470	0.861852
2.304000	0.339555	0.516778	-1.284131	0.417398	0.281276	2.447197
2.305000	0.621775	0.676769	0.746393	-0.062235	-0.038178	-2.148760
2.306000	0.299469	0.275685	-1.129384	0.816848	0.640518	5.775295
2.307000	0.580881	0.676769	0.590133	0.217233	0.201470	0.227703
2.308000	0.742438	0.917863	1.997854	0.776756	0.560712	5.141071
2.309000	0.299469	0.476448	-1.282440	0.217233	0.161452	0.387967
2.310000	0.097422	0.355902	-2.377562	0.457196	0.361082	2.446378
2.311000	0.782524	0.756986	2.307976	0.377306	0.201470	1.180648
2.312000	0.500304	0.596995	0.279940	0.337215	0.281276	1.654279
2.313000	0.419728	0.556665	-0.814297	0.377306	0.281276	1.655098
2.314000	0.661861	0.756986	1.684369	0.217233	0.241258	0.545443
2.315000	0.178402	0.195468	-2.534707	0.497288	0.281276	2.923470
2.316000	0.621775	0.757429	1.373283	0.217233	0.241258	0.544861
2.317000	0.742438	0.917863	2.153318	0.377306	0.201470	1.813066
2.318000	0.299469	0.436561	-1.283326	0.417105	0.321064	1.339181
2.319000	0.258979	0.396674	-1.753876	0.337215	0.241258	1.653788
2.320000	0.661861	0.596995	1.681802	0.377306	0.281276	1.178917
2.321000	0.742438	0.756986	1.684369	0.457196	0.361082	3.081022
2.322000	0.621775	0.797316	0.746393	0.377306	0.281276	1.811081
2.323000	0.380046	0.516335	-0.347039	0.536793	0.440658	1.972256
2.324000	0.218488	0.235355	-2.064962	0.337215	0.201470	1.971927
2.325000	0.903187	0.877090	2.933344	0.377013	0.321064	1.496894
2.326000	0.701947	0.756543	2.153318	0.297416	0.201470	0.861852
2.327000	0.500304	0.636439	0.121909	0.576885	0.480676	3.556874
2.328000	0.419728	0.516335	-0.660524	0.377306	0.241258	1.021296
2.329000	0.258979	0.315572	-0.816864	0.496995	0.400640	2.923799
2.330000	0.823014	0.837203	2.309658	0.496995	0.440658	2.446378
2.331000	0.620967	0.716656	1.062285	0.257032	0.161452	0.544694
2.332000	0.178402	0.235798	-2.220417	0.417105	0.440658	1.812812
2.333000	0.138316	0.316015	-2.533910	0.057453	-0.117754	-0.247895
2.334000	0.782928	0.837203	2.308056	0.496995	0.321064	2.765594
2.335000	0.621775	0.637325	1.217828	0.217233	0.161452	1.337121
2.336000	0.581689	0.677655	0.279046	0.576885	0.520464	3.715407
2.337000	0.258979	0.396674	-1.753876	0.377306	0.321064	1.971016
2.338000	0.138720	0.196354	-2.221302	0.417105	0.201470	1.338361
2.339000	0.823418	0.958192	2.467520	0.537086	0.440658	2.446706
2.340000	0.661861	0.756986	1.528914	-0.022144	-0.117754	-1.515194
2.341000	0.218893	0.316015	-2.377562	0.696573	0.680076	3.714916
2.342000	0.218893	0.436561	-2.221222	-0.102034	-0.197790	-1.673490
2.343000	0.742438	0.676326	1.840549	0.496995	0.480447	3.081022
2.344000	0.702352	0.716656	0.902653	0.337215	0.201240	1.179500
2.345000	0.661861	0.756986	0.434589	0.537086	0.440658	3.239226
2.346000	0.258575	0.355902	-1.597616	0.576885	0.401100	3.397430
2.347000	0.097422	0.275685	-1.911021	0.097545	0.121664	0.069753
2.348000	0.984167	0.997637	4.026607	0.616976	0.600500	4.507505
2.349000	0.661053	0.797316	1.528029	-0.142125	-0.157772	-2.466737
2.350000	0.218893	0.355902	-1.753071	0.976628	0.760342	6.250985
2.351000	0.500304	0.636439	0.278169	-0.141833	-0.157772	-2.306145
2.352000	0.580881	0.636439	1.213739	0.696573	0.520464	4.030996
2.353000	0.742438	0.756986	1.840709	0.137636	0.041628	-0.087961
2.354000	0.580881	0.717099	1.528914	0.417105	0.241258	1.970525
2.355000	0.178402	0.315572	-1.909331	0.417105	0.281276	2.130460
2.356000	0.178402	0.436561	-1.753876	0.097545	0.041628	-0.405188
2.357000	0.943677	0.837203	4.027412	0.896445	0.680306	5.775295
2.358000	0.460218	0.636439	0.748880	0.057746	-0.038178	-1.672579
2.359000	0.258979	0.516778	-1.127702	0.896738	0.680306	5.933499
2.360000	0.540794	0.556665	0.121909	-0.062235	-0.078196	-1.832023
2.361000	0.258979	0.316015	-1.127782	0.576885	0.520464	3.714587
2.362000	0.903187	0.797316	2.465201	0.217233	0.161452	0.228943
2.363000	0.540794	0.717099	1.060683	0.217233	0.161682	0.860121
2.364000	0.178402	0.316015	-2.220417	0.496995	0.440658	3.082003
2.365000	0.339959	0.516335	-1.284131	0.057746	0.001840	-0.882701
2.366000	0.742034	0.796873	2.932379	0.816555	0.640518	4.981627
2.367000	0.661861	0.756986	0.590849	0.057746	0.001610	-0.722017
2.368000	0.339555	0.636439	-0.971442	0.816555	0.640288	5.299933
2.369000	0.419728	0.596110	0.277444	0.137636	0.121664	-0.405280
2.370000	0.258979	0.436561	-0.972407	0.537086	0.321064	3.240137
2.371000	0.742438	0.796873	2.308056	0.217233	0.121664	0.229434
2.372000	0.620967	0.796873	1.215349	0.097545	0.081416	-0.247895
2.373000	0.339555	0.516335	-1.596731	0.776756	0.520464	4.982867
2.374000	0.460218	0.556665	-0.191496	0.017655	0.001840	-1.355842
2.375000	0.500304	0.556665	1.056594	0.936536	0.680306	5.933591
2.376000	0.661861	0.756986	1.217828	0.057453	0.081875	-0.882701
2.377000	0.540794	0.717099	0.436200	0.816555	0.560712	5.141071
2.378000	0.500304	0.516778	-0.035236	0.017655	0.041628	-1.200349
2.379000	0.138316	0.275685	-1.753876	0.496995	0.321064	2.446378
2.380000	0.782524	0.797316	2.465121	0.456903	0.281276	1.972164
2.381000	0.662265	0.756986	0.905148	0.177142	0.201240	-0.246655
2.382000	0.419728	0.556665	-0.347039	0.616976	0.440658	4.347733
2.383000	0.419728	0.516778	-0.347119	0.217233	0.161452	-0.247076
2.384000	0.258979	0.355902	-0.659719	0.697159	0.520464	4.823094
2.385000	0.702352	0.917863	2.154114	0.097545	0.161452	0.227703
2.386000	0.540794	0.757429	1.217023	0.656482	0.361082	4.348644
2.387000	0.258979	0.316015	-2.064077	0.137636	0.081416	-0.724168
2.388000	0.299469	0.436561	-0.970645	0.457196	0.321064	2.446706
2.389000	0.580881	0.796873	2.152513	0.337215	0.201470	1.021042
2.390000	0.661861	0.756986	1.374088	0.417105	0.321064	1.811993
2.391000	0.460218	0.717099	0.278329	0.457196	0.361082	3.082331
2.392000	0.419728	0.355902	-0.973044	0.377013	0.241258	0.862509
2.393000	0.097422	0.315572	-1.597616	0.537086	0.321294	4.189200
2.394000	0.903187	1.037966	3.403806	0.217233	0.241258	0.545352
2.395000	0.661861	0.676769	1.057479	0.457196	0.281276	2.448529
2.396000	0.299065	0.395789	-1.284847	0.457196	0.361082	1.814542
2.397000	0.299065	0.395789	-1.285732	0.377306	0.201470	1.338361
2.398000	0.580881	0.636439	1.370079	0.457196	0.361082	2.446706
2.399000	0.823014	0.917863	2.779403	0.457196	0.401100	2.132611
2.400000	0.661861	0.756543	1.530428	0.417398	0.281276	1.972256
2.401000	0.097422	0.275685	-2.064077	0.257032	0.161452	0.071230
2.402000	0.339555	0.476448	-0.816067	0.457196	0.281276	2.606733
2.403000	1.024253	1.197957	5.278078	0.417105	0.321064	1.655427
2.404000	0.500708	0.676769	0.121909	0.337215	0.241488	1.178917
2.405000	0.218488	0.476448	-1.283245	0.497288	0.281276	2.449348
2.406000	0.339555	0.476448	-0.660524	0.496995	0.480447	2.923799
2.407000	0.419728	0.476448	-0.189974	0.377306	0.241258	1.337450
2.408000	0.823418	0.837203	2.465201	0.496995	0.401100	2.762134
2.409000	0.661861	0.716656	0.902653	0.217233	0.001840	0.861760
2.410000	-0.023241	0.115694	-3.625732	0.217233	0.281046	0.544861
2.411000	0.339555	0.476448	-0.659559	0.297416	0.121664	0.861852
2.412000	0.983763	0.957750	3.871153	0.496995	0.400640	2.446706
2.413000	0.500304	0.676769	0.437085	0.377306	0.201470	1.337213
2.414000	0.259383	0.355902	-1.596651	0.337215	0.241258	1.811901
2.415000	0.460218	0.516335	-0.034351	0.576885	0.440658	3.715407
2.416000	0.339555	0.436561	-0.973044	0.297416	0.081416	0.544694
2.417000	0.782524	0.917863	2.309658	0.576885	0.560253	3.082331
2.418000	0.500304	0.596995	0.277453	0.017655	-0.157772	-1.039924
2.419000	0.057335	0.235798	-2.844909	0.696573	0.640288	3.716318
2.420000	0.299469	0.516778	-1.285732	-0.022144	-0.038178	-1.037773
2.421000	0.742034	0.756986	2.619859	0.536793	0.480447	3.398670
2.422000	0.701947	0.797316	1.840709	0.377306	0.161452	1.656009
2.423000	0.500708	0.596995	-0.035244	0.537086	0.361082	2.288993
2.424000	0.339555	0.476448	-0.659719	0.456903	0.321064	2.446706
2.425000	0.339555	0.516778	-0.504184	0.217233	0.041628	-0.088780
2.426000	0.823014	0.837203	2.777004	0.496995	0.480447	2.763444
2.427000	0.540794	0.596995	0.433713	-0.102327	-0.157772	-2.149671
2.428000	0.299469	0.436561	-1.284847	0.896445	0.720094	5.299696
2.429000	0.540794	0.676769	1.217023	0.017655	-0.038178	-1.355842
2.430000	0.540794	0.556665	0.743914	0.457196	0.321064	1.972256
2.431000	0.661861	0.757429	1.997854	0.297416	0.201470	0.861852
2.432000	0.540794	0.676769	0.434589	0.417105	0.361082	1.971927
2.433000	0.178402	0.276128	-2.220417	0.377013	0.281046	1.178917
2.434000	0.339555	0.516335	-0.504184	0.097545	0.121664	-0.406428
2.435000	0.742438	0.756986	2.464316	0.776756	0.600500	4.506686
2.436000	0.500304	0.556665	0.593345	-0.102034	-0.197790	-2.624450
2.437000	0.299469	0.596995	-0.658754	0.856646	0.760112	5.458229
2.438000	0.460218	0.436561	-0.346234	0.057453	0.041628	-0.720707
2.439000	0.339555	0.476448	-0.034431	0.536793	0.400640	2.446378
2.440000	0.742438	0.917863	2.623860	0.337215	0.281276	1.338361
2.441000	0.540794	0.596995	0.436916	0.337508	0.201470	0.703319
2.442000	0.138316	0.316015	-2.377562	0.616976	0.560712	4.031815
2.443000	0.339555	0.476448	-0.973044	-0.102034	-0.117754	-2.466408
2.444000	0.620967	0.636439	1.840629	0.896445	0.760112	6.091541
2.445000	0.540794	0.676769	0.121909	-0.062235	-0.117754	-1.990227
2.446000	0.540794	0.676769	0.590133	0.816555	0.680306	4.982867
2.447000	0.258979	0.355902	-0.973212	0.017655	-0.117754	-1.197799
2.448000	0.299065	0.476448	-0.347836	0.536793	0.480676	3.240137
2.449000	0.782928	0.796873	2.621541	0.337215	0.201470	1.337450
2.450000	0.540794	0.717099	0.904423	0.137636	0.121664	-0.088451
2.451000	0.178402	0.436561	-0.814297	0.696573	0.560712	4.664890
2.452000	0.420536	0.476891	0.905220	-0.022144	0.001840	-1.674309
2.453000	16.471219	-16.984742	188.947674	0.617855	0.878559	6.093999
2.454000	78.671017	-53.607506	176.371482	0.416812	1.475841	-0.102482
2.455000	45.683896	-17.529324	71.928789	0.138807	0.004824	2.950247
2.456000	46.785431	-21.233099	66.112988	0.179777	-1.432832	-9.118084
2.457000	90.690388	-49.128716	265.349361	-1.610868	5.238892	-2.932480
2.458000	176.945763	-14.315039	332.540798	0.653847	-7.970959	1.786288
2.459000	242.521744	-105.836773	382.377751	-0.972333	4.434633	7.645170
2.460000	329.476879	-99.551369	709.928226	1.777870	3.600917	10.682792
2.461000	465.832977	-159.366150	822.957403	-1.124501	-4.262618	-9.234514
2.462000	510.282570	-100.120895	1005.616817	-0.047889	3.047555	-13.696683
2.463000	543.591385	-75.061792	904.390766	1.577120	-2.055900	2.417656
2.464000	428.178108	-33.385806	730.796257	0.067408	-1.340630	17.487018
2.465000	415.109100	-17.714331	691.349792	0.910206	1.170621	4.185841
2.466000	359.589142	0.135880	637.813168	0.303272	0.296427	2.460184
2.467000	391.587265	24.371039	728.034004	-0.767191	0.014466	-9.431307
2.468000	410.359283	31.899877	736.151062	1.268686	1.491681	-4.368889
2.469000	436.180206	34.226128	790.082047	-0.212060	-1.017503	13.549074
2.470000	444.633255	27.426771	794.664284	1.470900	0.216392	-1.681187
2.471000	436.801239	-1.895779	784.237099	0.747498	1.176589	11.007653
2.472000	443.598083	-24.062201	849.764977	-0.371255	-0.700804	-1.048128
2.473000	459.066864	-43.300928	859.437248	1.029602	1.651753	-4.520484
2.474000	472.908035	-56.129871	928.409882	0.109256	-0.023026	7.054399
2.475000	478.252350	-61.852758	969.776611	0.787882	0.614963	-1.675672
2.476000	478.925720	-70.460356	1012.315613	0.349219	0.376233	4.035049
2.477000	469.319077	-71.406169	1061.827377	0.267865	0.056780	3.072887
2.478000	458.765320	-72.743734	1084.444473	0.787882	0.574945	0.388916
2.479000	440.962982	-68.240118	1133.637863	0.028488	-0.023715	2.291823
2.480000	416.412476	-55.953685	1174.699669	0.587718	0.693851	4.190386
2.481000	396.520004	-36.672413	1240.343506	0.428524	0.414644	1.660478
2.482000	412.667770	-4.214249	1396.672394	0.346877	0.414185	2.608538
2.483000	370.149597	39.796850	1453.812347	0.468029	0.170405	1.168281
2.484000	397.849731	73.545786	1682.934906	2.854775	2.363809	1.041197
2.485000	343.334549	155.775673	1781.498901	-0.539819	-6.295491	10.639179
2.486000	295.214027	31.136486	1566.096603	1.377542	11.254492	8.642925
2.487000	216.577484	52.726078	1955.645477	-1.449917	-2.469622	-16.211159
2.488000	260.253265	-5.424252	1924.519836	1.938821	-0.913519	-6.099445
2.489000	256.873825	-19.868416	2278.709045	-2.468013	2.762150	-1.672722
2.490000	198.441650	-32.864065	2464.254608	3.719511	-0.045754	12.838896
2.491000	108.555958	-41.780136	2763.963196	0.449876	2.731158	17.377205
2.492000	65.527021	-18.212830	3085.952332	-3.161863	-5.696758	-19.264021
2.493000	-21.565922	-30.424541	3132.046326	3.931952	7.578666	3.700857
2.494000	-115.714855	1.156189	3306.663818	-4.379245	-6.918871	4.664973
2.495000	-160.072754	24.966316	3201.251770	2.282935	3.726627	-2.190165
2.496000	-218.673286	40.997330	3147.584839	-1.671183	-4.650941	22.591244
2.497000	-186.205280	55.913721	2995.345276	-0.552429	0.256556	-5.982262
2.498000	-184.985060	39.356724	2805.964874	1.644400	1.457549	-1.528354
2.499000	-136.143108	32.168310	2676.621826	-2.741353	-3.485374	11.484737
2.500000	-82.688568	11.974064	2462.865967	3.015120	2.663364	-9.930603
2.501000	-9.423248	-7.962227	2331.951202	-1.454622	-1.236343	17.512649
2.502000	80.135288	-23.248188	2170.830750	-0.211203	0.046522	-1.383270
2.503000	166.796721	-31.988726	2046.750458	2.033916	0.853076	-2.311239
2.504000	255.251926	-32.337526	1956.386902	-1.676725	-0.735698	10.691082
2.505000	319.871109	-36.574408	1833.371124	1.804493	0.506001	-10.556444
2.506000	387.313293	-35.793974	1761.765594	0.091982	0.472641	10.065775
2.507000	426.705551	-35.300274	1678.582916	-0.067213	-0.281499	0.531994
2.508000	466.581284	-37.012316	1591.490845	1.456261	0.799900	-0.091185
2.509000	494.701767	-32.716509	1532.998932	-0.699599	-0.513341	6.571021
2.510000	516.107697	-28.482765	1462.630112	1.180013	0.565992	-1.995568
2.511000	523.617996	-23.539463	1400.075562	0.064480	0.209275	6.416537
2.512000	531.622299	-18.476063	1352.679062	-0.414860	-0.506913	-2.629948
2.513000	529.991837	-14.334927	1310.603729	1.624239	1.050567	4.032494
2.514000	527.576233	-12.290504	1268.226776	-1.371198	-0.943436	-0.401889
2.515000	521.294571	-10.404301	1235.845734	1.625117	0.892103	0.543077
2.516000	507.654114	-6.762184	1206.436203	-0.212060	-0.224034	3.877260
2.517000	493.056412	-11.911118	1168.127914	0.387261	-0.024634	1.651422
2.518000	483.249603	-14.526798	1149.362701	1.226546	0.853463	1.972698
2.519000	472.088348	-15.983986	1124.188705	-0.531328	-0.822005	1.816553
2.520000	462.528091	-19.842369	1096.822220	1.746270	1.332069	4.662034
2.521000	457.738846	-20.454842	1088.992691	-0.371255	-0.223575	-1.035854
2.522000	452.537842	-20.141941	1077.250549	1.066473	0.414644	7.517157
2.523000	449.672714	-20.907322	1065.516708	0.228067	0.534009	-2.783123
2.524000	446.776398	-19.991692	1059.088852	0.227481	0.215014	7.360592
2.525000	446.885345	-20.349346	1050.315948	0.587425	0.254114	-1.041212
2.526000	446.038696	-20.351559	1049.826447	0.147298	0.413955	3.243037
2.527000	448.689224	-20.548340	1052.459290	0.546748	0.293672	5.456358
2.528000	449.607574	-21.145313	1054.782761	0.426767	0.213637	-2.306521
2.529000	452.100174	-21.985161	1053.816879	0.546456	0.533320	8.627961
2.530000	453.943726	-23.542967	1061.916824	0.386675	0.093583	-1.994323
2.531000	457.647842	-23.419323	1075.020462	0.906107	0.692473	6.413820
2.532000	457.201645	-24.539700	1079.220215	-0.173140	-0.146294	0.384291
2.533000	450.360703	-24.461254	1087.955368	1.224789	0.771361	4.666152
2.534000	437.646210	-24.993954	1087.160873	-0.014239	-0.147212	0.387988
2.535000	426.905609	-31.581480	1088.879913	0.305029	0.250900	0.068535
2.536000	413.435928	-37.493582	1096.228546	0.743692	0.570124	4.350633
2.537000	398.036057	-42.284420	1094.515152	-0.095885	0.009875	-0.089761
2.538000	383.758575	-46.147666	1095.457718	1.022282	0.528040	4.031254
2.539000	372.301697	-48.888768	1097.958908	-0.337019	0.088303	0.544953
2.540000	363.858948	-50.540961	1105.773712	1.060617	0.407068	5.616854
2.541000	355.662788	-49.911182	1109.991470	-0.178118	-0.152722	-3.415800
2.542000	350.156021	-51.318740	1114.210693	0.260838	0.285867	3.713768
2.543000	345.253799	-49.598286	1117.959976	0.699794	0.125796	0.228286
2.544000	341.439545	-49.080641	1123.424866	-0.459343	-0.114540	-0.246327
2.545000	337.861374	-47.116434	1134.049973	0.898494	0.403625	3.872463
2.546000	335.012428	-45.754959	1137.021332	-0.020680	-0.035653	-0.405280
2.547000	330.748741	-44.232167	1135.925262	0.578642	0.243554	5.615614
2.548000	328.137894	-42.388951	1140.144058	0.178606	0.003217	-2.308532
2.549000	324.678360	-40.103433	1143.269714	0.298295	0.163288	5.615851
2.550000	322.305603	-37.016191	1145.303452	0.298295	0.003217	-1.833753
2.551000	318.362602	-34.451023	1143.274139	0.098423	0.163059	1.178755
2.552000	315.947731	-31.322565	1140.152115	0.138514	-0.076818	1.495983
2.553000	312.566353	-27.954344	1141.251724	0.377599	0.162370	-0.248224
2.554000	310.230431	-24.504129	1142.503540	-0.021558	0.042776	2.923799
2.555000	307.411888	-20.733936	1142.356018	0.377306	-0.077048	-1.356661
2.556000	304.230919	-17.083406	1139.084030	0.417690	0.401788	4.189200
2.557000	302.541252	-13.475416	1141.595627	-0.022144	-0.037489	0.229434
2.558000	304.687637	-6.426962	1161.484665	0.696573	0.281505	1.651891
2.559000	315.173096	12.339359	1190.252975	-0.022437	0.361082	1.972164
2.560000	311.533401	11.975060	1188.403595	0.536793	-0.237578	2.127161
2.561000	311.684044	21.723402	1220.626572	0.216941	0.719865	0.705615
2.562000	313.662819	46.705421	1246.577728	0.336336	-0.158461	1.970197
2.563000	305.840500	56.947464	1268.009308	0.535622	0.160534	2.445300
2.564000	267.826332	46.450563	1299.288544	0.295367	0.398804	-0.085665
2.565000	269.707481	60.214217	1311.955658	0.295367	-0.041162	3.392891
2.566000	252.763031	75.272814	1339.145630	0.134123	-0.041392	2.129948
2.567000	235.401978	87.483046	1366.802429	0.413884	0.516103	1.178168
2.568000	205.602547	98.914172	1406.964844	0.772072	0.155942	3.396497
2.569000	182.540848	108.040705	1433.520020	-0.067506	0.115006	2.287661
2.570000	151.054974	103.222380	1445.530762	0.890296	0.433082	3.235905
2.571000	125.723305	105.678957	1455.190643	0.090518	0.072922	2.762931
2.572000	101.733479	104.162357	1456.570221	0.289804	0.072233	2.443386
2.573000	83.078674	99.069249	1459.048157	0.488797	0.230927	2.128125
2.574000	63.736345	93.537392	1456.369934	-0.111111	-0.208350	1.178076
2.575000	48.115892	88.522724	1448.377625	0.767680	0.508986	4.029642
2.576000	35.927017	81.301438	1442.573303	0.208157	-0.049656	3.554609
2.577000	28.139461	74.398798	1434.582733	0.447241	0.229091	2.761034
2.578000	23.590325	66.128052	1422.073059	0.527131	0.189073	4.028241
2.579000	20.533269	58.259269	1410.343506	0.167480	0.149285	2.603320
2.580000	20.506117	50.147183	1399.244965	0.806893	0.468280	3.235813
2.581000	20.885890	42.956926	1387.363403	-0.151788	-0.289304	0.701383
2.582000	23.440421	36.328628	1377.831543	0.607314	0.548315	3.395257
2.583000	25.636601	29.698118	1366.891510	0.287754	-0.009639	1.337590
2.584000	27.586202	23.312244	1350.640411	0.208157	0.189532	3.237872
2.585000	30.342778	18.208952	1339.699524	0.647698	0.349374	3.078590
2.586000	33.379555	13.788610	1330.320801	0.327845	0.030379	4.505661
2.587000	36.051918	10.212101	1315.473480	0.607900	0.429410	2.761034
2.588000	39.048204	7.838839	1302.340546	0.248541	0.070626	1.020853
2.589000	41.517712	6.027981	1286.706451	0.647991	0.589481	6.723845
2.590000	43.907854	5.661028	1271.227356	-0.111111	-0.288386	-2.945090
2.591000	47.584797	7.100061	1263.091766	0.728174	0.589940	6.567043
2.592000	49.408882	8.257669	1247.299622	0.089347	-0.168332	-0.566735
2.593000	50.828066	9.496826	1231.816193	0.648577	0.390539	4.662556
2.594000	51.923731	11.257612	1217.895782	0.209035	0.151351	2.286583
2.595000	52.372763	13.099056	1207.099274	0.728467	0.270945	3.237635
2.596000	52.214844	15.021164	1195.212708	0.409199	0.231157	3.713234
2.597000	51.089602	16.742948	1182.542084	0.209035	-0.048049	-0.090953
2.598000	48.592136	17.984317	1166.898926	0.728467	0.630417	6.247993
2.599000	46.255013	19.666213	1155.792145	0.009749	-0.207662	-0.724028
2.600000	44.118322	22.070062	1149.371155	0.768558	0.669976	5.773214
2.601000	40.812665	23.512194	1137.016388	-0.070141	-0.167873	-0.090716
2.602000	37.346663	25.233977	1125.908813	0.728467	0.470805	4.188267
2.603000	33.799275	26.956648	1115.584885	0.129438	0.031757	0.543761
2.604000	30.614281	28.838867	1108.076050	0.369108	0.151351	1.811642
2.605000	27.591653	30.962180	1102.130676	0.768558	0.510363	5.298181
2.606000	24.204205	32.243435	1093.217484	0.169237	-0.008261	-0.091535
2.607000	20.457197	33.203379	1081.962036	0.768265	0.669746	6.089460
2.608000	17.554827	34.444304	1076.801590	-0.030342	-0.048738	0.384646
2.609000	15.015253	35.644459	1074.139740	0.808064	0.669746	6.405868
2.610000	12.114094	36.403642	1067.732239	0.048962	-0.048738	-0.247518
2.611000	9.293513	36.641635	1060.386658	0.408907	0.230698	2.920149
2.612000	6.755555	37.199612	1054.449554	0.488797	0.270486	3.237543
2.613000	4.902701	37.437163	1051.792862	-0.190708	-0.088756	-1.041347
2.614000	3.574603	38.115684	1051.638916	0.967551	0.629728	6.881230
2.615000	1.600277	37.511180	1044.765701	0.088761	0.030838	-0.249577
2.616000	-0.170385	36.986892	1039.301010	0.968137	0.629728	7.357411
2.617000	-1.336925	36.502049	1037.114227	0.089054	-0.008950	-0.565495
2.618000	-2.222054	35.737555	1036.492401	0.767972	0.629728	5.933477
2.619000	-3.146461	34.852070	1033.528839	0.168651	-0.009179	0.540629
2.620000	-4.273723	33.365623	1029.627487	0.248834	0.110644	1.969356
2.621000	-5.520839	31.597751	1024.320023	0.568394	0.270486	3.395257
2.622000	-6.204324	30.231853	1022.134903	0.089054	0.030838	-0.565657
2.623000	-6.162621	29.025500	1024.796494	0.728174	0.629958	6.089622
2.624000	-7.248181	26.977978	1018.396484	0.208742	-0.048968	0.384646
2.625000	-7.891177	25.171106	1014.650589	0.768265	0.669746	7.042733
2.626000	-8.129673	23.403235	1013.248810	0.129145	-0.008950	-0.565657
2.627000	-8.248718	21.716466	1010.908142	0.608485	0.310504	4.981115
2.628000	-8.164907	20.310679	1009.508759	0.129145	0.070856	-0.089314
2.629000	-7.880262	18.784345	1007.482513	0.408907	0.190680	2.444297
2.630000	-8.119163	16.736823	1002.175949	0.249127	0.230698	2.446102
2.631000	-7.551490	15.371363	1001.708694	0.328724	0.031068	0.543761
2.632000	-6.340013	14.406990	1004.838486	0.608485	0.390539	4.820431
2.633000	-5.893810	13.041974	1002.656769	0.168944	-0.008720	0.543179
2.634000	-5.569483	11.837393	1000.785858	0.648577	0.390539	4.507155
2.635000	-4.479477	11.114999	1003.756104	0.209035	0.111104	1.497363
2.636000	-4.477456	9.950747	1002.353256	0.408907	0.230927	1.969356
2.637000	-3.388663	10.111625	1007.512817	0.448998	0.190910	2.128708
2.638000	-2.943674	9.990634	1010.640869	0.288632	0.350522	3.396987
2.639000	-3.345747	9.669767	1009.080887	0.408907	0.071315	2.128708
2.640000	-3.345747	9.629881	1012.519318	0.168944	0.150892	1.019872
2.641000	-2.983356	10.191399	1018.455215	0.528888	0.270716	4.346471
2.642000	-3.346152	10.633255	1022.210266	0.288925	0.111104	0.384646
2.643000	-3.830824	11.195659	1025.336670	0.328724	0.150892	2.604231
2.644000	-4.476648	11.516969	1029.086624	0.488797	0.350292	3.079339
2.645000	-5.323712	11.919382	1031.118927	0.249127	0.070856	1.812461
2.646000	-5.164175	13.484275	1041.589813	0.528302	0.350292	3.079339
2.647000	-5.850086	14.408319	1045.809662	0.448120	0.150433	2.445865
2.648000	-6.939688	15.051381	1048.469482	0.448705	0.270257	3.396076
2.649000	-7.545021	16.135417	1052.219437	0.288340	0.150203	1.336280
2.650000	-8.190846	17.099347	1058.626968	0.328431	0.030609	2.127139
2.651000	-8.232144	18.665569	1066.599213	0.168358	0.309586	1.970412
2.652000	-8.917651	19.629057	1070.976303	0.328431	0.030379	1.492005
2.653000	-9.603158	20.152015	1073.790695	0.527717	0.349374	2.919895
2.654000	-10.288260	20.995400	1077.229691	0.367937	0.229550	3.237543
2.655000	-9.885782	22.360415	1088.014877	0.607314	0.229550	2.920478
2.656000	-10.408518	23.003037	1092.392624	0.248248	0.269568	3.237872
2.657000	-10.891170	23.445335	1095.678619	0.367937	0.069708	1.492005
2.658000	-11.374225	23.727644	1099.586502	0.527424	0.388932	4.030300
2.659000	-12.018432	24.009067	1104.902161	-0.111696	-0.289304	-1.358505
2.660000	-12.016816	25.013329	1113.656006	0.646820	0.428491	3.711994
2.661000	-12.701514	25.214534	1118.814331	0.128267	-0.010327	1.337590
2.662000	-13.949438	24.975212	1120.068161	0.686911	0.468280	4.029152
2.663000	-14.834971	25.257079	1126.011490	0.327260	0.149285	3.079830
2.664000	-15.438689	25.698935	1136.323502	0.447241	0.348456	3.553461
2.665000	-16.606441	26.021131	1142.112335	0.567223	0.388244	3.711994
2.666000	-18.217972	25.942243	1146.182281	-0.112282	-0.050804	-0.090554
2.667000	-19.949759	25.862910	1151.967529	0.926288	0.547626	6.247244
2.668000	-21.803423	26.065003	1157.911713	-0.192464	-0.250664	-1.040528
2.669000	-22.770746	26.868057	1170.729080	0.686033	0.387326	4.346471
2.670000	-24.624004	27.311243	1177.769272	0.166894	-0.131299	0.067160
2.671000	-27.042109	27.032033	1181.214798	0.446070	0.267502	4.189415
2.672000	-28.572656	27.674655	1189.971924	0.566051	0.227484	2.127959
2.673000	-30.185803	28.038065	1199.665527	0.126510	-0.051952	1.811550
2.674000	-31.476240	28.721898	1208.895874	0.725539	0.546478	5.137497
2.675000	-33.047684	29.245303	1217.501083	-0.033563	-0.131988	-1.200630
2.676000	-34.823599	29.207629	1221.728302	0.645649	0.466443	6.565221
2.677000	-36.072332	29.610926	1228.611542	0.046327	-0.132217	-1.201541
2.678000	-36.154932	30.857608	1243.150375	0.605265	0.506231	6.090441
2.679000	-37.042485	30.900151	1247.068359	0.005943	-0.172465	0.384225
2.680000	-37.686692	31.303894	1250.983276	0.485283	0.146760	2.603320
2.681000	-37.688714	31.667746	1258.959137	0.165723	0.226566	2.921205
2.682000	-37.566839	31.710292	1264.123718	0.205522	-0.132676	-0.092284
2.683000	-36.922630	32.555445	1272.098877	0.565173	0.506001	5.612767
2.684000	-36.157357	32.718978	1278.513977	0.005943	-0.132906	-0.249998
2.685000	-36.195826	32.560760	1278.522430	0.924825	0.546019	6.722605
2.686000	-35.430954	32.484087	1282.587067	-0.193928	-0.292059	-1.198242
2.687000	-33.898385	33.246809	1292.590210	1.004715	0.665384	6.089201
2.688000	-33.374435	33.009701	1293.693024	-0.113746	-0.172465	-0.247610
2.689000	-32.445987	32.972027	1295.417633	0.285704	0.146760	1.175597
2.690000	-31.517943	33.093902	1300.420227	0.565466	0.346389	4.028731
2.691000	-30.670878	32.695477	1301.829987	-0.193636	-0.092429	-0.248429
2.692000	-29.299057	33.178548	1309.179749	1.005008	0.506231	6.246915
2.693000	-28.129688	33.380639	1314.653046	-0.073654	-0.212253	-0.407873
2.694000	-27.765275	32.781449	1312.627594	0.845227	0.546249	7.039343
2.695000	-26.917403	32.542127	1315.756866	0.006236	-0.211794	-1.199972
2.696000	-25.668266	32.503566	1322.791687	0.566051	0.426655	4.663537
2.697000	-24.941056	32.384793	1325.613220	0.285997	-0.052181	0.700051
2.698000	-24.215058	32.145912	1329.056854	0.046327	-0.052181	0.542850
2.699000	-23.650619	31.545393	1332.655884	0.566051	0.227484	3.553952
2.700000	-23.568831	30.744997	1333.758698	0.166309	0.027625	0.225692
2.701000	-22.280414	30.947087	1342.666168	0.606143	0.347308	6.248155
2.702000	-21.837042	30.587662	1347.051788	0.326089	0.067642	0.225692
2.703000	-21.837042	29.707046	1347.530212	0.606143	0.347308	6.090441
2.704000	-21.475458	29.106969	1351.439484	0.246491	0.147907	1.334857
2.705000	-21.234538	28.306130	1353.787201	0.406271	0.187696	2.602080
2.706000	-20.308514	28.228127	1360.202820	0.206693	0.108119	2.763001
2.707000	-19.704797	27.628492	1363.804413	0.326674	0.187925	1.650538
2.708000	-19.383300	26.587003	1364.277863	0.526546	0.228173	3.712814
2.709000	-19.021310	25.546396	1364.284149	0.126803	0.148367	0.224873
2.710000	-17.450272	25.307074	1373.037933	0.566344	0.348226	4.663208
2.711000	-16.603612	24.426904	1374.298065	0.166894	0.108349	0.543179
2.712000	-15.838337	23.425742	1375.867554	0.527131	0.108808	3.396330
2.713000	-14.992082	22.224700	1377.120941	0.327260	0.308438	2.762182
2.714000	-14.346258	20.982003	1377.753326	0.407150	0.109037	2.760942
2.715000	-12.854582	20.462587	1384.008392	0.367351	0.189073	2.762182
2.716000	-11.644318	19.621418	1387.453674	0.367351	0.189073	2.762182
2.717000	-11.360885	17.938633	1385.115967	0.487333	0.229321	3.396076
2.718000	-10.351455	16.897144	1386.214081	0.287461	0.149514	1.017721
2.719000	-8.939953	15.975756	1391.531036	0.407735	0.030150	2.919238
2.720000	-7.769371	15.055258	1394.038483	0.327845	0.269338	2.128454
2.721000	-6.800431	14.012878	1394.828705	0.407735	0.030150	2.285343
2.722000	-6.032328	12.530861	1395.144440	0.447827	0.349374	3.713234
2.723000	-5.103878	11.168503	1394.213501	0.367937	0.229779	3.079339
2.724000	-3.086637	10.848522	1402.499908	0.408028	0.229779	2.761034
2.725000	-1.835882	9.807474	1404.536621	0.447827	0.349833	3.712323
2.726000	-1.107461	8.204464	1400.483459	0.248541	-0.049197	1.017392
2.727000	0.063931	7.163416	1402.985992	0.487918	0.389851	3.555030
2.728000	1.758059	6.041265	1405.804321	0.089054	-0.248368	-0.408110
2.729000	3.372820	5.280754	1408.624512	0.648284	0.469657	4.186774
2.730000	4.785537	4.280035	1409.099670	0.168944	0.071315	1.494484
2.731000	5.756094	2.596367	1406.604889	0.608485	0.350522	3.871438
2.732000	7.208895	1.395329	1405.359711	0.249127	0.191139	3.396497
2.733000	9.749278	0.995573	1413.959595	0.448998	0.231157	3.079339
2.734000	11.001245	-0.245796	1411.936279	0.529181	0.430787	3.553790
2.735000	12.373469	-1.607712	1409.442322	0.009749	-0.167414	1.019872
2.736000	14.148983	-2.568987	1410.385681	0.848741	0.630646	5.138828
2.737000	15.641467	-3.930017	1408.671783	-0.149445	-0.286549	-1.039617
2.738000	17.940119	-4.610752	1411.803711	0.649748	0.471493	4.664707
2.739000	20.037535	-5.250277	1413.216217	0.250298	-0.047131	0.700655
2.740000	21.086645	-7.093493	1407.596710	0.570151	0.392146	4.981115
2.741000	22.902647	-8.014437	1405.882782	0.570151	0.232534	2.445865
2.742000	25.280665	-8.533852	1411.355469	0.250590	0.192976	2.129619
2.743000	27.176437	-9.534571	1408.083038	0.650333	0.392606	4.981444
2.744000	28.628835	-10.576061	1405.118652	0.051012	-0.086001	-0.882723
2.745000	30.966763	-11.336128	1405.279602	0.810113	0.632483	6.406618
2.746000	32.258011	-12.497280	1402.159653	0.051305	-0.205136	-0.724190
2.747000	34.716197	-12.896152	1405.444748	0.571029	0.552906	4.664378
2.748000	36.771910	-13.295465	1406.543777	0.331359	0.034741	1.970504
2.749000	37.699550	-14.617050	1400.612366	0.411542	0.194353	3.078612
2.750000	39.513126	-15.136024	1401.553345	0.531523	0.434001	3.871859
2.751000	41.165552	-15.535780	1403.274292	0.052183	-0.044606	0.383918
2.752000	42.575438	-16.054312	1402.029312	0.771486	0.554284	5.773542
2.753000	43.703914	-16.453184	1401.097717	-0.027414	-0.124182	-0.723279
2.754000	44.913370	-16.973043	1401.726837	0.811870	0.634319	7.040184
2.755000	45.840199	-17.651567	1400.014496	-0.067213	-0.123723	-1.198640
2.756000	47.533114	-17.288599	1404.704758	0.811870	0.554973	5.615101
2.757000	48.620695	-17.726912	1405.179916	0.212841	0.036348	1.019872
2.758000	49.266522	-18.446648	1402.686798	0.212841	0.115924	1.019053
2.759000	50.152459	-18.524652	1402.846207	0.692182	0.475396	5.457716
2.760000	50.999116	-19.243950	1403.319748	-0.066334	-0.083017	-1.516197
2.761000	52.087507	-19.161074	1406.139877	1.092217	0.795079	7.989505
2.762000	53.014336	-19.479286	1406.615936	-0.106133	-0.242399	-1.674730
2.763000	53.458520	-20.278797	1405.215240	0.972529	0.755521	7.359071
2.764000	54.225005	-20.917875	1402.876831	-0.026243	-0.242170	-0.881973
2.765000	55.716276	-20.955547	1408.349335	0.813041	0.516103	5.457388
2.766000	56.725304	-21.353977	1407.265488	0.214013	0.037725	1.337849
2.767000	57.693836	-21.793175	1405.553894	0.214013	0.037725	0.860849
2.768000	58.783036	-22.391483	1405.871964	0.773536	0.516791	5.139831
2.769000	59.510245	-23.191881	1402.752472	0.014141	-0.081639	0.384085
2.770000	61.001919	-23.148453	1405.414612	0.893224	0.596827	6.248505
2.771000	62.534892	-23.226898	1407.295975	0.174507	-0.041392	0.860849
2.772000	62.898904	-24.186398	1401.052490	0.733737	0.517250	6.407949
2.773000	64.189341	-24.465168	1399.180435	0.174800	0.038414	-0.723769
2.774000	65.560757	-24.623388	1400.747360	0.454561	0.238503	4.189108
2.775000	66.890874	-25.102030	1398.876144	0.374964	0.238503	1.970924
2.776000	68.101139	-25.059486	1397.319077	0.214891	0.238503	0.385908
2.777000	69.027569	-25.859001	1394.507309	0.734615	0.398574	5.456897
2.778000	69.513047	-26.458189	1388.574066	0.335165	0.079350	0.544602
2.779000	71.206366	-26.095221	1393.107758	0.614927	0.478610	6.090792
2.780000	72.374928	-26.173223	1391.548996	0.335458	0.079580	1.336539
2.781000	72.457930	-27.334375	1384.991302	0.535329	0.359016	4.506266
2.782000	73.425252	-27.331720	1383.429199	0.216062	0.199633	1.494743
2.783000	74.152461	-27.531157	1382.024887	0.455439	0.120057	1.970105
2.784000	74.999928	-27.448723	1382.028580	0.415641	0.359475	4.030904
2.785000	76.089532	-27.687603	1380.155533	0.256154	0.120057	0.860121
2.786000	75.809734	-28.728653	1375.001160	0.655604	0.399722	4.030575
2.787000	76.012591	-29.047304	1370.473755	0.136465	0.120286	1.494253
2.788000	77.223260	-28.605450	1375.943619	0.775585	0.359934	4.665381
2.789000	77.184793	-29.004761	1372.823105	0.216355	0.240340	1.495983
2.790000	76.945083	-29.323856	1367.511749	0.456025	0.080957	3.713676
2.791000	77.067767	-29.723173	1365.325821	0.415934	0.280358	1.337450
2.792000	76.988400	-29.802059	1363.138351	0.456025	0.240340	3.553321
2.793000	77.273049	-29.279545	1363.766983	0.456025	0.120975	1.971016
2.794000	77.314344	-29.157225	1363.456161	0.296538	0.280358	2.288664
2.795000	76.631269	-29.597311	1356.271225	0.416812	-0.038637	2.920338
2.796000	76.431241	-29.555655	1353.771790	0.176849	0.081187	-0.088214
2.797000	76.955592	-29.032692	1357.052292	0.416812	0.041399	3.238897
2.798000	76.554731	-28.991480	1353.616699	0.496702	0.241028	1.971345
2.799000	75.830352	-29.149700	1348.463135	0.177142	0.160993	1.812483
2.800000	75.790668	-28.707842	1347.524506	0.536793	0.161452	3.078871
2.801000	75.106375	-28.906391	1344.087830	0.257032	0.241258	2.130460
2.802000	75.589835	-28.183111	1346.274979	0.377013	0.161452	2.602361
2.803000	75.349318	-28.101124	1345.182434	0.496995	0.281276	3.239555
2.804000	74.542743	-28.660870	1338.932938	0.017947	-0.157543	0.704795
2.805000	74.181968	-28.018692	1336.276428	0.616391	0.281276	3.239226
2.806000	74.261737	-28.217241	1340.022476	-0.062235	-0.117525	-0.879240
2.807000	73.859256	-28.015593	1336.586777	0.616976	0.321294	3.713676
2.808000	73.175769	-27.934933	1333.151810	0.217233	0.161911	1.812483
2.809000	72.933232	-28.173811	1331.429123	0.497288	0.401100	3.397759
2.810000	72.169174	-27.932718	1327.835449	0.496995	0.082335	2.920338
2.811000	72.249749	-27.370314	1330.957031	0.097837	0.161911	0.545443
2.812000	71.765886	-27.168665	1328.772568	0.616976	0.241488	3.078871
2.813000	70.800583	-27.208113	1323.458572	-0.221723	-0.236890	-1.990227
2.814000	70.355594	-27.167339	1321.737305	0.737250	0.600730	4.190440
2.815000	69.833261	-27.167339	1320.327988	0.017655	-0.276907	-0.565964
2.816000	69.308909	-26.764484	1319.233871	0.417690	0.481135	3.239226
2.817000	69.027093	-26.323069	1316.579559	0.537086	-0.037260	1.812483
2.818000	67.617207	-26.884586	1311.106018	0.058039	0.122352	1.971016
2.819000	67.294092	-26.683825	1308.603973	0.657360	0.241717	2.130460
2.820000	66.932104	-26.282740	1308.756973	0.017655	-0.236890	0.702408
2.821000	66.004061	-26.442728	1304.380661	0.657653	0.640747	5.139998
2.822000	65.441239	-26.162193	1300.786148	0.137636	-0.316696	-1.831112
2.823000	64.835905	-26.282295	1297.812088	0.537379	0.720783	5.615942
2.824000	64.311550	-26.443615	1293.121323	0.218112	-0.156854	-1.357572
2.825000	63.989647	-25.841768	1293.587906	0.257910	0.242406	3.714916
2.826000	63.745898	-25.600231	1289.991745	0.257910	0.082564	1.811993
2.827000	62.658720	-25.762877	1283.425339	0.457196	0.043005	1.337213
2.828000	62.091856	-25.761551	1280.293961	0.338093	0.521383	4.825154
2.829000	62.212518	-25.201359	1279.821564	0.257910	-0.156854	-1.992286
2.830000	61.325368	-25.361795	1274.975677	0.617562	0.681224	6.566903
2.831000	61.001044	-24.800718	1272.002197	-0.061650	-0.356254	-1.991046
2.832000	60.075020	-24.882708	1267.464676	0.936829	0.641436	6.091212
2.833000	59.347002	-25.283350	1261.364883	-0.221137	-0.156624	-0.088214
2.834000	59.588732	-24.201969	1261.828766	0.657360	0.202618	1.651821
2.835000	58.861926	-24.122196	1259.480759	0.138222	0.202618	1.180486
2.836000	58.216099	-24.323845	1252.132492	0.017947	-0.196642	-1.201497
2.837000	57.369845	-24.244955	1247.126114	0.737836	0.561630	4.824334
2.838000	57.447591	-24.044636	1246.648911	-0.261228	-0.236201	-1.514536
2.839000	56.883556	-23.604551	1241.958420	1.096609	0.601648	5.932351
2.840000	56.357585	-23.484888	1238.669785	-0.181046	-0.156624	-1.830783
2.841000	55.872916	-23.606764	1232.726913	0.817433	0.482054	5.932351
2.842000	54.824611	-23.888630	1225.690094	0.098423	0.043005	-1.514536
2.843000	55.346541	-23.087345	1228.183655	0.298002	0.163059	3.396939
2.844000	54.822592	-22.969013	1223.805588	0.378185	0.242635	1.177769
2.845000	53.814777	-23.611633	1214.895096	-0.140954	-0.036801	-0.562573
2.846000	53.451172	-23.452971	1212.078003	0.737543	0.482054	5.138193
2.847000	52.685091	-23.855387	1208.008484	0.138514	-0.036801	0.227213
2.848000	52.563216	-23.575733	1206.441803	0.617562	0.322901	5.615851
2.849000	52.079354	-23.897928	1202.063110	0.258496	0.122582	-0.725316
2.850000	50.790532	-24.741755	1195.026733	0.617855	0.362689	5.461107
2.851000	49.863699	-25.265156	1188.927521	0.218112	0.082794	-0.566783
2.852000	49.702951	-24.825958	1192.670746	0.298002	0.163059	2.448857
2.853000	48.654244	-25.388802	1186.575562	0.138514	-0.036801	1.655098
2.854000	47.688134	-25.912207	1180.475723	0.258496	0.202618	-0.722346
2.855000	46.438996	-25.953421	1175.940384	0.378185	0.242865	5.459377
2.856000	45.672511	-26.195843	1172.653290	0.338093	0.242635	0.701588
2.857000	45.028304	-25.636541	1172.334747	0.617855	0.202847	4.508417
2.858000	44.421757	-25.516878	1169.518280	-0.021558	0.002988	0.385908
2.859000	42.931292	-25.839073	1161.546646	0.697745	0.322441	3.079874
2.860000	41.842502	-25.639641	1157.635742	0.178020	0.083253	1.970854
2.861000	41.720221	-25.119780	1159.344437	0.497580	0.242406	1.017835
2.862000	40.431806	-24.961115	1155.125275	0.218405	0.043005	2.131279
2.863000	39.502144	-24.961115	1148.871429	0.178313	0.162370	0.385180
2.864000	38.254219	-24.883112	1145.428055	0.697452	0.282653	3.714587
2.865000	37.285280	-24.923443	1141.516541	-0.101741	-0.036801	-0.880221
2.866000	37.285280	-24.123045	1142.137390	0.857525	0.442036	4.188380
2.867000	35.995653	-24.205034	1138.699066	0.018240	0.042776	0.863328
2.868000	35.026714	-24.324694	1131.512009	0.338093	0.362000	2.285953
2.869000	33.900663	-24.085815	1128.226746	0.457196	0.043005	2.603930
2.870000	33.414375	-23.966156	1127.908035	0.218112	0.242406	1.336631
2.871000	32.690802	-23.365633	1125.880630	0.537965	0.122352	1.813631
2.872000	31.480540	-23.044769	1120.723495	0.097837	0.162370	0.862509
2.873000	30.553707	-22.885220	1116.504135	0.497580	0.162829	2.603272
2.874000	29.306591	-22.445578	1113.689346	0.057746	-0.077048	0.228032
2.875000	29.506616	-21.443087	1116.655090	0.338093	0.281735	1.178352
2.876000	27.897109	-20.963999	1111.657776	0.617562	0.241947	3.555472
2.877000	26.969063	-20.482254	1108.221680	0.178020	0.122352	1.495164
2.878000	25.964080	-19.842733	1106.501114	0.496995	0.082564	1.493433
2.879000	24.593877	-19.442091	1105.089935	0.377599	0.082564	3.398670
2.880000	24.311658	-18.159510	1106.028442	0.218405	0.161911	0.227628
2.881000	22.621572	-17.318781	1103.843201	0.457196	0.201929	1.970525
2.882000	21.370411	-16.837036	1100.087097	-0.102034	-0.077278	-0.406099
2.883000	19.842290	-15.916533	1100.087036	0.696573	0.321523	2.129058
2.884000	18.995226	-14.633509	1103.206573	-0.021851	-0.237349	0.228448
2.885000	17.666318	-13.711678	1100.396820	0.577178	0.600500	3.398341
2.886000	16.015915	-12.709631	1098.990616	0.417105	0.082335	2.602690
2.887000	15.047382	-11.707142	1100.232788	0.417105	0.281505	2.288174
2.888000	13.035395	-11.027290	1097.575241	0.496995	0.201470	2.129220
2.889000	12.711472	-9.542612	1102.262238	0.058039	0.001610	1.020056
2.890000	11.302797	-8.220589	1102.574844	0.496702	0.480447	2.920338
2.891000	9.771843	-7.618298	1098.979370	-0.062528	-0.277137	-1.992868
2.892000	8.684668	-6.616253	1099.911316	0.536793	0.520464	3.239226
2.893000	7.839624	-5.294224	1103.191528	0.137636	-0.118214	0.227628
2.894000	6.710747	-4.211075	1102.253601	0.377599	0.360623	3.557203
2.895000	5.625589	-2.728611	1103.502380	0.576299	0.281276	3.236584
2.896000	4.416540	-2.167091	1102.561859	0.216648	0.041628	1.177769
2.897000	3.169422	-1.285591	1101.154037	0.456903	0.321064	2.766414
2.898000	2.968992	0.437962	1106.778198	0.057453	-0.198249	-1.992615
2.899000	2.042160	1.560558	1107.401871	0.736372	0.720094	6.886939
2.900000	0.795851	2.281624	1104.902084	-0.062821	-0.317384	-2.308786
2.901000	0.111155	3.403774	1106.303253	0.656189	0.600041	3.871552
2.902000	-0.733080	4.445263	1106.144257	0.057453	-0.277826	0.387730
2.903000	-0.933512	6.128933	1108.331909	0.536793	0.320605	2.286605
2.904000	-1.657890	7.652613	1110.360779	0.296538	0.241258	3.557531
2.905000	-2.702961	8.414005	1108.326004	0.216648	-0.118214	0.068022
2.906000	-3.507513	9.455942	1106.915741	0.856354	0.679617	5.142219
2.907000	-3.426128	11.419706	1113.320023	-0.382381	-0.597509	-2.783894
2.908000	-3.827797	12.903938	1114.101532	1.175328	0.879247	6.724196
2.909000	-4.672031	14.065973	1113.161209	-0.262985	-0.397650	-1.515448
2.910000	-4.952635	15.308674	1115.032013	0.815969	0.440199	4.506357
2.911000	-5.676207	16.311161	1114.561401	0.057453	0.001151	-0.085993
2.912000	-5.272516	18.196037	1119.560516	0.336629	0.040939	2.446378
2.913000	-5.311792	19.679827	1121.901184	0.576006	0.440199	2.128730
2.914000	-5.994875	20.401337	1119.714279	-0.183095	-0.158231	-0.724168
2.915000	-6.437439	21.484043	1118.462799	0.976042	0.599582	5.298127
2.916000	-5.871788	23.248373	1126.116119	-0.102620	-0.118443	-1.355513
2.917000	-5.790806	24.572170	1126.274078	0.775878	0.520005	5.771834
2.918000	-5.990427	25.735094	1126.587631	0.136758	0.001151	-1.198128
2.919000	-6.029705	26.617924	1127.052490	0.616098	0.480217	4.824006
2.920000	-5.868149	27.580969	1127.054214	0.177142	-0.038637	-1.039595
2.921000	-5.061575	29.465843	1134.084732	0.096959	0.001151	0.545443
2.922000	-4.497944	30.669983	1135.805832	0.815969	0.520235	4.981137
2.923000	-4.899210	31.192057	1133.930969	0.056868	0.041399	-0.880734
2.924000	-4.456242	32.316420	1135.024414	0.775878	0.520005	5.774055
2.925000	-3.690563	33.439901	1139.240372	0.176849	-0.038867	0.228286
2.926000	-3.004652	34.884247	1143.931717	0.576299	0.440199	5.141071
2.927000	-2.723240	35.888504	1144.402420	0.176556	0.121205	-0.724659
2.928000	-2.883181	36.290035	1144.557297	0.456611	0.400640	3.713676
2.929000	-2.439808	37.454287	1146.745102	0.296831	0.120975	0.860849
2.930000	-1.512167	39.019176	1155.494370	-0.062528	-0.118673	-1.037773
2.931000	-1.391100	39.501366	1157.057785	0.696573	0.480217	4.664562
2.932000	-1.430378	40.345190	1157.531021	0.136465	0.121205	-0.247567
2.933000	-1.308502	41.188575	1160.969452	0.695988	0.480447	5.775295
2.934000	-1.026283	42.031072	1164.562531	0.257032	0.001381	0.068842
2.935000	-0.259796	43.196212	1172.067001	0.696573	0.360623	6.092943
2.936000	0.102596	43.919935	1174.414474	0.177142	0.041399	-0.725408
2.937000	0.023638	44.201800	1174.417221	0.416812	0.281276	2.762134
2.938000	0.748016	44.925965	1179.728317	0.176849	0.041628	1.655427
2.939000	2.159117	46.290979	1189.105423	0.337215	0.041399	-0.090182
2.940000	2.441336	46.614060	1190.673843	0.217233	0.081416	3.082331
2.941000	3.126034	47.177794	1194.272049	0.296831	0.201240	-0.566783
2.942000	3.812347	47.741527	1198.958771	0.576885	0.321294	5.299696
2.943000	4.375574	48.425364	1202.868607	-0.022437	-0.038178	-0.563484
2.944000	5.625521	49.710161	1211.155670	0.696573	0.281276	3.555143
2.945000	6.189558	50.314223	1214.906967	-0.022437	-0.077737	0.703394
2.946000	6.432096	50.436098	1215.692871	0.456903	0.201470	0.860121
2.947000	7.198580	51.360586	1221.318329	0.377306	0.081875	2.446706
2.948000	8.487000	52.445949	1228.975037	0.417398	0.361311	2.765266
2.949000	9.012564	53.089010	1232.261520	0.537086	0.241488	2.602361
2.950000	9.697260	53.812730	1236.794373	0.017362	0.082335	0.546009
2.951000	10.303001	54.255030	1240.855591	0.577178	0.281735	2.761476
2.952000	10.666605	54.817876	1242.574783	0.417398	0.161682	1.973075
2.953000	12.277733	56.423986	1253.353836	0.217819	0.121893	1.654279
2.954000	12.559952	56.786513	1257.576614	0.577178	0.441577	3.871719
2.955000	13.245861	57.349801	1259.293228	0.297416	0.122352	2.129969
2.956000	14.496212	58.473282	1265.229630	0.377306	0.042546	0.542964
2.957000	15.383362	58.955912	1269.755188	0.377599	0.201929	2.603601
2.958000	16.834145	60.280597	1275.069504	0.257910	0.162370	1.812812
2.959000	17.963020	61.364633	1280.538757	0.218112	0.242406	0.385509
2.960000	19.010111	61.927479	1282.564667	0.217819	0.082794	2.129969
2.961000	19.817900	62.609985	1284.903442	0.657653	0.441806	3.713838
2.962000	22.033550	64.375195	1294.899338	0.298295	0.002988	1.654279
2.963000	23.324390	65.258470	1297.242111	0.378185	0.322441	2.129969
2.964000	24.373098	66.182067	1299.114288	0.617855	0.482054	3.714587
2.965000	26.105692	66.944798	1303.482697	0.098716	0.083253	1.811993
2.966000	27.235785	67.586975	1305.822968	0.537965	0.322671	2.444157
2.967000	29.492332	69.031763	1311.602310	0.138807	-0.036112	0.862509
2.968000	31.468276	70.075021	1317.691757	0.378185	0.362918	2.129969
2.969000	32.476490	70.396334	1316.126495	0.178899	-0.116147	-0.406428
2.970000	34.290876	71.039396	1318.778595	0.298587	0.243554	3.081022
2.971000	36.306499	72.082220	1325.178223	0.298587	0.163518	1.494927
2.972000	38.402299	73.165364	1327.990845	0.258789	0.123959	1.814052
2.973000	40.257578	73.967974	1329.551208	0.378770	0.243554	2.763956
2.974000	42.272394	74.610152	1331.575378	0.218990	0.044153	1.019236
2.975000	43.764476	75.012566	1331.415497	0.379063	0.244013	3.240466
2.976000	46.706122	76.496798	1339.848175	-0.180167	-0.354418	-2.942098
2.977000	49.003158	77.299416	1342.970047	0.499044	0.483431	3.713606
2.978000	50.736969	77.700938	1341.717468	-0.020094	-0.154788	-0.722675
2.979000	53.074494	78.463668	1342.650803	0.419447	0.244242	1.496075
2.980000	55.612857	79.186062	1347.956329	0.219868	0.084860	2.127420
2.981000	58.473525	80.391085	1352.174088	0.459246	0.164895	1.811265
2.982000	61.092866	81.153366	1352.952850	0.339557	0.164895	1.971765
2.983000	63.027511	81.074034	1352.165771	-0.059600	-0.194117	-1.358790
2.984000	65.808010	81.596551	1352.165451	0.779391	0.444561	5.299534
2.985000	69.152537	82.519705	1360.285416	-0.378867	-0.513112	-3.574424
2.986000	71.973526	83.001451	1361.689545	0.659703	0.444791	3.555564
2.987000	74.432926	83.083001	1360.594879	0.020583	-0.153640	-0.089271
2.988000	77.294404	83.203988	1360.904648	0.460417	0.205832	1.812575
2.989000	79.994723	83.244758	1361.837143	0.140564	0.006202	0.704068
2.990000	83.460725	84.167921	1367.617355	0.380234	0.006431	1.494927
2.991000	86.644915	84.489227	1369.180084	0.420618	0.245849	3.081022
2.992000	88.740710	83.928157	1365.427216	-0.138612	-0.312563	-2.307783
2.993000	91.884807	84.170131	1366.832794	0.820361	0.485727	5.299534
2.994000	95.350406	84.651876	1373.079391	-0.298392	-0.392369	-2.465497
2.995000	98.211884	84.372225	1372.143600	0.700380	0.485956	3.714189
2.996000	101.275806	84.172348	1371.205170	-0.058136	-0.351893	-0.880221
2.997000	104.459190	84.132903	1373.235168	0.461003	0.246997	2.446400
2.998000	107.361151	83.652483	1371.358917	0.381405	0.047367	1.179758
2.999000	111.108166	84.054455	1377.296188	-0.058136	-0.151803	-1.039573
3.000000	114.653931	83.895348	1377.764694	0.860745	0.566451	4.982468
3.001000	117.152609	83.094514	1373.547745	-0.217331	-0.311186	-1.990135
3.002000	120.658697	82.894629	1374.327957	0.741350	0.447086	4.981229
3.003000	124.446606	82.975736	1379.951065	-0.017752	-0.231150	-1.197287
3.004000	127.710154	82.455871	1376.203766	0.661752	0.447545	4.505797
3.005000	131.095984	82.096004	1376.517578	0.102522	-0.150885	-1.199928
3.006000	134.359932	81.374936	1376.362411	0.102815	0.008727	0.545045
3.007000	137.463139	80.654318	1373.238800	0.542356	0.208357	2.448130
3.008000	141.372108	80.454882	1377.769943	-0.216745	-0.270250	-2.466968
3.009000	144.877392	79.853476	1377.931427	0.702137	0.528040	5.141001
3.010000	147.578114	78.571779	1372.310669	-0.096471	-0.230003	-1.516994
3.011000	151.285446	78.292128	1373.090134	0.742814	0.408675	5.774567
3.012000	154.711365	77.409737	1372.153275	-0.096471	-0.270020	-2.940928
3.013000	158.056293	76.568565	1371.222992	0.742228	0.488711	5.457830
3.014000	161.683857	75.967166	1370.132217	-0.136270	-0.189755	-1.357642
3.015000	164.546947	74.885340	1367.011612	0.303272	0.049893	0.386512
3.016000	167.085308	73.642646	1362.327972	0.383455	0.249522	2.923400
3.017000	170.712463	73.081127	1364.672913	0.143785	-0.029684	-0.405679
3.018000	173.453682	72.078197	1360.303391	0.663216	0.369576	4.348083
3.019000	176.034153	71.035375	1355.153870	0.023803	-0.029454	-0.246235
3.020000	178.695194	69.672129	1352.499039	0.783198	0.449382	4.980409
3.021000	181.395924	68.307999	1347.502579	0.064187	-0.029454	-0.723327
3.022000	184.218525	67.385286	1345.475372	0.503436	0.330017	3.397123
3.023000	187.039917	66.462132	1342.512619	0.304150	0.090370	1.177538
3.024000	189.016258	64.576368	1334.237366	0.264352	0.170405	0.546284
3.025000	191.072773	63.091252	1327.833878	0.583912	0.290459	3.239156
3.026000	193.854477	62.168090	1326.430176	0.184169	0.130617	0.229456
3.027000	195.911400	60.762748	1319.407089	0.743692	0.490318	5.931790
3.028000	197.767090	59.277623	1311.757813	0.264352	0.130846	0.386840
3.029000	199.662457	57.551416	1305.197144	0.664095	0.330476	5.302267
3.030000	200.832634	55.504331	1294.891190	0.304443	0.250670	0.863350
3.031000	202.728806	54.339195	1290.522018	0.304443	0.210882	2.447639
3.032000	204.222107	52.852753	1283.652557	0.424425	0.210882	2.922419
3.033000	204.949314	50.764896	1271.782532	0.464223	0.250670	2.129663
3.034000	205.555855	48.837038	1260.536011	0.544406	0.290688	3.556804
3.035000	206.323151	47.309374	1252.414932	0.144663	0.051040	-0.247054
3.036000	206.808640	45.541506	1242.423065	0.783783	0.490548	5.457830
3.037000	206.891640	43.813078	1229.927399	0.224553	0.130846	0.862110
3.038000	206.491177	41.642796	1216.648483	0.624003	0.250670	3.556567
3.039000	205.606453	39.513283	1201.184296	0.424425	0.250441	2.605261
3.040000	205.528301	38.224943	1193.374817	0.464223	0.210652	2.605261
3.041000	204.160522	36.453974	1179.785583	0.384040	0.250441	2.288195
3.042000	202.310490	34.242474	1162.290726	0.623710	0.410053	3.873962
3.043000	200.339409	32.030533	1146.200958	0.583912	0.250441	3.715337
3.044000	198.005928	29.496840	1130.107849	0.383455	0.289999	0.863021
3.045000	195.592270	27.363785	1114.958275	0.343949	0.090370	2.130153
3.046000	192.816212	24.829205	1098.556610	0.383455	0.369346	2.447386
3.047000	188.508408	21.090931	1074.495911	0.303858	0.129928	2.288195
3.048000	184.321259	18.475691	1054.186768	0.503143	0.329099	2.922909
3.049000	181.343571	15.939781	1039.189987	0.463052	0.209505	2.446400
3.050000	177.197311	12.240948	1015.912361	0.502851	0.249063	2.288195
3.051000	172.487034	8.141035	990.607330	0.463052	0.328640	3.239156
3.052000	168.099045	4.762182	967.015327	0.182998	-0.030602	1.179667
3.053000	163.226795	0.379961	940.613449	0.382576	0.288392	1.334922
3.054000	159.360737	-2.236164	920.146118	0.102815	-0.070850	0.387331
3.055000	155.131485	-6.096760	894.209946	0.422375	0.287933	2.605752
3.056000	149.772951	-10.197117	862.492188	0.182412	-0.071309	0.229617
3.057000	144.697031	-13.816618	833.740562	0.461588	0.287474	2.921998
3.058000	140.747168	-16.674280	812.642685	0.381405	0.127862	1.336723
3.059000	135.587036	-20.493215	781.861244	0.262009	0.167421	1.179758
3.060000	131.433105	-22.708256	752.007206	0.421497	0.326574	2.605752
3.061000	126.874672	-25.804796	724.031250	-0.097935	-0.311875	-1.516504
3.062000	122.758804	-28.059724	693.236744	0.540893	0.525974	2.922909
3.063000	119.003309	-29.913566	669.316895	-0.098228	-0.192510	-1.832912
3.064000	114.725880	-30.243291	642.422836	0.500801	0.326115	2.290325
3.065000	109.398135	-32.858974	608.344467	0.221040	-0.152951	0.387822
3.066000	104.191858	-33.429790	580.664803	0.500508	0.325655	3.081933
3.067000	99.266990	-34.241699	555.950790	0.340435	0.245620	1.653788
3.068000	93.293821	-34.772186	527.488506	0.220161	0.085778	0.386910
3.069000	87.521075	-34.902031	498.709499	0.419740	0.324508	1.653788
3.070000	81.062835	-34.912217	471.334002	-0.099692	-0.314170	-2.147849
3.071000	73.919889	-34.521313	440.050320	0.499337	0.523219	3.397850
3.072000	68.064956	-33.529009	417.981468	-0.100277	-0.274841	-2.149671
3.073000	60.760454	-31.414552	389.193268	0.458660	0.283342	2.763956
3.074000	54.500214	-29.619636	358.840441	0.178899	0.003906	0.545605
3.075000	48.481301	-26.822230	333.329356	0.258496	0.203077	1.496075
3.076000	43.628118	-23.902948	307.186473	0.298295	0.202847	1.812483
3.077000	38.332372	-19.862402	281.984051	0.138222	0.002988	-0.722675
3.078000	33.802300	-15.180563	257.554548	0.657653	0.521612	4.031815
3.079000	28.223122	-12.143835	231.715641	-0.181631	-0.316696	-3.576483
3.080000	25.060428	-6.537952	206.971137	0.737250	0.680765	5.458229
3.081000	23.625885	0.394829	187.223248	-0.221723	-0.356713	-3.733378
3.082000	23.000744	7.086519	164.194373	0.537379	0.401559	2.603272
3.083000	16.702034	7.796958	147.727316	0.217819	0.121893	0.704138
3.084000	13.008925	10.721552	131.562277	0.337215	0.201699	1.654279
3.085000	6.338121	12.078155	112.121648	0.417105	0.321294	1.812812
3.086000	2.044123	15.603269	100.963006	0.097545	0.041628	-1.041234
3.087000	-3.375116	16.720106	84.806224	0.776756	0.600500	5.141071
3.088000	-8.150553	17.999592	67.872869	-0.222015	-0.197790	-3.099812
3.089000	-11.995519	18.477351	54.691880	0.936243	0.720094	6.249745
3.090000	-14.186849	18.433036	45.108045	-0.222601	-0.237808	-2.308204
3.091000	-14.680008	16.746268	33.819551	0.736372	0.480447	4.030667
3.092000	-14.484429	14.659743	25.198577	-0.022437	-0.038408	-1.514046
3.093000	-11.942429	11.766622	19.237433	0.296831	0.121205	1.021296
3.094000	-9.510179	6.499355	8.902802	0.417105	0.281046	1.971016
3.095000	-5.424695	2.956087	9.041573	-0.022437	-0.078196	-1.356661
3.096000	-0.987734	0.544710	4.807671	0.816555	0.640518	4.982538
3.097000	1.214983	0.674555	-0.192697	-0.022144	-0.038178	-1.357572
3.098000	1.383412	1.472739	1.209165	0.896445	0.600730	4.982867
3.099000	-1.034287	0.468478	0.897202	0.017655	-0.038178	-1.037444
3.100000	1.745400	0.751230	2.147150	0.537086	0.401100	4.190440
3.101000	0.376408	1.392079	4.490185	0.297416	0.121664	0.229434
3.102000	0.656606	0.791560	0.427625	-0.022437	-0.038178	-1.832842
3.103000	0.095401	0.469364	-1.446646	0.816555	0.600730	4.665710
3.104000	0.938422	1.152757	4.179355	-0.061943	-0.117525	-1.514865
3.105000	0.739608	0.870891	4.021325	0.896738	0.680306	5.615851
3.106000	0.416494	0.871334	0.273684	0.057746	0.041628	-0.563813
3.107000	0.496262	0.751673	2.304207	0.856646	0.600730	5.616433
3.108000	0.216063	0.590353	-0.510352	-0.022144	-0.038178	-1.991138
3.109000	0.778482	1.072540	4.336412	0.616976	0.401100	4.189529
3.110000	1.061510	1.473625	5.899597	0.337215	0.201470	1.178497
3.111000	0.416898	0.550909	-0.038031	0.017655	0.001610	-1.831602
3.112000	0.053698	0.591682	-1.130834	0.616976	0.480676	4.189200
3.113000	0.940443	1.072097	4.803679	0.097545	0.041628	-0.879240
3.114000	0.617733	1.032653	2.149549	0.776756	0.480676	4.982538
3.115000	0.537561	0.872219	0.744314	0.017655	0.001610	-1.039595
3.116000	0.497475	0.951993	1.992404	0.696573	0.361082	4.664562
3.117000	0.094592	0.431248	-1.287094	-0.022144	0.001610	-1.515776
3.118000	0.779694	1.112870	3.711212	0.496995	0.321064	2.130460
3.119000	1.061106	1.233417	5.899597	0.417398	0.241258	1.654187
3.120000	0.215659	0.591682	-0.506263	0.417105	0.201240	1.021296
3.121000	0.175573	0.551352	-1.289501	0.457196	0.281276	2.288664
3.122000	0.859867	1.072983	4.021325	0.217233	0.281276	0.387147
3.123000	0.658628	0.952436	3.244583	0.616976	0.440658	4.664562
3.124000	0.618541	0.992766	1.993209	0.217233	0.161452	-0.245836
3.125000	0.336322	0.632012	1.055232	0.417105	0.281276	2.289667
3.126000	0.296640	0.511465	-0.818066	0.496995	0.321064	2.130460
3.127000	0.940847	1.153200	4.805280	0.297416	0.201240	1.178006
3.128000	0.899953	1.073426	4.336412	0.417105	0.241258	1.337450
3.129000	0.376812	0.752558	0.431714	0.456903	0.361082	2.129641
3.130000	0.417302	0.752558	0.899857	0.457196	0.161452	1.971016
3.131000	0.537965	0.872219	1.835179	0.057453	0.121205	-1.040905
3.132000	0.739608	1.113313	3.556386	0.457196	0.201470	3.080693
3.133000	0.779694	1.072983	2.931902	0.377013	0.281046	1.655098
3.134000	0.256554	0.551795	-0.348401	0.057746	0.041628	0.070572
3.135000	0.296640	0.712671	-0.506263	0.496995	0.440658	2.923799
3.136000	0.940847	1.113313	4.960824	0.457196	0.321294	2.129549
3.137000	0.578051	0.952879	2.149469	0.417105	0.201470	1.971016
3.138000	0.537965	0.912992	1.213979	0.417105	0.321064	1.812812
3.139000	0.497879	0.752558	1.369522	0.417105	0.161452	1.972746
3.140000	0.336322	0.552238	0.117344	0.217233	0.201240	-0.088214
3.141000	0.739608	1.073426	3.713531	0.297416	0.001840	0.544694
3.142000	0.618541	0.993209	2.619222	0.456903	0.400640	2.607881
3.143000	0.336322	0.632012	-0.507148	0.417105	0.241258	1.496657
3.144000	0.337130	0.752558	-0.505546	0.337215	0.241258	1.336631
3.145000	0.940847	1.113756	4.960824	0.696573	0.560253	4.348062
3.146000	0.578455	0.993652	2.463847	0.257032	0.121664	0.861852
3.147000	0.578455	0.953322	1.369522	0.537086	0.400640	2.765594
3.148000	0.457793	0.672784	0.430032	0.017655	-0.197790	-1.198128
3.149000	0.256554	0.632897	-0.350808	0.536793	0.560253	3.397759
3.150000	0.940847	1.234302	5.273424	-0.062235	-0.157772	-1.514375
3.151000	0.739608	1.073868	3.087365	0.576885	0.440658	2.763444
3.152000	0.417302	0.753001	-0.193663	0.377306	0.201470	1.338944
3.153000	0.537965	0.793331	1.210695	0.457196	0.321064	1.972256
3.154000	0.538369	0.753001	1.678839	0.457196	0.440658	3.082331
3.155000	0.578455	0.913878	2.149469	0.337215	0.161452	1.337121
3.156000	0.860675	1.234745	4.027016	0.696573	0.560253	4.031653
3.157000	0.377620	0.753001	0.743349	-0.142125	-0.277596	-2.624121
3.158000	0.337130	0.713114	0.117344	0.896445	0.720094	5.300025
3.159000	0.901165	1.194415	4.805280	0.017655	-0.157772	-1.990556
3.160000	0.740012	1.033539	2.934309	0.536793	0.480447	3.082331
3.161000	0.538369	0.833661	1.682122	0.137636	0.081416	0.704138
3.162000	0.578455	0.953322	2.149389	0.576885	0.321064	3.716318
3.163000	0.216063	0.512350	0.430829	0.337215	0.361082	2.129058
3.164000	0.780503	1.033539	3.088162	0.217233	0.041628	0.070572
3.165000	0.780099	1.073868	3.087446	0.696573	0.640288	4.507505
3.166000	0.457793	0.713114	0.120548	-0.102327	-0.197790	-2.150000
3.167000	0.175977	0.632897	-1.443514	0.736372	0.640288	4.506357
3.168000	0.820185	0.993652	4.648055	0.017655	0.001840	-0.562503
3.169000	0.659436	0.993652	2.151956	0.537086	0.440658	3.239226
3.170000	0.457793	0.873548	1.213979	0.337215	0.161452	1.496894
3.171000	0.417302	0.672784	0.742464	0.297416	0.041628	0.861852
3.172000	0.216063	0.512350	-0.819748	0.616976	0.520464	4.190348
3.173000	0.820589	1.073868	3.556386	-0.022144	-0.078196	-1.515194
3.174000	0.780099	1.073868	3.714256	0.816555	0.680306	5.933828
3.175000	0.377620	0.753444	0.119743	-0.022144	-0.038178	-1.674309
3.176000	0.297044	0.632897	-0.507148	0.816555	0.640288	4.823423
3.177000	0.699522	0.953322	2.615930	0.057746	-0.038178	-1.355513
3.178000	0.901165	1.073868	3.713531	0.496995	0.440658	3.398341
3.179000	0.699522	0.954207	2.620816	0.417105	0.201470	1.497805
3.180000	0.296640	0.512350	-0.662771	0.017655	0.041628	-0.246165
3.181000	0.175977	0.432576	-1.443514	0.776756	0.680306	4.823423
3.182000	0.860675	1.154528	4.648940	-0.062235	-0.118214	-2.148760
3.183000	0.940847	1.073868	4.338022	0.976335	0.800130	7.517955
3.184000	0.457793	0.833661	1.213182	-0.022437	0.001610	-1.832023
3.185000	0.457793	0.753444	0.744154	0.936536	0.720324	6.567393
3.186000	0.337130	0.672784	0.742552	-0.062235	-0.157772	-2.149671
3.187000	0.901165	1.194415	4.180957	0.537086	0.321064	2.761805
3.188000	0.699926	0.993652	2.619302	0.297416	0.161452	1.180648
3.189000	0.256554	0.512350	-0.816544	0.177142	0.041628	-0.089362
3.190000	0.297044	0.633340	-0.818146	0.776756	0.600500	4.507177
3.191000	0.940847	1.113756	4.336260	0.097545	0.041628	-0.563813
3.192000	0.740012	0.953322	2.307419	0.856646	0.680306	5.616433
3.193000	0.417302	0.833661	0.745119	-0.022144	-0.038178	-1.672579
3.194000	0.457793	0.713557	0.274489	0.896445	0.680306	5.775295
3.195000	0.377620	0.593010	-0.350888	0.057746	-0.038178	-1.356753
3.196000	0.941656	1.274632	4.338022	0.457196	0.281276	2.289667
3.197000	0.659436	0.913878	1.524986	0.417105	0.281276	1.813631
3.198000	0.216467	0.593010	-1.755318	0.097545	-0.038178	-1.514046
3.199000	0.337130	0.673227	-0.350888	0.697159	0.520464	4.189529
3.200000	0.901165	1.154528	4.804484	0.097837	0.121664	-0.089362
3.201000	0.659436	0.873990	2.307419	0.856646	0.600500	5.140581
3.202000	0.579264	0.794216	1.368637	0.137636	0.081416	0.069499
3.203000	0.256958	0.593010	-0.504741	0.577178	0.440658	3.873282
3.204000	0.337130	0.633340	-0.507228	0.217233	0.201240	0.070082
3.205000	1.102809	1.274632	5.430569	0.377306	0.281276	1.337213
3.206000	0.578455	0.833661	1.367841	0.497288	0.321064	2.605730
3.207000	0.297448	0.553566	-0.661886	0.017655	0.041399	-1.356332
3.208000	0.457793	0.793774	1.212297	0.776756	0.600500	4.507177
3.209000	0.699522	0.753444	1.992244	0.177142	0.161452	-0.087632
3.210000	0.699926	0.913878	2.149389	0.776756	0.520464	4.823094
3.211000	0.699926	0.914320	2.464476	0.097545	0.041628	-0.882372
3.212000	0.095805	0.433462	-2.067201	0.537086	0.440658	3.714587
3.213000	0.256958	0.513236	-0.975291	0.377306	0.281046	1.494835
3.214000	0.981338	1.114641	4.179115	0.377306	0.281046	1.813302
3.215000	0.579264	0.793774	1.057639	0.377306	0.241258	2.129549
3.216000	0.418111	0.793774	0.119743	0.257032	0.201240	0.545443
3.217000	0.538369	0.793774	1.681246	0.496995	0.241258	2.765266
3.218000	0.418111	0.553566	0.586212	0.097545	0.161452	-0.247076
3.219000	0.579264	0.793774	1.212297	0.496995	0.321064	3.714749
3.220000	0.740417	1.034867	2.620107	0.257032	0.241258	0.545352
3.221000	0.256958	0.553566	-1.441027	0.337215	0.201470	1.811993
3.222000	0.176381	0.513679	-1.130834	0.537086	0.440658	3.082331
3.223000	0.699926	0.873990	2.615930	0.457196	0.321064	1.972256
3.224000	0.499091	0.834103	1.056037	0.337215	0.161452	1.813631
3.225000	0.498283	0.753887	-0.036598	0.457196	0.400640	1.971927
3.226000	0.499091	0.713557	0.898892	0.417105	0.201470	2.130131
3.227000	0.256958	0.593896	-0.663488	0.296831	0.321064	0.862838
3.228000	0.740417	0.914320	2.304844	0.297416	0.121664	1.179500
3.229000	0.820993	0.994980	3.244511	0.576885	0.440658	3.715407
3.230000	0.297044	0.673670	-0.349286	0.217233	0.241258	0.228286
3.231000	0.378025	0.673670	-0.350888	0.496995	0.361082	2.128730
3.232000	0.497879	0.553566	0.741667	0.536793	0.440658	3.397759
3.233000	0.699926	0.874433	1.682042	0.417105	0.281046	1.496894
3.234000	0.579264	0.834546	1.213182	0.417105	0.321064	1.813232
3.235000	0.297044	0.473349	-0.974574	0.297416	0.121664	1.019473
3.236000	0.216872	0.473349	-1.757805	0.377306	0.321064	0.862509
3.237000	0.861079	1.034867	3.400851	0.137636	-0.038178	-0.087961
3.238000	0.699926	0.794216	1.995536	0.537086	0.480447	3.398341
3.239000	0.499091	0.714000	0.276888	0.457196	0.241258	1.812483
3.240000	0.499091	0.754329	0.898892	0.417105	0.321064	2.130460
3.241000	0.216467	0.352802	-0.974566	0.496995	0.400640	2.288993
3.242000	0.901570	1.075197	3.088162	0.337508	0.121664	0.861852
3.243000	0.498283	0.834103	1.369442	0.457196	0.440658	2.446706
3.244000	0.216872	0.554009	-0.972964	0.097837	-0.038178	0.229434
3.245000	0.337534	0.673227	-0.192141	0.656482	0.480447	3.398670
3.246000	0.820993	0.914320	3.085675	0.217233	0.081875	0.228286
3.247000	0.579264	0.874433	1.056754	0.496995	0.321064	2.446706
3.248000	0.579264	0.915206	1.681326	0.537086	0.321064	2.923799
3.249000	0.297044	0.473792	-1.131711	0.377306	0.241258	2.449348
3.250000	0.216872	0.433462	-1.757805	0.496995	0.361082	3.239555
3.251000	0.941656	1.195301	3.869791	0.017655	-0.038178	-0.563231
3.252000	0.740417	0.995423	2.775562	0.816848	0.680306	5.140489
3.253000	0.216872	0.513679	-2.069688	-0.222015	-0.357173	-3.733378
3.254000	0.176381	0.513679	-2.226753	0.816555	0.600500	4.506686
3.255000	0.740417	0.914320	2.773075	0.137636	0.041628	0.544694
3.256000	0.659840	0.914320	1.681326	0.496995	0.440658	2.923799
3.257000	0.700331	0.994980	1.837586	0.377306	0.201240	1.812483
3.258000	0.216467	0.554009	-1.443514	0.457196	0.241258	1.495417
3.259000	0.176381	0.473349	-2.070485	0.456903	0.321064	2.607881
3.260000	1.063127	1.235188	5.117969	-0.062235	-0.117754	-2.308204
3.261000	0.740417	0.874433	1.836789	0.936536	0.720094	6.249745
3.262000	0.337534	0.513679	-1.286369	-0.102034	-0.237578	-2.942098
3.263000	0.297044	0.554009	-0.350083	0.616976	0.480676	4.031907
3.264000	0.579264	0.714000	1.368557	0.057746	0.001610	-0.563813
3.265000	0.740417	0.955093	2.463679	0.457196	0.400640	2.288174
3.266000	0.659840	0.834546	1.681326	0.417105	0.281276	1.338361
3.267000	0.136295	0.433462	-1.910056	0.337215	0.161452	1.496075
3.268000	0.257362	0.473792	-1.131711	0.776756	0.640288	4.825154
3.269000	0.901570	1.034867	4.336252	-0.062235	-0.117754	-1.832023
3.270000	0.579264	0.714000	1.056842	0.816848	0.640288	5.615851
3.271000	0.297448	0.634225	-0.973689	0.017655	-0.077737	-1.832023
3.272000	0.499091	0.714000	0.743269	0.696573	0.480676	4.507177
3.273000	0.377620	0.673670	0.429864	0.017655	-0.078196	-1.355842
3.274000	0.659840	0.834546	1.525702	0.457196	0.281276	2.290815
3.275000	0.498283	0.794216	0.587009	0.417105	0.281046	1.654770
3.276000	0.136295	0.473792	-2.224258	0.017655	-0.157772	-1.673398
3.277000	0.297448	0.554009	-0.974574	0.936536	0.720324	6.092943
3.278000	0.740417	0.834103	2.461192	-0.062235	-0.117754	-2.465917
3.279000	0.619754	0.754329	1.212297	0.856646	0.640288	5.775295
3.280000	0.378025	0.714000	-0.350003	-0.102034	-0.157772	-2.308204
3.281000	0.257362	0.593896	-0.505626	0.896445	0.680306	6.092943
3.282000	0.378025	0.554009	0.273524	-0.102034	-0.197560	-2.307056
3.283000	0.821397	1.075197	2.929415	0.337215	0.241258	1.336723
3.284000	0.499091	0.794659	0.275134	0.537086	0.480676	3.715407
3.285000	0.378025	0.634225	-0.661886	0.017655	-0.078196	-1.514046
3.286000	0.418111	0.634225	-0.193743	0.776756	0.520464	4.664890
3.287000	0.619350	0.593896	1.523215	0.017655	-0.038178	-1.041234
3.288000	0.740821	0.955093	1.993846	0.936536	0.680306	5.932351
3.289000	0.418111	0.754329	0.901299	-0.142125	-0.157772	-2.624121
3.290000	0.297448	0.514122	-1.286369	0.776756	0.640518	5.301426
3.291000	0.378025	0.554009	0.273524	0.057746	0.001610	-1.514957
3.292000	0.821397	1.035310	3.400771	0.297416	0.201470	0.068934
3.293000	0.337534	0.674555	-0.817421	0.417398	0.241258	1.972256
3.294000	0.579264	0.795545	0.900494	0.177142	0.041399	-0.087961
3.295000	0.337938	0.554009	-0.662763	0.576885	0.400640	3.557785
3.296000	0.499091	0.554009	0.586212	0.217233	0.201470	0.387730
3.297000	0.700331	0.834546	1.681326	0.816555	0.600500	5.616433
3.298000	0.499091	0.794659	0.745668	0.057746	0.081416	-1.198128
3.299000	0.256958	0.393575	-1.911658	0.536793	0.321064	2.288174
3.300000	0.257362	0.514122	-1.131711	0.377306	0.281046	0.704795
3.301000	0.700331	0.874433	2.304932	0.417105	0.241258	0.861852
3.302000	0.418111	0.794659	0.277524	0.457196	0.241258	2.288993
3.303000	0.619754	0.875319	1.057639	0.257032	0.081416	-0.247076
3.304000	0.337534	0.554009	-0.350083	0.616976	0.440658	4.506357
3.305000	0.297448	0.514122	-0.194708	0.177142	0.121664	-0.087632
3.306000	0.821397	1.115527	2.932619	0.616976	0.361082	3.714749
3.307000	0.619754	0.794659	1.525702	0.217233	0.201240	0.545352
3.308000	0.176785	0.433905	-2.067201	0.337215	0.161452	0.545443
3.309000	0.459005	0.634225	0.273684	0.377013	0.241258	1.337121
3.310000	0.700331	0.955093	2.931742	0.417105	0.361082	2.288174
3.311000	0.459005	0.794659	0.744154	0.417398	0.201470	2.447526
3.312000	0.740417	0.995423	2.305729	0.177142	0.161452	-0.089362
3.313000	0.216872	0.433905	-1.443514	0.616976	0.481135	4.506848
3.314000	0.297448	0.513679	-0.819908	0.177142	0.161452	-0.087632
3.315000	0.901570	1.115969	3.869791	0.457196	0.281276	1.970779
3.316000	0.539582	0.794659	1.056842	0.417105	0.281046	1.654279
3.317000	0.256958	0.473792	-1.443514	0.457196	0.281276	2.288174
3.318000	0.297448	0.514122	-1.289581	0.337508	0.241258	0.387730
3.319000	0.619754	0.714885	1.212297	0.496995	0.361082	2.446706
3.320000	0.740821	0.915649	2.151876	0.337215	0.161452	1.494835
3.321000	0.740821	0.915206	2.149389	0.337215	0.201240	1.178917
3.322000	0.056123	0.353688	-2.690887	0.337215	0.041628	1.337704
3.323000	0.297448	0.514122	-0.505626	0.377013	0.360623	0.861598
3.324000	0.861484	1.035753	3.557111	0.337215	0.161452	1.020476
3.325000	0.459005	0.714885	-0.191328	0.576885	0.440658	2.604000
3.326000	0.257362	0.554451	-1.286369	0.257032	0.201240	1.496565
3.327000	0.257362	0.514122	-1.446001	0.417105	0.281046	1.812812
3.328000	0.378025	0.634225	0.119582	0.457196	0.321064	2.607062
3.329000	0.780907	1.035753	2.775642	0.097545	0.041628	0.069753
3.330000	0.499496	0.754329	1.212297	0.536793	0.480676	2.761805
3.331000	-0.024454	0.354131	-3.629581	0.017655	-0.117754	-0.883030
3.332000	0.378025	0.634668	0.118777	0.616391	0.480447	2.924127
3.333000	0.780907	1.035310	3.711052	0.177142	-0.038178	0.069753
3.334000	0.499496	0.794659	1.057559	0.576885	0.321064	2.923799
3.335000	0.539582	0.875319	0.899609	0.297416	0.161452	1.654608
3.336000	0.136295	0.353688	-2.226028	0.496995	0.321064	2.446378
3.337000	0.539582	0.714885	0.587009	0.536793	0.361082	2.607062
3.338000	0.902378	1.035753	3.557111	0.097545	0.001840	0.069753
3.339000	0.418919	0.634668	-0.348481	0.576885	0.520464	2.923799
3.340000	0.217276	0.514564	-1.755318	0.017655	-0.157772	-1.673490
3.341000	0.459005	0.714885	0.898812	0.457196	0.440658	2.765266
3.342000	0.660244	0.834546	2.148504	0.137636	0.041628	0.228286
3.343000	0.660244	0.955536	2.308136	0.696573	0.401100	3.715407
3.344000	0.539582	0.794659	1.369442	0.536793	0.361082	3.239226
3.345000	0.056123	0.313801	-2.850431	0.377306	0.281276	1.654279
3.346000	0.700331	0.794659	1.993049	0.576885	0.520464	3.082331
3.347000	0.821397	0.955536	3.399966	-0.062235	-0.157772	-1.831112
3.348000	0.297448	0.554451	-1.285564	0.896738	0.720094	5.459377
3.349000	0.418919	0.634668	-0.660284	-0.181924	-0.277367	-2.623302
3.350000	0.418919	0.554451	0.274489	0.616976	0.520464	3.714587
3.351000	0.337938	0.474234	-0.037563	0.097837	0.001840	0.069753
3.352000	0.700331	0.915206	1.838382	0.457196	0.321064	1.654279
3.353000	0.539582	0.714885	0.901299	0.417105	0.281276	1.971927
3.354000	0.016037	0.394018	-3.631183	0.217233	0.001840	0.544694
3.355000	0.499091	0.674555	0.743269	0.616976	0.600500	4.031653
3.356000	0.861484	1.075640	3.714256	-0.182217	-0.237578	-2.942098
3.357000	0.297448	0.594338	-1.285564	1.016719	0.839918	6.409189
3.358000	0.580072	0.794659	0.900494	-0.181924	-0.237349	-2.783565
3.359000	0.297448	0.474234	-1.131711	0.697159	0.640288	4.506686
3.360000	0.378025	0.554451	0.117989	0.097837	0.001840	-0.404369
3.361000	0.861484	1.035753	3.088082	0.497288	0.321294	3.080693
3.362000	0.459005	0.674555	0.900414	0.496995	0.361082	2.129549
3.363000	0.257362	0.594781	-0.974566	0.337215	0.161452	1.178917
3.364000	0.499496	0.634225	1.209810	0.816848	0.640518	4.982867
3.365000	0.660244	0.674555	1.837506	-0.062235	-0.117754	-2.150000
3.366000	0.499091	0.795545	0.121353	0.976335	0.720324	6.250656
3.367000	0.740821	0.955536	2.463679	-0.142125	-0.157543	-2.465917
3.368000	0.217276	0.433905	-1.599854	0.816555	0.560712	4.983450
3.369000	0.337938	0.594338	-0.196141	0.057746	0.001840	-1.039595
3.370000	0.942464	1.075640	4.650542	0.417105	0.201470	1.495417
3.371000	0.378025	0.594781	-0.658682	0.537086	0.401100	2.923799
3.372000	0.257362	0.554451	-0.660284	0.137636	0.081875	-0.882701
3.373000	0.459005	0.594338	0.743349	0.856646	0.680306	5.933008
3.374000	0.499091	0.634668	0.744154	0.017655	-0.038178	-1.037773
3.375000	0.660244	0.915206	1.213899	0.896738	0.680306	5.775295
3.376000	0.660244	0.714885	1.525702	0.017655	0.001840	-1.356661
3.377000	0.257362	0.474234	-1.284767	0.776756	0.600500	4.664890
3.378000	0.459005	0.594338	-0.038996	0.057746	0.041628	-1.038938
3.379000	0.861484	0.955536	3.244511	0.217233	0.121664	0.227466
3.380000	0.337534	0.714885	-0.190451	0.776756	0.520464	4.825154
3.381000	0.378025	0.674998	0.120548	0.017655	-0.038178	-1.514046
3.382000	0.297448	0.474234	-0.975451	0.936536	0.760112	5.934739
3.383000	0.499496	0.634668	0.430669	0.217819	0.161452	0.230016
3.384000	0.821397	1.035753	2.619222	0.896445	0.680306	6.091212
3.385000	0.660244	0.875319	1.996333	-0.062235	-0.078196	-2.149671
3.386000	0.096613	0.394018	-2.224258	0.776756	0.640288	5.142311
3.387000	0.499496	0.674998	0.586204	0.217233	0.241258	0.545680
3.388000	0.781311	0.955536	3.243625	0.217233	0.161452	-0.088451
3.389000	0.660244	0.915649	0.900414	0.537086	0.361082	3.715407
3.390000	0.660244	0.794659	1.368557	-0.022144	0.001610	-1.356332
3.391000	0.015632	0.233141	-2.538636	0.776756	0.600500	4.664890
3.392000	0.660244	0.875319	1.681246	0.097837	0.161452	-0.563813
3.393000	1.023041	1.196186	4.964027	0.856646	0.600500	5.457900
3.394000	0.257362	0.554451	-0.818306	-0.102327	-0.038178	-2.307875
3.395000	0.257362	0.474234	-1.599854	0.616976	0.480676	3.556874
3.396000	0.459005	0.594781	0.899609	0.417398	0.321064	1.971345
3.397000	0.539582	0.674998	1.369362	0.217233	0.281276	1.021296
3.398000	0.660244	0.915649	2.151796	0.457196	0.281276	1.655098
3.399000	0.660244	0.795545	1.213899	0.177142	0.201240	0.070082
3.400000	-0.024049	0.234027	-2.379801	0.576885	0.401100	4.190440
3.401000	0.660244	0.714885	1.680441	0.217233	0.161452	0.070082
3.402000	1.023041	1.035753	4.493397	0.537086	0.321294	3.714749
3.403000	0.176785	0.434347	-1.752911	0.377306	0.321064	1.496894
3.404000	0.418919	0.635111	-1.130109	0.337508	0.201470	1.496075
3.405000	0.297448	0.554451	-0.350083	0.417105	0.321064	1.655098
3.406000	0.499091	0.635111	1.055957	0.457196	0.321294	2.129220
3.407000	0.781311	0.995866	2.464476	0.457489	0.321064	2.288993
3.408000	0.539582	0.714885	1.055957	0.017362	0.121664	-0.724168
3.409000	0.016037	0.354131	-3.785841	0.576885	0.480676	4.665381
3.410000	0.660244	0.795545	1.055957	0.177142	0.121205	-0.089362
3.411000	0.902378	0.995423	3.400771	0.377306	0.161682	1.812483
3.412000	0.337938	0.595224	-1.128419	0.576885	0.520235	3.873120
3.413000	0.459005	0.674998	-0.507228	0.457196	0.321064	1.970525
3.414000	0.257362	0.514564	-0.662771	0.377306	0.281276	1.496075
3.415000	0.539582	0.714885	1.057559	0.496995	0.440658	2.765266
3.416000	0.942868	1.115969	3.712486	0.417105	0.201470	2.447197
3.417000	0.418919	0.594781	-0.192938	0.216941	0.161452	-0.089362
3.418000	0.096613	0.354131	-2.694091	0.417105	0.121664	1.812483
3.419000	0.700735	0.795545	2.304844	0.417105	0.440658	2.288993
3.420000	0.821397	0.955536	2.931822	0.297416	0.161452	1.496565
3.421000	0.418919	0.594781	-0.815819	0.417398	0.281046	1.812321
3.422000	0.660244	0.795545	1.369442	0.537086	0.400640	3.713676
3.423000	0.217276	0.434347	-1.443594	0.337215	0.201240	1.178917
3.424000	0.781311	0.915649	2.149389	0.576885	0.480676	3.397759
3.425000	0.942464	0.995866	3.714256	0.297416	0.121664	1.178917
3.426000	0.217276	0.554894	-1.284767	0.536793	0.480447	2.449348
3.427000	0.257362	0.594781	-1.284767	0.017655	-0.117754	-1.037773
3.428000	0.580072	0.594781	1.210695	0.536793	0.480676	3.397759
3.429000	0.580072	0.674555	1.213102	0.337508	0.161452	1.495417
3.430000	0.580072	0.915649	0.901299	0.457196	0.321064	2.130460
3.431000	0.700735	0.795545	1.993846	0.576885	0.401100	2.923799
3.432000	0.056123	0.394018	-2.379881	0.377306	0.201470	1.654861
3.433000	0.499091	0.714885	0.900414	0.537086	0.480447	3.397759
3.434000	0.700735	0.915649	2.931742	-0.102327	-0.197790	-1.990227
3.435000	0.257362	0.554894	-1.441107	0.696573	0.560253	4.824334
3.436000	0.378833	0.594781	-1.286369	-0.062235	-0.197560	-2.148269
3.437000	0.499496	0.594781	0.742464	0.536793	0.560253	3.081022
3.438000	0.499496	0.594781	0.275922	0.457196	0.241258	2.288174
3.439000	0.700735	0.955979	1.993926	0.496995	0.361082	3.397430
3.440000	0.580072	0.674998	0.900414	0.417105	0.281276	1.654608
3.441000	-0.024454	0.274357	-2.850431	0.137636	-0.038178	0.069753
3.442000	0.700735	0.915649	2.148504	0.776756	0.600500	4.982285
3.443000	0.700735	0.674998	1.680361	-0.142125	-0.237578	-2.624450
3.444000	0.459409	0.674998	-0.035792	0.856646	0.720094	5.140581
3.445000	0.580072	0.795545	1.525702	0.097545	0.041628	-0.562503
3.446000	0.096613	0.274357	-1.757805	0.496995	0.361082	2.288174
3.447000	0.620562	0.674998	1.681246	0.337215	0.201240	1.338361
3.448000	0.982550	1.076082	4.338022	0.337215	0.201240	1.496565
3.449000	0.337938	0.594781	-0.035792	0.576885	0.480676	2.923799
3.450000	0.217276	0.474677	-1.911738	0.057746	0.001840	-1.514865
3.451000	0.660244	0.795545	1.836701	0.976335	0.760112	6.249745
3.452000	0.539582	0.634668	0.900414	-0.062235	0.001610	-1.988496
3.453000	0.539986	0.835875	1.060763	0.816555	0.720094	5.615851
3.454000	0.700735	0.835875	1.681246	0.057746	-0.038178	-0.405280
3.455000	0.016037	0.274357	-3.005178	0.576885	0.480447	3.556055
3.456000	0.580072	0.755658	1.681246	0.217233	0.201470	0.704795
3.457000	1.023041	1.156299	5.119571	0.137636	0.081416	-0.087632
3.458000	0.176785	0.474677	-2.066396	0.696573	0.520464	4.823914
3.459000	0.217276	0.514564	-1.755398	0.017655	-0.077737	-1.832023
3.460000	0.418919	0.594781	0.275922	0.816555	0.640288	5.775295
3.461000	0.539582	0.795545	0.744154	0.057746	0.001840	-0.722017
3.462000	0.741225	0.955979	1.528189	0.856354	0.680306	5.458229
3.463000	0.499496	0.674998	1.055957	-0.062235	-0.157772	-2.465589
3.464000	-0.104626	0.194140	-4.724694	0.616976	0.480676	3.872463
3.465000	0.700735	0.795545	1.680441	0.337215	0.241488	1.495983
3.466000	0.942464	1.076082	4.182311	0.137636	0.041628	-0.405609
3.467000	0.177594	0.514564	-2.066396	0.776756	0.401100	4.507177
3.468000	0.378833	0.594781	-0.661886	0.097545	0.041628	-0.563813
3.469000	0.297852	0.474677	0.273524	0.776756	0.480676	5.140581
3.470000	0.660244	0.795545	0.899609	0.057746	0.001840	-0.879240
3.471000	0.781311	0.995866	2.617452	0.696573	0.600500	5.298785
3.472000	0.418919	0.594781	0.430669	0.017655	0.001610	-2.147940
3.473000	0.056123	0.354131	-3.317061	0.337215	0.241258	1.018746
3.474000	0.862292	0.915649	2.617532	0.417105	0.281276	2.446706
3.475000	0.700735	0.915649	2.776279	-0.022144	-0.038178	-1.989806
3.476000	0.418919	0.635111	-0.190451	0.697159	0.440658	4.507177
3.477000	0.419323	0.756101	0.275922	0.057453	0.041628	-0.879240
3.478000	0.097017	0.354131	-1.911658	0.776756	0.520464	5.298785
3.479000	0.700735	0.876204	1.837506	0.097545	0.041628	-0.724168
3.480000	0.902378	0.995866	3.713291	0.576885	0.361082	2.765266
3.481000	0.418919	0.514564	-1.129224	0.377013	0.281046	0.863328
3.482000	0.137104	0.434347	-2.377482	0.297416	0.201240	1.019565
3.483000	0.580072	0.715771	1.524020	0.457196	0.241258	2.288993
3.484000	0.539986	0.674998	0.900414	0.057453	0.161452	-0.247567
3.485000	0.499496	0.795988	0.276728	0.696573	0.480676	4.348644
3.486000	0.539986	0.795988	1.369442	0.057453	0.041628	-1.197799
3.487000	0.016441	0.274357	-2.847227	0.816555	0.560712	4.983029
3.488000	0.620562	0.835875	1.680441	0.057746	0.161452	-0.247895
3.489000	0.781311	0.876204	2.619939	0.496995	0.321064	3.080693
3.490000	0.257766	0.474677	-1.910056	0.377013	0.281046	1.496894
3.491000	0.378833	0.715771	-0.504024	0.456903	0.400640	2.130460
3.492000	0.418919	0.554894	0.586124	0.257032	0.081416	1.020293
3.493000	0.499496	0.715771	0.744154	0.257032	0.201240	0.229197
3.494000	0.741225	0.916534	1.525702	0.457196	0.201240	3.239878
3.495000	0.499496	0.755658	1.056754	0.177142	0.201240	-0.088214
3.496000	0.096613	0.355016	-2.223541	0.337215	0.121664	1.654861
3.497000	0.700735	0.955979	2.773792	0.417105	0.321064	1.973075
3.498000	0.700735	0.835875	2.148504	0.217819	0.161452	0.861852
3.499000	0.297852	0.555337	-1.285564	0.417105	0.241258	1.337121
3.500000	0.580072	0.835875	1.212297	0.537086	0.440658	2.923799
3.501000	0.137104	0.274357	-2.225948	0.297416	0.161452	1.337450
3.502000	0.660244	0.795988	1.681246	0.417105	0.281046	1.496075
3.503000	0.821397	1.036638	2.777164	0.137636	0.001840	0.544365
3.504000	0.297852	0.554894	-0.661161	0.417105	0.400640	1.812812
3.505000	0.137104	0.474677	-1.910853	0.217233	-0.038178	0.069753
3.506000	0.700735	0.755658	2.150106	0.496995	0.440658	3.239226
3.507000	0.499496	0.635111	0.433068	0.337215	0.201470	1.338361
3.508000	0.459409	0.715771	-0.346871	0.496702	0.321064	2.286934
3.509000	0.700735	0.955979	1.681962	0.457196	0.281276	2.130460
3.510000	-0.024049	0.154253	-3.317061	0.297416	0.121664	0.860612
3.511000	0.539986	0.795988	1.368557	0.496995	0.440658	2.288174
3.512000	0.902378	1.076525	3.244511	0.057746	-0.038178	-0.087632
3.513000	0.257362	0.515007	-1.441107	0.457196	0.480447	2.446706
3.514000	0.297852	0.515007	-1.598253	0.137636	0.081416	0.386910
3.515000	0.539582	0.594781	1.210615	0.496995	0.321064	2.130460
3.516000	0.459409	0.595224	-0.661161	0.377013	0.281276	1.971016
3.517000	0.580072	0.916534	1.213899	0.456903	0.281276	1.971927
3.518000	0.620562	0.755658	1.524906	0.456903	0.400640	2.765266
3.519000	-0.064540	0.194140	-4.099414	0.057746	0.001840	-0.404698
3.520000	0.700735	0.795545	1.366955	0.696573	0.560253	4.507505
3.521000	0.781311	0.955979	2.776279	-0.022144	-0.237578	-1.356332
3.522000	0.297852	0.595224	-0.659567	0.656482	0.520464	3.555472
3.523000	0.499900	0.715771	0.273524	0.137636	0.041628	0.544694
3.524000	0.297852	0.434347	-1.134198	0.496995	0.321064	2.446706
3.525000	0.580072	0.795545	0.744154	0.457196	0.281276	2.765266
3.526000	0.822206	0.955979	2.463679	0.377306	0.161452	1.496565
3.527000	0.539986	0.634668	1.055957	0.576885	0.520464	3.555963
3.528000	0.016441	0.314686	-3.002771	-0.102034	-0.237578	-1.832842
3.529000	0.740417	0.875319	1.837506	0.816555	0.640518	4.824663
3.530000	0.700735	0.835875	2.307339	-0.142125	-0.237578	-2.625033
3.531000	0.459409	0.715771	-0.658674	0.616976	0.520464	4.188709
3.532000	0.459409	0.594781	0.430669	0.057746	-0.038178	-0.087961
3.533000	-0.024049	0.113480	-2.850431	0.457196	0.361082	2.765594
3.534000	0.700735	0.835875	2.307339	0.417105	0.281276	1.814214
3.535000	0.942868	1.076525	3.557111	0.297416	0.121664	0.702408
3.536000	0.297852	0.474677	-0.972964	0.616976	0.520464	4.189529
3.537000	0.096613	0.434790	-2.379801	-0.062235	-0.117754	-1.674309
3.538000	0.580072	0.635111	1.055072	0.936536	0.720324	6.249745
3.539000	0.620562	0.755658	1.213102	-0.062235	-0.117754	-2.148760
3.540000	0.499496	0.795988	0.590213	0.697159	0.600500	4.508088
3.541000	0.499496	0.674998	0.430669	0.137636	-0.077737	-0.405609
3.542000	-0.024049	0.194582	-4.254869	0.377306	0.241258	0.861852
3.543000	0.700735	0.876204	2.150186	0.457196	0.281276	2.288993
3.544000	0.781311	0.835875	2.931822	0.057746	0.001840	-0.405609
3.545000	0.338747	0.475120	-1.598253	0.696573	0.680306	5.142219
3.546000	0.419323	0.595224	-1.130109	-0.022144	0.041628	-1.042145
3.547000	0.418919	0.594781	0.118777	0.816848	0.680306	5.933008
3.548000	0.700735	0.755658	1.525702	0.017655	-0.038178	-1.673819
3.549000	0.781311	1.036195	2.463679	0.696573	0.520464	4.348153
3.550000	0.297852	0.554894	-0.350243	0.137636	0.121664	0.387147
3.551000	0.016037	0.314686	-3.317697	0.217819	0.161452	0.229197
3.552000	0.781311	0.876204	2.617532	0.456903	0.361082	2.923799
3.553000	0.700735	0.876204	1.993846	-0.022144	-0.078196	-1.514865
3.554000	0.217276	0.515007	-1.441912	0.856646	0.680306	5.617581
3.555000	0.580072	0.795988	1.213102	0.137636	0.081416	-0.245836
3.556000	0.056527	0.274357	-1.911738	0.856646	0.760112	5.933499
3.557000	0.700735	0.835875	1.681246	0.097545	-0.077737	-1.356332
3.558000	0.942868	1.076525	3.714256	0.776756	0.560712	4.665381
3.559000	0.217276	0.434790	-1.598253	0.097837	0.041628	-0.407102
3.560000	0.137104	0.474677	-1.598253	0.217233	0.201470	-0.089362
3.561000	0.781311	0.876204	3.243625	0.616976	0.440658	3.714587
3.562000	0.499496	0.715771	0.744959	0.017655	0.001610	-1.198128
3.563000	0.419323	0.715771	-0.346879	0.856646	0.600500	5.616433
3.564000	0.620562	0.876204	1.837506	0.017655	0.041628	-1.037773
3.565000	0.137104	0.234469	-2.690887	0.816848	0.600500	5.298785
3.566000	0.700735	0.795988	1.524101	0.057746	0.001610	-1.356332
3.567000	0.942464	1.076082	4.493405	0.696573	0.600500	4.030996
3.568000	0.217276	0.515007	-1.910056	0.137636	0.121664	0.229434
3.569000	0.419323	0.595224	-0.661886	0.337215	0.161452	-0.088780
3.570000	0.741225	0.795988	2.459590	0.497288	0.361082	3.555963
3.571000	0.499496	0.635111	0.430669	0.217233	0.161452	0.070082
3.572000	0.459409	0.835875	0.276728	0.776756	0.520464	4.506357
3.573000	0.580072	0.595224	0.900414	0.377306	0.281276	1.338361
3.574000	0.137104	0.434790	-2.223541	0.776756	0.560712	5.140252
3.575000	0.741225	0.835875	2.305649	0.057746	0.081416	-0.407102
3.576000	0.781311	0.915649	2.775482	0.457196	0.281276	2.446378
3.577000	0.297852	0.675884	-1.284767	0.457196	0.321064	1.812812
3.578000	0.580476	0.876204	1.368557	0.297416	0.201470	0.069753
3.579000	0.257766	0.474677	-0.821678	0.497288	0.321064	2.766085
3.580000	0.580072	0.715771	0.590133	0.297416	0.201470	0.070082
3.581000	0.862292	1.036195	2.777084	0.616976	0.361082	4.031578
3.582000	0.499900	0.675884	0.900414	0.097545	0.081416	-0.724168
3.583000	0.257766	0.554894	-1.130109	0.576885	0.361082	4.030996
3.584000	0.580072	0.795988	2.461192	0.337215	0.241258	1.337450
3.585000	0.660244	0.795988	1.525702	0.337215	0.201240	1.495654
3.586000	0.419323	0.675884	-0.815819	0.377306	0.281276	1.972256
3.587000	0.620562	0.795988	1.525702	0.457196	0.361082	2.765266
3.588000	0.056527	0.274799	-2.223541	0.496995	0.321064	2.604911
3.589000	0.580476	0.836317	1.839993	0.097545	0.161452	-0.247567
3.590000	0.942868	1.116412	3.245227	0.577178	0.361082	4.190111
3.591000	0.257766	0.475120	-0.973761	0.097545	0.161452	-0.248898
3.592000	0.257766	0.515007	-1.598253	0.457196	0.281276	2.288174
3.593000	0.539986	0.595224	1.210615	0.417105	0.321064	1.970525
3.594000	0.580476	0.755658	1.212297	0.417105	0.281046	2.130460
3.595000	0.539986	0.836317	0.433068	0.297416	0.241258	0.862509
3.596000	0.378833	0.515007	-0.036598	0.496995	0.440658	2.923799
3.597000	0.016441	0.234912	-3.318663	0.297416	0.041628	1.179408
3.598000	0.822206	0.996308	2.463679	0.337215	0.281046	0.704305
3.599000	0.942868	1.036195	3.714256	0.457196	0.201699	2.606733
3.600000	0.258575	0.555337	-1.129304	0.537086	0.520464	2.605239
3.601000	0.378833	0.595224	-0.661886	0.337215	0.121664	0.861852
3.602000	0.459409	0.515007	0.273524	0.496995	0.440658	3.239226
3.603000	0.580476	0.836317	1.527392	0.496995	0.281276	2.130460
3.604000	0.781311	1.076525	3.246032	0.337215	0.201470	1.337121
3.605000	0.257766	0.434790	-1.129304	0.537086	0.440658	3.239226
3.606000	0.177594	0.434790	-1.911658	0.257910	0.201470	1.337450
3.607000	0.982955	1.036195	4.026776	0.297416	0.400640	1.178917
3.608000	0.620562	0.795988	2.151796	0.057746	-0.077737	-0.564142
3.609000	0.418919	0.675884	-0.504741	0.697159	0.640288	3.715736
3.610000	0.499900	0.716213	0.587814	0.217233	0.041628	0.544694
3.611000	0.177594	0.355016	-1.911658	0.616976	0.480676	3.556874
3.612000	0.661053	0.876204	2.308136	0.377013	0.201240	1.970525
3.613000	0.983359	1.076525	3.557916	0.377306	0.201470	1.813723
3.614000	0.096613	0.274799	-2.066396	0.457196	0.321064	1.654608
3.615000	0.217276	0.394460	-1.598253	0.097545	-0.038178	-0.247076
3.616000	0.902782	0.995866	4.183036	0.537086	0.520464	2.607062
3.617000	0.580072	0.795988	1.528109	0.017655	-0.117754	-1.356661
3.618000	0.459005	0.675884	-0.659559	0.656482	0.600500	3.239226
3.619000	0.257766	0.515007	-0.504016	0.377306	0.201470	1.654861
3.620000	0.097017	0.355016	-1.755318	0.537086	0.361082	3.241447
3.621000	0.781311	0.955979	3.088967	0.496995	0.321294	2.449348
3.622000	0.862292	0.916534	3.088887	0.377306	0.161682	1.812483
3.623000	0.177594	0.435676	-1.753716	0.576885	0.560253	3.397759
3.624000	0.378833	0.635997	-1.130109	-0.022144	-0.197560	-2.150000
3.625000	0.741225	0.836317	3.398372	0.896445	0.839918	5.458229
3.626000	0.580476	0.796430	1.369442	-0.062235	-0.197790	-1.673819
3.627000	0.580476	0.796430	1.683733	0.576885	0.480447	3.239226
3.628000	0.379237	0.515007	-0.036598	0.297416	0.161452	0.862342
3.629000	0.177594	0.395346	-1.910056	0.457196	0.361082	2.923799
3.630000	0.902782	1.117298	4.336260	0.457196	0.361082	2.129969
3.631000	0.580476	0.756101	2.463679	0.137636	-0.038178	-0.724497
3.632000	0.299065	0.635997	-1.129224	0.896445	0.720094	5.459377
3.633000	0.459814	0.676326	0.746473	-0.182217	-0.237578	-3.258507
3.634000	0.499900	0.555337	1.680361	0.896445	0.760112	6.091212
3.635000	0.661053	0.836317	2.309738	-0.062235	-0.237578	-2.148431
3.636000	0.661053	0.836760	2.623143	0.576885	0.560253	3.715407
3.637000	0.379237	0.435676	0.749925	0.297416	0.161452	0.228286
3.638000	28.561735	8.254865	35.008432	0.496995	0.321294	2.765266
3.639000	13.616822	-92.604897	138.761080	-0.063699	0.086008	4.962416
3.640000	160.061954	-127.455402	479.731145	-1.802834	3.517208	5.433291
3.641000	82.456158	-131.360760	313.977262	3.328845	-3.583234	11.622849
3.642000	220.111771	-133.919693	523.051338	-1.889751	5.039262	-13.811049
3.643000	171.839161	-200.114250	923.889094	1.228595	-0.552441	-0.720063
3.644000	394.064392	-247.392830	900.689541	-0.575811	5.040869	-2.289832
3.645000	425.605423	-228.552864	1035.858317	-2.049531	-7.522728	-2.184901
3.646000	484.841629	-213.048904	908.012253	4.141507	6.759798	22.218090
3.647000	460.935745	-175.787361	826.867765	-2.245596	-6.162353	5.961325
3.648000	436.827423	-166.764801	857.313341	1.757396	7.961710	-14.339734
3.649000	461.760315	-203.996216	994.301918	0.360345	-0.609979	1.369898
3.650000	536.411102	-214.231720	1220.235455	-1.199413	-0.523974	-6.596991
3.651000	615.881805	-191.415188	1334.530861	2.961895	2.311321	9.085398
3.652000	675.796875	-142.177822	1408.690245	-0.833320	-3.628604	26.068147
3.653000	649.506989	-111.773781	1337.073517	2.161824	1.992326	-15.153764
3.654000	529.556335	-98.217606	1311.236303	0.084683	1.110787	10.077404
3.655000	446.431671	-86.861459	1335.295775	-0.160843	-0.330543	-4.843393
3.656000	364.069839	-90.289609	1344.613041	1.673699	2.698643	-8.483694
3.657000	369.137985	-115.486149	1431.133471	-1.202341	-0.892858	22.578115
3.658000	387.109711	-163.995998	1689.437424	1.471193	1.102982	-7.865206
3.659000	196.861519	-138.120301	1839.274818	1.908685	3.734515	4.857357
3.660000	53.767173	-96.467266	1892.817150	-1.521608	-3.500214	1.175089
3.661000	-176.129998	-29.633961	2277.248322	2.015491	2.165327	-1.847687
3.662000	-166.804878	-71.722908	2799.263298	-2.131178	1.678685	8.155212
3.663000	-296.609776	-36.910845	3280.618088	1.686561	-1.154085	4.817930
3.664000	-392.735588	-98.069092	3822.742249	-0.546846	1.832558	-2.617760
3.665000	-573.780800	-84.952007	4263.574020	0.890589	-2.168075	0.229095
3.666000	-658.727959	-68.935310	4573.282776	0.241221	1.261060	-3.733992
3.667000	-728.846489	-128.615412	5100.411743	0.947642	3.963676	-0.721505
3.668000	-950.261810	-76.141071	4896.580780	-1.231913	-7.017346	9.936167
3.669000	-970.077972	87.990509	4856.292175	-1.757200	-3.788989	-2.684749
3.670000	-1023.021545	44.807304	4588.094055	3.888054	2.369162	30.277495
3.671000	-961.807571	80.704460	4475.455383	-2.736961	4.126042	8.796108
3.672000	-884.748276	158.747984	4430.993927	1.929452	-3.866270	-19.230952
3.673000	-800.251389	140.356189	4174.685394	-0.596306	-0.263519	-0.220472
3.674000	-712.421509	157.384333	4092.854919	0.348613	0.942065	-4.392756
3.675000	-593.756012	139.380808	3885.253387	0.446070	3.413987	15.894793
3.676000	-494.766945	125.789181	3828.920898	0.885026	-3.803984	15.917656
3.677000	-354.269913	104.135053	3757.103973	0.767094	2.385461	-16.091556
3.678000	-281.087543	111.020905	3646.354767	-0.269427	-0.844962	4.988112
3.679000	-182.133560	137.869572	3723.216492	1.246727	1.949168	4.653505
3.680000	-116.340639	162.602008	3803.157196	0.370572	1.427789	-9.744557
3.681000	-101.794109	154.392400	3897.391418	1.204293	-1.529856	15.443271
3.682000	-104.254868	195.476316	3944.916687	-0.320351	-0.020428	-7.399603
3.683000	-103.623343	218.158684	3891.073608	-0.724486	-0.262601	4.659951
3.684000	-130.563457	237.970081	3833.079407	0.234194	-1.027301	10.516291
3.685000	-143.584854	238.349052	3723.391357	-0.566170	0.527194	-8.800890
3.686000	-166.915539	232.832321	3622.960327	0.428796	-0.789490	15.754304
3.687000	-183.552635	216.368416	3494.422852	0.029346	0.166346	-2.635082
3.688000	-203.021156	181.345604	3365.122925	0.628960	0.206134	5.294493
3.689000	-208.881550	151.665398	3275.997864	0.427625	-0.313179	7.351497
3.690000	-205.170258	113.057611	3156.708557	-0.327964	0.006275	-3.734688
3.691000	-186.546974	81.570946	3069.137024	0.270479	0.088606	6.722562
3.692000	-146.372459	47.823551	2989.062195	0.232437	-0.188535	1.483730
3.693000	-107.188293	18.655607	2904.609192	0.435529	0.254187	1.336145
3.694000	-57.906944	-5.813675	2839.055298	0.037544	-0.500642	3.232331
3.695000	-14.832825	-21.791922	2752.418213	0.561367	0.101232	0.543993
3.696000	23.551308	-38.405708	2666.888031	0.163088	0.024640	3.555919
3.697000	62.073875	-49.703892	2574.026001	0.246491	0.227484	1.964725
3.698000	95.697044	-60.288973	2479.466705	0.328431	0.509675	2.921464
3.699000	124.224895	-65.611218	2393.506104	0.289804	-0.285172	5.135368
3.700000	149.511036	-72.429657	2305.532532	0.173921	0.435378	-0.406779
3.701000	177.094210	-76.674953	2235.385468	0.534744	0.358786	6.408440
3.702000	203.924217	-80.405699	2168.199310	0.298002	-0.077278	1.493924
3.703000	231.971380	-84.617750	2113.356415	0.179777	0.404084	-0.088123
3.704000	260.662746	-87.621236	2064.297867	0.461003	-0.151574	2.126272
3.705000	288.035702	-89.746319	2018.374649	0.503436	0.488941	0.229127
3.706000	314.717918	-90.498857	1983.381760	0.065359	0.212030	2.289107
3.707000	338.424461	-91.974236	1946.203537	0.546456	-0.105587	3.080132
3.708000	361.043808	-91.885160	1919.958405	0.627810	0.534927	0.389902
3.709000	379.386559	-92.515830	1888.714188	0.389018	-0.022108	3.239339
3.710000	392.818161	-94.672825	1856.070465	0.510463	0.418317	0.228238
3.711000	402.703598	-95.065942	1829.826584	0.351562	0.020894	1.022978
3.712000	405.939255	-95.981129	1794.679573	0.432330	0.260771	2.923352
3.713000	409.952332	-95.015430	1772.035820	0.113648	0.102307	-2.622019
3.714000	408.884232	-92.562832	1750.011063	0.872164	0.421761	5.458930
3.715000	406.698151	-90.393881	1725.335747	0.074142	0.182572	0.705750
3.716000	402.824402	-85.940294	1707.536903	0.873043	0.461779	3.557737
3.717000	399.793701	-81.444160	1694.581039	0.633080	0.262608	3.240579
3.718000	397.862701	-75.147366	1683.665947	0.353611	0.422220	1.656474
3.719000	396.695755	-69.689959	1675.251938	0.552897	0.342184	3.872910
3.720000	396.466141	-64.477634	1672.308968	0.233630	-0.017058	-1.034430
3.721000	395.872528	-60.507118	1662.182587	0.992439	0.860809	6.568186
3.722000	398.342026	-56.055748	1662.841553	0.034051	-0.256476	-0.085039
3.723000	400.570625	-51.644264	1668.038097	0.873043	0.581602	2.132401
3.724000	405.755417	-44.112732	1673.882900	0.473007	0.182802	3.871105
3.725000	406.193527	-35.604431	1685.644753	0.673464	0.661868	2.609164
3.726000	406.757576	-28.185478	1696.296547	0.793445	0.582291	4.350585
3.727000	399.317841	-17.788311	1704.914444	0.193831	0.223049	1.181112
3.728000	387.599487	-16.091362	1716.494411	0.753647	0.861268	4.511667
3.729000	377.424225	-12.235191	1725.107079	0.073850	-0.216458	-1.831230
3.730000	366.956619	-8.292168	1727.467056	0.872750	0.820791	6.094555
3.731000	356.078049	-3.664425	1743.572655	-0.006626	-0.137341	-0.564934
3.732000	344.031342	-1.645721	1757.655914	0.751597	0.540666	3.557737
3.733000	330.497780	-1.435215	1762.206127	0.312641	0.420154	1.340955
3.734000	317.770004	-3.512882	1773.784027	0.631323	0.299871	4.031368
3.735000	303.754616	-4.790161	1784.261978	0.590646	0.419006	2.132563
3.736000	289.576057	-5.385803	1794.112648	0.190318	0.138881	1.179290
3.737000	275.359421	-4.978966	1802.864098	0.989803	0.657276	7.520128
3.738000	260.618851	-6.057690	1805.983879	0.110427	-0.100996	-1.988124
3.739000	246.405861	-7.258282	1804.727165	0.949419	0.736853	7.202151
3.740000	234.291496	-9.061169	1813.307991	-0.049353	-0.021649	-1.196117
3.741000	223.350128	-11.467239	1817.045280	0.989218	0.736164	4.351566
3.742000	212.575600	-14.275711	1814.691666	0.069458	-0.022108	1.339553
3.743000	204.182709	-17.365612	1814.672844	0.429109	0.456039	1.496609
3.744000	196.479767	-20.658043	1814.343178	0.908157	0.376233	5.303346
3.745000	190.715919	-22.869099	1815.418434	-0.050816	-0.063274	-1.356380
3.746000	185.965149	-24.761059	1816.181747	0.987754	0.933957	5.933941
3.747000	181.380775	-27.135208	1809.128044	0.108378	-0.103980	0.865501
3.748000	178.048363	-28.187321	1803.479401	0.866601	0.653603	6.407572
3.749000	175.807587	-28.157616	1802.828842	-0.012775	-0.025093	-1.037584
3.750000	174.013004	-27.888149	1798.739105	0.786418	0.493302	5.616875
3.751000	172.220852	-26.898502	1789.803230	0.386675	0.173619	1.655869
3.752000	170.672848	-25.506443	1784.612396	0.027024	0.013777	-0.563462
3.753000	168.763672	-21.909966	1775.669403	1.025503	0.572420	6.883754
3.754000	166.612762	-17.832630	1770.627136	0.066530	-0.026470	-0.721176
3.755000	164.945313	-11.829205	1764.804657	0.865137	0.611749	6.248037
3.756000	161.141983	-6.788380	1746.796417	0.145834	-0.067176	0.070923
3.757000	157.859367	-1.385033	1736.596100	0.944149	0.571042	6.410122
3.758000	154.697819	4.739384	1727.640518	0.144956	0.091517	-1.196866
3.759000	150.487154	11.306538	1716.813194	0.464223	0.170864	2.605024
3.760000	146.839718	17.953468	1705.519135	0.583619	0.409594	2.923729
3.761000	141.741501	23.196381	1689.224548	-0.016288	-0.069702	-0.721597
3.762000	137.850317	28.399849	1673.399872	0.662631	0.528499	4.666222
3.763000	134.845879	34.043850	1662.888474	-0.016874	-0.071079	-0.247965
3.764000	131.758843	38.445597	1649.097656	0.701844	0.567369	6.567086
3.765000	128.913533	42.125826	1631.247589	-0.097642	-0.111556	-2.464747
3.766000	126.912869	45.966053	1616.678848	0.581569	0.287245	4.823024
3.767000	125.353144	48.603918	1599.454163	0.021461	-0.032668	-1.831602
3.768000	124.478124	51.321989	1586.138611	0.221625	0.126485	1.496167
3.769000	124.485797	53.760851	1571.885910	0.221040	-0.073145	1.338199
3.770000	123.687314	54.914924	1552.482254	0.060674	-0.073145	-1.039083
3.771000	123.288468	56.071206	1535.260727	0.420618	0.285867	3.080693
3.772000	123.854929	57.106493	1521.321854	0.100765	-0.193199	-1.041724
3.773000	124.098275	57.138852	1505.668533	0.580106	0.405461	4.349064
3.774000	123.935101	57.253645	1488.141083	0.100765	-0.113622	-1.041724
3.775000	123.852100	56.444390	1473.267868	0.300344	0.125796	1.496167
3.776000	123.162149	54.513872	1452.769608	0.220454	0.125337	1.336631
3.777000	123.196980	52.942783	1438.209030	0.300051	0.045531	1.019565
3.778000	122.947976	50.891273	1424.120010	0.180070	0.005513	0.703065
3.779000	121.771333	47.516851	1403.159576	0.259374	0.005283	0.704068
3.780000	120.474423	44.583401	1384.850769	0.340143	0.164666	2.129641
3.781000	119.578383	40.806565	1369.043045	-0.020094	0.004824	-0.720707
3.782000	117.917474	37.190166	1351.518448	0.499044	0.124648	3.238078
3.783000	116.537564	33.614096	1335.087936	0.259374	0.124189	1.339111
3.784000	114.352706	29.595724	1317.407837	0.299173	0.004365	0.703319
3.785000	111.481927	24.856289	1295.042114	0.258789	0.123959	1.496075
3.786000	109.296666	21.158344	1278.920113	0.258789	0.163518	1.178917
3.787000	106.666405	17.501169	1264.676720	0.258789	0.043465	0.702408
3.788000	104.079065	13.521801	1243.093315	0.138514	0.163059	0.545443
3.789000	100.561661	9.223778	1224.786392	0.378185	0.083253	1.495417
3.790000	98.376803	5.404400	1207.729790	0.138222	0.242865	0.228943
3.791000	94.780033	1.747229	1189.581619	0.098716	-0.275989	0.861523
3.792000	93.120736	-1.390970	1175.338951	0.458367	0.441806	2.288174
3.793000	89.238914	-6.008978	1156.722702	0.218112	0.002988	0.861852
3.794000	86.612705	-9.347940	1135.448929	0.218112	0.082564	1.336631
3.795000	83.620862	-12.845564	1120.579414	0.497288	0.241947	2.128730
3.796000	81.757500	-15.661569	1108.838058	0.178020	0.042546	1.496565
3.797000	78.565629	-18.798437	1090.847145	0.337508	0.241717	1.813723
3.798000	76.340282	-22.215847	1073.480629	0.057746	-0.077278	-0.405609
3.799000	73.107519	-25.393491	1055.488106	0.337215	0.281505	1.971345
3.800000	70.800380	-28.168720	1041.247383	0.057746	-0.077737	-0.883358
3.801000	68.736989	-29.741583	1030.912979	0.416812	0.281276	3.083571
3.802000	65.904685	-34.039607	1009.639420	0.177142	0.001610	1.178917
3.803000	62.631433	-36.214761	993.366508	0.496702	0.360623	1.971016
3.804000	60.605702	-38.387259	980.531891	0.337215	0.120975	2.924127
3.805000	57.936168	-40.240218	966.914963	0.216941	0.040939	-0.247405
3.806000	55.466255	-41.570659	955.016609	0.655896	0.519776	3.714005
3.807000	52.917789	-42.822210	938.274803	-0.222894	-0.318303	-1.832023
3.808000	49.319805	-45.275247	919.657112	0.735786	0.639140	3.555963
3.809000	47.656064	-45.161340	909.475945	0.016776	-0.119132	-0.088872
3.810000	44.985320	-45.931592	897.890236	0.655896	0.399493	3.240536
3.811000	42.676964	-46.900394	879.429810	0.296245	0.240110	1.653859
3.812000	39.683102	-47.548328	865.343109	0.655604	0.439510	4.190019
3.813000	37.334663	-47.916165	849.693085	0.535622	0.399493	2.447197
3.814000	35.106887	-47.722486	838.259903	0.176264	-0.039555	1.337121
3.815000	32.958875	-47.046620	826.048988	0.735494	0.598663	4.665127
3.816000	30.490985	-47.094036	808.680233	-0.063699	-0.039785	-1.039595
3.817000	27.415334	-47.338672	791.310711	0.735201	0.598663	4.823423
3.818000	25.792489	-46.943786	780.658257	0.256154	0.040021	0.229175
3.819000	24.088255	-46.268362	770.319069	0.535329	0.438822	4.188618
3.820000	21.780304	-46.072469	754.357315	0.455439	0.359016	2.605401
3.821000	19.877259	-45.757801	739.642891	0.415348	0.318998	2.924289
3.822000	17.891615	-45.641683	724.927631	0.694524	0.518169	4.505683
3.823000	16.713352	-45.246353	713.335537	0.055697	-0.000456	-1.357082
3.824000	15.374341	-44.489829	702.999828	0.814798	0.598204	6.090630
3.825000	13.834495	-44.092731	688.129761	-0.024193	-0.040474	-1.833263
3.826000	12.255373	-44.098486	671.854664	0.774414	0.717569	5.298693
3.827000	11.482417	-43.542280	661.982094	0.215184	-0.000456	0.862579
3.828000	10.668972	-42.545103	652.890484	0.574835	0.558186	3.872371
3.829000	9.574520	-42.349213	639.742603	0.495238	0.358786	2.763444
3.830000	8.560240	-41.952999	628.310970	0.335458	0.198944	0.702898
3.831000	7.668644	-41.838207	614.847305	0.814213	0.598204	5.774874
3.832000	6.856815	-41.602869	604.039364	0.055697	-0.000685	-1.515286
3.833000	6.851561	-40.685026	598.544739	0.974578	0.797605	6.568213
3.834000	5.879793	-40.289253	585.551689	-0.024193	-0.160298	-1.199368
3.835000	4.949727	-40.294125	574.278904	1.094267	0.837393	6.883311
3.836000	4.502312	-39.497271	565.188206	0.055697	-0.000685	-0.086905
3.837000	3.452393	-38.980951	557.974936	0.535037	0.438592	3.555305
3.838000	2.522327	-38.464191	551.855207	0.415055	0.318539	2.129549
3.839000	1.229870	-39.030136	543.550295	0.215184	0.118909	0.544440
3.840000	0.058479	-39.395761	533.525785	0.854597	0.637993	6.408440
3.841000	-0.792627	-39.440077	524.434338	0.135294	0.158927	-0.564325
3.842000	-1.037590	-39.243298	521.909117	0.974578	0.678010	6.408440
3.843000	-2.008550	-39.166624	512.980684	0.055697	-0.000685	-0.087233
3.844000	-3.099769	-39.772013	502.957689	0.934780	0.637993	6.091703
3.845000	-4.071537	-39.735226	496.680904	0.055697	0.198715	0.387056
3.846000	-5.123478	-40.740816	487.280874	0.415348	0.278751	1.653039
3.847000	-5.247778	-40.463379	484.602753	0.655018	0.518169	3.082822
3.848000	-5.977009	-40.666798	477.548340	0.015605	-0.000456	-1.197799
3.849000	-6.947969	-41.230972	467.525356	0.934780	0.678010	6.248505
3.850000	-7.999101	-41.714931	459.064188	0.215184	0.079350	0.228194
3.851000	-8.608477	-41.718031	456.538092	0.854890	0.678010	5.774874
3.852000	-9.336899	-41.680799	450.582165	0.255568	0.079350	-0.247076
3.853000	-10.307859	-42.163872	440.715597	0.535037	0.518398	5.299184
3.854000	-11.318097	-42.607943	433.503317	0.335458	0.198944	0.071300
3.855000	-12.489892	-42.770590	425.357077	0.295367	0.198944	0.861852
3.856000	-12.372058	-42.492710	424.710218	0.655018	0.518398	5.142710
3.857000	-13.100077	-42.736018	419.379599	0.095788	0.039332	-1.356753
3.858000	-14.392534	-43.580286	409.204412	0.934780	0.637993	6.407621
3.859000	-15.240406	-44.225122	403.714954	0.295367	0.119368	0.861760
3.860000	-15.645714	-44.547760	399.162516	0.854890	0.598434	5.774055
3.861000	-15.768802	-44.308881	397.273315	0.055697	0.158927	-0.090365
3.862000	-16.133214	-44.431642	392.255213	0.655018	0.438592	4.823423
3.863000	-17.183539	-45.435459	382.393543	0.415055	0.398804	1.496565
3.864000	-17.869449	-45.798428	376.752007	0.375257	0.318539	1.654279
3.865000	-17.308244	-45.117691	378.609495	0.695402	0.438592	4.030904
3.866000	-17.914791	-45.520547	372.188730	0.335458	0.238962	0.703884
3.867000	-18.399057	-45.681867	365.300440	0.775292	0.518628	5.299275
3.868000	-18.682894	-45.963731	359.815083	0.335458	0.358786	0.703884
3.869000	-19.127884	-46.205710	353.393422	0.814798	0.518628	5.456989
3.870000	-18.201861	-45.564860	354.474350	0.295659	0.318998	1.020293
3.871000	-17.920450	-45.285651	351.648973	0.415348	0.159386	2.286934
3.872000	-18.646446	-46.008489	341.010014	0.455732	0.358786	2.129549
3.873000	-18.526592	-45.809053	337.403009	0.495238	0.359016	2.446378
3.874000	-17.681145	-45.369854	338.171244	0.535329	0.359016	2.924618
3.875000	-17.399330	-45.210748	333.317911	0.335458	0.318998	1.337121
3.876000	-17.118322	-44.970984	329.872113	0.615219	0.478840	4.349463
3.877000	-17.037746	-45.133187	325.642218	0.335751	0.318998	0.861598
3.878000	-17.321179	-45.454941	319.383722	0.495531	0.279439	2.764937
3.879000	-16.476540	-44.292904	323.435700	0.575421	0.478840	3.399068
3.880000	-16.196341	-43.892704	322.180169	0.415641	0.239421	1.811572
3.881000	-16.681012	-44.173685	312.642165	0.695402	0.478840	3.715407
3.882000	-16.238853	-43.893590	312.323699	0.535622	0.439051	3.555963
3.883000	-15.836778	-43.774815	312.002920	0.415641	0.239651	2.288082
3.884000	-15.597475	-42.892873	312.156779	0.295659	0.279439	0.385908
3.885000	-15.277593	-42.090261	312.622516	0.495531	0.279669	2.923470
3.886000	-15.844054	-42.170477	307.463049	0.415934	0.399033	2.129878
3.887000	-16.168382	-41.768950	302.770218	0.335751	0.159845	1.337704
3.888000	-15.688156	-40.966782	307.297000	0.535622	0.479069	3.397430
3.889000	-15.771966	-40.524924	306.046581	0.455732	0.279669	2.288993
3.890000	-16.459089	-40.363605	301.984742	0.495824	0.399033	2.605401
3.891000	-16.300362	-39.882305	303.075666	0.535622	0.439051	3.395608
3.892000	-17.068467	-40.162842	299.167680	0.455732	0.239651	1.813793
3.893000	-16.829971	-39.359788	301.975898	0.375842	0.478840	1.495164
3.894000	-16.589857	-38.557177	304.005620	0.096374	-0.079573	-0.562503
3.895000	-17.640181	-38.636507	297.598059	0.695695	0.558875	3.399980
3.896000	-17.803759	-38.114876	296.816420	0.375842	0.120057	1.653859
3.897000	-17.846674	-37.592803	298.215882	0.455732	0.479069	2.604911
3.898000	-18.130916	-36.710417	298.842940	0.615805	0.439051	4.031815
3.899000	-18.455647	-35.907364	298.528645	0.415641	0.239651	2.129220
3.900000	-19.143580	-35.505392	298.212645	0.535622	0.479069	3.240864
3.901000	-20.072027	-35.424734	293.521511	0.136172	0.000233	-0.405609
3.902000	-20.476931	-34.822886	296.799144	0.894981	0.798064	5.615851
3.903000	-20.519848	-33.859839	299.923904	-0.063699	-0.159609	-2.148361
3.904000	-21.568958	-33.658634	295.707379	0.735494	0.598434	4.823423
3.905000	-22.014351	-33.056344	296.795837	0.375549	0.119598	1.654770
3.906000	-22.822139	-32.855579	295.542847	0.575421	0.438822	3.399980
3.907000	-23.025801	-31.892533	298.980992	0.415641	0.279439	2.446706
3.908000	-23.189380	-30.769497	301.791615	0.495531	0.279439	2.446868
3.909000	-24.117829	-30.809385	298.353357	0.695695	0.478840	4.190348
3.910000	-24.804549	-30.327641	297.417855	-0.023901	-0.080032	-1.990227
3.911000	-25.168961	-29.846339	299.757779	0.935072	0.798064	6.566482
3.912000	-25.090407	-28.923182	304.290328	-0.023901	-0.080032	-1.356753
3.913000	-25.616376	-28.401551	303.980288	0.695402	0.518628	3.873120
3.914000	-26.020472	-28.161785	305.073699	0.375549	0.239421	1.971835
3.915000	-26.989410	-28.281890	301.948925	0.535329	0.399033	3.078542
3.916000	-26.708807	-27.559938	306.636219	0.375549	0.318998	2.130789
3.917000	-26.346819	-26.638107	312.106742	0.216062	0.079580	0.386161
3.918000	-27.436421	-27.118966	306.796785	0.894981	0.678240	5.615851
3.919000	-27.638872	-26.758655	308.203614	0.015898	-0.080032	-1.674730
3.920000	-27.760344	-26.598220	308.828164	0.894981	0.638452	5.932588
3.921000	-27.479336	-26.157691	312.734719	0.175971	0.079580	0.546171
3.922000	-27.318991	-25.636505	315.393009	0.615219	0.558416	4.030996
3.923000	-27.560721	-25.636505	314.456788	0.295659	0.079809	1.020293
3.924000	-28.246228	-26.038474	310.082322	0.375549	0.318998	1.812812
3.925000	-27.602020	-25.477842	315.862964	0.735201	0.598434	4.982775
3.926000	-26.755361	-24.796663	321.647698	-0.023901	-0.040015	-1.832023
3.927000	-27.198330	-25.198633	317.121060	1.054761	0.877640	6.883219
3.928000	-26.753340	-25.280620	318.682716	0.055989	-0.040244	-0.407760
3.929000	-26.429820	-25.442382	319.309749	0.935072	0.798064	6.090301
3.930000	-25.421201	-25.123286	323.217978	0.015898	-0.000226	-1.673490
3.931000	-24.331194	-24.723529	327.596665	0.735201	0.558646	5.139012
3.932000	-23.805224	-25.086942	326.819197	0.175971	0.079580	0.546171
3.933000	-23.237955	-25.370136	324.948459	0.255568	0.079580	-0.881391
3.934000	-21.945497	-25.292575	328.855079	0.735201	0.558416	5.298693
3.935000	-20.250561	-24.693384	336.357807	0.095788	-0.040015	-0.881391
3.936000	-19.561822	-24.936247	334.491074	0.775292	0.558416	5.774055
3.937000	-18.470603	-24.938905	336.210038	0.175971	0.119368	-0.247076
3.938000	-17.702095	-25.062109	336.214107	0.894981	0.678240	6.567065
3.939000	-16.369955	-24.703125	340.434939	-0.023901	-0.000226	-1.672671
3.940000	-15.077902	-24.103934	345.595260	0.735201	0.478840	4.190440
3.941000	-14.591613	-24.346356	343.257093	0.375549	0.239421	1.654516
3.942000	-14.146220	-24.469116	342.635257	0.095788	0.079809	-0.563813
3.943000	-13.176877	-24.109691	346.229110	0.735201	0.518628	4.347733
3.944000	-12.086870	-23.630602	350.606203	0.335751	0.318998	1.337941
3.945000	-11.560496	-23.471498	350.140618	0.735494	0.558646	5.139831
3.946000	-10.994439	-23.233059	351.550088	0.295659	0.159386	0.546171
3.947000	-10.670517	-23.395265	350.146531	0.735201	0.558646	5.456989
3.948000	-9.902412	-22.995953	353.116861	0.255568	0.119368	0.228194
3.949000	-8.652062	-22.236327	358.901595	0.415348	0.238962	1.812812
3.950000	-8.447993	-22.317873	357.187920	0.455439	0.438592	2.921976
3.951000	-7.841447	-22.199098	358.753010	0.335458	0.198944	0.545352
3.952000	-7.315880	-22.041319	360.161613	0.535329	0.398804	3.873282
3.953000	-6.507690	-21.762554	364.227701	0.175971	0.119368	0.069990
3.954000	-5.739991	-21.363683	366.890314	0.814798	0.478610	4.981627
3.955000	-5.013186	-21.125247	369.395705	0.175971	0.159386	0.386727
3.956000	-4.769434	-21.207676	369.554605	0.535037	0.398804	3.873282
3.957000	-4.162889	-21.010012	371.590305	0.455439	0.438592	2.921648
3.958000	-3.073691	-20.330161	379.093924	0.415348	0.278751	1.812812
3.959000	-2.628701	-19.971622	380.352818	0.375549	0.318998	2.129549
3.960000	-2.305182	-19.692412	382.858288	0.535329	0.438592	2.603272
3.961000	-2.102731	-19.654739	384.422489	0.575421	0.318998	3.237075
3.962000	-1.659358	-19.135322	388.646597	0.295367	0.198944	-0.248898
3.963000	-1.054428	-18.334923	393.966784	0.615219	0.438592	4.189200
3.964000	-0.812294	-17.936497	397.095934	0.415348	0.438363	1.971835
3.965000	-0.892870	-17.697174	398.823137	0.415348	0.358786	1.971016
3.966000	-0.812294	-17.378078	401.640385	0.455147	0.358327	2.763444
3.967000	-0.450306	-16.898548	408.051367	0.614927	0.518169	4.190348
3.968000	-0.168490	-16.298470	412.121767	0.415348	0.238733	1.337121
3.969000	-0.128809	-15.899158	415.566727	0.574835	0.478380	3.240536
3.970000	-0.733739	-16.221354	416.039240	0.375549	0.158927	1.812812
3.971000	-0.573394	-16.022804	420.423075	0.415055	0.438363	1.654187
3.972000	0.030323	-15.342953	429.179100	0.175385	-0.040474	0.544694
3.973000	-0.253109	-15.424940	431.373632	0.734615	0.597975	4.191005
3.974000	-0.575819	-15.707693	434.037018	0.375257	0.238733	1.812483
3.975000	-0.616714	-15.950114	437.013176	0.535037	0.358327	2.763934
3.976000	-0.779484	-16.313083	441.237379	0.534744	0.438363	3.555963
3.977000	-0.457582	-16.154421	448.122511	0.455439	0.318309	1.971016
3.978000	-0.539371	-16.517389	452.973570	0.574835	0.518169	4.191986
3.979000	-1.386435	-17.802630	451.574303	0.055697	-0.120509	-1.039595
3.980000	-2.110410	-19.328522	460.642879	0.774414	0.797145	4.665710
3.981000	-6.812616	-26.637112	481.437868	0.055111	-0.041162	-1.830621
3.982000	-8.710812	-28.604864	478.166389	0.574250	0.357868	4.031561
3.983000	-9.115715	-26.879091	483.170755	0.454854	0.317850	2.445467
3.984000	-7.989665	-27.161398	483.955194	0.734030	0.517250	4.506266
3.985000	-8.594191	-30.292517	484.590620	0.414762	0.317850	2.129878
3.986000	-9.563939	-29.890991	496.628309	0.334287	0.317850	1.335882
3.987000	-10.571751	-31.738634	499.915051	0.734030	0.517250	4.981864
3.988000	-12.906852	-34.949965	502.111013	-0.104669	-0.121428	-2.149180
3.989000	-14.641066	-37.357798	505.553318	0.973407	0.876033	6.090792
3.990000	-16.371641	-39.245773	518.215210	0.054525	-0.041851	-0.087233
3.991000	-17.822422	-41.694381	522.911272	0.613756	0.516562	2.604000
3.992000	-21.083952	-45.267351	526.197128	0.413591	0.237126	2.130039
3.993000	-22.976084	-48.197259	534.486012	0.573371	0.356720	3.238056
3.994000	-25.954585	-51.729904	538.086857	0.573371	0.476085	3.397246
3.995000	-27.645073	-54.219724	552.936375	0.053647	-0.042769	-0.090694
3.996000	-30.382654	-57.391613	560.444345	0.972529	0.715044	6.725015
3.997000	-34.206602	-61.565990	562.170052	-0.106133	-0.123035	-2.148361
3.998000	-37.426428	-64.657218	571.549721	0.892346	0.714585	6.407529
3.999000	-41.411123	-68.793033	581.865314	0.092860	-0.044147	-1.197401
4.000000	-45.192560	-72.405893	594.219807	0.651797	0.554054	5.139740
4.001000	-49.418177	-76.380835	602.975508	0.331944	0.114777	1.335790
4.002000	-54.690077	-81.238159	611.417656	0.331652	0.234141	1.653767
4.003000	-58.995867	-85.332766	620.174900	0.810699	0.592695	5.774454
4.004000	-62.777304	-88.785185	637.210222	0.011213	-0.086231	-2.149601
4.005000	-63.582661	-89.866562	648.933678	0.969894	0.791406	6.882470
4.006000	-62.254971	-88.817993	654.720272	0.010920	0.032904	-0.723279
4.007000	-57.948372	-87.808863	667.372730	1.049491	0.751388	7.358651
4.008000	-57.101309	-89.290436	676.438660	0.130316	-0.007343	-0.881575
4.009000	-60.560032	-92.501766	691.600624	0.849034	0.551070	4.663721
4.010000	-63.658388	-94.587849	706.291344	0.169529	0.151351	1.178405
4.011000	-69.090633	-97.518202	711.607609	0.209035	0.031068	-0.090624
4.012000	-72.348930	-98.159937	722.701962	0.767972	0.589481	5.774033
4.013000	-74.804695	-98.159046	735.043674	0.088468	-0.009639	-0.723371
4.014000	-75.327026	-97.113571	745.203815	0.927167	0.668598	6.565312
4.015000	-75.246044	-95.625353	752.703926	0.048084	0.069708	-0.406962
4.016000	-74.079102	-93.815830	759.417694	0.927167	0.668139	6.565803
4.017000	-72.952648	-91.965969	761.916573	0.007993	-0.010557	-0.723371
4.018000	-70.618355	-88.832195	773.320148	0.487040	0.228861	2.284853
4.019000	-68.365040	-85.698425	780.662773	0.567223	0.348456	3.238363
4.020000	-66.917088	-83.085842	780.506104	0.007700	-0.010786	-0.565495
4.021000	-64.663778	-79.992401	785.971058	0.846691	0.548085	5.140629
4.022000	-62.854239	-77.059834	788.935226	0.207278	0.188384	0.702785
4.023000	-60.601332	-73.364548	793.617958	0.926581	0.627892	6.406359
4.024000	-58.670729	-69.188400	799.086571	0.167187	0.029002	-0.089805
4.025000	-57.707045	-66.255834	797.208775	0.646820	0.468050	5.140629
4.026000	-56.662786	-62.682422	795.798470	0.287461	0.188384	0.702294
4.027000	-54.973509	-58.949017	800.479778	0.327260	0.228402	1.969264
4.028000	-53.848269	-55.215165	802.198341	0.527131	0.388244	3.872258
4.029000	-53.166399	-51.561534	800.790691	0.127096	0.068790	-0.249577
4.030000	-52.564299	-48.149884	801.100739	0.766508	0.507838	5.300073
4.031000	-52.768366	-45.379967	794.534470	0.087297	0.029002	-0.406962
4.032000	-51.884449	-41.487455	798.123466	0.806893	0.547856	6.406359
4.033000	-50.919958	-37.514285	800.937145	0.207278	0.068790	0.385136
4.034000	-51.527313	-34.784696	792.340496	0.606729	0.388244	4.028823
4.035000	-51.207838	-31.494033	789.055248	0.487040	0.228861	2.445774
4.036000	-50.806976	-28.323474	787.020809	0.367351	0.308438	2.919895
4.037000	-49.964357	-24.872377	787.174843	0.407443	0.228861	2.286658
4.038000	-49.200699	-21.581272	785.454720	0.287461	0.148826	1.494484
4.039000	-48.719666	-18.732024	781.233501	0.567515	0.348915	4.505004
4.040000	-48.641514	-16.524952	772.482037	0.247663	0.189303	0.384646
4.041000	-47.153478	-13.394281	773.728722	0.567223	0.309127	4.346471
4.042000	-45.543969	-10.144391	775.444401	0.447534	0.309127	2.288060
4.043000	-45.223684	-8.298517	766.226662	0.367644	0.149514	1.969426
4.044000	-44.137317	-6.051116	762.784504	0.567515	0.349144	2.762931
4.045000	-43.131524	-4.085139	759.344021	0.447827	0.269568	3.237543
4.046000	-41.562101	-2.038944	757.935795	0.487918	0.309586	2.762182
4.047000	-39.950977	0.208014	756.998074	0.448120	0.349833	2.603741
4.048000	-39.066251	1.412152	751.372360	0.368522	0.110415	2.920386
4.049000	-38.260891	2.496187	744.339046	0.328431	0.229779	1.176254
4.050000	-36.811322	3.980421	742.929047	0.368522	0.110415	2.286583
4.051000	-34.918787	5.664974	744.642422	0.608192	0.509675	3.397316
4.052000	-33.912186	6.428144	738.550858	0.288925	0.150892	1.970175
4.053000	-32.743625	7.190424	734.643066	0.608485	0.469886	4.030882
4.054000	-31.656449	7.672169	729.795742	0.369108	0.270486	2.602830
4.055000	-30.125495	8.313903	727.293118	0.528888	0.350522	3.079922
4.056000	-28.070997	9.437382	727.446346	0.489089	0.350522	3.237053
4.057000	-26.983011	9.598258	722.133293	0.289511	0.111333	1.653346
4.058000	-25.854536	9.638588	716.818573	0.489089	0.470575	2.286421
4.059000	-24.283498	9.879682	713.846966	0.249712	0.071774	0.385228
4.060000	-22.350471	10.280765	714.623825	0.609364	0.510823	4.029480
4.061000	-20.819517	10.442528	710.562962	0.369694	0.151810	2.445116
4.062000	-19.329054	10.442528	707.122425	0.609364	0.471264	4.188596
4.063000	-18.120811	10.042329	701.336166	0.489675	0.431246	3.714145
4.064000	-16.509685	9.963441	698.676392	0.409785	0.192057	2.603741
4.065000	-14.294437	10.364968	700.704525	0.569272	0.511281	3.872678
4.066000	-12.885360	10.005984	696.485695	0.010335	-0.206743	-0.566314
4.067000	-11.395301	9.605785	691.795307	0.809528	0.631335	5.298272
4.068000	-9.865156	9.205586	689.602684	0.170408	0.072693	-0.248338
4.069000	-8.335415	8.645396	687.412720	0.609364	0.431935	3.712743
4.070000	-6.402388	8.606838	687.409523	0.330480	0.192517	2.603741
4.071000	-4.751581	8.047090	684.907585	0.609949	0.392146	3.871859
4.072000	-3.583424	7.045487	680.216473	0.609949	0.392146	3.870619
4.073000	-2.092960	6.284534	677.400867	0.210792	0.152728	1.337191
4.074000	-0.038866	5.803675	679.737598	0.690132	0.671582	4.662556
4.075000	1.371829	4.881845	677.080143	-0.228457	-0.166037	-2.309045
4.076000	2.943676	4.120892	674.736229	0.969894	0.751618	6.724756
4.077000	4.233708	2.998299	672.230934	0.011213	-0.126248	-1.357265
4.078000	5.443569	1.674500	668.478405	0.730223	0.592006	4.507484
4.079000	7.579857	1.314187	671.600697	0.330773	0.153417	2.287333
4.080000	8.870293	0.231038	670.037525	0.570443	0.352817	3.079431
4.081000	9.718164	-1.292640	665.971458	0.610242	0.472641	3.396497
4.082000	10.767276	-2.616439	663.466133	0.131195	-0.006195	0.227024
4.083000	12.058116	-3.699589	664.244320	0.890296	0.672271	6.091191
4.084000	13.107228	-4.621419	663.775242	-0.068384	-0.006195	-1.198640
4.085000	14.036081	-5.584463	663.460964	1.050076	0.832113	7.359891
4.086000	14.279023	-7.349235	659.082264	0.131195	0.033823	-0.088236
4.087000	14.643840	-8.753252	655.485771	0.650333	0.472871	3.870220
4.088000	16.014854	-9.114449	661.263874	0.330773	0.233453	1.969684
4.089000	16.016875	-10.518465	658.135654	0.290975	0.153417	1.653438
4.090000	16.099067	-11.801935	654.541710	0.650626	0.592465	4.188596
4.091000	16.302732	-12.925415	654.070133	0.091103	-0.045983	-0.406870
4.092000	16.223773	-14.289100	650.939453	0.890589	0.752307	6.882470
4.093000	16.950982	-14.730957	653.439716	0.051305	-0.045983	-0.723279
4.094000	17.274905	-15.533569	655.156441	0.890296	0.712059	6.250635
4.095000	16.713294	-17.057690	648.747238	0.170993	-0.006195	0.385557
4.096000	16.594653	-18.060621	646.400497	0.610535	0.432853	3.237727
4.097000	17.361949	-18.382375	651.865822	0.290975	0.153417	1.496053
4.098000	17.122240	-19.304648	648.741615	0.051305	-0.046213	-1.198549
4.099000	16.882127	-20.067372	646.863922	0.890296	0.592465	6.090371
4.100000	16.803976	-20.909871	646.077332	0.011213	-0.046213	-1.039196
4.101000	16.362624	-21.872031	642.169888	1.010278	0.871671	7.200447
4.102000	16.767123	-21.672152	646.074360	0.091103	-0.006195	-0.880992
4.103000	16.929489	-21.993020	647.319801	0.890296	0.632253	6.566224
4.104000	16.004678	-22.874962	640.913002	0.170993	0.033593	-0.882394
4.105000	15.683585	-23.236161	639.973896	0.570443	0.472641	4.028424
4.106000	15.805056	-23.116056	643.403896	0.490846	0.352817	2.921464
4.107000	15.363300	-23.315935	641.058746	0.091103	0.192976	-0.564746
4.108000	14.880246	-23.355378	639.805603	0.849912	0.512429	5.615921
4.109000	14.316615	-23.475483	638.238918	0.170993	0.113399	-0.247588
4.110000	13.390591	-23.755576	634.175133	0.770022	0.512429	5.932658
4.111000	13.511657	-23.032740	638.230244	0.130902	0.152958	0.227353
4.112000	12.947623	-22.871421	638.072865	0.690132	0.432394	5.298763
4.113000	11.779465	-22.910422	631.666050	0.090810	-0.006654	-0.564746
4.114000	11.255921	-22.468121	631.817017	0.370572	0.312570	2.445046
4.115000	10.772057	-22.065710	631.343826	0.530352	0.432394	3.397316
4.116000	10.328281	-21.142109	631.653774	0.090810	0.112940	-0.089713
4.117000	9.924589	-20.258394	631.963734	0.650333	0.392606	4.822582
4.118000	8.917181	-19.895869	627.584885	0.290682	0.232534	1.496053
4.119000	8.191184	-19.132702	625.393688	0.770022	0.512200	5.614681
4.120000	8.391615	-17.807574	628.668781	0.250590	0.152728	1.178405
4.121000	7.867261	-16.843201	627.416439	0.570151	0.272552	2.761454
4.122000	7.423080	-15.838938	624.915947	0.650041	0.591547	4.188596
4.123000	7.019794	-14.794349	624.441860	0.250590	0.192746	1.653438
4.124000	6.373969	-13.909750	621.469902	0.570151	0.352358	2.921464
4.125000	6.493824	-12.304085	624.745892	0.290389	0.232534	1.494415
4.126000	6.371948	-11.018843	625.525589	0.609949	0.272552	3.079922
4.127000	5.605865	-10.295120	620.681976	0.250298	0.232534	0.385886
4.128000	5.241856	-9.050209	620.521290	0.689839	0.272552	4.822582
4.129000	5.160876	-7.845627	622.077744	0.410078	0.392146	2.128708
4.130000	4.756780	-6.720377	620.981739	0.250590	0.072693	1.652527
4.131000	4.836953	-5.114711	621.606781	0.489968	0.392146	3.238783
4.132000	4.271704	-4.230998	620.820854	0.449876	0.272093	2.445865
4.133000	3.465536	-3.547605	617.381630	0.369986	0.232305	2.129619
4.134000	3.746542	-1.901166	621.439312	0.529766	0.351899	2.604652
4.135000	3.584177	-0.656255	622.532341	0.369986	0.152728	2.446027
4.136000	3.019738	0.227459	618.781410	0.250298	0.272093	0.546241
4.137000	2.777200	1.392596	619.715755	0.250298	0.152499	1.653109
4.138000	2.373509	2.196093	618.930756	0.529474	0.391917	3.554701
4.139000	2.372296	3.561108	620.491287	0.449876	0.272093	2.605471
4.140000	2.613621	5.126887	624.084839	0.489675	0.311881	3.237543
4.141000	1.927711	5.689733	621.895393	0.529766	0.471493	4.029152
4.142000	1.443443	6.453785	618.300579	0.210206	0.112481	1.336280
4.143000	1.564106	7.738142	622.200287	0.609364	0.511281	3.555030
4.144000	1.522807	8.862063	624.388512	-0.029464	-0.087379	0.069311
4.145000	1.280270	9.867209	623.606041	0.729638	0.630876	4.188924
4.146000	1.038136	10.670264	624.697498	0.050133	-0.087379	-0.564584
4.147000	0.352629	10.912243	620.945637	0.649162	0.511052	4.822911
4.148000	0.594358	11.916060	624.850971	0.369694	0.231846	2.286583
4.149000	0.956751	13.280189	629.692772	0.489382	0.391458	3.555520
4.150000	0.029919	13.160972	623.912758	0.489382	0.431246	3.238783
4.151000	-0.291983	13.683045	623.596710	0.210206	0.032216	0.543432
4.152000	-0.171320	14.445770	625.783417	0.729345	0.590858	4.825040
4.153000	-0.211811	15.048503	627.501896	-0.149445	-0.247450	-1.991160
4.154000	-0.130830	15.810785	630.157578	0.849034	0.590858	5.298272
4.155000	-0.493222	16.051878	629.530563	0.049841	-0.047820	0.067580
4.156000	-1.137834	15.892330	625.625515	0.729345	0.510823	4.188596
4.157000	-1.017171	16.534508	628.591373	0.409199	0.191369	2.289063
4.158000	-0.412241	17.497996	634.527378	0.489382	0.391228	3.395840
4.159000	-1.137429	17.257345	630.155190	0.449291	0.270945	2.762931
4.160000	-1.298179	17.458552	630.307358	0.169529	0.031986	-0.406870
4.161000	-1.297774	17.699645	631.870346	0.928631	0.750011	6.566881
4.162000	-1.337860	17.860522	632.965305	-0.190122	-0.207662	-2.150021
4.163000	-0.974256	18.262048	636.088291	0.768558	0.590399	5.456477
4.164000	-1.135408	18.101615	635.149517	0.089932	0.071774	0.543761
4.165000	-1.658145	17.781190	631.400848	0.568979	0.271175	3.237635
4.166000	-1.254859	18.061728	634.679432	0.449291	0.350751	2.762274
4.167000	-0.690015	18.503142	639.522041	0.329309	0.151351	1.970175
4.168000	-0.971426	18.262491	637.024807	0.848741	0.550381	5.615829
4.169000	-0.930127	18.102057	636.553371	-0.070141	-0.168103	-1.832864
4.170000	-0.929723	18.021841	637.178493	1.088411	0.909394	7.357158
4.171000	-0.606609	18.021841	639.366001	-0.070141	-0.128085	-1.515216
4.172000	-0.081851	18.302821	642.489159	0.888540	0.669976	5.932658
4.173000	-0.363262	17.901294	640.928288	0.089347	-0.088297	-0.723371
4.174000	-0.483117	17.620757	638.897671	0.489089	0.310733	3.237635
4.175000	-0.160003	17.580427	641.239220	0.409199	0.230927	1.494813
4.176000	0.404438	17.539211	644.520950	-0.070141	-0.008720	-1.198640
4.177000	0.526717	17.458994	644.366280	0.808357	0.709764	7.199207
4.178000	0.487035	17.137684	644.209942	0.049255	-0.088297	-1.199880
4.179000	0.447353	16.655940	643.274364	0.968430	0.709764	6.881230
4.180000	0.690295	16.455176	644.834343	-0.030342	-0.008720	-1.199880
4.181000	1.335716	16.574837	649.054832	1.008521	0.749781	7.359141
4.182000	1.013813	15.972990	646.244347	-0.070433	-0.128315	-1.990831
4.183000	1.175775	15.571462	646.714169	0.448998	0.270716	2.602921
4.184000	1.297246	15.209823	647.963959	0.568979	0.350751	3.555520
4.185000	1.499294	14.687749	649.369205	0.089347	-0.008720	-0.881903
4.186000	1.942666	14.646976	651.404766	0.808357	0.629958	5.774944
4.187000	1.822408	14.085458	650.156662	0.168944	0.190910	0.542521
4.188000	1.742236	13.362621	649.844872	0.968430	0.629958	6.249066
4.189000	1.823216	12.961093	650.470146	0.089347	0.111104	-0.249249
4.190000	2.467828	12.839661	654.219379	0.768265	0.510363	5.298434
4.191000	2.427742	12.158039	654.068089	0.249127	0.190910	0.226442
4.192000	2.589299	11.796399	653.754677	0.249127	0.150892	0.861010
4.193000	2.549213	11.033232	653.754677	0.528888	0.390539	3.872258
4.194000	2.670280	10.391054	652.973038	0.049255	-0.008720	-0.565495
4.195000	3.516939	10.470828	657.664356	0.808357	0.589940	5.457296
4.196000	3.638410	9.868537	657.978642	0.168944	0.071315	0.544580
4.197000	3.437575	9.106256	655.477638	0.928631	0.629958	6.406779
4.198000	3.599537	8.423749	655.790245	0.129145	0.150892	0.069639
4.199000	4.083804	8.142768	658.912510	0.528888	0.310733	3.395748
4.200000	4.447409	7.781128	658.916592	0.568394	0.350751	3.554701
4.201000	4.569688	7.138507	659.072857	0.328724	0.270716	1.811642
4.202000	4.651882	6.256122	657.039776	0.528888	0.350522	3.871767
4.203000	4.693585	5.573171	655.476601	0.288925	0.230698	0.543761
4.204000	5.742696	5.894039	661.724415	0.848741	0.510363	6.249066
4.205000	5.945956	5.291748	660.007256	0.129145	-0.008720	-0.247518
4.206000	5.867805	4.569353	657.038670	0.728467	0.510363	5.140230
4.207000	6.111555	4.328260	657.505840	0.448998	0.270486	2.605218
4.208000	6.274325	3.806629	656.566105	0.408907	0.270716	2.762274
4.209000	6.921362	4.046837	659.064777	0.408907	0.270716	2.445774
4.210000	7.204795	4.046837	660.004105	0.608485	0.509904	4.029971
4.211000	6.884106	3.364772	655.627827	0.408907	0.230698	2.447504
4.212000	6.805550	3.324884	653.593937	0.288925	0.310504	1.652527
4.213000	7.733191	4.006507	659.841660	0.648577	0.270716	3.555283
4.214000	7.492674	3.966177	658.124500	0.288925	0.350292	0.860827
4.215000	7.373224	4.006949	655.934086	0.248834	0.031068	1.971415
4.216000	7.495099	4.287930	656.557610	0.768265	0.629728	5.298181
4.217000	7.133111	4.208156	653.899227	0.488797	0.310504	3.237053
4.218000	7.818618	5.131315	658.586304	0.408907	0.230468	1.810731
4.219000	7.940089	5.733162	659.833420	0.568394	0.429869	3.713234
4.220000	7.295881	5.573171	654.677170	0.448998	0.110644	2.288152
4.221000	7.175623	6.095688	654.520741	0.448120	0.469657	2.445865
4.222000	7.820235	6.937743	659.201233	0.129145	-0.128774	0.384317
4.223000	7.740062	7.540035	658.266376	0.688082	0.549463	4.347129
4.224000	7.699976	8.102881	657.172882	0.168944	-0.048968	0.701965
4.225000	7.901619	8.705172	658.264557	0.688375	0.549463	4.663866
4.226000	7.499141	8.946707	654.200932	0.528302	0.230468	2.920386
4.227000	8.344992	10.351167	660.916809	0.608192	0.509675	3.872349
4.228000	8.425568	11.033232	661.229370	0.448120	0.270257	2.445774
4.229000	7.982196	11.355427	656.699291	0.248541	0.110415	1.494484
4.230000	8.223925	12.158482	657.476665	0.688082	0.589481	4.505333
4.231000	8.385078	12.760330	658.254848	0.008871	-0.129003	-1.039617
4.232000	8.747470	13.643158	659.662659	0.688082	0.549463	4.505333
4.233000	8.947901	14.566759	660.756729	0.368522	0.110415	2.128870
4.234000	8.706980	14.927956	658.879097	0.647991	0.429639	3.396987
4.235000	8.626403	15.410143	656.849361	0.528302	0.270257	3.237543
4.236000	9.311102	16.413076	662.002983	0.528302	0.270257	3.395748
4.237000	9.351188	16.934706	660.595245	0.608192	0.469657	4.030300
4.238000	9.230929	17.536554	658.566246	-0.030928	-0.168792	-1.992308
4.239000	9.472659	18.098958	659.969177	0.967551	0.789111	7.201174
4.240000	9.110671	18.179175	656.844154	-0.230506	-0.208809	-1.516709
4.241000	9.916436	19.221994	660.592598	0.727881	0.549463	4.507484
4.242000	10.118079	19.703295	661.375031	0.168944	0.030609	1.175925
4.243000	9.997821	19.823399	658.408142	0.688082	0.469657	4.030553
4.244000	10.199868	20.224926	657.938393	0.528302	0.389851	3.237543
4.245000	10.563473	20.625126	659.654472	0.248541	0.070626	0.543761
4.246000	10.684944	20.905663	658.718338	0.847862	0.749093	6.566132
4.247000	11.290683	21.507511	659.969635	-0.190708	-0.168792	-2.308226
4.248000	11.492326	21.587729	659.342667	0.887954	0.789111	7.041822
4.249000	11.251405	21.507070	655.593452	0.048962	-0.049197	-0.406962
4.250000	12.138555	22.148361	658.872070	0.887954	0.629269	5.773214
4.251000	12.542245	22.549446	660.747833	0.089054	-0.009179	-0.247518
4.252000	12.462478	22.348681	656.374207	0.568394	0.389851	3.554701
4.253000	12.866573	22.428456	657.935707	0.528302	0.429869	3.237543
4.254000	13.028534	22.388126	657.153351	0.128852	-0.088985	-0.089805
4.255000	13.513610	22.668221	657.778572	0.887954	0.709305	6.566132
4.256000	14.159030	23.068862	660.593208	0.089054	-0.009179	-0.089805
4.257000	14.240415	22.667336	658.715729	0.887954	0.629269	6.567043
4.258000	13.999898	22.186034	654.184780	0.009164	-0.129003	-1.357594
4.259000	14.847366	22.546346	658.403770	0.808064	0.709305	6.406779
4.260000	15.211375	22.545462	659.653633	0.089054	-0.009179	-0.406962
4.261000	15.493999	22.344254	657.936523	0.208742	0.110415	0.859188
4.262000	15.817922	22.182934	658.872879	0.808064	0.549463	5.615829
4.263000	15.577405	21.500427	655.280693	0.128852	0.030609	-0.089805
4.264000	16.303807	21.700305	658.248405	0.847862	0.669516	6.090441
4.265000	17.071101	21.859854	662.154793	0.128852	0.070626	0.385136
4.266000	16.870671	21.096685	658.876984	1.047734	0.709305	7.200937
4.267000	16.912779	20.654829	656.064903	0.048962	0.030609	-0.406962
4.268000	17.518113	20.493068	659.502342	0.608192	0.429869	4.665688
4.269000	17.962698	20.171758	660.130119	0.288632	0.230468	2.131166
4.270000	18.246130	19.889449	660.911804	0.168944	0.030609	-0.090624
4.271000	18.569649	19.527809	661.068146	0.808064	0.549692	5.615829
4.272000	18.288641	18.523991	656.851742	0.128852	0.110415	0.226442
4.273000	18.974553	18.523104	660.600166	1.047734	0.709305	7.041165
4.274000	19.741040	18.360900	664.820839	0.048962	-0.009179	-0.249249
4.275000	19.379457	17.397855	659.983124	0.887954	0.669516	6.723845
4.276000	19.541418	16.755234	659.669807	0.088761	0.110644	-0.249249
4.277000	20.025685	16.312933	661.233063	0.528302	0.270257	3.396987
4.278000	20.227328	15.870191	662.954361	0.368522	0.270257	2.604306
4.279000	20.671510	15.588767	664.362251	0.248541	0.150433	1.178076
4.280000	20.712000	14.826044	664.049637	0.608192	0.310504	3.713234
4.281000	20.511165	13.942329	660.460171	0.248541	0.150433	1.176254
4.282000	21.075200	13.620577	664.210281	0.847862	0.669516	7.200609
4.283000	21.679321	13.378598	668.429527	0.208742	0.110644	0.386376
4.284000	21.518168	12.536099	665.308838	0.568394	0.429869	4.030553
4.285000	21.478083	11.933366	665.467033	0.328724	0.270486	2.445774
4.286000	21.679321	11.290745	667.032791	0.368522	0.230468	3.079339
4.287000	22.001224	10.767785	669.532471	0.288632	0.230468	1.334458
4.288000	22.283848	10.325928	670.784004	0.528302	0.310274	2.920478
4.289000	22.121886	9.522874	669.538574	0.448705	0.310274	2.762764
4.290000	22.001224	8.639160	668.136700	0.248834	0.150433	1.017721
4.291000	22.283039	8.156973	670.010307	0.608485	0.270716	3.555283
4.292000	22.524364	7.674344	673.138489	0.448705	0.350292	2.445774
4.293000	22.564855	6.992279	672.361122	0.328724	0.111104	2.287333
4.294000	22.483470	6.268556	672.674755	0.648284	0.549692	3.395257
4.295000	22.241740	5.184522	670.645203	0.448705	0.350292	3.396987
4.296000	22.322316	4.621675	672.677567	0.408907	0.270486	2.128708
4.297000	22.725199	4.139488	675.649506	0.528302	0.350292	3.238783
4.298000	22.321913	3.136114	672.684437	0.488797	0.310504	3.396076
4.299000	22.241336	2.292730	672.687012	0.288632	0.230468	0.859517
4.300000	22.281423	1.448903	673.310856	0.408907	0.150892	2.285764
4.301000	22.160355	0.645849	673.937016	0.488797	0.390310	3.237872
4.302000	22.442980	0.163662	675.191944	0.328724	0.190910	2.286421
4.303000	22.160355	-0.719609	674.099384	0.448998	0.350292	3.237543
4.304000	21.717386	-1.843088	671.288105	0.488797	0.350292	3.396076
4.305000	21.918626	-2.485708	672.692707	0.488797	0.310504	3.712905
4.306000	22.159951	-2.807462	675.507309	0.328724	0.310504	2.762931
4.307000	21.877731	-3.690290	672.854080	0.089347	-0.048738	0.542521
4.308000	21.877731	-4.251808	673.321495	0.568394	0.509904	3.555520
4.309000	21.716174	-4.934316	671.914661	0.129438	-0.008720	-0.089805
4.310000	21.635193	-5.495833	672.071003	0.528888	0.390310	3.080908
4.311000	22.038075	-5.375288	675.355377	0.448998	0.270716	2.446027
4.312000	21.633981	-5.936805	673.635788	0.528888	0.310733	3.237543
4.313000	21.352570	-6.457994	670.664951	0.568394	0.350522	3.554701
4.314000	21.392251	-6.538210	671.288555	0.209035	0.151121	1.020853
4.315000	21.593086	-6.377334	674.414124	0.728467	0.589940	5.456385
4.316000	21.592682	-6.256345	674.259377	-0.150324	-0.248138	-1.515798
4.317000	21.471616	-6.296232	673.631599	0.768265	0.709534	5.456477
4.318000	21.068328	-6.456223	670.975697	0.089347	-0.168103	-0.406962
4.319000	21.067924	-6.255459	671.440571	0.648577	0.509904	4.030391
4.320000	21.631960	-5.372630	676.130920	0.329309	0.111104	1.653017
4.321000	21.229077	-5.372187	673.785294	0.648577	0.510363	4.665688
4.322000	20.786109	-5.451962	670.817463	0.528888	0.310504	3.237543
4.323000	21.027838	-4.930330	672.376610	0.129145	0.031068	0.385719
4.324000	21.108819	-4.569134	673.312744	0.888540	0.749552	5.773542
4.325000	21.310462	-3.807295	675.659149	-0.190708	-0.208121	-2.467669
4.326000	21.230289	-3.485984	674.564121	0.928338	0.709534	6.565312
4.327000	20.868302	-3.485541	671.125721	0.089054	-0.048738	-0.248429
4.328000	21.069945	-3.004240	671.748543	0.688375	0.509904	4.030063
4.329000	22.037268	-1.841317	677.375149	0.208742	0.110644	1.017392
4.330000	21.836432	-1.600224	674.875763	0.448998	0.230698	2.762274
4.331000	21.877731	-1.319687	672.843403	0.608485	0.390310	3.871438
4.332000	22.160355	-0.718281	673.623447	0.168944	0.031068	-0.247518
4.333000	22.563643	-0.317197	674.094074	0.808357	0.629728	5.773542
4.334000	23.572263	0.685736	677.218731	0.089054	-0.009179	-0.565495
4.335000	23.935868	1.166595	676.125458	0.887954	0.709534	6.724336
4.336000	24.017656	1.166595	672.846790	0.049255	-0.088756	-0.247518
4.337000	24.703568	1.728112	672.999756	0.688375	0.509675	3.712668
4.338000	26.195647	2.729716	679.561951	0.288632	0.230698	1.970504
4.339000	26.639829	3.050584	677.222057	0.128852	0.030838	-0.090624
4.340000	27.003838	3.250462	675.032063	0.768558	0.629728	5.297852
4.341000	27.851305	3.651546	676.283443	0.049255	-0.008950	-0.090134
4.342000	28.497938	3.931198	675.971634	0.968137	0.669516	6.723845
4.343000	29.748289	4.813141	680.345428	0.088761	-0.048738	0.069639
4.344000	30.273451	4.972690	679.721741	1.008228	0.829129	7.199207
4.345000	30.516392	4.891586	676.130375	0.009164	-0.048738	-0.564676
4.346000	31.122131	5.252341	676.286819	0.568394	0.509904	3.712997
4.347000	32.171647	5.652097	680.503448	0.408907	0.230698	2.445774
4.348000	32.616232	5.812088	679.726883	0.089054	-0.008950	-0.565495
4.349000	32.940155	5.730986	678.320755	0.808357	0.509904	5.615500
4.350000	33.345058	5.649441	677.851013	0.089054	0.070856	-0.407291
4.351000	33.507829	5.407462	676.447483	0.848155	0.629958	6.723516
4.352000	34.597025	5.928206	681.757408	0.128852	0.070856	0.068399
4.353000	34.639132	5.566124	679.103279	0.728467	0.510363	5.616411
4.354000	34.842797	5.244371	677.073742	0.089054	0.031068	-0.405394
4.355000	35.046462	5.042722	677.074474	0.488797	0.310733	2.921718
4.356000	35.369576	4.599979	677.071274	0.249127	0.190910	1.813189
4.357000	35.936036	4.839301	679.105934	0.328724	0.230698	1.178405
4.358000	35.897568	4.277341	677.076244	0.608485	0.390539	4.507974
4.359000	35.979761	3.834599	675.200535	0.249127	0.190680	0.386376
4.360000	35.860311	3.232307	673.483337	0.728467	0.589940	5.932658
4.361000	36.667289	3.431300	678.168083	0.288925	0.230698	1.336938
4.362000	36.426772	2.829009	675.671970	0.568979	0.390539	3.553553
4.363000	36.427580	2.387153	675.048370	0.288925	0.350522	2.604306
4.364000	36.509773	1.985183	674.263367	0.408907	0.190910	2.288152
4.365000	36.308939	1.262345	671.607716	0.528888	0.350522	3.080159
4.366000	36.793205	1.382449	675.357849	0.288925	0.270716	1.652527
4.367000	36.834101	1.101027	675.203114	0.608485	0.310733	4.189086
4.368000	36.432027	0.137980	671.453072	0.209328	0.150892	0.544090
4.369000	36.311363	-0.223216	670.046223	0.568979	0.310733	3.554044
4.370000	36.553093	-0.383651	673.168575	0.448998	0.350751	2.128708
4.371000	36.513007	-0.745290	671.452274	0.288925	0.190910	2.445116
4.372000	36.554306	-0.946054	671.765751	0.529181	0.270945	3.713234
4.373000	36.191510	-1.628119	670.826088	0.329309	0.270945	2.603741
4.374000	35.829117	-2.350513	666.764400	0.529181	0.310733	3.555192
4.375000	36.392749	-2.190080	672.076752	0.369108	0.350522	1.811642
4.376000	36.231999	-2.511391	672.077637	0.489089	0.231157	3.238126
4.377000	35.547302	-3.353889	667.857746	0.369108	0.310733	1.021182
4.378000	35.587389	-3.675199	667.387917	0.369401	0.151351	2.604231
4.379000	35.385745	-4.156942	667.699001	0.528888	0.350751	2.762931
4.380000	35.265081	-4.357707	667.857746	0.329309	0.231157	2.286421
4.381000	35.708050	-4.437922	670.202728	0.568979	0.430787	3.713234
4.382000	34.942777	-5.481185	665.356876	0.489089	0.310733	3.554701
4.383000	34.821305	-5.962045	662.387569	0.369108	0.191139	2.604560
4.384000	35.546089	-5.721394	668.479126	0.528888	0.470575	3.712415
4.385000	35.465918	-6.162365	666.762882	0.169237	0.031757	0.386048
4.386000	35.263868	-6.723439	663.795135	0.448998	0.430328	2.129856
4.387000	35.384935	-7.124523	663.165764	0.209328	-0.048049	0.385228
4.388000	35.142397	-7.805704	660.821743	0.528888	0.470575	3.713234
4.389000	35.746520	-7.604498	663.789288	0.209328	0.071774	1.970175
4.390000	36.351047	-7.603612	665.819736	0.529181	0.470575	4.030063
4.391000	35.665538	-8.485554	659.412182	0.489089	0.390539	3.713234
4.392000	35.625452	-8.684547	657.846375	0.329309	0.191369	1.653928
4.393000	36.431219	-8.322906	662.998280	0.648577	0.550381	4.029480
4.394000	36.229575	-8.482013	661.436481	-0.110232	-0.247909	-1.357265
4.395000	36.310960	-8.440796	659.246159	0.848741	0.629958	5.298763
4.396000	36.351449	-8.399581	659.398979	0.009749	-0.207891	-1.198150
4.397000	35.908886	-8.558687	655.803368	0.728467	0.669746	4.823892
4.398000	36.634881	-7.795520	660.018879	0.369108	0.191139	1.971086
4.399000	36.998083	-7.313334	662.045826	0.528888	0.310733	3.712905
4.400000	36.274511	-7.512769	656.106239	0.608485	0.350522	3.238783
4.401000	36.356705	-7.110798	655.167141	0.209035	0.111104	0.862649
4.402000	36.841375	-6.588281	658.442951	0.688668	0.629728	5.298181
4.403000	37.125212	-5.865444	658.441864	-0.070433	-0.168332	-1.675242
4.404000	37.409454	-5.263154	658.751820	0.887954	0.749552	6.883289
4.405000	37.290812	-5.021617	656.717773	0.089347	-0.008950	0.067160
4.406000	37.252747	-4.620090	653.903706	0.648284	0.390310	4.030391
4.407000	38.141917	-3.617157	659.210098	0.288925	0.310504	2.288152
4.408000	38.587312	-2.693999	659.989754	0.448998	0.190680	2.920478
4.409000	38.590949	-2.292473	657.022694	0.648284	0.589481	4.189415
4.410000	38.995852	-1.449532	657.018188	0.089054	-0.128774	-0.566314
4.411000	39.401564	-1.009002	656.390255	1.047734	0.789111	7.201266
4.412000	40.330821	0.195580	659.981232	-0.150324	-0.248368	-2.150021
4.413000	41.220397	1.278728	661.543365	1.047734	0.789111	6.723845
4.414000	41.182735	1.600481	657.009697	0.048962	-0.048968	0.386376
4.415000	41.990928	2.563084	657.946640	0.648284	0.469657	3.553553
4.416000	42.919780	3.606345	661.846931	0.248541	0.070626	1.179386
4.417000	43.607306	4.529946	661.689552	0.248834	0.150433	1.336280
4.418000	44.174173	5.653868	660.909981	0.847862	0.549463	5.774033
4.419000	44.900975	6.577026	661.999969	-0.190708	-0.089215	-1.673512
4.420000	45.307092	7.099543	660.278618	1.167130	0.789111	7.991306
4.421000	46.437588	8.704322	665.117790	0.008871	-0.049427	-1.517038
4.422000	47.365231	9.868575	666.990768	1.007350	0.789111	7.199207
4.423000	47.328377	10.470865	662.460442	0.128560	-0.089215	-0.407124
4.424000	48.175441	11.715333	664.173866	0.607900	0.469427	4.190089
4.425000	48.943545	12.798927	666.357910	0.328431	0.110185	0.860498
4.426000	49.348045	13.722970	666.044983	0.008871	-0.049427	-0.249249
4.427000	50.397963	15.288749	668.698822	0.967258	0.629039	7.041493
4.428000	50.601629	16.091803	667.446312	0.048670	-0.049656	0.068728
4.429000	50.885061	16.694979	665.565247	0.767680	0.708616	6.406688
4.430000	52.137029	18.260314	670.092430	0.208450	0.109726	0.066340
4.431000	52.904323	19.303577	670.873817	0.887368	0.629039	6.725247
4.432000	52.986921	19.947083	667.435104	-0.071605	-0.049656	-1.358176
4.433000	53.956670	21.071447	669.148628	0.567515	0.309356	2.760214
4.434000	54.361166	21.634736	667.736397	0.288340	0.269568	2.763001
4.435000	55.451576	22.678442	668.359604	0.168065	0.109726	-0.407782
4.436000	56.742824	24.164447	672.730530	0.767680	0.469198	5.774033
4.437000	57.107640	24.487085	669.915588	0.208157	0.189532	0.702294
4.438000	57.714591	25.290582	667.725037	0.927167	0.668369	6.248155
4.439000	58.643040	26.054193	669.904961	0.088468	0.109726	0.384646
4.440000	59.934687	27.258773	671.308983	0.807186	0.349144	5.456056
4.441000	60.661899	27.983382	670.994217	0.287754	0.229321	1.019031
4.442000	61.670521	28.827652	673.175697	0.287754	0.229321	1.653017
4.443000	62.035337	28.989856	668.325264	0.686911	0.468509	4.663866
4.444000	63.124127	30.115107	670.352890	-0.031806	0.029461	0.226604
4.445000	64.495547	31.481009	675.662445	0.847277	0.548315	5.297523
4.446000	64.738490	31.925078	671.440498	0.087883	0.149285	0.226932
4.447000	65.263652	32.569914	670.495544	0.887076	0.548315	6.247826
4.448000	66.069417	33.655720	672.208801	0.247663	0.109037	0.544580
4.449000	66.714837	34.621420	673.454842	0.447241	0.268879	2.762182
4.450000	67.480515	35.988650	675.637779	0.487333	0.348456	2.761034
4.451000	67.762332	36.754032	674.692024	0.367351	0.308438	2.762182
4.452000	67.520602	37.319534	670.468300	0.487333	0.388244	3.713142
4.453000	68.044147	38.606989	673.115463	0.367059	0.348226	1.019031
4.454000	68.929678	40.135095	678.265999	0.646820	0.348456	4.982096
4.455000	68.525585	40.901361	674.670074	0.127388	0.108349	-0.407873
4.456000	68.565268	41.988937	674.036842	0.566637	0.188384	4.505004
4.457000	68.603733	43.076073	674.808754	0.566637	0.467591	2.920715
4.458000	68.964916	44.444630	677.614517	0.286876	0.188155	2.285672
4.459000	69.204220	45.974064	679.639511	0.486454	0.307749	2.762182
4.460000	68.719547	46.860876	677.912743	0.646234	0.506920	4.980274
4.461000	68.355133	47.949341	676.657372	0.406271	0.147907	2.603557
4.462000	68.554350	49.438885	678.680687	0.406271	0.426884	1.653017
4.463000	68.874233	51.128311	682.889961	0.606143	0.187696	4.188666
4.464000	68.428837	52.337320	681.790932	0.405979	0.266813	1.967442
4.465000	68.225174	53.786980	682.406509	0.405979	-0.012164	1.653017
4.466000	67.819057	54.875443	680.836037	0.725539	0.506461	4.822070
4.467000	67.977383	56.646412	684.421738	0.446070	0.346848	3.079830
4.468000	68.135302	58.617702	688.163757	0.485576	0.226566	3.396076
4.469000	67.407284	59.746937	685.187973	0.525374	0.306142	3.553370
4.470000	67.082150	61.357471	685.805954	0.405393	0.067183	2.760942
4.471000	66.957039	63.128443	687.359421	0.485283	0.306142	2.920386
4.472000	66.913721	64.899412	690.006241	0.046034	-0.132906	0.226183
4.473000	66.667950	66.791815	692.031891	0.684569	0.465295	4.346708
4.474000	66.342005	68.523340	692.492805	0.245320	0.066265	0.859258
4.475000	65.572285	69.853340	689.047249	0.525082	0.385259	3.871346
4.476000	65.608328	72.066168	694.350777	0.284826	0.106053	3.079409
4.477000	65.524115	74.278551	698.405418	0.604386	0.385030	4.188666
4.478000	64.511854	75.568663	694.805206	0.324917	0.265206	3.078008
4.479000	64.144609	77.500507	696.983963	0.244735	0.025788	0.859258
4.480000	63.495550	79.271923	697.912964	0.683983	0.504395	4.980603
4.481000	63.006433	81.164326	699.155441	-0.035320	-0.253878	-0.724540
4.482000	62.599108	83.136499	701.023285	0.643892	0.384341	3.711902
4.483000	61.868664	85.028460	701.172249	0.244735	0.105135	1.968913
4.484000	60.816723	86.519337	699.132271	0.483819	0.304535	3.870106
4.485000	60.327606	88.491510	701.779175	0.523911	0.264517	3.871837
4.486000	59.919064	90.463245	705.208572	0.483819	0.224499	3.553860
4.487000	58.544008	92.034340	702.233589	0.603508	0.503706	4.504820
4.488000	58.014805	93.925854	703.944366	-0.035905	-0.134972	-0.725360
4.489000	56.800095	95.336514	702.373962	0.962866	0.742665	7.832589
4.490000	55.827517	96.947048	702.363571	-0.155594	-0.255026	-0.883984
4.491000	55.258224	98.919224	705.326447	0.523325	0.423211	3.871018
4.492000	54.164179	100.329445	704.383018	0.323454	-0.015607	1.811528
4.493000	52.869295	101.459122	700.625107	0.602922	0.383423	4.187755
4.494000	52.138449	102.949547	701.865273	0.403343	0.183563	3.078498
4.495000	51.448090	104.640301	704.044991	0.283069	0.183563	1.968913
4.496000	50.475515	105.769535	701.383743	0.762702	0.582593	6.245584
4.497000	49.824839	107.299858	702.002060	-0.076289	-0.215696	-1.357524
4.498000	48.489870	108.068340	698.399544	0.802501	0.662170	7.040981
4.499000	47.799109	109.317238	698.390900	-0.076875	-0.215926	-1.044830
4.500000	47.551720	110.847111	700.885773	0.802208	0.622152	6.405938
4.501000	46.579144	111.574821	696.973236	0.163088	-0.056314	0.065828
4.502000	45.606972	112.503296	695.561035	0.402465	0.262910	2.919965
4.503000	44.876528	113.431759	694.615356	0.522447	0.302928	3.712393
4.504000	44.266344	114.278690	693.359436	0.242685	-0.016755	0.384716
4.505000	43.818525	115.447372	692.728073	0.762117	0.542116	5.771952
4.506000	43.209148	116.214520	692.566360	0.043106	-0.016755	-0.408623
4.507000	42.156801	116.540703	687.247116	0.842007	0.502099	7.198695
4.508000	41.547427	117.186424	684.738190	0.043106	-0.136349	-0.090646
4.509000	41.582663	118.554981	688.014030	0.722025	0.422293	5.613091
4.510000	40.772856	118.960938	685.979195	0.122997	0.023033	0.384624
4.511000	39.963049	119.326557	682.066628	0.123289	-0.136579	0.225272
4.512000	39.314394	119.651417	679.088921	0.762117	0.502099	5.455705
4.513000	38.746316	120.257240	678.459167	-0.037076	-0.136579	-0.724869
4.514000	38.460862	121.063843	679.549728	0.762117	0.501869	6.087379
4.515000	38.054342	121.428139	677.042656	0.162795	-0.016755	0.861226
4.516000	37.044106	121.070923	670.473579	0.842007	0.581675	6.882120
4.517000	36.598711	121.475113	669.376549	-0.077168	-0.136579	-0.725452
4.518000	36.676457	121.879292	672.807968	0.562245	0.382275	4.186515
4.519000	36.634754	121.922279	670.147858	0.402465	0.023033	2.445331
4.520000	36.150083	121.643955	665.453674	-0.037076	-0.096791	-0.408623
4.521000	35.705902	121.205198	662.480835	0.642135	0.342257	4.186515
4.522000	35.906737	121.127199	662.632805	0.002722	-0.016985	-0.250090
4.523000	36.550944	121.409502	663.721916	0.961695	0.541657	7.357389
4.524000	36.471177	120.729212	658.875725	0.043106	-0.057002	-0.406892
4.525000	36.471986	120.169460	656.213905	0.801915	0.501869	6.564472
4.526000	37.077319	119.889809	655.743042	0.202594	-0.016985	0.542338
4.527000	37.521097	119.328739	654.174698	0.441971	0.142857	3.553860
4.528000	38.490036	119.169191	653.703880	0.322283	0.102839	2.444183
4.529000	38.774276	118.527897	651.826996	0.162795	0.023033	1.017699
4.530000	39.058114	117.365862	646.197655	0.602337	0.302469	4.346778
4.531000	39.906389	116.803900	645.256973	0.202887	0.102839	0.703512
4.532000	41.036481	116.562801	647.441185	0.682227	0.502099	6.564143
4.533000	41.522769	115.600645	644.629784	0.242685	0.102839	1.493390
4.534000	42.009462	114.758589	641.657776	0.562245	0.142857	3.712064
4.535000	42.817653	113.955538	639.466843	0.322283	0.142857	1.970061
4.536000	43.344028	113.032818	637.120125	0.322283	0.142857	2.601077
4.537000	44.434841	112.832056	639.932205	0.362374	0.063051	2.444183
4.538000	44.880638	112.029005	636.649269	0.362374	0.142857	1.967275
4.539000	44.762402	110.705204	630.240063	0.362374	0.222893	2.921275
4.540000	45.449526	110.423777	630.239101	0.202887	0.102839	1.017699
4.541000	46.337484	110.182245	633.517658	0.602337	0.103069	4.027982
4.542000	46.581636	109.459852	629.298508	0.522447	0.222893	2.444183
4.543000	46.462189	108.897890	625.545994	0.202887	0.103069	1.809469
4.544000	46.745216	108.376257	624.449905	0.522447	0.342487	3.870926
4.545000	46.786514	107.734079	622.417007	0.282777	0.063280	2.127446
4.546000	47.552599	107.854181	624.757748	0.602337	0.342487	3.870597
4.547000	47.351360	107.412766	620.537868	0.522447	0.342487	3.712393
4.548000	47.029053	106.771030	616.320396	0.522739	0.183104	3.870597
4.549000	47.351360	106.811367	616.785275	0.242978	0.063280	1.017699
4.550000	47.471619	106.731142	617.250935	0.283069	-0.056314	1.651848
4.551000	47.390234	106.651369	614.440460	0.522447	0.382504	2.920294
4.552000	47.510086	106.572044	612.875633	0.283069	0.143316	2.759610
4.553000	47.307634	106.371717	610.062569	0.562538	0.262910	3.712393
4.554000	47.145269	106.172281	607.873329	0.482648	0.262910	2.601077
4.555000	47.747774	106.854788	611.466240	0.283069	0.103528	1.969404
4.556000	47.544918	106.775465	608.027184	0.482648	0.302928	3.554189
4.557000	47.423042	106.776791	605.370510	0.242978	-0.175908	1.652084
4.558000	47.340445	106.857449	604.742893	0.482648	0.382504	2.761761
4.559000	47.298338	107.059542	604.584949	0.203179	-0.056314	1.017699
4.560000	47.497961	107.541731	603.960476	0.562538	0.422522	3.712722
4.561000	47.496344	107.823591	603.179737	0.242978	0.023492	2.761433
4.562000	47.050949	107.703930	599.740685	0.522739	0.223122	3.712064
4.563000	46.888584	107.825367	599.270145	0.482648	0.183334	2.759610
4.564000	47.571665	108.427216	602.081516	0.283069	0.023492	2.127446
4.565000	47.449791	108.387770	598.488605	0.602629	0.502328	4.663025
4.566000	47.650623	108.307997	597.551540	-0.076289	-0.295502	-1.361076
4.567000	47.972527	108.107677	596.454891	0.722318	0.622382	4.503672
4.568000	48.536564	108.148006	594.891006	-0.036198	-0.175908	-0.408623
4.569000	49.382816	108.428099	595.360050	0.722611	0.582364	6.087379
4.570000	49.784891	108.468428	594.422863	0.243271	-0.015837	1.492403
4.571000	50.067110	108.307997	591.765533	0.682812	0.343175	3.712393
4.572000	50.510078	108.469313	589.891365	0.443142	0.263370	3.079738
4.573000	51.395611	108.749855	591.449757	0.163381	-0.015837	1.176486
4.574000	51.838985	109.030832	590.045322	0.682812	0.343175	4.821978
4.575000	52.362127	109.311810	590.670692	-0.075997	-0.215467	-1.358435
4.576000	52.442297	109.072044	586.919071	0.842885	0.503017	5.455215
4.577000	53.046419	109.271921	584.886150	0.003894	-0.215467	-0.090646
4.578000	53.891460	110.034653	587.542046	0.523325	0.303387	4.187755
4.579000	54.293938	110.115311	586.604950	0.363545	0.064199	1.810709
4.580000	54.575756	110.115751	583.635834	0.283655	0.064199	2.286163
4.581000	55.058809	110.356842	581.602119	0.643014	0.463229	4.663116
4.582000	55.702616	110.597055	581.913910	0.043985	-0.215237	-0.091465
4.583000	56.387714	111.199347	583.167774	0.722904	0.463229	5.138807
4.584000	56.951347	111.601311	583.165470	-0.115795	-0.135202	-1.042517
4.585000	56.910450	111.240118	576.759521	0.882977	0.583053	7.040981
4.586000	57.352612	111.641640	576.600864	0.163674	-0.055396	0.859986
4.587000	58.237741	112.484587	581.444458	0.443435	0.223811	2.919146
4.588000	58.317104	112.485470	578.791126	0.363545	0.144234	1.969242
4.589000	58.598110	112.566128	576.912865	0.043985	-0.095184	-0.091465
4.590000	59.040272	112.887442	575.821114	0.882977	0.543265	6.406267
4.591000	59.361769	112.967657	575.039650	-0.155594	-0.174990	-0.566827
4.592000	60.166325	113.730822	578.318253	0.963159	0.583282	6.881537
4.593000	60.729952	113.932034	577.694649	-0.035905	-0.134972	-1.357524
4.594000	60.365944	113.491499	572.539463	0.923068	0.583282	7.039251
4.595000	61.010153	114.053461	573.474133	-0.075704	-0.255026	-0.248942
4.596000	61.976263	114.655752	578.629356	0.363838	0.064658	2.125479
4.597000	62.176691	114.656635	576.600594	0.443728	0.224270	2.285650
4.598000	62.458103	114.857405	575.661827	0.004186	-0.015148	-0.249179
4.599000	62.699430	115.018721	575.349144	0.882977	0.423670	6.723916
4.600000	62.980438	115.019163	574.409542	0.004186	-0.095184	0.701782
4.601000	63.705221	115.581125	578.942829	0.923068	0.543494	6.408159
4.602000	64.026718	115.822664	579.568108	0.164259	0.064428	0.226512
4.603000	63.663517	115.502234	574.411884	0.603508	0.304306	5.455215
4.604000	64.227551	115.823990	576.442490	0.164259	-0.015378	1.334765
4.605000	64.749886	116.104525	581.128731	0.243856	0.024640	0.542101
4.606000	64.830462	116.346506	580.505119	0.403636	0.303846	2.919965
4.607000	65.030893	116.427164	579.567055	0.084076	-0.055166	0.227002
4.608000	65.232132	116.387278	579.409912	0.803086	0.423670	6.247734
4.609000	65.151152	116.347391	578.786137	0.084076	-0.015378	0.542429
4.610000	66.077173	117.110563	584.877892	0.683105	0.423900	4.820992
4.611000	66.036282	117.070675	583.314537	0.243856	0.024410	0.860314
4.612000	65.955299	116.951014	580.660400	0.483526	0.224270	3.869778
4.613000	66.478037	117.152218	582.847908	0.363545	0.144234	1.968913
4.614000	66.679276	117.152218	584.876038	0.163674	0.064428	0.542101
4.615000	67.162735	117.554190	585.816315	0.563416	0.343864	4.504001
4.616000	67.242905	117.754950	585.504433	0.043985	0.024410	0.385956
4.617000	67.282587	117.515186	584.409317	0.563416	0.343864	5.137238
4.618000	67.403252	117.555956	584.878250	0.163674	0.104217	0.067068
4.619000	68.087543	118.117918	590.034370	0.643014	0.343864	4.506314
4.620000	68.167311	118.118361	588.315548	0.363545	0.223811	2.284669
4.621000	68.328466	118.199018	587.380135	0.403343	0.104217	3.237452
4.622000	68.730944	118.360342	588.940018	0.403343	0.144234	2.127446
4.623000	68.811117	118.199909	589.565140	0.363545	0.303846	2.442873
4.624000	69.495409	118.802643	591.596451	0.483526	0.223811	4.028639
4.625000	69.776417	119.003403	591.908890	0.203472	0.064199	1.175413
4.626000	69.856991	118.803968	590.972679	0.602922	0.144234	4.346870
4.627000	70.058231	118.925406	592.066025	0.163674	0.183793	0.384133
4.628000	70.822701	119.367256	595.814316	0.363545	0.104217	3.079409
4.629000	71.144600	119.648682	595.189831	0.523325	0.263599	4.187264
4.630000	71.627657	119.930552	595.817516	0.363545	0.183793	2.759610
4.631000	71.707827	119.890663	597.220978	0.363545	0.144234	1.968913
4.632000	71.909065	119.972206	597.220081	0.483234	0.423441	3.712393
4.633000	72.753704	120.694599	600.500324	0.243856	-0.055396	2.285979
4.634000	73.116098	120.976467	602.065826	0.323454	0.223581	2.442383
4.635000	73.196272	120.897577	601.753933	0.283655	-0.015378	1.651848
4.636000	73.477680	121.258778	602.688431	0.523325	0.383423	3.237031
4.637000	73.960737	121.580969	605.030674	0.243271	-0.015607	1.968913
4.638000	74.564453	122.143372	606.281979	0.643014	0.383423	4.505731
4.639000	74.886353	122.545786	608.782166	0.403343	0.183793	2.604538
4.640000	74.765287	122.386238	608.000385	0.403343	0.263599	2.919965
4.641000	75.006611	122.828539	608.156631	0.602922	0.303387	4.187755
4.642000	75.811167	123.711813	613.467293	0.123582	-0.135661	1.493552
4.643000	75.972321	123.913458	614.093269	0.443142	0.263370	2.601406
4.644000	75.891340	124.235657	614.875626	0.003894	-0.215467	-0.725360
4.645000	76.092579	124.798502	615.656143	0.642721	0.462999	4.344228
4.646000	75.930616	124.879160	614.715675	0.323454	0.103528	2.284340
4.647000	76.575226	125.883421	618.777496	0.642721	0.343175	3.871837
4.648000	76.735573	126.526041	622.062546	0.522739	0.263140	3.395656
4.649000	76.291794	126.607141	618.779648	0.363252	0.143546	2.127117
4.650000	76.412052	127.129658	619.091286	0.522739	0.342946	4.028639
4.651000	77.297989	128.133478	624.870972	0.203179	-0.016296	1.652996
4.652000	77.096348	128.655994	624.560684	0.842300	0.622152	5.769402
4.653000	77.136028	129.178513	624.714462	-0.036198	-0.135890	-0.408623
4.654000	77.376949	129.780802	625.494240	0.562538	0.342946	3.712393
4.655000	77.295969	130.022783	623.775459	0.283069	0.063740	2.763071
4.656000	78.262486	131.227365	628.931534	0.482648	0.143316	2.601077
4.657000	78.664557	132.030416	632.212536	0.562831	0.302928	3.712393
4.658000	78.301357	132.071630	627.368896	0.083198	-0.135890	0.542101
4.659000	78.743919	132.754585	627.210705	0.722318	0.542116	6.089018
4.660000	79.588964	133.637854	633.146084	-0.196563	-0.455574	-2.467691
4.661000	79.870373	134.361574	633.616623	1.081677	0.821553	7.197455
4.662000	80.152594	135.044529	633.147598	-0.156472	-0.255944	-1.199902
4.663000	80.473688	135.526268	633.146564	0.682227	0.502099	5.454304
4.664000	80.553457	135.727478	629.863789	0.282777	-0.016755	2.127446
4.665000	81.681124	136.852285	636.738682	0.562538	0.222893	3.711574
4.666000	82.164177	137.655338	638.926189	0.522447	0.382504	3.237031
4.667000	82.082794	137.776333	633.457397	0.122997	-0.056543	0.700051
4.668000	82.686106	138.298849	633.767624	1.041878	0.661940	7.833080
4.669000	83.289822	138.780586	637.049423	-0.196563	-0.295962	-1.992750
4.670000	83.773281	139.463543	639.083244	0.882098	0.701958	7.357228
4.671000	84.094378	140.065834	637.988930	0.043106	-0.096332	-0.407803
4.672000	84.295210	140.066277	635.329029	0.642428	0.302928	5.137729
4.673000	84.455959	140.348137	634.237206	0.122997	-0.016755	0.384624
4.674000	85.462961	141.230968	641.577744	0.282777	0.103069	1.493552
4.675000	85.622904	141.632935	639.703560	0.682520	0.462311	4.662367
4.676000	85.703077	141.713600	635.642456	0.043106	-0.215926	-0.090646
4.677000	85.903910	142.074795	636.266129	0.762409	0.502099	7.039251
4.678000	86.024574	142.155453	637.360191	0.083198	-0.096332	-0.250419
4.679000	86.467543	143.078613	640.015999	0.762409	0.502099	5.453975
4.680000	86.708464	143.399918	639.078995	0.083198	-0.056543	0.860314
4.681000	86.265091	143.279816	635.485218	0.682227	0.422522	5.454886
4.682000	86.184515	143.440697	635.797100	0.242978	0.023263	1.493552
4.683000	86.748144	144.121872	640.795959	0.162795	-0.016526	-0.251820
4.684000	86.506012	144.362968	637.983101	0.802208	0.542116	5.930156
4.685000	86.546097	144.684723	636.265079	0.083198	-0.136349	0.542429
4.686000	86.465523	144.804829	636.421329	0.842300	0.542116	7.356899
4.687000	86.263878	144.885487	636.577671	0.122997	-0.016526	0.067558
4.688000	86.585781	145.647766	638.763809	0.802208	0.462311	5.453975
4.689000	86.867596	145.968632	637.982117	-0.116966	-0.215926	-0.883656
4.690000	86.464310	145.848969	634.231270	0.562538	0.382504	4.661548
4.691000	86.424221	146.089626	635.327118	0.482648	0.103069	3.076347
4.692000	86.785807	146.651146	638.135895	0.043106	-0.136349	-1.518790
4.693000	86.745718	146.892235	635.950699	0.762409	0.302928	5.136817
4.694000	86.906872	147.252987	635.639801	0.162795	-0.056314	1.492640
4.695000	86.906467	147.132881	635.013634	0.762409	0.502328	6.407248
4.696000	86.664738	147.173210	633.294907	0.163088	-0.016526	0.543577
4.697000	87.188286	147.974937	636.418869	0.682520	0.343175	5.613748
4.698000	87.308945	148.175705	635.949905	0.163088	-0.016526	0.701782
4.699000	86.825487	147.894722	631.887276	0.322868	0.302928	3.711574
4.700000	86.946150	148.295811	633.761536	0.482648	0.302928	3.553278
4.701000	86.663525	148.295811	633.290901	0.202887	0.143316	1.175413
4.702000	86.623440	148.656120	632.668888	0.443142	0.143316	2.917815
4.703000	86.704420	148.936661	632.356312	0.203179	0.183334	1.176232
4.704000	86.059807	148.615791	630.013168	0.762409	0.542576	6.564143
4.705000	85.737503	148.655678	627.981850	0.203179	0.063280	1.177143
4.706000	86.099491	149.216755	631.418312	0.403051	0.023492	2.442873
4.707000	85.737503	149.256199	629.856117	0.562538	0.342946	3.712393
4.708000	85.254450	149.135647	627.201088	0.322868	0.183104	2.919965
4.709000	85.173470	149.295197	627.981915	0.443142	0.263140	3.712722
4.710000	84.407791	148.973888	624.071632	0.482648	0.183334	2.761761
4.711000	84.609837	149.334198	624.856556	0.562831	0.223352	3.871508
4.712000	84.690010	149.574406	625.950859	0.163088	0.143316	0.542666
4.713000	83.844158	149.012001	620.637630	0.522739	0.263370	4.027982
4.714000	83.521851	148.891014	618.139053	0.403051	0.263140	2.920294
4.715000	83.924328	149.291210	620.949524	0.203179	0.063740	0.859986
4.716000	83.561939	149.050121	618.452797	0.562538	0.303158	3.236212
4.717000	83.280121	149.009792	616.109497	0.522739	0.263140	3.553860
4.718000	83.239630	148.968578	615.639214	0.323454	0.103757	1.968002
4.719000	82.716087	148.366287	609.701492	0.403051	0.223352	1.966692
4.720000	83.038391	148.766483	612.201134	0.403343	0.143775	3.394416
4.721000	83.119371	148.725712	613.297127	0.163381	0.183563	0.701782
4.722000	82.192945	148.162868	607.046906	0.243271	0.024181	1.968913
4.723000	81.910725	147.961658	603.450783	0.602922	0.343175	4.028311
4.724000	82.152454	147.960331	606.105911	0.523325	0.223581	3.396146
4.725000	81.951216	147.799450	603.451931	0.323454	0.183563	2.761761
4.726000	81.468163	147.517590	601.111378	0.643014	0.343175	4.188574
4.727000	81.347097	147.315937	599.234722	0.283655	0.024181	1.809469
4.728000	80.662800	146.713203	593.767006	0.403343	0.223581	2.442873
4.729000	80.944614	147.033184	597.359261	0.003894	-0.135202	0.225762
4.730000	80.864040	146.871426	596.891285	0.602922	0.463229	3.870106
4.731000	80.018593	146.269135	590.173733	0.043985	-0.095413	0.700634
4.732000	79.535133	145.987267	587.360111	0.643014	0.383652	4.346287
4.733000	79.495049	145.744843	587.671200	0.483526	0.303846	3.869778
4.734000	79.172741	145.623413	586.112225	0.443728	0.224270	3.077679
4.735000	78.971502	145.662418	584.861790	0.443728	0.303846	3.395656
4.736000	78.246719	144.939133	580.487518	0.084076	-0.055166	0.860989
4.737000	77.723171	144.616943	576.581306	0.803086	0.503476	4.980182
4.738000	77.964500	144.856266	580.798763	-0.275283	-0.454196	-2.626806
4.739000	77.723577	144.574837	578.457432	0.683105	0.503476	4.663116
4.740000	76.958706	144.212753	573.145958	0.204350	-0.094954	1.017042
4.741000	76.716576	144.011551	571.427338	0.603508	0.343864	4.663445
4.742000	76.273607	143.729683	569.549934	0.363838	0.144234	2.919146
4.743000	76.354588	143.969887	570.959423	0.444021	0.184482	3.712064
4.744000	76.273607	144.249538	570.177094	0.483526	0.304306	2.917324
4.745000	75.508329	143.647697	564.864655	0.004479	-0.174760	-0.884383
4.746000	75.387671	143.847576	563.460403	1.043049	0.743124	7.356408
4.747000	75.588503	144.207886	566.425629	-0.155301	-0.334143	-1.199902
4.748000	75.266199	144.287659	564.397575	0.683691	0.503706	4.344649
4.749000	74.823231	144.327545	560.803070	0.204350	-0.054936	0.860078
4.750000	74.783142	144.567753	560.803070	0.444021	0.224499	3.078169
4.751000	74.259193	144.487537	557.678413	0.403929	0.184482	2.600587
4.752000	74.702162	145.169159	561.270500	0.283948	-0.014919	1.493643
4.753000	74.621180	145.570248	562.051422	0.923361	0.623759	5.930814
4.754000	73.774521	145.289703	556.740517	-0.075411	-0.254107	-1.833376
4.755000	73.774927	145.851223	557.053902	0.963159	0.703336	7.357228
4.756000	73.774521	146.211975	558.612373	-0.115210	-0.254337	-1.042517
4.757000	73.492706	146.613064	556.895161	0.763288	0.503935	5.296682
4.758000	73.451405	147.014591	557.054001	-0.035320	-0.174301	-0.566827
4.759000	73.209677	147.254799	556.427029	0.523911	0.184711	3.553041
4.760000	72.565067	147.295570	552.989586	0.483819	0.264517	3.871508
4.761000	73.209274	148.337944	557.519573	0.124460	-0.094725	0.067979
4.762000	72.926649	148.618927	556.580872	0.963159	0.623759	7.673145
4.763000	72.402700	148.819687	553.145939	0.084662	-0.134742	-0.725360
4.764000	72.402294	149.421535	554.394005	0.923361	0.543724	6.722185
4.765000	72.200249	149.662636	553.766346	-0.155301	-0.214319	-1.200721
4.766000	72.199842	150.224590	553.298977	0.883562	0.543724	7.199277
4.767000	72.360592	150.986877	555.799252	0.004479	-0.094954	-0.566008
4.768000	71.876732	150.947433	552.831554	0.283948	-0.014919	0.859258
4.769000	71.553616	151.187637	549.548843	0.523911	0.304306	3.871508
4.770000	72.076757	152.070465	554.390667	-0.035612	-0.094725	-0.249179
4.771000	71.714365	152.351891	552.204674	0.803379	0.463918	5.297501
4.772000	71.552402	152.753414	550.799519	0.204350	0.104905	1.017699
4.773000	71.631765	153.194389	551.734936	0.723782	0.384341	6.405938
4.774000	71.027241	153.074284	547.515846	0.004479	-0.134742	-0.566827
4.775000	71.268970	153.635803	549.391636	0.563709	0.344323	4.504583
4.776000	71.630959	154.318310	553.299782	0.244442	0.024869	1.019758
4.777000	70.945854	153.997883	547.831730	0.044278	-0.054936	-0.091373
4.778000	70.824383	154.278423	545.953556	0.563709	0.384341	4.345959
4.779000	70.864067	154.599289	548.453747	0.124460	-0.054936	0.384716
4.780000	70.702511	154.799606	547.830318	0.803379	0.423900	6.407178
4.781000	70.742596	155.080593	547.830318	0.204350	0.144693	1.334857
4.782000	70.540550	155.201138	547.201805	0.723782	0.423900	5.773774
4.783000	69.936022	154.920158	542.202713	0.124460	-0.054936	0.226512
4.784000	70.137260	155.281353	546.109093	0.364131	0.144693	2.284340
4.785000	70.419079	155.762657	549.547424	0.483819	0.224499	3.078498
4.786000	69.652994	155.401455	543.924789	0.204350	0.064658	0.701545
4.787000	69.290602	155.281353	542.829746	0.523911	0.224729	3.394416
4.788000	69.169130	155.320797	542.982014	0.164259	0.104905	0.384225
4.789000	69.128639	155.481232	544.392220	0.803379	0.463918	6.405610
4.790000	69.007574	155.601334	545.173683	0.044278	-0.015148	0.067068
4.791000	68.564606	155.239697	543.139160	0.563709	0.304306	4.504583
4.792000	67.718348	154.798725	538.612381	0.364131	0.184711	1.968002
4.793000	68.040657	155.279144	543.139156	0.483819	0.184711	2.761433
4.794000	67.919186	155.278702	544.704102	0.403929	0.224499	2.284340
4.795000	67.355148	154.957386	540.800919	0.483819	0.304306	3.395327
4.796000	67.072527	154.877171	540.485886	0.404222	0.104905	2.761433
4.797000	66.508894	154.435757	539.080585	0.324039	0.184711	1.176653
4.798000	66.710133	154.716740	541.423878	0.444021	0.144923	3.395327
4.799000	66.830797	154.996834	543.768692	0.364131	0.264517	2.127775
4.800000	66.024628	154.394985	539.081543	0.244442	0.065117	1.968913
4.801000	65.581255	154.154335	536.894691	0.483819	0.344323	3.395656
4.802000	65.863068	154.394543	540.331322	0.523911	0.264517	3.713304
4.803000	65.661428	154.193333	539.550415	0.244442	0.144923	1.336587
4.804000	65.540358	154.233669	538.926888	0.483819	0.304306	3.395656
4.805000	65.338312	154.032898	537.832638	0.364131	0.065117	2.601406
4.806000	64.814363	153.591934	534.865032	0.363838	0.344323	1.969242
4.807000	65.297417	154.032898	538.458015	0.164552	0.025329	0.860078
4.808000	65.458164	154.072788	539.552326	0.643892	0.463918	4.187755
4.809000	64.611506	153.471378	533.770977	0.284533	0.105135	1.967275
4.810000	64.772659	153.430611	534.867592	0.604093	0.264517	3.869778
4.811000	64.933409	153.430168	535.490547	0.444021	0.224729	3.236212
4.812000	65.013582	153.470497	535.803230	0.483819	0.264747	3.553860
4.813000	65.214417	153.671265	536.272198	0.444021	0.264747	2.761761
4.814000	65.093349	153.270176	534.239361	0.164552	-0.054707	0.860078
4.815000	64.609486	152.868649	530.646549	0.483819	0.424359	3.871018
4.816000	65.172712	153.229847	534.551228	-0.035320	-0.254107	-0.249179
4.817000	65.333055	153.349953	535.959759	0.484112	0.344323	3.395985
4.818000	64.809107	152.908978	530.960033	0.364131	0.105135	2.286163
4.819000	65.131414	153.109745	532.210705	0.604093	0.264747	3.871018
4.820000	65.050434	152.788429	531.115574	0.444021	0.304535	3.553370
4.821000	65.210777	152.908978	532.051159	0.404222	0.105135	2.919965
4.822000	65.532681	153.229847	534.553230	0.643892	0.384341	4.346287
4.823000	65.169479	152.868649	531.273769	-0.075118	-0.214089	-1.678142
4.824000	64.806280	152.548225	528.148926	0.763873	0.623759	5.138807
4.825000	65.329823	152.908535	531.582455	0.084662	-0.054248	0.542338
4.826000	65.248842	152.748100	531.115906	0.523911	0.344553	3.870527
4.827000	64.926132	152.507454	529.712357	0.364131	0.105135	2.284340
4.828000	65.167862	152.587227	530.959732	0.484112	0.304765	3.553860
4.829000	64.683189	152.066036	526.899483	0.484112	0.304765	3.871018
4.830000	64.844746	152.065155	527.834244	0.124753	-0.054248	0.701873
4.831000	65.166649	152.225586	530.648815	0.763873	0.583971	5.613748
4.832000	64.642294	151.824947	526.901333	-0.075411	-0.214089	-2.152264
4.833000	64.481144	151.463306	525.024738	0.923361	0.623759	6.881629
4.834000	64.641893	151.462864	526.117382	-0.075118	-0.214089	-0.566498
4.835000	64.561314	151.061775	525.650116	0.724075	0.384571	5.452665
4.836000	64.520422	151.221764	526.433430	0.244442	0.025329	0.700634
4.837000	64.560101	151.021004	526.745312	0.404222	0.145153	2.603228
4.838000	63.955577	150.458599	521.746365	0.683983	0.544412	5.297501
4.839000	64.156816	150.338497	523.150810	0.044863	-0.174072	-0.091465
4.840000	64.599785	150.699249	526.745480	0.844056	0.544412	6.723333
4.841000	63.954769	150.017185	523.155865	0.044863	-0.174072	-0.725360
4.842000	63.793615	149.896637	522.528084	0.923653	0.664007	7.516343
4.843000	63.713040	149.776093	522.370213	0.005065	-0.094036	-0.724540
4.844000	63.672144	149.655991	522.996311	0.683983	0.384571	5.138149
4.845000	63.833299	149.815979	525.187271	0.204643	0.065346	0.701782
4.846000	63.752317	149.535004	524.248558	0.204643	-0.014230	0.385627
4.847000	63.026724	149.013371	519.716156	0.644185	0.464606	5.615570
4.848000	63.187879	149.093143	520.654057	0.124753	-0.054248	0.385956
4.849000	63.389117	149.253136	523.936043	0.923653	0.544412	6.881629
4.850000	63.106492	149.133034	521.280312	0.044863	-0.094036	-0.249179
4.851000	62.824677	148.771832	520.186153	0.923653	0.664007	7.199277
4.852000	62.501562	148.329971	518.311180	0.005065	-0.133824	-0.725031
4.853000	62.501157	148.530300	519.093700	0.444313	0.185170	3.236794
4.854000	62.863550	148.770504	521.123585	0.444313	0.264977	2.604867
4.855000	62.339601	148.288761	517.218079	0.124753	0.105364	0.067979
4.856000	61.936316	147.847343	514.874950	0.724368	0.424818	5.612109
4.857000	62.218937	148.169540	515.029785	0.164845	-0.054018	0.544160
4.858000	61.937122	147.649242	516.592957	0.844056	0.743813	6.723096
4.859000	62.097466	147.929333	516.128178	0.124753	-0.214089	-0.408623
4.860000	61.815652	147.607578	514.408112	0.644185	0.304994	4.820830
4.861000	61.048760	147.165279	509.251137	0.164845	0.145153	1.178383
4.862000	61.572304	147.645699	511.125565	0.524496	0.185170	2.919475
4.863000	61.531412	147.605370	513.001526	0.284826	0.225188	2.759939
4.864000	61.087632	147.243725	508.158932	0.324625	0.225188	1.813189
4.865000	60.604174	147.044292	506.753784	0.644477	0.265206	4.664027
4.866000	60.443425	146.844414	506.284912	0.244735	0.105364	1.018939
4.867000	60.241784	146.804527	505.348000	0.724075	0.464836	6.091422
4.868000	60.201294	147.205166	506.286057	0.284533	0.185170	1.652834
4.869000	59.597573	146.684425	502.537605	0.324625	0.105135	2.445607
4.870000	58.751725	146.163673	498.164051	0.483819	0.264747	3.395656
4.871000	58.872790	146.404774	499.567848	0.444021	0.224729	3.078008
4.872000	58.952559	146.725197	500.662254	0.444313	0.184711	3.236541
4.873000	58.106707	146.243893	494.881943	0.403929	0.224729	1.809071
4.874000	57.341839	145.963356	492.385750	0.444021	0.224729	3.713304
4.875000	56.898867	145.642052	490.039505	0.204350	0.184482	1.493390
4.876000	56.535666	145.520615	488.007633	0.444021	0.065117	3.236794
4.877000	56.455497	145.560059	487.695290	0.523911	0.463918	3.712393
4.878000	55.528664	144.917439	482.072918	0.164552	-0.094725	0.860078
4.879000	54.602642	144.313824	477.073429	0.604093	0.344323	3.553370
4.880000	54.441488	144.071400	475.354248	0.484112	0.224729	3.237452
4.881000	53.998114	143.747875	474.572067	0.484112	0.224959	3.395656
4.882000	53.031197	143.184582	468.793510	0.364716	0.344553	2.919475
4.883000	52.386989	142.580963	466.138042	0.364716	0.145382	2.603228
4.884000	51.581628	141.735367	460.825073	0.284826	0.225188	1.018939
4.885000	50.937018	141.011646	457.699059	0.324917	0.105824	1.335111
4.886000	50.736587	140.808666	458.012077	0.364716	0.304994	3.237452
4.887000	49.689495	139.683418	452.077179	0.444899	0.345242	3.395327
4.888000	48.723385	138.797935	446.610439	0.564588	0.145841	3.238363
4.889000	48.522957	138.234638	445.358498	0.564588	0.345242	3.712814
4.890000	47.718001	137.429379	442.234005	0.325503	0.066265	2.286163
4.891000	46.832871	136.545219	438.331245	0.525082	0.425277	3.871346
4.892000	46.108896	135.700062	435.676720	0.005943	-0.133365	-0.091465
4.893000	45.062211	134.614700	428.958538	0.565173	0.505083	3.712814
4.894000	44.298146	133.689770	424.893734	0.125339	-0.053329	0.702785
4.895000	43.937371	133.205814	425.052189	0.565173	0.305912	3.554609
4.896000	42.891493	132.160339	418.023865	0.525082	0.265895	3.237123
4.897000	41.644376	130.914536	412.399258	0.445485	0.186318	2.919475
4.898000	41.001787	129.988724	407.555401	0.485283	0.266124	3.712814
4.899000	40.036889	128.742485	401.774462	0.046327	-0.172694	0.385136
4.900000	39.233551	127.976662	398.185362	0.924825	0.745190	7.042221
4.901000	38.148395	126.729977	391.310434	-0.193636	-0.292288	-2.310468
4.902000	36.821108	125.001995	382.406420	0.844935	0.585578	5.930997
4.903000	35.656184	123.634323	375.373461	0.046034	-0.092429	0.067979
4.904000	35.094573	122.466969	371.780268	0.685447	0.386178	4.346379
4.905000	33.808988	121.019081	363.972506	0.405686	0.186777	2.127959
4.906000	32.160605	119.009678	355.066818	0.445485	0.266583	2.920386
4.907000	31.197325	117.240479	346.786657	0.605265	0.386178	4.662954
4.908000	29.710097	115.230185	338.504963	0.046327	-0.132676	-0.248758
4.909000	28.989354	113.862070	333.821888	0.964916	0.546019	6.723425
4.910000	27.462039	111.691345	325.229843	-0.073654	-0.052641	-0.883564
4.911000	25.814466	109.279964	314.137617	0.925117	0.665614	6.724336
4.912000	24.045824	106.867708	305.077589	-0.073361	-0.132217	-1.515399
4.913000	22.841623	104.696093	300.076130	0.525667	0.426425	4.029642
4.914000	21.355607	102.444710	292.111946	0.365887	0.147219	1.809728
4.915000	19.588179	99.911901	282.582817	0.285997	0.027395	1.018702
4.916000	17.537318	96.777685	271.490582	0.685740	0.466443	4.662626
4.917000	15.850467	94.124331	263.681131	0.126510	-0.052181	-0.090554
4.918000	14.686756	91.911945	259.620840	0.805722	0.586496	5.932566
4.919000	12.717685	88.897390	250.714754	0.086711	0.027854	0.067160
4.920000	10.627546	85.561972	239.781265	0.845813	0.666532	6.723425
4.921000	8.577898	82.627636	231.815313	0.126803	0.108119	-0.249669
4.922000	6.850152	79.652527	225.099215	0.326674	0.227714	2.602501
4.923000	5.122810	76.918514	219.633780	0.526546	0.347767	3.078919
4.924000	3.113249	73.703196	211.041807	0.127096	0.108349	-0.406962
4.925000	0.499565	70.006138	198.699717	0.886490	0.587415	6.406359
4.926000	-1.349248	67.151573	192.765161	0.167187	0.068790	0.226932
4.927000	-2.714602	64.337341	190.422628	0.966380	0.707468	7.199697
4.928000	-4.925403	61.162353	181.362515	0.047791	-0.050575	-0.089805
4.929000	-7.177098	57.906708	172.460262	0.887076	0.668139	6.407599
4.930000	-9.226746	54.891711	165.430598	0.128267	0.109497	0.385465
4.931000	-11.317288	51.636509	158.400844	0.367644	0.189303	1.809912
4.932000	-12.602470	49.584558	157.309760	0.447827	0.269338	2.762182
4.933000	-14.572350	46.610335	149.811068	0.128267	-0.009868	-0.564746
4.934000	-16.904217	43.356462	139.658075	0.727881	0.509216	5.297033
4.935000	-18.793924	40.663219	133.095738	0.168358	0.110185	0.227843
4.936000	-19.676629	38.652927	134.033336	0.767972	0.469427	5.931908
4.937000	-21.727893	36.000457	125.598345	0.128560	0.110415	-0.723861
4.938000	-23.456448	33.468534	118.726532	0.608192	0.310274	3.871201
4.939000	-24.782928	31.338580	114.351707	0.209035	0.349833	1.021182
4.940000	-26.713934	28.646665	106.070408	0.328724	0.270486	2.762274
4.941000	-26.911536	27.600304	108.727529	0.448998	0.270486	2.762931
4.942000	-28.762370	25.189369	102.011086	0.288925	0.270486	0.704445
4.943000	-30.128937	23.019973	94.356764	0.768265	0.390539	5.615500
4.944000	-31.375648	21.291545	90.295251	0.288925	0.350522	0.862978
4.945000	-32.018240	19.724439	89.199764	0.568979	0.231157	4.505516
4.946000	-32.862070	18.316880	84.516335	0.409199	0.470575	2.287569
4.947000	-33.544746	16.750216	80.768232	0.369401	0.231386	2.762274
4.948000	-34.469962	15.142779	76.236007	0.449291	0.310963	2.445774
4.949000	-35.153042	13.576557	70.141570	0.369694	0.390999	2.288152
4.950000	-34.508027	12.891836	74.046622	0.489382	0.391228	3.395586
4.951000	-34.748138	11.486491	69.518576	0.329602	0.311422	1.019543
4.952000	-34.666755	10.241580	63.114572	0.569272	0.271863	3.874171
4.953000	-34.061825	9.357866	61.862023	0.170115	0.351440	0.385886
4.954000	-33.295742	8.033180	57.798835	0.489675	0.232075	2.921718
4.955000	-31.966028	7.591324	56.707429	0.569565	0.511281	2.919987
4.956000	-30.475565	6.949146	55.927829	0.489968	0.232305	2.446777
4.957000	-29.387580	5.705563	49.208917	0.369986	0.352129	2.129128
4.958000	-27.937203	4.983611	44.989381	0.609949	0.431935	3.556760
4.959000	-25.802128	4.743845	47.798600	0.290389	0.152728	1.970175
4.960000	-24.472010	4.141998	44.208528	0.489968	0.392146	2.288572
4.961000	-23.223276	3.381045	39.366995	0.250590	0.072922	1.494905
4.962000	-21.893966	2.859856	39.206913	0.410078	0.511970	2.288809
4.963000	-21.047307	1.777150	32.333166	0.370572	0.152728	1.971086
4.964000	-19.072981	1.977913	34.834503	0.530352	0.511970	3.871859
4.965000	-17.703989	1.657489	34.520638	0.570443	0.272552	2.605309
4.966000	-16.857733	0.976310	28.116564	0.330480	0.312570	2.445046
4.967000	-15.810643	0.575225	24.677860	0.730223	0.512200	4.349279
4.968000	-14.682977	0.134254	24.673948	0.130902	-0.046213	-0.090953
4.969000	-13.152427	0.414791	23.739608	0.810113	0.632024	4.982355
4.970000	-11.823117	0.255243	22.022029	-0.068384	-0.126019	-1.833354
4.971000	-10.614874	-0.025737	19.363190	0.650333	0.512659	4.190747
4.972000	-9.890494	-0.546926	12.955905	0.251176	0.113629	0.705027
4.973000	-7.998362	-0.105069	16.703891	0.610535	0.512888	4.504023
4.974000	-7.111616	-0.145399	14.517921	0.451048	0.273471	2.446777
4.975000	-6.186401	-0.265059	9.832736	0.451048	0.273471	2.446027
4.976000	-5.220292	-0.345276	8.110981	0.611120	0.473100	4.191566
4.977000	-4.012048	-0.464938	4.672912	0.011799	-0.125330	-1.040345
4.978000	-2.200492	0.538437	6.860040	0.970772	0.832342	6.566062
4.979000	0.013542	1.181501	7.172188	-0.147688	-0.244925	-2.306986
4.980000	1.302362	1.021953	1.857370	0.810992	0.672960	4.664378
4.981000	2.791612	0.983837	-0.952924	0.172165	0.034741	0.861339
4.982000	4.041154	1.624686	5.138566	0.651505	0.473789	4.190747
4.983000	1.666775	1.021067	3.578585	0.451633	0.353736	2.763023
4.984000	-1.276490	0.901406	3.891974	0.331652	0.114317	1.653438
4.985000	1.341235	1.183715	2.796948	0.611120	0.632942	5.140888
4.986000	0.498618	0.299558	-1.734729	0.051890	-0.005277	-1.198058
4.987000	1.303170	1.222716	4.357806	0.970772	0.672960	6.250144
4.988000	1.019738	1.544026	6.858792	-0.067798	-0.165118	-1.675150
4.989000	0.416020	0.621754	0.768912	0.891175	0.752766	5.457388
4.990000	0.860606	0.821189	0.298273	0.171579	0.114317	0.545912
4.991000	0.657750	0.982066	2.953288	0.411249	0.313718	1.970595
4.992000	0.697432	0.741858	2.483463	0.571322	0.313947	3.079431
4.993000	1.303575	1.502811	4.360205	0.051890	0.074300	-0.088894
4.994000	0.496192	0.701971	2.484348	1.010863	0.792783	7.041914
4.995000	0.376338	0.581424	-1.422129	-0.068091	-0.165118	-1.515706
4.996000	1.021355	1.262160	3.889575	0.930973	0.832572	6.725506
4.997000	1.019738	1.142942	6.389931	-0.028000	-0.045065	-1.357993
4.998000	0.820115	0.941293	0.454453	0.890882	0.752766	5.774545
4.999000	0.537087	0.902292	1.233763	0.132366	0.034052	0.385886
5.000000	0.657750	0.701528	2.169253	0.331359	0.194124	1.019964
5.001000	0.980864	1.261717	2.796860	0.691303	0.433542	4.822582
5.002000	1.060228	1.303376	6.545475	0.012092	0.114088	-0.723441
5.003000	0.939970	0.941293	1.858166	1.010863	0.712978	6.248085
5.004000	0.456915	0.780859	0.141217	0.012092	0.114317	0.861668
5.005000	0.697027	0.861519	3.730836	0.891175	0.673189	6.090792
5.006000	1.423833	1.381379	5.295526	0.251762	0.154335	-0.247588
5.007000	0.536279	0.901406	2.641493	0.611706	0.473789	5.140068
5.008000	1.140400	1.101727	4.047517	0.411542	0.233912	1.178405
5.009000	0.577982	0.779974	0.296671	0.091982	0.273930	0.703135
5.010000	0.575152	0.821189	3.265091	0.651505	0.473789	4.506174
5.011000	1.625072	1.501040	6.389843	0.291560	0.234141	0.863889
5.012000	0.496192	0.900520	1.548858	0.691596	0.553595	5.300003
5.013000	0.656537	0.780416	1.235533	0.411542	0.234141	1.177586
5.014000	0.899884	0.979409	2.639883	0.531523	0.434001	4.031885
5.015000	0.776796	0.980737	3.888866	0.331944	0.274159	1.022422
5.016000	1.180486	1.180172	4.203945	0.531523	0.394213	2.286513
5.017000	0.939565	1.180172	3.265260	0.291853	0.274159	2.289392
5.018000	0.171866	0.498993	-0.639607	0.411542	0.234141	1.178168
5.019000	0.898671	0.938636	2.481853	0.691596	0.474019	4.190747
5.020000	0.978439	1.139843	4.982378	0.132366	0.154794	0.225714
5.021000	0.775987	0.939522	1.703596	0.971065	0.553825	4.980878
5.022000	0.778008	1.099070	2.016196	0.052183	0.114777	0.704774
5.023000	0.454085	0.698429	1.387704	0.611706	0.314177	3.396260
5.024000	0.897458	0.897864	2.481136	0.611706	0.473789	2.763023
5.025000	1.099102	1.419495	5.295695	0.212256	0.274389	2.289392
5.026000	0.856159	1.098184	2.953288	0.771486	0.474019	2.445046
5.027000	0.656537	0.817647	1.388501	0.371743	0.474019	2.922467
5.028000	0.775583	0.978081	2.481136	0.451926	0.155024	2.445865
5.029000	1.098293	1.097742	5.294093	0.372036	0.274159	0.860849
5.030000	1.138783	1.298505	4.358691	0.252347	0.155024	2.922629
5.031000	0.896246	1.177958	3.577055	0.611706	0.314177	1.653438
5.032000	0.574344	0.655885	1.231364	0.331944	0.194812	2.130859
5.033000	0.815669	0.976752	2.325593	0.571907	0.474019	2.763023
5.034000	1.339618	1.577714	7.639871	0.571907	0.274389	3.080342
5.035000	0.896246	1.016197	2.797028	0.372036	0.274848	1.971835
5.036000	0.574344	0.815433	1.076866	0.731687	0.514037	4.506174
5.037000	0.815669	0.895650	2.324876	0.172457	-0.004588	1.179316
5.038000	0.895841	0.975424	2.637396	0.611706	0.553825	2.763023
5.039000	1.178061	1.296291	5.138718	0.172457	-0.004588	0.225714
5.040000	1.016100	1.095085	4.357081	0.571907	0.633860	3.713655
5.041000	0.291720	0.533567	-1.111767	0.532109	0.274848	2.128800
5.042000	0.734284	0.854434	2.011471	0.691889	0.554284	4.508723
5.043000	1.378492	1.495284	7.167551	0.611999	0.474248	4.032542
5.044000	0.693794	1.014426	1.547505	0.492310	0.115236	2.128800
5.045000	0.814456	0.974096	2.013073	0.611999	0.594072	4.191075
5.046000	0.653708	0.933323	1.075176	0.052769	-0.044376	-0.723936
5.047000	0.773966	0.893436	2.324159	0.652090	0.713896	5.298693
5.048000	1.257021	1.374294	5.137913	0.052769	-0.044376	-1.356845
5.049000	0.894629	1.133644	3.577135	0.691889	0.434460	4.506174
5.050000	0.451256	0.612455	-0.175312	0.412713	0.315095	2.130039
5.051000	0.652899	0.851778	0.918031	0.731687	0.514266	4.506756
5.052000	1.256212	1.372966	7.166834	0.412713	0.315095	2.447105
5.053000	0.934311	0.931994	2.168616	0.492310	0.275077	1.495816
5.054000	0.813244	1.011326	1.698943	0.731980	0.634319	4.823240
5.055000	0.571514	0.731231	1.229923	-0.186609	-0.044147	-1.990647
5.056000	0.772753	0.891222	1.854326	1.131430	0.833949	7.042663
5.057000	1.215722	1.411967	6.073394	0.053061	-0.044147	-0.405302
5.058000	0.893012	1.010883	3.260526	0.612292	0.514495	4.665618
5.059000	0.369467	0.609356	-0.642659	0.572200	0.315095	2.604490
5.060000	0.771945	0.809677	1.697341	0.372914	0.235289	2.130368
5.061000	1.093847	1.169989	5.914656	0.731980	0.594531	3.873681
5.062000	0.933098	1.290535	4.513590	0.173043	0.075907	0.225714
5.063000	1.013270	1.090215	3.573126	1.012034	0.834179	6.566062
5.064000	0.449235	0.688244	0.448374	0.132951	-0.123723	-1.198549
5.065000	0.730646	0.848678	2.790781	1.012327	0.833949	7.836492
5.066000	1.255000	1.248877	5.918019	0.212841	0.115924	-0.406121
5.067000	0.810819	1.008227	3.263730	0.811870	0.554973	5.296796
5.068000	0.690560	0.928010	0.917403	0.093153	0.195731	0.072119
5.069000	0.650070	0.846907	2.167006	0.452804	0.195731	1.652619
5.070000	0.890587	1.007784	3.571612	0.692474	0.515414	5.141799
5.071000	1.093038	1.247549	4.511988	0.133244	-0.003670	-1.039196
5.072000	0.729838	1.007341	2.949696	1.012034	0.794391	7.199628
5.073000	0.488109	0.766248	-0.176834	-0.066334	-0.003670	-1.039105
5.074000	0.609175	0.846022	2.323514	1.092217	0.794620	7.041095
5.075000	1.010845	1.086230	4.666646	-0.066334	-0.043229	-1.831624
5.076000	0.850501	0.925796	2.481296	0.692474	0.515414	5.456897
5.077000	0.608367	0.886352	1.699111	0.252933	0.076366	-0.089055
5.078000	0.729029	0.845579	1.385538	0.053647	0.155942	0.071300
5.079000	0.688943	0.764476	2.633636	0.852547	0.555202	4.983266
5.080000	1.010441	1.246663	4.667443	0.213134	0.076366	-0.564325
5.081000	0.929864	1.125231	2.636034	0.892346	0.595220	6.408440
5.082000	0.366233	0.683816	0.761054	0.413298	0.235978	1.020293
5.083000	0.728625	0.964797	1.383936	0.852547	0.595449	6.091282
5.084000	0.809202	0.963912	4.196016	0.093738	0.116384	-0.564325
5.085000	0.969950	1.124788	3.572409	0.652676	0.475626	3.712016
5.086000	0.809202	1.204562	3.415344	0.373500	0.316013	2.289392
5.087000	0.607154	0.722818	1.696624	0.333408	0.235978	-0.088872
5.088000	0.566664	0.722818	0.914996	0.692767	0.555432	4.981535
5.089000	1.251766	1.324223	6.383844	0.333116	0.236437	1.178497
5.090000	0.969142	1.123017	2.947121	0.972821	0.595449	5.616341
5.091000	0.606750	0.842479	1.853769	0.173336	0.236437	0.071300
5.092000	0.686922	0.962583	2.633636	0.852840	0.475855	4.981535
5.093000	0.727413	0.721490	2.006825	0.173921	0.316013	1.337030
5.094000	1.090209	1.202791	4.510466	0.493189	0.396049	2.288572
5.095000	1.049314	1.082245	3.728032	0.493189	0.396049	2.920737
5.096000	0.445193	0.560613	0.290592	0.333408	0.396049	1.653859
5.097000	0.525769	0.640830	0.446932	0.533280	0.316473	3.081162
5.098000	1.250149	1.281680	6.226699	0.173921	0.236667	-0.090365
5.099000	0.807181	1.121689	3.730439	0.813041	0.516103	5.140322
5.100000	0.686114	0.920925	1.852964	0.173921	0.236667	0.071300
5.101000	0.686114	0.800378	2.163970	0.533280	0.356490	3.398411
5.102000	0.686114	0.719719	1.698226	0.533280	0.475855	3.241355
5.103000	1.008016	1.201463	4.508856	0.533573	0.476085	2.763023
5.104000	0.968334	1.120361	4.196176	0.373500	0.276684	2.130039
5.105000	0.403490	0.719719	-0.491761	0.693353	0.595679	4.348552
5.106000	0.363808	0.598729	-0.491681	0.413591	0.196878	2.130039
5.107000	1.128678	1.160248	5.911692	0.333701	0.316473	1.178825
5.108000	0.927035	1.080031	3.570887	0.453683	0.316702	2.287424
5.109000	0.766286	0.959484	2.320391	0.573371	0.436526	3.399068
5.110000	0.564643	0.638616	1.383219	0.413591	0.236896	1.653859
5.111000	0.604729	0.638174	1.068929	0.653554	0.516103	4.188618
5.112000	1.289831	1.480672	5.600605	0.653554	0.396508	3.396589
5.113000	0.926631	1.079588	3.883576	0.373793	0.236896	1.336210
5.114000	0.564239	0.718390	1.071416	0.573371	0.516103	4.190094
5.115000	0.564239	0.678061	0.288185	0.333701	0.117302	1.496145
5.116000	1.087784	1.078702	4.818180	0.493481	0.396508	2.130039
5.117000	1.007207	1.199249	4.822269	0.134415	-0.042081	-0.880901
5.118000	0.846054	0.998928	2.477536	0.733737	0.555891	4.665127
5.119000	0.402681	0.597401	-0.023698	0.413884	0.237126	1.970267
5.120000	0.523748	0.677175	0.600705	0.653554	0.396508	3.395608
5.121000	1.248532	1.318910	6.070439	0.653554	0.356720	3.399068
5.122000	0.926227	1.078702	3.727236	0.533573	0.316932	2.763115
5.123000	0.603920	0.917825	1.696704	0.533573	0.596138	3.082660
5.124000	0.523344	0.756949	0.758736	0.054525	-0.002292	-0.881391
5.125000	0.845246	0.877496	3.412945	0.892931	0.795539	5.458137
5.126000	1.046889	1.318467	5.291289	0.174214	-0.002292	-0.406121
5.127000	0.926227	1.078259	3.102824	0.653554	0.436526	3.715477
5.128000	0.361787	0.636845	-0.648021	0.493774	0.396738	3.240697
5.129000	0.563430	0.756949	0.915873	0.613756	0.356720	3.240536
5.130000	1.288214	1.197035	5.911692	0.613756	0.556579	2.921976
5.131000	0.804755	1.117261	3.258367	0.294195	0.197108	1.337612
5.132000	0.764669	1.037044	1.853929	0.973114	0.795768	6.567302
5.133000	0.724179	0.836723	2.007790	-0.185437	-0.162134	-2.942519
5.134000	0.522131	0.635517	0.444445	0.973114	0.835556	6.408769
5.135000	1.167148	1.317582	5.599889	0.134415	-0.002063	-0.090694
5.136000	1.005590	1.116818	2.945687	0.613756	0.516562	3.556944
5.137000	0.441959	0.675404	0.289956	0.573957	0.276914	2.445467
5.138000	0.764265	0.956384	2.006985	0.493774	0.356950	2.763934
5.139000	1.005590	1.116375	4.816578	0.653847	0.436526	4.030904
5.140000	0.804351	1.036159	2.945679	0.094617	-0.081869	-1.356753
5.141000	0.925418	1.156262	2.944962	1.013206	0.835786	7.042663
5.142000	0.522131	0.675404	0.757126	-0.065456	-0.122116	-2.149180
5.143000	0.643198	0.634631	0.757206	1.053004	0.835786	6.724686
5.144000	1.247320	1.316253	5.910090	0.054818	-0.042081	-0.722529
5.145000	0.924610	1.115933	3.101222	0.733737	0.556579	4.982118
5.146000	0.683689	0.875282	2.007790	0.214305	0.237355	0.546171
5.147000	0.723371	0.834952	1.850645	0.214305	0.117761	1.019473
5.148000	0.723371	0.794179	2.943112	0.893224	0.676174	5.616341
5.149000	1.005186	1.115933	3.569454	0.214598	0.077743	-0.564325
5.150000	1.005186	1.315810	4.040076	1.013206	0.755980	6.883219
5.151000	0.562218	0.794622	1.227039	0.134708	0.077743	-0.881391
5.152000	0.562218	0.634631	-0.337023	1.013206	0.716192	6.408769
5.153000	1.125849	1.315810	5.442743	0.014727	-0.002063	-1.197891
5.154000	0.924610	0.994943	3.415512	0.613756	0.516791	3.555305
5.155000	0.723371	0.914726	2.007790	0.534158	0.356950	2.288572
5.156000	0.723371	0.834509	2.320391	-0.065456	-0.041851	-1.514957
5.157000	0.521727	0.553972	0.443729	0.973407	0.795998	6.090792
5.158000	0.884119	1.074717	2.788622	0.094617	0.037955	-0.404299
5.159000	1.206830	1.315810	5.757919	0.973407	0.716192	6.092522
5.160000	0.521727	0.794179	1.070699	0.214305	0.117761	0.228194
5.161000	0.320488	0.713963	-0.648826	0.773828	0.636615	6.566973
5.162000	1.045272	1.074717	5.286403	0.174507	0.117761	-0.722529
5.163000	0.803947	1.114604	3.101222	0.413884	0.277143	2.447197
5.164000	0.763861	1.155377	2.477616	0.613756	0.436985	3.874667
5.165000	0.723371	0.794179	1.691898	0.214305	0.277143	-0.881391
5.166000	0.279998	0.553972	-0.963116	0.813627	0.397197	5.456897
5.167000	1.045272	1.235594	4.193849	0.214598	0.197338	0.228194
5.168000	1.125445	1.235151	5.443709	0.973114	0.636615	6.884292
5.169000	0.843629	1.034387	2.164131	0.134708	0.037725	-0.403642
5.170000	0.561813	0.794179	0.443720	0.693938	0.556809	4.190019
5.171000	0.601900	0.793737	2.316302	0.294195	0.237355	1.496474
5.172000	1.045272	1.235151	4.351719	0.454561	0.317161	1.653859
5.173000	1.004782	1.235151	4.039916	0.374378	0.357409	1.972655
5.174000	0.521323	0.753850	0.912669	0.334287	0.277143	1.811243
5.175000	0.400660	0.553086	-0.806688	0.534158	0.237355	3.240697
5.176000	1.085358	1.275038	5.599889	0.214305	0.277143	0.069990
5.177000	1.004782	1.154491	4.662805	0.693938	0.397197	4.189690
5.178000	0.642390	0.834066	1.538125	0.294195	0.277143	0.704704
5.179000	0.602304	0.793737	0.912749	0.294488	0.117991	1.655098
5.180000	0.440747	0.632860	0.599264	0.614048	0.436985	2.921648
5.181000	1.165935	1.194378	5.757919	0.573957	0.477003	2.921648
5.182000	1.044868	1.314925	5.602376	0.374378	0.237355	2.287753
5.183000	0.521323	0.713520	0.132802	0.374378	0.397197	2.129549
5.184000	0.400256	0.713520	-0.493283	0.454561	0.277373	3.240536
5.185000	1.084954	1.153606	5.285679	0.254397	0.197338	1.020293
5.186000	0.923801	1.033945	4.195459	0.294488	0.117991	1.495326
5.187000	0.762648	1.033945	1.696784	0.693938	0.556809	4.507414
5.188000	0.601900	0.913398	1.694385	0.334580	0.157779	1.971835
5.189000	0.359766	0.512313	-0.650428	0.614048	0.477003	3.240536
5.190000	1.085358	1.113719	4.973078	0.574250	0.397197	2.763934
5.191000	1.084954	1.234265	5.599889	0.454561	0.357409	2.924289
5.192000	0.399852	0.632417	-0.962231	0.453975	0.437215	2.129878
5.193000	0.521323	0.833624	0.600229	0.334580	0.117991	1.812391
5.194000	0.923801	0.913398	3.566878	0.573957	0.556809	2.446286
5.195000	0.762648	0.993615	3.413105	0.214598	-0.001604	0.544602
5.196000	0.923801	1.154048	2.944962	0.654140	0.477003	3.399068
5.197000	0.682476	0.793294	2.006189	0.574250	0.437215	2.445957
5.198000	0.400256	0.592530	-0.493283	0.614048	0.437215	4.031815
5.199000	1.125445	1.193935	5.441939	0.454561	0.437215	2.287753
5.200000	1.044868	1.154048	5.443629	0.294488	0.197797	2.129711
5.201000	0.521323	0.713520	-0.647941	0.693938	0.596827	4.981864
5.202000	0.843629	1.033945	3.257562	-0.025072	-0.161445	-1.832443
5.203000	0.561409	0.672747	1.691898	0.813920	0.836245	4.823423
5.204000	0.883715	1.033945	2.943360	0.174800	-0.001833	-0.087233
5.205000	1.125445	1.314925	5.757919	0.574250	0.557039	3.395608
5.206000	0.601900	0.833624	1.383299	0.574250	0.197797	2.921648
5.207000	0.480833	0.713520	-0.337023	0.614048	0.477233	4.190348
5.208000	1.125445	1.114161	5.287289	0.574250	0.437215	2.763444
5.209000	0.883715	1.033945	3.413990	0.134708	0.038185	0.071553
5.210000	0.521323	0.834066	0.915953	0.893810	0.836245	6.250565
5.211000	0.924206	1.034387	3.724829	-0.184852	-0.121428	-1.990647
5.212000	0.360170	0.392652	-0.648826	0.893810	0.676633	5.931768
5.213000	0.803947	1.034387	2.787020	0.094617	-0.001604	-0.564325
5.214000	1.125849	1.275038	5.443629	0.813920	0.596827	4.665710
5.215000	0.601900	0.834066	1.697589	0.214598	0.117761	1.179408
5.216000	0.320488	0.713963	0.132802	0.534158	0.397426	2.763115
5.217000	0.843629	0.834066	3.724740	0.654140	0.477003	4.348552
5.218000	0.803947	0.994057	2.476819	0.094617	0.037955	-0.404299
5.219000	0.763457	0.994943	2.165016	0.893810	0.756209	5.932588
5.220000	0.964696	0.955056	3.569285	0.134708	-0.001833	0.069990
5.221000	0.239912	0.553972	-1.431260	0.933316	0.756209	6.250236
5.222000	0.965100	1.195707	4.351711	0.134708	0.038185	-0.086905
5.223000	1.206830	1.315368	5.914179	0.733737	0.517021	4.823914
5.224000	0.643198	0.874839	1.384184	0.374378	0.277373	1.654187
5.225000	0.643198	0.794622	1.380095	0.254397	0.077973	0.861760
5.226000	0.562218	0.674076	1.534753	0.813920	0.676633	6.250565
5.227000	0.924610	1.035716	3.882771	0.174507	0.077973	-0.562503
5.228000	1.085763	1.316253	5.288085	0.813920	0.596827	6.250236
5.229000	0.803947	0.915169	3.256765	0.134415	0.037955	-0.564325
5.230000	0.320488	0.554857	-0.961426	0.973407	0.836245	6.250236
5.231000	1.005590	1.115933	4.037429	0.054818	-0.001833	-0.880243
5.232000	1.045676	1.156262	5.288085	0.534158	0.357409	1.970687
5.233000	0.723775	0.955941	2.321276	0.574250	0.397426	3.241355
5.234000	0.764265	0.916054	2.789419	0.014727	0.037955	-1.356753
5.235000	0.240316	0.434753	-1.275000	0.813920	0.636845	5.615101
5.236000	1.086571	1.196592	5.131745	0.174800	0.237355	1.178825
5.237000	1.247724	1.477573	6.383924	1.053590	0.756209	6.725597
5.238000	0.481641	0.675404	0.600866	0.134708	-0.041851	-1.197309
5.239000	0.361383	0.595187	-0.337023	0.853718	0.596827	6.250236
5.240000	1.005590	0.996271	4.974600	0.134708	0.117761	-0.406121
5.241000	0.804755	1.036601	3.571056	0.334580	0.277373	2.130131
5.242000	0.804755	1.116818	2.789507	0.534158	0.277373	3.080181
5.243000	0.724179	0.876610	2.475934	0.214598	0.197797	0.704046
5.244000	0.160143	0.275205	-1.898598	0.773828	0.517021	4.823914
5.245000	1.167148	1.197035	5.131745	0.214598	0.157779	0.546171
5.246000	1.248128	1.236922	6.070439	0.773828	0.596827	5.774545
5.247000	0.361787	0.635960	-0.491681	0.294488	0.237355	1.021112
5.248000	0.563430	0.756949	0.600866	0.534158	0.357409	3.872371
5.249000	0.764669	0.796836	3.569285	0.454561	0.237355	1.971253
5.250000	0.966313	1.077374	3.882690	0.453975	0.436985	3.080181
5.251000	1.127061	1.278137	4.039916	0.374378	0.237355	2.288901
5.252000	0.765074	0.957270	2.633079	0.334287	0.356950	1.495654
5.253000	0.281210	0.436081	-1.585113	0.693938	0.437215	4.665381
5.254000	1.208042	1.198363	5.286403	0.254397	0.237355	0.386727
5.255000	1.046889	1.158033	5.599889	0.534158	0.277373	2.605401
5.256000	0.644411	0.797279	0.759613	0.573957	0.436985	2.447105
5.257000	0.644815	0.917825	1.536435	0.334287	0.237355	1.653859
5.258000	0.644411	0.677175	1.692615	0.534158	0.356950	2.921648
5.259000	0.966717	1.078259	3.726430	0.534158	0.436985	2.764263
5.260000	1.248532	1.318910	5.914179	0.534158	0.356950	3.238056
5.261000	0.604325	0.797722	1.696704	0.413884	0.476773	1.971835
5.262000	0.483662	0.597401	-0.803564	0.573957	0.277143	3.082003
5.263000	1.168360	1.118589	6.067952	0.453975	0.356950	1.813631
5.264000	0.926227	1.078259	4.194494	0.374378	0.117761	1.970687
5.265000	0.765074	0.958598	1.541161	0.653847	0.516791	4.507414
5.266000	0.846054	0.958598	3.101859	0.453975	0.317161	2.921648
5.267000	0.443172	0.557514	0.132642	0.573957	0.436985	2.921648
5.268000	0.926631	1.038372	3.569285	0.573957	0.476773	3.399068
5.269000	1.208042	1.239579	6.383924	0.334287	0.237355	1.653859
5.270000	0.523748	0.798164	0.917483	0.693938	0.596597	3.875578
5.271000	0.524152	0.718390	0.446932	0.134708	-0.041851	-0.880901
5.272000	1.007207	0.998928	4.350834	0.733737	0.676174	4.032542
5.273000	0.765882	0.958598	2.632999	0.134708	0.037955	1.019964
5.274000	0.765882	1.079145	2.791826	0.653847	0.516791	3.399068
5.275000	0.967121	0.998928	4.040632	0.573957	0.317161	2.921648
5.276000	0.363000	0.597844	-0.804449	0.573957	0.436985	3.240536
5.277000	0.926631	0.998928	3.725625	0.613756	0.477003	3.241355
5.278000	1.047698	1.159362	5.288005	0.214598	0.037955	-0.087891
5.279000	0.604325	0.838052	1.229358	0.853718	0.755980	5.775203
5.280000	0.765882	0.959041	2.166449	-0.184852	-0.081869	-1.514466
5.281000	0.604325	0.597844	1.536275	0.853718	0.676174	5.616670
5.282000	0.967121	1.038815	3.882690	0.174800	0.037955	0.227536
5.283000	1.128274	1.279909	4.976999	0.773828	0.596827	4.982775
5.284000	0.765074	0.877939	2.632194	0.454561	0.277373	2.129549
5.285000	0.403086	0.597844	-0.648906	0.614048	0.397197	2.605401
5.286000	0.966717	1.038815	3.880284	0.693938	0.516791	4.347970
5.287000	0.926631	0.998928	4.038234	0.134708	-0.041851	-1.355842
5.288000	0.886545	1.119032	2.790224	0.973407	0.836245	6.566482
5.289000	0.927035	1.038815	3.727227	-0.025072	-0.081869	-1.515286
5.290000	0.443172	0.477297	-1.117935	0.853718	0.756209	5.934081
5.291000	0.967121	1.038815	3.570002	0.214598	0.077973	-0.086905
5.292000	1.289023	1.359683	6.539467	0.614048	0.436985	3.715477
5.293000	0.684901	0.918711	2.321196	0.574250	0.397197	2.763934
5.294000	0.483662	0.678061	-0.022901	0.214305	0.077973	0.861760
5.295000	0.886545	0.838052	2.631477	0.853718	0.636615	5.616670
5.296000	0.846054	0.958598	2.633079	0.134708	0.077973	-0.881391
5.297000	1.047698	1.199249	4.510466	0.973407	0.836245	6.408769
5.298000	0.967121	0.998928	3.570887	0.054818	-0.002063	-1.357082
5.299000	0.120866	0.316863	-2.052539	0.893810	0.716192	6.408769
5.300000	0.765882	0.958598	2.787737	0.134708	-0.002063	-0.244618
5.301000	1.208042	1.239579	6.227584	0.294488	0.157779	1.020546
5.302000	0.564239	0.798164	0.916758	0.693938	0.517021	3.874921
5.303000	0.523748	0.878824	1.227756	0.094617	0.037955	-0.881391
5.304000	0.644815	0.798164	1.695899	0.973407	0.795998	6.567884
5.305000	0.684901	0.798164	2.321276	0.134708	-0.002063	-0.881391
5.306000	1.248532	1.199249	6.071236	1.053590	0.876033	7.835344
5.307000	0.886545	0.918711	2.944882	0.014727	0.037955	-1.356753
5.308000	0.241528	0.517627	-1.896279	0.853718	0.596827	5.774545
5.309000	0.886545	0.958598	2.943112	0.174507	0.117761	0.068168
5.310000	1.329109	1.319353	7.163790	0.294488	0.237355	1.020056
5.311000	0.644815	0.998928	1.697509	0.614048	0.437215	4.190348
5.312000	0.765882	0.918711	2.006985	0.134708	0.077743	-0.881391
5.313000	0.523748	0.678061	0.599989	0.973407	0.636615	6.090792
5.314000	0.886140	1.038815	3.569285	0.214598	0.197338	0.228194
5.315000	1.329109	1.399570	6.694922	0.853718	0.596827	6.091703
5.316000	0.644411	0.838052	2.164050	0.174507	0.117761	-0.722039
5.317000	0.403086	0.597844	-1.117049	0.534158	0.357409	3.082003
5.318000	0.765074	0.877939	3.101054	0.374378	0.397197	1.338269
5.319000	1.047293	1.078702	4.975325	0.334287	0.277373	2.286934
5.320000	0.966717	1.119032	3.883576	0.534158	0.357409	2.288572
5.321000	0.765074	0.877939	2.946484	0.214598	0.117761	0.228194
5.322000	0.403086	0.557071	-0.805166	0.813627	0.517021	5.458628
5.323000	0.805160	0.958598	3.881089	0.254397	0.277373	0.228194
5.324000	1.289023	1.319353	6.383127	0.654140	0.437215	4.347733
5.325000	0.563834	0.757835	0.759621	0.574250	0.436985	2.130368
5.326000	0.684901	0.877939	1.228561	0.454561	0.357409	2.288664
5.327000	0.886140	0.837166	2.475934	0.614048	0.397197	2.921648
5.328000	0.886140	0.957713	3.414547	0.334287	0.197797	1.970105
5.329000	1.047293	1.318910	4.351719	0.654140	0.437215	3.712016
5.330000	0.765074	0.837609	2.789419	0.214598	0.117991	1.020293
5.331000	0.483258	0.597401	-0.491761	0.614048	0.397426	3.874592
5.332000	0.724583	0.837609	2.319505	0.294488	0.277373	0.862579
5.333000	1.047293	1.078259	4.818180	0.454561	0.158008	1.971016
5.334000	0.644411	0.917825	1.228561	0.574250	0.477003	2.763444
5.335000	0.684901	0.917825	1.852964	0.294488	0.197797	2.130460
5.336000	0.523344	0.636845	1.227676	0.574250	0.397426	2.447197
5.337000	0.805160	0.877496	3.414547	0.574250	0.437215	2.921976
5.338000	1.127870	1.318910	5.288085	0.334580	0.238044	2.130039
5.339000	0.644411	0.837609	1.696704	0.334287	0.437215	1.337450
5.340000	0.523344	0.717505	0.132642	0.254397	0.078202	1.654349
5.341000	0.805160	0.917825	3.412140	0.534158	0.477003	1.971345
5.342000	0.805160	0.917383	3.412140	0.294488	0.157779	1.655589
5.343000	0.966313	1.158033	3.102824	0.654140	0.517021	3.240864
5.344000	1.006803	1.118589	4.196176	0.334580	0.357409	1.971835
5.345000	0.523344	0.636845	0.288185	0.614048	0.357409	2.763444
5.346000	0.684093	0.837166	2.162449	0.693938	0.517021	4.190348
5.347000	1.288619	1.358354	6.538582	0.214598	0.077973	0.704046
5.348000	0.563430	0.837609	0.760338	0.654140	0.556809	4.030904
5.349000	0.644411	0.797279	1.696704	-0.025072	-0.081639	-1.514957
5.350000	0.684093	0.756949	2.006985	0.693938	0.596827	4.190348
5.351000	0.684093	0.796836	2.319594	0.174800	0.038185	0.544602
5.352000	1.006399	1.238250	4.039031	0.734030	0.517021	4.348062
5.353000	1.006803	1.078259	4.196176	0.534158	0.277832	1.971835
5.354000	0.281615	0.476411	-0.489354	0.374378	0.357409	2.445957
5.355000	0.603920	0.756949	0.912669	0.454561	0.397197	2.605730
5.356000	1.207638	1.278580	5.756149	0.094617	-0.041621	-1.198457
5.357000	0.724583	0.877496	1.853849	0.854011	0.636615	6.091121
5.358000	0.764669	0.917383	2.007790	-0.025072	-0.081639	-1.672671
5.359000	0.603920	0.717062	1.380015	0.734030	0.636615	4.507177
5.360000	0.684093	0.836723	1.850645	0.254690	0.077973	1.178987
5.361000	1.167552	1.278137	4.664399	0.534744	0.397426	3.240536
5.362000	0.886140	0.997600	3.570002	0.374378	0.357409	2.287753
5.363000	0.483258	0.716619	-0.335421	0.374378	0.158008	1.813302
5.364000	0.482854	0.676732	-0.024343	0.693938	0.556809	4.507414
5.365000	1.127061	1.237808	5.442743	0.014727	-0.001833	-1.039105
5.366000	0.926227	1.197920	3.258367	0.893810	0.796686	6.250565
5.367000	0.926227	0.957270	3.101222	0.015020	-0.081639	-1.356753
5.368000	0.442768	0.476411	-0.338625	0.693938	0.636845	4.823094
5.369000	0.804755	0.836723	2.475934	0.254690	0.078202	1.178987
5.370000	1.248128	1.318467	5.914179	0.374378	0.197797	2.288664
5.371000	0.845246	0.877053	3.101222	0.574250	0.397426	3.079523
5.372000	0.643603	0.837166	0.600866	0.094910	-0.001604	-0.088872
5.373000	0.523344	0.716619	0.757126	0.893810	0.636845	6.090792
5.374000	0.966313	1.037044	4.038234	0.054818	-0.041621	-1.197638
5.375000	1.046889	1.237808	4.822429	0.973993	0.756209	6.724686
5.376000	0.845246	0.957270	2.945679	0.134708	-0.041621	-1.673819
5.377000	0.240720	0.556185	-1.117049	0.734030	0.636845	5.299275
5.378000	0.724179	0.836723	2.007790	0.094910	-0.001833	-0.723441
5.379000	1.207638	1.237808	5.287289	0.294488	0.197797	1.337121
5.380000	0.764669	1.037044	2.947369	0.654140	0.477233	4.190348
5.381000	0.563430	0.916940	1.384901	0.094910	0.038185	-1.514957
5.382000	0.643603	0.796836	1.227844	0.774121	0.716880	6.090463
5.383000	0.804755	0.956384	2.787737	0.134708	0.077973	0.070572
5.384000	1.086571	1.157148	4.352436	0.813920	0.596827	6.090792
5.385000	0.845246	0.957270	2.946564	0.094617	0.038185	-1.514957
5.386000	0.321701	0.595630	-1.273309	0.654140	0.517021	4.665381
5.387000	0.482854	0.716619	0.601582	0.135001	0.077973	-0.089055
5.388000	1.248128	1.157148	5.755352	0.334580	0.277373	1.177677
5.389000	0.804755	0.996714	2.945679	0.614341	0.437444	2.921648
5.390000	0.724179	0.996714	2.007790	0.214598	0.197797	0.228194
5.391000	0.522940	0.675847	0.444445	0.694231	0.557039	5.458137
5.392000	0.724179	0.755621	1.692615	0.294488	0.238044	1.654187
5.393000	1.167148	1.397356	5.757026	0.694231	0.477462	4.823423
5.394000	0.885332	1.036601	3.258367	0.174800	0.197797	-0.086905
5.395000	0.603112	0.835395	0.445322	0.454561	0.397426	2.605401
5.396000	0.764265	0.836280	2.006189	0.534158	0.317850	3.080181
5.397000	1.005590	1.076046	4.347630	0.334580	0.197797	1.179408
5.398000	0.764265	0.996271	3.570887	0.494652	0.317850	2.921648
5.399000	1.127061	1.317582	4.508856	0.294488	0.158008	0.387638
5.400000	0.361383	0.595187	-0.180843	0.694231	0.477462	4.981627
5.401000	0.603112	0.715291	1.068124	0.174800	0.197797	0.387056
5.402000	1.207638	1.196592	6.382322	0.694231	0.517250	4.031486
5.403000	0.844842	1.036159	3.258367	0.454561	0.437444	2.131279
5.404000	0.643198	0.835395	1.540444	0.414762	0.397426	2.446286
5.405000	0.804351	0.956384	2.475049	0.494652	0.397426	2.924618
5.406000	0.643198	0.795065	2.318789	0.654140	0.477233	2.604911
5.407000	0.925418	1.076046	4.039916	0.414762	0.198256	2.130368
5.408000	1.126657	1.196592	3.728032	0.374378	0.397426	1.179737
5.409000	0.481641	0.635074	-0.021928	0.494652	0.238274	3.556615
5.410000	0.441959	0.595187	-0.337191	0.294781	0.317850	1.021861
5.411000	1.045676	1.236036	5.130940	0.414762	0.238044	1.969776
5.412000	0.884119	1.036159	3.574259	0.734030	0.597056	4.347970
5.413000	0.804351	0.915169	1.228561	0.414762	0.278062	2.763934
5.414000	0.723775	0.875282	2.318789	0.374378	0.317850	2.130039
5.415000	0.320488	0.514085	-0.181480	0.694231	0.557268	4.823660
5.416000	0.925418	1.115933	3.257562	0.214891	0.078432	1.022023
5.417000	1.207234	1.356140	4.975485	0.494652	0.477233	2.129549
5.418000	0.441151	0.634631	-0.181480	0.175092	0.038414	1.338852
5.419000	0.562218	0.634631	0.756409	0.694524	0.557268	3.716134
5.420000	0.763457	0.914726	3.412140	0.335165	0.078432	0.704046
5.421000	0.965100	1.076046	3.413910	0.694231	0.557268	4.190348
5.422000	0.965100	1.235594	2.320471	0.454854	0.437444	3.558512
5.423000	0.521727	0.794622	1.378493	0.454854	0.278062	2.287753
5.424000	0.401469	0.553972	-0.179886	0.614341	0.517250	2.605730
5.425000	1.085763	1.275481	4.974680	0.214891	0.118220	1.179408
5.426000	1.125849	1.195707	5.443629	0.654433	0.557039	3.873940
5.427000	0.683285	0.914284	1.383299	-0.064578	-0.121198	-1.198549
5.428000	0.642390	0.794179	2.006985	0.694231	0.637304	4.507414
5.429000	0.642390	0.754292	1.536355	0.374964	0.118220	0.544694
5.430000	1.166743	1.315368	5.758716	0.614341	0.557268	4.349792
5.431000	1.165935	1.355697	5.758804	0.454854	0.397886	3.240536
5.432000	0.562218	0.592973	-0.024343	0.614341	0.357868	3.082003
5.433000	0.360978	0.713963	-0.023458	0.534744	0.517250	3.399068
5.434000	1.044868	1.195264	5.131745	0.055111	-0.041392	-1.832351
5.435000	1.045272	1.074274	4.664399	0.934194	0.836704	6.090792
5.436000	0.642390	0.954613	1.540444	-0.024486	-0.121198	-1.356845
5.437000	0.682476	0.834509	1.380095	0.734030	0.677092	4.030085
5.438000	0.279998	0.432982	-0.492478	0.454854	0.278062	1.971507
5.439000	1.045272	1.315368	5.288085	0.654433	0.517480	3.398411
5.440000	1.165935	1.315368	5.599889	0.494652	0.357868	2.763444
5.441000	0.440747	0.713963	-0.180595	0.414762	0.238274	2.445467
5.442000	0.601900	0.874396	0.600866	0.934194	0.836704	5.775203
5.443000	0.924610	0.994057	4.815853	-0.144468	-0.121198	-2.149180
5.444000	0.884119	1.074717	2.944077	1.133773	0.876722	7.200377
5.445000	0.884119	1.034387	2.164131	0.055111	-0.041392	-1.039687
5.446000	0.642390	0.834066	2.006905	0.734323	0.637304	4.665710
5.447000	0.279998	0.553086	-0.649551	0.214891	0.118220	0.704046
5.448000	1.206830	1.314925	5.598287	0.614341	0.437444	3.555963
5.449000	1.125445	1.114604	5.130223	0.494652	0.357868	2.763444
5.450000	0.440747	0.753850	-0.336138	0.055111	0.038414	-0.245437
5.451000	0.682476	0.994057	1.849035	1.014084	0.796916	7.042663
5.452000	0.843629	0.873954	2.630592	-0.064578	-0.081410	-2.150091
5.453000	0.924206	1.074274	3.256765	0.973993	0.756898	7.042663
5.454000	1.165935	1.275038	5.130940	-0.024486	-0.001374	-1.516197
5.455000	0.641986	0.833624	2.162529	0.934194	0.677322	6.249416
5.456000	0.481237	0.753407	-0.024335	0.135001	0.078432	-0.880243
5.457000	1.246916	1.194378	5.752945	0.414762	0.278062	1.971016
5.458000	0.883715	1.033945	3.101222	0.654433	0.557268	4.507996
5.459000	0.682476	0.914284	0.916121	0.135001	0.158468	-0.248898
5.460000	0.924206	1.114161	3.881885	0.934194	0.717110	6.092522
5.461000	0.360170	0.553086	-0.493283	0.254982	0.078432	0.228194
5.462000	0.964696	1.033945	2.787817	0.973993	0.717110	6.568213
5.463000	1.206021	1.395142	6.226062	0.015605	-0.041162	-1.515286
5.464000	0.601900	0.794179	1.072301	0.814213	0.717339	6.091703
5.465000	0.481237	0.793737	0.288185	0.335165	0.238274	1.178825
5.466000	0.924206	0.873954	3.880284	0.214891	0.238274	0.068842
5.467000	0.762648	0.994057	2.789419	0.734323	0.557268	5.299512
5.468000	0.924206	1.074717	2.947449	0.175092	0.118679	-0.088872
5.469000	0.964292	1.074274	4.350994	0.934194	0.677322	6.408769
5.470000	0.239507	0.392652	-1.900200	0.175092	0.078432	0.228194
5.471000	0.924206	0.994057	2.787817	1.014084	0.717110	6.884130
5.472000	1.085358	1.275038	5.443629	0.055111	0.038414	-1.356753
5.473000	0.642390	0.914284	1.696784	0.534744	0.397886	3.240536
5.474000	0.601900	0.953727	1.694385	0.494945	0.397886	2.764263
5.475000	0.561409	0.713520	1.380015	0.254690	0.278062	0.704138
5.476000	0.883715	0.914284	2.476014	0.654433	0.437904	3.874921
5.477000	1.165935	1.435472	5.599969	0.214891	0.118220	-0.248898
5.478000	0.883715	0.994057	3.255960	0.934194	0.677322	6.566973
5.479000	0.481237	0.713520	-0.493283	0.214891	0.198256	0.387967
5.480000	0.884119	0.994057	3.568400	0.774414	0.677322	5.932259
5.481000	1.045272	1.114604	4.192964	0.254982	0.238044	0.860849
5.482000	0.964696	1.154491	3.258447	0.654433	0.357868	2.923799
5.483000	0.883715	1.074274	4.038306	0.414762	0.318080	1.971835
5.484000	0.400660	0.473312	-0.806768	0.534744	0.397886	3.555963
5.485000	0.964292	1.114604	4.037429	0.574835	0.397886	3.714496
5.486000	1.327492	1.435472	6.695807	0.254690	0.278062	0.385908
5.487000	0.561409	0.873954	1.227039	0.814213	0.597516	5.615193
5.488000	0.521323	0.754292	0.602636	0.374964	0.317850	1.337358
5.489000	0.843629	0.914284	1.848239	0.454854	0.278062	2.763115
5.490000	0.883715	0.994057	3.101302	0.614341	0.517250	3.399068
5.491000	1.246916	1.315368	5.131825	0.494652	0.318080	2.447197
5.492000	0.762648	0.994057	2.787817	0.494652	0.318080	2.129549
5.493000	0.199421	0.432982	-1.898598	0.534744	0.398115	3.240536
5.494000	0.964292	1.073832	3.568480	0.574835	0.358097	3.555941
5.495000	1.206021	1.314925	6.068032	0.294781	0.278062	1.337450
5.496000	0.561409	0.793737	0.447092	0.374964	0.198485	2.129220
5.497000	0.601900	0.873954	1.383299	0.614341	0.557268	4.031561
5.498000	0.601900	0.753407	1.069009	0.415055	0.238274	1.653859
5.499000	0.762648	0.953727	2.318789	0.534744	0.437904	3.395608
5.500000	1.286193	1.474916	6.226859	0.454854	0.397886	2.921976
5.501000	0.762648	0.913398	2.162529	0.534744	0.318080	2.921648
5.502000	0.239507	0.552643	-1.429569	0.534744	0.357868	3.240864
5.503000	0.923801	1.073832	3.411503	0.454854	0.318080	2.130951
5.504000	1.084954	1.193935	5.755512	0.614341	0.477462	2.921648
5.505000	0.802734	1.033945	2.319674	0.135294	0.038644	0.228194
5.506000	0.923801	1.073832	2.943360	0.574835	0.597516	3.872371
5.507000	0.520919	0.632417	0.443720	0.415055	0.318309	2.603671
5.508000	0.923801	0.953285	3.412140	0.574835	0.437904	2.763444
5.509000	1.367174	1.353926	7.007690	0.574835	0.397886	3.238056
5.510000	0.681668	0.912955	1.539639	0.534744	0.358097	3.713838
5.511000	0.520919	0.792408	0.131997	0.534744	0.517480	3.714496
5.512000	0.923801	1.033059	3.568480	0.135294	-0.001145	-0.721036
5.513000	0.842821	0.952842	3.724024	0.934194	0.757128	6.092851
5.514000	1.044464	1.112833	3.570250	0.095202	-0.000685	-0.248898
5.515000	0.922993	1.032616	3.099700	0.694524	0.597516	3.873940
5.516000	0.480428	0.631975	-0.336935	0.294781	0.198715	1.971016
5.517000	0.802330	0.872182	2.474332	0.574835	0.517939	3.874921
5.518000	1.285789	1.353041	6.226062	0.494652	0.318309	3.082331
5.519000	0.641177	0.872182	1.541329	0.454854	0.278521	1.813302
5.520000	0.601495	0.872182	1.071496	0.774414	0.757128	5.299022
5.521000	0.681263	0.871740	1.848239	-0.024486	-0.080721	-2.149180
5.522000	0.801926	0.871740	2.474332	1.014377	0.797145	6.724686
5.523000	0.963079	1.232494	4.350994	0.015605	-0.080721	-0.880243
5.524000	0.842012	0.991843	2.788702	0.814213	0.717339	5.141071
5.525000	0.600687	0.751193	0.289142	0.215184	0.238503	1.019964
5.526000	0.681263	0.831410	1.379290	0.574835	0.358327	3.556944
5.527000	1.083337	1.111505	4.659593	0.535037	0.478151	3.240536
5.528000	0.882502	1.151392	2.633159	0.335165	0.158927	1.019964
5.529000	0.801926	0.951514	2.162529	0.814213	0.757357	6.092851
5.530000	0.640369	0.670090	1.380175	0.175385	0.118679	-0.562503
5.531000	0.761436	0.830524	2.471925	0.934487	0.717569	6.250236
5.532000	1.124232	1.352155	4.973158	0.015605	-0.000685	-0.564325
5.533000	0.761031	0.910298	2.162529	0.814213	0.597975	4.982538
5.534000	0.640369	0.749865	1.539639	0.295367	0.198715	1.020293
5.535000	0.761031	0.829639	1.535630	0.295367	0.118909	0.070572
5.536000	0.921780	0.909413	4.035270	0.854597	0.717569	5.934318
5.537000	1.042443	1.270610	4.505900	0.055697	-0.000685	0.228194
5.538000	0.961866	1.070289	3.881329	0.894688	0.678010	5.933499
5.539000	0.438321	0.628875	0.444686	0.175385	0.118909	0.387147
5.540000	0.679646	0.788866	2.004579	0.974578	0.797375	6.723867
5.541000	1.324663	1.390271	6.693489	0.135294	0.118909	-0.245437
5.542000	0.840800	0.908970	2.318957	0.614927	0.518169	4.507177
5.543000	0.639560	0.869083	2.006349	0.415348	0.438363	2.130368
5.544000	0.518494	0.748536	1.066690	0.135294	0.079350	-0.247076
5.545000	0.840800	0.868640	2.475129	0.854890	0.558186	5.458137
5.546000	1.323854	1.549820	5.911852	0.335165	0.158927	0.862417
5.547000	0.920972	0.988302	3.099700	1.054468	0.797605	7.203018
5.548000	0.276360	0.587217	-0.962231	0.175385	0.118909	-0.247076
5.549000	0.477599	0.747651	0.443084	0.934780	0.638222	6.567393
5.550000	1.122211	1.228509	6.067395	0.095788	0.079350	-0.880243
5.551000	0.920972	1.027746	2.943440	0.575128	0.438592	3.871552
5.552000	0.880886	1.068518	2.007065	0.495238	0.318539	2.129457
5.553000	0.478003	0.788423	1.223835	0.335458	0.398574	1.178917
5.554000	0.639156	0.627104	0.755604	0.655018	0.518398	5.458137
5.555000	1.162701	1.549377	5.286564	0.295659	0.158927	0.386236
5.556000	0.759415	0.987859	3.099700	0.735201	0.558186	5.615193
5.557000	0.477599	0.666548	-0.494008	0.295367	0.238962	1.338269
5.558000	0.558175	0.786652	0.442279	0.535329	0.438592	3.873282
5.559000	1.161893	1.188179	5.440425	0.495238	0.438592	2.766414
5.560000	0.921376	1.108405	3.099692	0.335458	0.278751	2.446378
5.561000	0.880886	1.149621	2.942555	0.495238	0.358786	2.131608
5.562000	0.438321	0.548658	-0.025945	0.335458	0.398574	1.496565
5.563000	0.680455	0.789309	0.597025	0.535037	0.398574	3.872371
5.564000	1.284577	1.312268	6.694205	0.335458	0.318309	0.703884
5.565000	0.922993	0.991843	3.101302	0.574835	0.318539	3.873282
5.566000	0.520919	0.832295	0.915324	0.455147	0.398115	2.288411
5.567000	0.561005	0.913398	1.850645	0.415348	0.238503	2.129220
5.568000	1.005186	0.954613	3.567683	0.574835	0.518169	3.399068
5.569000	0.884928	1.036159	3.882771	0.415055	0.358327	2.129549
5.570000	0.845246	0.997600	2.946484	0.574835	0.318080	2.287753
5.571000	0.443172	0.677175	-0.334784	0.374964	0.358097	1.337121
5.572000	0.443172	0.678503	0.291389	0.494945	0.318309	3.399230
5.573000	1.290235	1.240907	6.382879	0.414762	0.278062	0.703884
5.574000	0.766690	0.840266	2.947289	0.335165	0.198485	1.970687
5.575000	0.646028	0.921811	0.760338	0.534744	0.397886	2.604000
5.576000	0.767499	0.802150	1.540196	0.454854	0.397886	2.605730
5.577000	0.686922	0.681603	1.853769	0.494652	0.357868	3.874921
5.578000	1.009632	1.083573	3.885009	0.614341	0.517250	2.763934
5.579000	0.969546	1.043243	4.198503	0.414762	0.238044	2.447197
5.580000	0.526578	0.763148	0.135766	0.494652	0.517250	3.399068
5.581000	0.647645	0.803478	0.761054	0.374964	0.078432	0.862250
5.582000	1.050123	1.003799	4.975245	0.494652	0.477233	2.448345
5.583000	0.889374	0.963912	3.103461	0.214891	0.118220	0.862342
5.584000	0.809202	1.044571	1.854566	0.694231	0.597056	4.665618
5.585000	0.647240	0.763148	1.696624	0.334580	0.238044	1.971507
5.586000	0.567068	0.682488	0.914916	0.614341	0.517250	3.716388
5.587000	0.969546	1.204119	4.196892	0.614341	0.477233	3.874921
5.588000	0.929056	1.083130	3.884212	0.414762	0.238044	1.653859
5.589000	0.848884	1.042800	2.010109	0.734030	0.557039	5.141308
5.590000	0.606750	0.802592	1.541966	-0.024486	-0.041392	-1.516197
5.591000	0.767499	0.762262	2.631229	0.813920	0.677092	4.823423
5.592000	1.049718	1.162904	4.354126	0.054818	-0.041392	-0.723187
5.593000	1.049314	1.162904	4.667531	0.694231	0.557268	4.348062
5.594000	0.605942	0.640830	0.603112	0.334580	0.198256	1.653859
5.595000	0.404298	0.600500	0.288902	0.614341	0.517250	3.715477
5.596000	1.169573	1.201463	5.288005	0.654140	0.517250	2.763115
5.597000	0.927843	0.960812	3.884292	0.214891	0.158468	1.337941
5.598000	0.806776	0.920482	2.010994	0.774121	0.717110	4.823331
5.599000	0.604729	0.759606	1.227676	-0.104376	-0.200774	-2.148852
5.600000	0.484470	0.558842	-0.179241	0.814213	0.796916	5.615851
5.601000	0.967525	1.080473	3.884292	0.175092	0.038644	-0.881391
5.602000	1.168764	1.360568	5.603181	0.694231	0.397886	4.190348
5.603000	0.403086	0.518070	-0.178188	0.415055	0.318080	2.288664
5.604000	0.483662	0.678503	-0.491761	0.374964	0.238503	1.971507
5.605000	1.007207	1.038815	4.505580	0.694524	0.637304	4.507414
5.606000	0.846054	0.998928	3.259004	0.055111	-0.001145	-1.039924
5.607000	0.926631	1.119032	2.323514	1.054175	0.836934	6.884459
5.608000	0.603920	0.717505	1.383219	-0.024486	-0.080721	-1.833263
5.609000	0.281615	0.477297	-1.743143	0.934194	0.797145	6.250236
5.610000	0.926631	1.198363	4.194574	0.055697	-0.001145	-0.563506
5.611000	1.328705	1.358797	6.538582	0.614927	0.478151	3.240536
5.612000	0.483258	0.596073	-0.648906	0.415055	0.278521	1.971835
5.613000	0.563430	0.756949	1.072213	0.335165	0.198485	0.228286
5.614000	0.845246	0.877053	2.943112	0.894395	0.717339	5.774874
5.615000	0.925418	1.076931	3.726430	-0.064285	-0.080721	-1.357572
5.616000	1.207638	1.277694	4.819065	1.054175	0.837393	7.992567
5.617000	0.603112	0.715734	1.380095	-0.024486	-0.120739	-1.832023
5.618000	0.240316	0.434753	-1.742338	0.934487	0.797375	6.726417
5.619000	1.207234	1.316696	5.911692	-0.024193	-0.080721	-1.355605
5.620000	1.167148	1.276366	4.973795	0.455147	0.318539	2.761805
5.621000	0.603112	0.916054	1.384901	0.455439	0.358327	2.447197
5.622000	0.763861	0.955941	2.164131	0.335165	0.078891	0.067020
5.623000	0.562218	0.674961	0.443720	0.894688	0.597975	6.409189
5.624000	0.924610	1.076488	4.039031	0.175385	0.078891	0.228194
5.625000	1.327896	1.316696	6.070439	1.014377	0.757357	6.407949
5.626000	0.401469	0.634631	0.602476	0.055697	0.078891	-0.562503
5.627000	0.521727	0.675404	-0.021928	0.934487	0.677551	6.250236
5.628000	1.085763	1.115933	4.815853	0.055697	0.078891	-0.721381
5.629000	0.803947	0.955056	3.882939	0.335165	0.238503	1.335973
5.630000	0.763861	1.075603	1.696784	0.654433	0.478151	4.665127
5.631000	0.803947	0.874839	2.944962	0.055697	0.118909	-1.039595
5.632000	0.440747	0.633746	-0.492566	1.014377	0.757587	6.886281
5.633000	0.964696	1.074274	3.413105	0.295367	0.079350	0.544602
5.634000	1.125445	1.194378	5.443629	0.894688	0.598204	5.775785
5.635000	0.520919	0.793737	-0.491681	0.175385	0.118909	-0.564325
5.636000	0.521323	0.753407	0.602636	0.734615	0.478380	4.347733
5.637000	0.721754	0.712634	2.159157	0.415348	0.278521	1.178497
5.638000	0.842821	1.033059	3.100417	0.295367	0.238503	0.702898
5.639000	1.044464	1.313596	3.881329	0.734615	0.518398	5.299512
5.640000	0.762244	0.873068	2.474332	0.095788	0.198715	-0.091185
5.641000	0.440342	0.631975	-0.805971	0.854890	0.558186	5.616341
5.642000	0.963887	1.072946	4.346905	0.215184	0.158927	0.229434
5.643000	1.084550	1.072946	4.661195	0.934487	0.598204	6.251147
5.644000	0.681668	0.952842	1.384184	0.255568	0.198715	0.386236
5.645000	0.802330	0.993172	3.100417	0.575128	0.398574	3.872209
5.646000	0.480428	0.592088	0.909465	0.455439	0.398574	2.288993
5.647000	0.963887	1.033502	3.099620	0.415348	0.318539	1.655098
5.648000	1.286193	1.434586	6.226062	0.495238	0.278751	2.922467
5.649000	0.601495	0.712634	1.227039	0.335165	0.278751	1.337450
5.650000	0.561409	0.712634	0.444686	0.655018	0.438363	4.981627
5.651000	0.802734	0.993172	4.504935	0.255568	0.278521	0.227703
5.652000	0.842821	0.953285	2.632274	0.614927	0.438363	4.665381
5.653000	0.883715	1.154048	3.259252	0.455147	0.398115	2.288082
5.654000	1.004378	1.113719	3.725625	0.335458	0.238733	2.130039
5.655000	0.238699	0.511871	-1.429569	0.455147	0.398574	2.446706
5.656000	0.842821	0.953285	3.099620	0.575128	0.398574	3.872371
5.657000	1.367174	1.393813	6.538662	0.415348	0.278751	2.128638
5.658000	0.440342	0.672305	0.289956	0.415055	0.358786	1.338199
5.659000	0.762244	0.912955	1.223835	0.535329	0.398574	3.872371
5.660000	0.561005	0.672305	1.848239	0.375549	0.318539	1.337450
5.661000	0.802330	0.953285	2.631477	0.415348	0.238962	1.970687
5.662000	1.125040	1.313596	4.664479	0.655018	0.598204	4.665127
5.663000	0.802330	1.033059	3.725625	0.455439	0.278751	2.447197
5.664000	0.278785	0.551758	-2.055663	0.535037	0.478380	2.446706
5.665000	0.802330	1.033059	2.942475	0.614927	0.478380	3.714496
5.666000	1.205213	1.313154	5.599172	0.495531	0.358786	3.240536
5.667000	0.681668	0.952842	1.540444	0.375549	0.398574	1.496894
5.668000	0.762244	0.992729	2.316382	0.415348	0.238962	2.446378
5.669000	0.439938	0.551315	0.129599	0.535329	0.518398	3.082331
5.670000	0.882907	0.992729	3.257562	0.415348	0.159386	2.129220
5.671000	1.325875	1.433701	6.694125	0.535037	0.478380	3.240536
5.672000	0.721754	0.831853	2.476014	0.655018	0.518398	4.506266
5.673000	0.439938	0.711749	-0.963028	0.535329	0.438592	2.446868
5.674000	0.842416	0.912069	2.942555	0.455439	0.478380	2.605239
5.675000	1.044060	1.192607	5.130223	0.415348	0.119368	1.653859
5.676000	0.802330	1.152277	2.788622	0.535329	0.558186	3.241775
5.677000	0.842012	1.072503	3.411503	0.095788	-0.080032	-0.879240
5.678000	0.278381	0.470655	-1.430375	0.735201	0.598204	4.665127
5.679000	1.043251	1.152277	4.504935	0.375549	0.238962	2.129220
5.680000	1.204809	1.352598	6.537945	0.535329	0.558186	2.763444
5.681000	0.640773	0.791080	0.916121	0.575128	0.478610	4.666858
5.682000	0.560197	0.751193	-0.804201	0.495531	0.398804	2.446378
5.683000	0.721349	0.830967	2.160122	0.615219	0.518398	4.665127
5.684000	0.963079	1.111505	4.037429	-0.023901	-0.040244	-1.515286
5.685000	0.882502	1.232494	3.568649	0.974578	0.837393	6.408860
5.686000	0.882502	0.951514	2.630672	-0.063992	-0.040244	-1.356753
5.687000	0.278381	0.549987	-1.274831	0.735201	0.598204	4.190348
5.688000	0.882098	1.031288	3.724024	0.495238	0.358786	2.605401
5.689000	1.083337	1.151392	5.442027	0.615219	0.558416	4.665710
5.690000	0.720945	0.990958	1.694385	0.535329	0.438822	3.240864
5.691000	0.680859	0.950628	1.536435	0.375549	0.318998	1.971016
5.692000	0.559388	0.669648	1.379290	0.894981	0.678240	5.616670
5.693000	1.002761	1.150949	4.347790	-0.103791	-0.080032	-2.149671
5.694000	1.244490	1.431930	5.754707	0.894981	0.718028	6.407949
5.695000	0.680455	0.829639	1.691979	0.295659	0.119368	0.386727
5.696000	0.518898	0.749865	0.286744	0.615219	0.518398	3.873120
5.697000	0.962271	1.070289	4.504130	0.455439	0.359016	1.813302
5.698000	0.881290	1.029959	4.036704	0.575421	0.438822	3.555963
5.699000	1.002357	1.110177	3.256845	0.655604	0.518628	4.507414
5.700000	0.801118	1.110619	3.569526	0.136172	0.000003	-0.405609
5.701000	0.478407	0.628875	-0.182205	0.974871	0.798064	6.568213
5.702000	1.001952	1.070289	3.877965	0.055989	-0.000226	-1.355842
5.703000	1.243682	1.350384	5.598367	0.934780	0.758276	6.092360
5.704000	0.558984	0.788866	0.914519	0.136172	0.039791	0.545260
5.705000	0.639560	0.869083	1.381945	0.735201	0.598434	4.507177
5.706000	0.921780	0.908527	3.098098	0.335751	0.279439	1.653859
5.707000	0.599070	0.788423	2.475217	0.335751	0.239421	1.178917
5.708000	1.042039	1.269725	3.882214	0.894981	0.678240	5.774055
5.709000	1.001952	1.189508	3.724184	0.016191	-0.040015	-1.198128
5.710000	0.316446	0.547330	-0.962948	1.054761	0.838082	7.041844
5.711000	0.920972	0.988302	2.940068	0.175971	0.039791	-0.881391
5.712000	1.122615	1.188622	5.442824	1.014962	0.838082	7.357271
5.713000	0.598666	0.868197	0.443969	-0.023901	-0.040015	-1.832605
5.714000	0.759819	1.028189	2.474492	0.735201	0.598663	4.664890
5.715000	0.719328	0.706878	1.847522	0.375842	0.239651	1.495654
5.716000	0.598666	0.867312	1.534833	0.175971	0.079809	-0.405609
5.717000	1.202383	1.348170	5.442107	0.935072	0.598663	6.249745
5.718000	0.880077	1.107520	3.412380	0.176264	0.199633	0.387147
5.719000	0.396618	0.666548	-0.494000	0.935072	0.718487	6.251476
5.720000	0.799501	0.947086	2.158600	0.216062	0.159845	0.069990
5.721000	1.121403	1.107077	4.659673	0.935072	0.718487	6.408440
5.722000	0.920163	1.186851	3.411664	0.136465	0.040021	-1.039595
5.723000	0.879673	1.066747	3.878205	0.415641	0.399033	2.606733
5.724000	0.396214	0.625333	-0.339350	0.575421	0.359475	2.288082
5.725000	0.718520	0.825654	1.846717	0.096374	0.040021	-0.724168
5.726000	1.362728	1.467389	6.379995	0.855475	0.558875	5.141071
5.727000	0.758606	0.986088	2.630035	0.375842	0.239421	1.337450
5.728000	0.516473	0.745437	0.443084	0.855475	0.718487	6.407949
5.729000	0.718116	0.825211	1.534028	0.256154	0.159845	-0.088872
5.730000	0.999931	0.905428	3.565605	0.775585	0.558875	4.981627
5.731000	1.160680	1.306512	4.817783	0.335751	0.279439	1.179737
5.732000	0.918951	1.064976	3.567118	0.495531	0.319457	2.288174
5.733000	0.274743	0.543788	-0.651145	0.615805	0.479069	3.557930
5.734000	0.596645	0.744109	1.690457	0.256154	0.159845	-0.089362
5.735000	1.281747	1.265297	6.535538	0.855475	0.638911	5.458137
5.736000	0.676817	0.944429	2.475377	0.176264	0.120057	0.069990
5.737000	0.636731	0.863770	1.066850	0.895567	0.678929	6.567065
5.738000	0.596645	0.702893	0.910510	0.176264	0.159845	0.069990
5.739000	0.797480	0.863770	2.472005	0.615805	0.399493	4.349463
5.740000	1.160276	1.304298	5.441302	0.415934	0.359475	1.813302
5.741000	0.756989	0.903214	2.315745	0.415934	0.319687	2.763444
5.742000	0.435088	0.702893	-0.339270	0.535622	0.399493	3.240864
5.743000	0.717307	0.822997	1.221588	0.256154	0.239881	0.704795
5.744000	1.199958	1.223639	6.222133	0.775585	0.439510	4.507177
5.745000	0.917738	1.223639	4.190893	0.296245	0.319687	0.387147
5.746000	0.797076	0.982988	2.159485	0.655896	0.359704	4.665381
5.747000	0.515260	0.702008	0.595503	0.455732	0.479069	1.655427
5.748000	0.837162	0.902328	2.470403	0.456025	0.279898	2.923799
5.749000	1.280130	1.383630	6.378473	0.495824	0.399493	2.129549
5.750000	0.756181	0.902328	2.315745	0.576006	0.479069	3.240536
5.751000	0.595028	0.781782	0.597105	0.415934	0.239881	1.813631
5.752000	0.716095	0.821669	2.315020	0.455732	0.359475	2.128730
5.753000	1.037996	1.061877	4.502528	0.495824	0.240110	3.082003
5.754000	1.037996	1.182423	4.347233	0.296245	0.279669	0.862417
5.755000	0.836757	1.061877	3.254598	0.336336	0.160074	1.970687
5.756000	0.312808	0.620462	-0.339986	0.495824	0.519087	3.083151
5.757000	0.715690	0.780453	1.532507	0.375842	0.160074	1.021204
5.758000	1.279726	1.301642	5.907126	0.615805	0.439510	3.082331
5.759000	0.755777	0.860670	1.223279	0.376428	0.319687	1.812812
5.760000	0.755777	0.940444	2.472165	0.495824	0.319687	2.130460
5.761000	0.675200	0.900557	2.002332	0.495824	0.439510	2.287262
5.762000	0.674392	0.740124	2.157883	0.256446	0.080498	0.861760
5.763000	0.957016	1.181095	4.191690	0.456025	0.399493	1.813631
5.764000	0.997102	1.140765	3.568004	0.296538	0.160304	0.861102
5.765000	0.513643	0.699351	-0.183646	0.655896	0.599123	3.714496
5.766000	0.554133	0.779568	1.377132	0.336336	0.200092	1.813302
5.767000	1.077274	1.220539	5.438178	0.655896	0.399493	3.715407
5.768000	0.755372	0.979446	2.472165	0.456025	0.319687	2.446706
5.769000	0.956612	1.099993	2.784048	0.296538	0.200092	1.337121
5.770000	0.674392	0.739238	1.219995	0.615805	0.519087	3.237404
5.771000	0.553325	0.618248	0.907386	0.096666	-0.158920	-1.039595
5.772000	1.037188	1.179767	4.345631	0.576006	0.399493	2.288174
5.773000	0.956207	1.099550	4.034633	0.096666	0.000922	-0.088872
5.774000	0.553729	0.779125	0.753533	0.536208	0.439510	2.765594
5.775000	0.593815	0.778682	1.532507	0.376428	0.319916	2.287845
5.776000	0.875631	1.018890	3.875001	0.456025	0.240110	1.970687
5.777000	0.956207	1.099550	3.565685	0.576006	0.439510	3.555963
5.778000	1.036380	1.179324	4.034545	0.096666	-0.158920	-1.198457
5.779000	0.512835	0.658136	0.751126	0.775878	0.678929	5.140489
5.780000	0.512835	0.577476	0.282098	-0.182802	-0.238726	-2.783075
5.781000	1.116956	1.219211	5.595323	0.736079	0.639140	4.349884
5.782000	1.076870	1.179324	4.190973	0.096666	0.000922	-0.404299
5.783000	0.633901	0.898343	1.377937	0.536208	0.439970	2.607062
5.784000	0.713669	0.817684	1.532675	0.376428	0.280128	1.812812
5.785000	0.713669	0.777354	1.689820	0.296538	0.240110	1.179500
5.786000	0.996293	1.178881	4.346428	0.616098	0.399722	3.082003
5.787000	1.036380	1.178881	4.659117	0.096959	0.080498	-1.039924
5.788000	0.431854	0.617363	0.440128	0.855768	0.679158	5.617581
5.789000	0.431854	0.577476	-0.497052	-0.143004	-0.119132	-2.465589
5.790000	1.076466	1.138551	4.969318	0.775878	0.678929	4.982538
5.791000	1.076466	1.098664	4.345711	0.056868	-0.039096	-1.197309
5.792000	0.633093	0.938230	1.221757	0.536208	0.359934	2.761805
5.793000	0.512430	0.697137	0.595503	0.256446	0.240110	1.178917
5.794000	0.592603	0.656807	0.282178	0.216648	0.120516	0.387730
5.795000	1.076466	1.258655	4.813058	0.616098	0.519546	4.031815
5.796000	1.156638	1.298099	4.814660	0.056868	-0.039096	-1.674309
5.797000	0.592603	0.697137	0.439243	0.775878	0.639140	5.298202
5.798000	0.633093	0.737024	0.126635	0.136758	-0.039096	-1.198457
5.799000	0.793842	0.856685	3.248111	0.775878	0.479758	4.666621
5.800000	0.914909	1.137666	4.033828	0.056868	-0.039096	-0.880243
5.801000	0.793842	0.977232	2.158043	0.296538	0.280128	1.654861
5.802000	0.471940	0.536703	-0.029785	0.336629	0.240340	1.496894
5.803000	0.512430	0.656364	0.126635	0.136758	0.040480	-1.039595
5.804000	1.156638	1.177553	4.969318	0.776171	0.559564	5.774055
5.805000	0.954995	0.977232	3.719538	-0.062821	0.000922	-1.674309
5.806000	0.592603	0.656364	0.283780	0.855768	0.599582	5.456407
5.807000	0.673179	0.776468	1.064612	0.096666	0.000922	-1.198128
5.808000	0.552112	0.575705	0.750241	0.775878	0.559564	5.141071
5.809000	1.035975	1.137666	4.031341	0.056868	-0.039096	-1.356753
5.810000	0.833928	1.217883	3.409345	0.376428	0.319916	1.179500
5.811000	0.430641	0.656364	-0.652587	0.616098	0.359934	3.239226
5.812000	0.552112	0.856685	0.283700	0.016776	0.000922	-1.989736
5.813000	0.914909	0.936902	3.874196	0.775878	0.519776	4.824825
5.814000	0.713265	0.856685	1.377132	0.136758	0.000922	-0.879240
5.815000	0.673179	0.856685	0.596468	0.696281	0.519776	4.664890
5.816000	0.673179	0.816798	1.375530	0.056868	0.000922	-1.039595
5.817000	0.229806	0.335054	-1.750115	0.695988	0.519776	4.507177
5.818000	0.954995	1.177553	3.563278	0.136758	0.000922	-1.198128
5.819000	0.914504	1.096893	3.875798	0.336629	0.240340	1.021296
5.820000	0.350469	0.696252	-0.966080	0.536208	0.280128	2.288993
5.821000	0.632285	0.816355	0.750241	0.216648	0.200322	0.070572
5.822000	0.713265	0.776026	3.092568	0.576299	0.359934	3.397430
5.823000	0.713265	0.815913	1.377132	0.296538	0.240340	1.020293
5.824000	0.793438	1.016676	2.315020	0.696281	0.439970	4.664890
5.825000	0.632285	0.776026	1.532675	0.096666	0.120516	-0.878421
5.826000	0.310383	0.495045	-1.122340	0.456611	0.280128	2.446378
5.827000	1.035167	1.217440	4.499485	0.376428	0.280128	1.971345
5.828000	0.914504	1.056563	3.719538	0.296538	0.240340	0.545443
5.829000	0.672775	0.856685	0.752728	0.376428	0.280128	1.970434
5.830000	0.712861	0.856242	2.313418	0.296538	0.320146	0.862509
5.831000	0.350469	0.455158	-0.031307	0.456611	0.280358	3.555305
5.832000	0.833928	1.016676	3.093533	0.136758	0.240340	0.071230
5.833000	1.034763	1.177553	4.034713	0.616098	0.320146	3.714749
5.834000	0.511218	0.615592	0.439243	0.256739	0.200322	1.021204
5.835000	0.310383	0.535375	-1.592970	0.256739	0.120516	0.544694
5.836000	0.874014	0.896572	3.406053	0.536208	0.320146	1.971016
5.837000	0.753351	0.896572	2.315188	0.376428	0.240340	1.812812
5.838000	0.672775	0.936902	1.221757	0.216941	0.160534	1.019473
5.839000	0.712861	0.816355	1.219270	0.296538	0.240340	0.862509
5.840000	0.189720	0.254837	-2.062635	0.456611	0.200551	2.766667
5.841000	0.994677	1.056563	3.251395	0.176556	0.200322	0.069990
5.842000	1.075253	1.217440	4.657515	0.336629	0.200322	1.654279
5.843000	0.390959	0.615592	-0.183646	0.456611	0.320146	2.604911
5.844000	0.350469	0.575262	-0.966080	0.416812	0.280358	1.179500
5.845000	0.753351	0.816355	2.622734	0.296831	0.240110	0.545352
5.846000	0.833928	0.976346	3.250678	0.616098	0.479758	3.714496
5.847000	0.753351	0.936902	1.377132	0.256739	0.160534	0.860612
5.848000	0.672775	0.736139	1.375530	0.456611	0.399722	2.128730
5.849000	0.189316	0.335054	-2.061033	0.176849	-0.038867	-0.088872
5.850000	1.035167	1.217440	4.187681	0.536208	0.519546	2.288993
5.851000	0.914504	1.096893	4.031341	0.096959	-0.078884	-0.246494
5.852000	0.632689	0.776468	0.752728	0.536208	0.439970	2.604911
5.853000	0.592198	0.696252	0.595583	0.536208	0.319916	2.763115
5.854000	0.511218	0.575262	0.124953	0.296538	0.240110	1.337450
5.855000	1.035167	1.096893	3.875081	0.376428	0.320146	2.288502
5.856000	1.035167	1.177553	4.033031	0.216648	0.120516	1.019964
5.857000	0.390959	0.535375	-0.029705	0.576299	0.399722	2.765594
5.858000	0.310383	0.535818	-0.810537	-0.102620	-0.198708	-2.149180
5.859000	1.116148	1.096893	4.501175	0.616098	0.639140	3.713676
5.860000	0.753351	0.856685	2.468970	0.096959	-0.039096	-1.356661
5.861000	0.753351	0.856685	1.377132	0.655896	0.439970	3.555963
5.862000	0.471132	0.736581	0.439243	0.296538	0.200322	1.971927
5.863000	0.189316	0.295167	-2.061193	0.416812	0.240110	2.446378
5.864000	1.116148	1.217440	4.659117	0.415934	0.320146	2.129549
5.865000	1.035167	1.136780	4.503573	0.056868	-0.038867	-0.566293
5.866000	0.310383	0.535375	-1.122340	0.736079	0.599582	4.667440
5.867000	0.552112	0.696252	-0.028820	-0.062821	-0.078884	-2.149671
5.868000	0.874014	0.936902	3.248111	0.536208	0.439970	2.604911
5.869000	0.672775	0.816355	1.845355	0.296538	0.200322	1.337121
5.870000	0.753351	0.976346	1.534277	0.536208	0.320146	2.287262
5.871000	0.673179	0.736139	1.064532	0.296538	0.200551	1.496565
5.872000	0.229806	0.455158	-1.746743	0.416812	0.240340	2.130460
5.873000	0.954995	1.057006	3.874196	0.576299	0.439970	3.240864
5.874000	1.035975	1.137666	4.187681	-0.182802	-0.238497	-2.783894
5.875000	0.430641	0.656364	-0.496247	1.055347	0.879018	6.725926
5.876000	0.794246	0.897015	2.000898	-0.182802	-0.238497	-2.624121
5.877000	0.713265	0.736581	1.843593	0.695988	0.599582	4.348973
5.878000	0.793438	0.896572	2.002500	0.176556	0.000922	0.227536
5.879000	1.156638	1.217883	4.345631	0.456611	0.320146	2.130460
5.880000	0.592198	0.736581	0.751126	0.376428	0.280128	2.288993
5.881000	0.390959	0.656364	-0.340792	0.176849	0.000922	-0.247895
5.882000	0.914504	0.977232	4.341543	0.815969	0.719176	5.458137
5.883000	0.713265	0.816798	2.472165	-0.022730	-0.038867	-1.990227
5.884000	0.753756	0.977232	1.221677	0.976042	0.759194	6.409189
5.885000	0.713265	0.857128	2.470563	-0.102620	-0.118673	-2.306473
5.886000	0.270297	0.456044	-0.966080	0.935951	0.719176	5.933591
5.887000	0.713265	0.937345	2.469758	0.096959	-0.078884	-1.516105
5.888000	1.237215	1.298542	5.595323	0.456611	0.280128	2.447197
5.889000	0.673179	0.776911	1.066133	0.456611	0.320146	2.604911
5.890000	0.512430	0.736581	-0.028820	0.096666	-0.039096	-0.882701
5.891000	0.793842	0.776911	2.466483	0.736079	0.559564	4.823423
5.892000	0.794246	0.897458	2.471528	0.096666	0.080498	-0.724168
5.893000	0.834332	1.098221	2.004102	0.855768	0.559564	6.091541
5.894000	0.794246	0.897458	2.470563	-0.022730	-0.158920	-2.307713
5.895000	0.310787	0.577033	-0.966080	0.975749	0.719176	6.092032
5.896000	0.713669	0.897458	2.313418	-0.062821	-0.039096	-1.356753
5.897000	1.197128	1.258655	5.438983	0.296538	0.160304	0.545605
5.898000	0.673583	0.897458	1.221677	0.536208	0.359934	3.082331
5.899000	0.713669	0.938230	1.845355	0.136758	0.160304	-0.247076
5.900000	0.552921	0.697137	0.905785	0.855768	0.599582	5.299696
5.901000	0.834332	1.018447	3.719538	-0.022730	0.160304	-0.879240
5.902000	1.398368	1.498863	6.377757	0.975749	0.599582	6.250236
5.903000	0.633093	0.817684	2.315020	-0.022730	0.080498	-1.039595
5.904000	0.472344	0.537146	-0.027386	0.775878	0.519776	4.825154
5.905000	0.874822	1.057892	3.407655	0.136758	0.080498	-0.248898
5.906000	1.035975	1.058334	4.815377	0.296538	0.240340	0.385342
5.907000	0.955803	1.138551	3.254598	0.536208	0.320146	2.604911
5.908000	0.834736	0.857571	3.094250	0.016776	0.120516	-1.357243
5.909000	0.270701	0.376270	-1.902446	0.855768	0.519776	5.614703
5.910000	0.874822	1.058334	3.875081	0.096959	0.040939	-0.881391
5.911000	1.317791	1.298985	6.376872	0.815969	0.599582	5.141071
5.912000	0.432258	0.657693	-0.026501	0.136758	-0.039096	-1.515448
5.913000	0.512430	0.657693	1.220872	0.616098	0.559564	4.347242
5.914000	0.754160	0.938230	2.313418	0.296538	0.160304	-0.087632
5.915000	0.834736	1.018447	3.877488	0.296538	0.359934	1.812483
5.916000	1.076870	1.179324	4.190088	0.536208	0.280128	2.447526
5.917000	0.794650	1.018447	2.781650	0.296245	0.160534	-0.089362
5.918000	0.149634	0.336383	-2.059423	0.656189	0.519776	4.507177
5.919000	1.076870	1.178881	3.562313	0.336336	0.160304	0.227703
5.920000	1.197128	1.298985	6.220612	0.536208	0.359934	3.238897
5.921000	0.552921	0.778682	-0.028820	0.296538	0.240110	0.703884
5.922000	0.794650	1.018447	2.314215	0.576006	0.399722	2.130460
5.923000	0.633093	0.657693	1.219987	0.256739	0.280128	1.496894
5.924000	0.956207	1.058777	3.721945	0.536208	0.319916	2.446378
5.925000	1.076466	1.219211	5.282635	0.336629	0.319916	2.129878
5.926000	0.794650	0.938230	1.532675	0.336336	0.240110	1.020223
5.927000	0.351682	0.577476	-0.653392	0.536208	0.240110	2.607223
5.928000	1.036380	1.058777	4.500121	0.256446	0.280128	1.022772
5.929000	0.996293	1.058777	4.033828	0.536208	0.240340	2.286934
5.930000	0.794650	1.018890	2.159485	0.336629	0.319916	1.971835
5.931000	0.956207	1.138994	4.033828	0.376428	0.200322	1.496075
5.932000	0.391768	0.577476	-0.498645	0.536208	0.319916	2.287753
5.933000	0.955803	1.018890	3.563198	0.536208	0.359934	2.446706
5.934000	1.157447	1.259541	4.970920	0.336629	0.080498	1.337941
5.935000	0.552921	0.778682	0.909793	0.176556	0.359704	0.704795
5.936000	0.714074	0.898786	0.753445	0.536208	0.160534	1.970687
5.937000	0.754564	0.898786	2.780765	0.376428	0.359934	1.495983
5.938000	0.875631	0.978560	3.098258	0.296538	0.240110	1.496565
5.939000	0.834736	1.138994	3.098338	0.576006	0.439970	2.604911
5.940000	0.875631	1.018890	3.406858	0.296538	0.280128	1.655098
5.941000	0.432258	0.617806	-0.651790	0.616098	0.319916	1.971016
5.942000	0.714074	0.898343	2.311985	0.576006	0.639140	4.032893
5.943000	1.036380	1.179324	4.970752	0.216941	0.080498	0.544694
5.944000	0.875631	1.059220	1.691422	0.616098	0.479758	2.128730
5.945000	0.714074	0.898786	2.002500	-0.222894	-0.198708	-1.673819
5.946000	0.633901	0.658136	0.593901	0.655896	0.519546	2.920338
5.947000	0.714074	0.898343	2.470563	0.176849	0.080957	1.180648
5.948000	1.237619	1.339315	4.816173	0.616098	0.519546	3.237075
5.949000	0.754564	0.938673	2.158043	0.616098	0.319916	3.239226
5.950000	0.512835	0.658136	0.908988	0.136758	0.160534	1.178917
5.951000	0.875631	0.858456	2.313418	0.776171	0.519546	3.237075
5.952000	0.794650	1.018890	3.719458	-0.182802	-0.078884	-1.037773
5.953000	1.318195	1.259541	4.972522	0.975749	0.798982	5.298785
5.954000	0.916121	1.099107	3.878373	-0.102620	-0.278514	-2.782746
5.955000	0.310787	0.378041	-0.966877	0.576006	0.559564	3.715407
5.956000	0.754564	0.938673	2.157875	0.296538	0.000922	0.068184
5.957000	1.237619	1.419974	6.377757	0.456611	0.359934	3.400308
5.958000	0.713669	0.898786	1.689820	0.576006	0.319916	1.813302
5.959000	0.553325	0.858456	1.378017	0.456025	0.280128	2.446378
5.960000	0.673583	0.778682	0.908103	0.576299	0.439510	3.082331
5.961000	0.674392	0.858456	2.627708	0.056868	-0.078884	-2.467648
5.962000	1.116956	1.179767	5.128065	0.935951	0.719176	7.203347
5.963000	0.956207	1.059220	2.627708	-0.022730	0.000922	-2.307384
5.964000	0.069866	0.497702	-1.432613	0.616098	0.479758	3.398670
5.965000	0.754160	0.819012	1.534269	0.216648	0.120516	0.704138
5.966000	1.157851	1.339315	5.752468	0.576299	0.319916	2.604582
5.967000	0.673583	0.938673	1.846797	0.336629	0.319916	1.813631
5.968000	0.835545	0.978560	2.002500	0.376428	0.200322	1.178917
5.969000	0.472748	0.698023	0.752648	0.775878	0.719176	5.776114
5.970000	0.794650	0.898786	2.313418	-0.102620	-0.078884	-2.306473
5.971000	1.238427	1.419974	5.908808	0.975749	0.719176	6.249745
5.972000	0.754160	0.939116	2.471360	-0.182802	-0.078884	-1.831694
5.973000	0.432662	0.617806	-0.965275	0.695988	0.479758	3.713019
5.974000	0.714074	0.939116	2.157875	0.216648	0.200092	1.022023
5.975000	1.076870	1.099107	4.501891	0.296538	0.160304	0.861852
5.976000	0.915717	1.058777	3.878285	0.616391	0.479758	3.555963
5.977000	0.834736	1.099550	3.721945	-0.143004	-0.158920	-2.465917
5.978000	0.553325	0.658136	0.283700	1.095438	0.798982	6.725107
5.979000	0.633901	0.777797	1.688050	-0.102620	-0.198708	-2.147940
5.980000	1.358686	1.339315	6.687958	0.855768	0.719176	6.249416
5.981000	0.593411	0.898343	1.378822	-0.022730	-0.078884	-1.674309
5.982000	0.714074	0.898786	0.751843	0.735786	0.559564	5.141982
5.983000	0.673583	0.898343	1.845195	0.056868	-0.038867	-1.672671
5.984000	0.834736	1.018890	3.406858	0.136758	0.000922	-0.247567
5.985000	0.996293	1.058777	3.721945	0.695988	0.479987	4.347733
5.986000	0.955803	1.099107	3.409345	0.216648	0.000922	-1.357572
5.987000	0.472748	0.577919	-0.651790	0.696281	0.559793	5.458137
5.988000	0.512835	0.657693	0.440040	0.096959	-0.038867	-1.356332
5.989000	1.116956	1.098664	5.125498	0.695988	0.559793	4.823423
5.990000	0.754160	0.938673	2.159485	-0.182802	-0.078884	-2.465589
5.991000	0.754564	1.018890	1.691422	0.695988	0.479987	4.664562
5.992000	0.714074	0.898343	1.532675	0.176849	0.120516	0.072539
5.993000	0.673583	0.858456	2.000738	0.096666	0.040480	-1.514375
5.994000	0.996293	1.099107	3.407655	0.656189	0.359934	4.190348
5.995000	0.955803	1.058777	3.251395	0.176556	0.120516	-0.408250
5.996000	0.512835	0.777797	0.752728	0.656189	0.479987	4.507177
5.997000	0.593411	0.698023	0.594778	0.256739	0.200322	0.861760
5.998000	0.834736	0.978560	4.186636	0.736079	0.439970	4.982867
5.999000	0.915717	1.139437	3.721945	0.136758	0.040939	-1.514957
6.000000	0.956207	1.139437	3.252908	0.376428	0.240340	1.653859
6.001000	0.512835	0.617806	0.595503	0.336629	0.320146	2.446615
6.002000	0.714074	0.698023	0.907386	0.296538	0.200322	-0.248224
6.003000	1.077274	1.179324	4.814660	0.376428	0.280128	2.923799
6.004000	1.036380	1.139437	4.190893	0.256446	0.240110	0.387147
6.005000	0.835545	0.938673	1.846965	0.776171	0.479987	4.505937
6.006000	0.673583	0.858456	2.002500	0.056868	0.120516	-0.088214
6.007000	0.673583	0.657693	1.688050	0.616098	0.280128	2.761476
6.008000	1.076870	1.300313	4.659833	0.296538	0.200322	1.179737
6.009000	1.036380	1.179767	4.190893	0.216648	0.160534	1.338361
6.010000	0.472748	0.577919	-0.339986	0.416812	0.280128	1.178917
6.011000	0.553325	0.738795	0.751843	0.456025	0.359934	2.607881
6.012000	1.036380	1.139437	4.658231	0.376428	0.200322	1.971016
6.013000	0.996293	1.099107	3.722830	0.176556	0.160304	-0.246418
6.014000	0.754564	0.938673	2.157883	0.456611	0.280358	3.872463
6.015000	0.633901	0.778682	1.220792	0.336336	0.240110	1.337450
6.016000	0.392172	0.577919	0.282098	0.256739	0.160304	1.496565
6.017000	1.157447	1.259541	4.815377	0.576006	0.479758	2.920338
6.018000	1.036784	1.219654	4.347233	0.536208	0.280128	1.654770
6.019000	0.392172	0.577919	-0.497132	0.096666	0.080498	-0.089362
6.020000	0.553325	0.778682	0.440040	0.616098	0.359934	3.238897
6.021000	0.996293	1.018890	3.875718	0.176849	0.120516	1.021204
6.022000	1.077274	1.179324	4.033828	0.216355	0.240110	0.071230
6.023000	0.875631	1.099107	3.096568	0.296538	0.160534	1.654279
6.024000	0.512835	0.657693	0.439243	0.576299	0.359934	2.605239
6.025000	0.392172	0.537589	-0.186045	0.176849	0.080498	-0.087961
6.026000	1.237619	1.339315	6.220531	0.376428	0.280128	1.812812
6.027000	1.157447	1.219654	4.501891	0.376428	0.359934	2.447197
6.028000	0.472344	0.698023	0.129759	0.376428	0.240340	1.971016
6.029000	0.834736	0.939116	1.846957	0.376428	0.359934	1.971345
6.030000	0.754564	0.777797	2.469678	0.096666	-0.038867	0.069990
6.031000	0.996293	1.099107	4.346517	0.616098	0.559564	3.240536
6.032000	0.996293	1.059220	3.879090	-0.022730	-0.118673	-1.831112
6.033000	0.432258	0.617806	0.284585	0.536208	0.439970	2.605239
6.034000	0.472748	0.658136	-0.026581	0.336629	0.240110	1.812483
6.035000	1.237619	1.259541	6.375358	0.536208	0.359934	2.449348
6.036000	0.794650	0.979003	3.410858	0.416812	0.280128	1.496565
6.037000	0.673583	0.819012	0.597185	0.496702	0.200322	2.446378
6.038000	0.754564	0.979003	2.315020	0.456611	0.439510	2.130789
6.039000	0.593411	0.658136	0.597105	-0.062528	-0.158461	-2.148760
6.040000	1.076870	1.139437	4.346428	0.775878	0.718946	4.823094
6.041000	0.996293	1.138994	4.347233	0.056868	-0.078884	-1.514375
6.042000	0.633901	0.898786	0.752728	0.576299	0.359934	2.604911
6.043000	0.553325	0.858456	0.597185	0.536208	0.240340	2.288174
6.044000	1.036380	1.018890	4.343145	0.456611	0.240340	1.971016
6.045000	0.996293	1.018890	3.410858	0.536208	0.359934	2.605239
6.046000	0.674392	0.979003	1.535162	0.176849	0.040939	0.069753
6.047000	0.754564	0.858456	1.220872	0.775878	0.599582	4.348062
6.048000	0.512835	0.617806	0.126555	-0.182802	-0.198708	-2.624121
6.049000	1.116956	1.139437	4.655028	0.855768	0.639599	5.458466
6.050000	1.036380	1.059220	4.190893	-0.062821	-0.118673	-2.149671
6.051000	0.754564	0.938673	1.534277	0.695988	0.559564	4.189529
6.052000	0.754564	0.938673	2.002500	0.136758	0.080957	-0.087632
6.053000	0.673583	0.737467	1.844398	0.376428	0.280128	2.130460
6.054000	0.915717	1.059220	3.721945	0.616098	0.359934	2.763444
6.055000	1.036784	1.139437	4.190973	0.056868	-0.118673	-1.514375
6.056000	0.593411	0.738795	1.220075	0.736079	0.599582	4.507505
6.057000	0.472344	0.658136	0.126555	-0.062821	-0.039096	-2.150000
6.058000	1.036784	1.139437	5.595323	0.815676	0.639599	5.774384
6.059000	0.834736	0.938673	2.940308	-0.182802	-0.198708	-2.941279
6.060000	0.875631	1.099107	2.786455	0.695988	0.559793	4.664890
6.061000	0.633093	0.898786	1.845355	0.096959	-0.039096	-1.039924
6.062000	0.432258	0.497702	-0.496327	0.336336	0.200322	1.338361
6.063000	0.956207	1.099107	4.347233	0.576299	0.479758	2.604911
6.064000	1.237619	1.340200	5.597730	0.017362	-0.078884	-1.356661
6.065000	0.553325	0.658136	0.596388	0.815969	0.679158	5.615851
6.066000	0.472748	0.738795	0.283700	0.096666	-0.078884	-1.514865
6.067000	0.955803	0.938673	3.249713	0.775878	0.599582	5.458137
6.068000	0.754564	1.018890	2.941998	0.096959	-0.039096	-1.039595
6.069000	1.036784	1.219654	3.411744	0.695988	0.479758	3.714749
6.070000	0.754564	0.898786	2.315020	0.216648	0.160534	0.545352
6.071000	0.311595	0.457815	-1.434223	0.136758	-0.038867	-1.356661
6.072000	1.077274	1.179324	4.501971	0.696281	0.479758	4.190019
6.073000	1.197128	1.179324	5.438983	-0.022730	-0.078884	-1.514046
6.074000	0.512835	0.658136	-0.183646	0.815969	0.639599	5.142219
6.075000	0.633901	0.858456	1.377132	-0.062821	-0.118673	-1.672579
6.076000	0.714074	0.777797	1.375530	0.815969	0.599582	5.298785
6.077000	0.915717	1.059220	3.407655	-0.062821	-0.038867	-1.990227
6.078000	1.278109	1.460304	5.910330	0.576006	0.439970	2.764937
6.079000	0.593411	0.737467	1.065248	0.296831	0.240340	1.655918
6.080000	0.351682	0.577919	-0.965275	0.096959	0.080498	-1.040905
6.081000	1.237619	1.179324	5.438178	0.736079	0.479987	4.347733
6.082000	1.036380	1.138994	4.501971	0.096959	0.040939	-1.198128
6.083000	0.593411	0.898786	0.909873	0.855768	0.599582	5.458229
6.084000	0.875631	0.898343	2.157875	0.096959	0.040939	-0.405280
6.085000	0.432258	0.577476	-0.028900	0.776171	0.559793	5.456989
6.086000	0.995889	1.099107	4.191690	0.017362	-0.038867	-1.989408
6.087000	1.278109	1.339315	6.377676	0.576299	0.400181	3.082003
6.088000	0.432258	0.617806	0.128245	0.336629	0.240340	1.813141
6.089000	0.513239	0.778682	-0.027386	0.176849	0.200551	-0.089362
6.090000	1.036380	1.058777	4.657435	0.536793	0.360393	3.556874
6.091000	1.036380	1.059220	4.190088	0.256739	0.160534	0.704795
6.092000	0.754564	1.059220	1.691422	0.696281	0.479987	4.665381
6.093000	0.794650	0.898786	2.159645	0.136758	0.160534	-0.407102
6.094000	0.351682	0.537589	-0.810537	0.655896	0.400181	3.873282
6.095000	0.996293	1.138994	3.875798	0.256739	0.200551	0.070572
6.096000	1.277705	1.259541	5.752468	0.336629	0.240340	1.814542
6.097000	0.512835	0.738795	-0.026501	0.576299	0.320146	2.447854
6.098000	0.754160	1.059220	1.220872	0.256739	0.200551	0.861852
6.099000	0.714074	0.698023	1.843593	0.456611	0.280358	2.287845
6.100000	0.956207	1.018890	4.034545	0.256739	0.240340	0.861598
6.101000	1.036784	1.219654	4.190088	0.536208	0.400181	3.872953
6.102000	0.714074	0.858456	2.002340	0.256739	0.240340	1.178006
6.103000	0.633901	0.778682	0.596388	0.456611	0.439970	2.288174
6.104000	1.076870	1.099550	5.125498	0.536208	0.320146	2.130460
6.105000	0.996293	1.059220	3.877488	0.336629	0.280128	1.495654
6.106000	0.673583	0.939116	1.379539	0.416812	0.240340	1.655098
6.107000	0.915717	1.059220	3.565605	0.456025	0.400181	2.287845
6.108000	0.432662	0.497702	-0.029785	0.456611	0.200551	2.447197
6.109000	1.036784	1.139437	4.657435	0.136758	0.120516	-1.197799
6.110000	1.117360	1.219654	5.285042	0.456611	0.360393	3.081345
6.111000	0.553325	0.819012	1.066133	0.376428	0.400181	2.129878
6.112000	0.674392	0.778682	0.753445	0.296831	0.200322	1.337121
6.113000	0.915717	0.979003	3.875081	0.536208	0.439970	2.604911
6.114000	0.875631	0.938673	3.254598	0.536208	0.439970	3.083243
6.115000	0.915717	1.179767	2.941998	0.256739	0.040939	0.228286
6.116000	0.915717	1.019333	2.940308	0.576299	0.479758	3.078871
6.117000	0.109952	0.417485	-1.903243	0.256739	0.040939	1.178917
6.118000	0.996698	1.019333	3.875798	0.296538	0.359934	0.545352
6.119000	1.157447	1.300313	5.283440	0.096959	-0.038867	-0.246494
6.120000	0.633901	0.899672	0.910590	0.695988	0.599582	4.031653
6.121000	0.754564	0.939116	1.534277	0.256739	0.080957	1.654770
6.122000	0.633901	0.738795	1.532507	0.456611	0.280128	1.969286
6.123000	0.835545	0.979446	2.626823	0.616391	0.439970	3.715407
6.124000	1.238427	1.420860	5.908808	0.296538	0.200551	1.337121
6.125000	0.794650	0.979003	3.250510	0.496702	0.439970	2.605239
6.126000	0.230615	0.418370	-1.276361	0.137051	0.001151	0.070572
6.127000	1.036784	1.139437	4.032058	0.656189	0.519776	3.397430
6.128000	1.036784	1.139437	4.815377	-0.062528	-0.118673	-2.150000
6.129000	0.875631	1.059663	1.846965	0.656189	0.599582	3.556292
6.130000	0.956207	1.059220	3.407655	0.256739	0.160534	1.020056
6.131000	0.432662	0.538032	-0.966080	0.576299	0.400181	2.923799
6.132000	0.835545	0.979003	3.096568	0.456611	0.320146	2.288174
6.133000	1.318599	1.460304	6.845103	0.336629	0.120975	1.179500
6.134000	0.553325	0.779125	1.222393	0.536208	0.439970	2.763444
6.135000	0.432662	0.618248	-0.808935	-0.022730	-0.078884	-1.515286
6.136000	0.915717	0.979003	3.562313	0.855768	0.719176	5.140581
6.137000	0.996698	1.019333	3.722830	-0.062528	-0.158920	-1.832023
6.138000	0.956207	1.179767	3.721945	0.496702	0.439970	2.287262
6.139000	0.835545	1.019333	2.471288	0.296831	0.200551	1.812483
6.140000	0.311595	0.378483	-2.059423	0.576299	0.280358	3.078542
6.141000	0.875631	1.019776	3.407655	0.376428	0.320146	1.970525
6.142000	1.197937	1.340200	6.534017	0.137051	-0.038867	-0.247895
6.143000	0.593815	0.819455	0.597990	0.855768	0.758964	5.776114
6.144000	0.553729	0.819455	0.440845	-0.182802	-0.238497	-2.624121
6.145000	0.593815	0.738795	1.219987	0.855768	0.719176	4.823423
6.146000	0.996293	1.099550	4.033748	0.056868	-0.038867	-0.564325
6.147000	1.077274	1.300756	4.815457	0.456025	0.359934	2.288174
6.148000	0.593411	0.779125	1.688855	0.216648	0.200322	0.861852
6.149000	0.473153	0.698908	-0.652587	0.336336	0.280358	1.971016
6.150000	0.996293	1.059663	3.718653	0.576299	0.479758	2.923799
6.151000	1.157851	1.099550	5.126295	-0.022730	-0.078655	-1.674309
6.152000	0.835545	0.979446	1.535082	0.935951	0.719176	6.091212
6.153000	0.875631	1.019776	2.783968	-0.182802	-0.198708	-2.942098
6.154000	0.513239	0.698908	0.439243	0.935951	0.759194	6.407949
6.155000	0.996293	1.059663	4.190088	-0.062821	-0.198708	-1.991138
6.156000	1.318599	1.380973	6.377757	0.736079	0.559793	4.507177
6.157000	0.553729	0.779568	0.129759	0.176849	0.120516	0.387638
6.158000	0.754564	0.899672	1.691422	0.216648	0.200322	0.862509
6.159000	0.835545	0.819455	2.937910	0.775878	0.559793	4.666621
6.160000	0.916121	0.899672	3.098258	0.096959	0.000922	-1.040905
6.161000	1.077274	1.260869	4.035430	0.815969	0.639599	5.140489
6.162000	0.876035	1.019776	3.254518	-0.022730	-0.039096	-1.832023
6.163000	0.432662	0.578362	-0.651870	0.935951	0.679158	6.091541
6.164000	0.876035	0.899672	3.719458	-0.062821	-0.078884	-1.514957
6.165000	1.197937	1.260869	5.283440	0.576006	0.439970	3.398341
6.166000	0.513643	0.699351	-0.494725	0.296538	0.280128	1.178006
6.167000	0.795863	0.899672	2.315020	0.056868	-0.038867	-1.516105
6.168000	0.634306	0.739238	1.220792	0.815969	0.559793	4.981627
6.169000	0.674392	0.819455	2.315745	0.136758	0.040939	-1.198128
6.170000	1.077274	1.341086	5.130464	0.775878	0.559564	5.140581
6.171000	0.755372	0.979446	2.003145	-0.022730	0.000922	-1.357572
6.172000	0.513643	0.699351	-0.182930	0.815676	0.599582	5.774055
6.173000	0.835545	0.899672	2.310939	-0.102620	-0.078884	-2.149342
6.174000	1.037188	1.099993	4.346348	0.376428	0.240340	1.811993
6.175000	0.835545	0.940001	1.534285	0.456611	0.280358	2.288993
6.176000	1.037188	1.220539	4.190088	-0.022730	-0.038867	-1.990227
6.177000	0.513643	0.699351	0.126555	0.736079	0.519776	4.664890
6.178000	0.755372	0.859785	2.470563	0.017362	0.000922	-1.356332
6.179000	1.319408	1.421303	6.691162	0.935951	0.719176	6.249416
6.180000	0.715286	0.859785	2.003862	-0.062821	0.000922	-1.672579
6.181000	0.553729	0.699351	0.754250	0.695988	0.519776	4.507177
6.182000	0.795863	0.819455	2.627620	0.216941	0.200092	-0.403642
6.183000	0.916121	1.060105	3.407655	0.376428	0.280128	1.813723
6.184000	1.037188	1.180652	4.191690	0.256739	0.200322	1.495654
6.185000	1.037188	1.099993	4.503573	0.176849	0.160534	-0.089362
6.186000	0.352086	0.458700	-1.276353	0.616391	0.439970	3.873282
6.187000	0.755372	0.779568	2.002340	0.216648	0.120516	0.069990
6.188000	1.319408	1.260869	5.909533	0.895567	0.639599	5.456989
6.189000	0.715286	0.900114	1.537569	0.216648	0.200551	0.069990
6.190000	0.715286	0.859785	0.753445	0.456611	0.240569	2.765266
6.191000	0.513239	0.659021	0.595503	0.256739	0.280128	0.545352
6.192000	0.916121	0.899672	3.095055	0.456611	0.280358	2.446706
6.193000	1.037188	1.220982	4.190973	0.296831	0.160534	1.019473
6.194000	0.876035	0.940001	3.096568	0.256739	0.240340	0.228286
6.195000	0.271914	0.458700	-1.277078	0.576299	0.360393	3.082003
6.196000	0.634306	0.779568	1.219987	0.216648	0.080957	-0.724168
6.197000	1.198341	1.220539	5.751583	0.496702	0.200551	2.287845
6.198000	0.916525	1.060105	3.098258	0.576299	0.400181	2.131279
6.199000	0.755372	0.979446	1.689652	0.336629	0.240340	1.178917
6.200000	0.433066	0.458700	-0.340872	0.456611	0.200551	1.496565
6.201000	0.916525	0.979446	3.094170	0.336629	0.240340	1.655098
6.202000	1.238427	1.380973	6.377757	0.376428	0.280358	2.289812
6.203000	0.674392	0.899672	2.002340	0.296538	0.200322	0.704138
6.204000	0.513239	0.659021	-0.027386	0.336629	0.200551	1.654770
6.205000	0.755372	0.859785	2.002340	0.336336	0.280128	0.863328
6.206000	0.916121	0.940001	3.563118	0.296538	0.041169	1.020056
6.207000	1.077274	1.260869	4.815377	0.536208	0.439970	3.082331
6.208000	0.876035	1.060105	3.098258	0.456611	0.320146	2.604911
6.209000	0.433066	0.418813	-1.277955	0.456611	0.400181	1.971927
6.210000	0.836353	0.940001	3.407655	0.416812	0.280358	1.812812
6.211000	1.238427	1.260869	6.220531	0.296538	0.200551	1.179408
6.212000	0.593815	0.779568	0.911475	0.336629	0.320146	1.654608
6.213000	0.553729	0.779568	0.752728	0.017362	-0.118673	-0.246165
6.214000	0.633901	0.779125	1.689812	0.496702	0.359934	1.655427
6.215000	0.875631	0.859342	3.407655	0.216648	0.041169	0.386161
6.216000	1.157851	1.260426	4.659833	0.576299	0.400181	2.446706
6.217000	0.674392	0.940001	1.846797	0.376428	0.280358	2.130460
6.218000	0.392576	0.619134	-0.808130	0.416812	0.280358	1.971016
6.219000	0.755372	0.899672	2.471280	0.456611	0.439970	2.604911
6.220000	0.996698	1.139880	4.969318	-0.022730	-0.118673	-1.356170
6.221000	0.674392	0.979446	1.222393	0.656189	0.599582	3.555963
6.222000	0.754564	1.019333	2.783163	-0.222601	-0.238497	-2.625361
6.223000	0.593815	0.779125	1.064451	0.616098	0.519776	3.397430
6.224000	0.633901	0.779125	1.845195	0.137051	0.001151	-0.879240
6.225000	1.157851	1.260426	5.594438	0.656189	0.479987	3.873940
6.226000	0.593815	0.939116	1.377937	0.296831	0.160534	1.020056
6.227000	0.513239	0.739238	0.597185	0.456611	0.280358	2.128730
6.228000	0.754564	0.819012	2.626018	0.576299	0.479987	3.082331
6.229000	0.875631	0.979003	3.563198	-0.022730	-0.118673	-1.516105
6.230000	0.916121	1.099993	3.724344	0.776171	0.679617	4.823423
6.231000	0.956207	1.139880	4.190088	-0.102620	-0.118673	-1.991138
6.232000	0.513239	0.698908	0.284505	0.695988	0.519776	3.873120
6.233000	0.593815	0.739238	1.219987	0.096959	-0.078655	-1.037773
6.234000	1.117360	1.300313	5.752468	0.576299	0.280358	2.604000
6.235000	0.633901	0.939116	1.224969	0.296538	0.280358	1.653039
6.236000	0.633901	0.819012	1.535879	0.216648	0.080957	0.702898
6.237000	0.593411	0.778682	1.375530	0.696281	0.559793	4.190348
6.238000	0.754564	0.778682	1.846965	-0.062821	-0.158461	-2.308204
6.239000	0.996698	1.179767	4.190973	0.855768	0.639599	5.774055
6.240000	0.996293	1.059663	3.721945	-0.102620	-0.118673	-1.991467
6.241000	0.512835	0.618248	-0.183646	0.735786	0.559793	4.348973
6.242000	0.472748	0.618248	0.127440	0.176849	0.001151	-0.088872
6.243000	1.117360	1.179324	4.969955	0.376428	0.280358	1.812812
6.244000	0.915717	1.099550	3.253085	0.456611	0.280358	1.655098
6.245000	0.794650	1.019333	2.471360	0.096959	0.000922	-0.724497
6.246000	0.512835	0.617806	0.751843	0.935951	0.639599	5.933499
6.247000	0.673583	0.779125	2.002340	-0.102620	-0.118673	-2.148760
6.248000	1.197937	1.419974	5.127897	0.975749	0.679617	5.933499
6.249000	0.956207	1.059220	3.721945	-0.022730	0.000922	-2.149671
6.250000	0.553325	0.738795	0.597185	0.736079	0.559793	4.348644
6.251000	0.633901	0.698023	0.439155	-0.022730	-0.038867	-1.355513
6.252000	0.955803	0.979003	3.875001	0.296831	0.200551	0.543713
6.253000	1.117360	1.179767	4.660719	0.496702	0.400181	2.765266
6.254000	0.956207	1.099550	3.567199	0.096959	0.001151	-1.514046
6.255000	0.351682	0.537589	-1.277955	0.896152	0.639599	6.091703
6.256000	0.674392	0.738795	1.689820	0.096959	0.040939	-1.197638
6.257000	1.238427	1.340200	5.752388	0.736079	0.559564	4.981627
6.258000	0.875631	1.019333	2.629318	0.016776	-0.078884	-1.673980
6.259000	0.633901	0.819455	1.377132	0.616098	0.439970	4.190930
6.260000	0.593815	0.859342	0.908988	0.096959	0.000922	-0.881973
6.261000	0.714074	0.899672	2.314143	0.136758	0.160534	-0.882701
6.262000	1.157851	1.300756	4.816979	0.576299	0.400181	3.555963
6.263000	0.916121	1.060105	3.410858	0.096666	0.120516	-0.724168
6.264000	0.392576	0.458700	-1.276353	0.776171	0.599582	5.300515
6.265000	0.635114	0.819898	0.908183	0.256446	0.200322	0.387147
6.266000	1.037188	1.180652	5.127100	0.576299	0.399722	3.713838
6.267000	0.956612	1.140765	3.410858	0.216648	0.160304	0.229434
6.268000	0.634306	0.940001	1.690457	0.336336	0.280128	2.446378
6.269000	0.593815	0.739681	0.595503	0.336629	0.280128	1.813141
6.270000	0.553729	0.739238	1.065248	0.136758	0.160304	-0.883030
6.271000	1.157851	1.300756	5.595323	0.536208	0.359934	2.923799
6.272000	0.916121	1.060105	2.938635	0.176556	0.160304	-0.405280
6.273000	0.473153	0.659464	0.283700	0.775878	0.599582	5.141071
6.274000	0.674392	0.979446	1.688218	0.136758	0.120516	-1.039595
6.275000	0.916121	0.859342	3.875001	0.456611	0.320146	3.082003
6.276000	0.956207	1.059663	3.406858	0.256446	0.240110	1.021204
6.277000	0.916121	1.059663	2.941998	0.296538	0.200092	0.861760
6.278000	0.593411	0.738795	0.752648	0.456611	0.280358	1.813302
6.279000	0.432662	0.618248	-0.028191	0.216648	0.240110	0.387730
6.280000	1.237619	1.300313	5.908728	0.336629	0.160534	1.813302
6.281000	0.915717	0.979003	3.098258	0.256446	0.240340	0.387147
6.282000	0.593411	0.858456	0.752728	0.576299	0.280358	3.714749
6.283000	0.915717	0.979003	2.937910	0.216648	0.160304	0.070319
6.284000	0.552921	0.617806	1.532675	0.256739	0.200322	1.493687
6.285000	1.076870	1.058777	3.877488	0.536208	0.439970	2.604911
6.286000	0.996293	1.179324	4.035430	0.336629	0.240340	1.653368
6.287000	0.673583	0.777797	0.754330	0.376428	0.240340	1.971016
6.288000	0.472344	0.617363	-0.497132	0.536208	0.479758	2.446378
6.289000	1.036380	1.098221	5.281838	0.296831	-0.038637	1.655098
6.290000	0.874822	1.018447	3.409425	0.336336	0.320146	1.337450
6.291000	0.593411	0.978117	1.379619	0.256739	0.040939	1.020967
6.292000	0.713265	0.777354	1.532675	0.616098	0.399722	2.288993
6.293000	0.310787	0.656807	-0.499450	0.216648	0.040939	0.387730
6.294000	0.914909	1.098221	3.251395	0.616391	0.479758	3.397759
6.295000	1.116148	1.258212	4.814580	0.456611	0.280358	2.288664
6.296000	0.753756	0.937345	1.532675	0.456611	0.240340	1.971016
6.297000	0.390959	0.656364	-0.968487	0.456611	0.320146	1.813141
6.298000	0.713265	0.736581	1.843593	0.216648	0.041169	0.704046
6.299000	0.874418	1.057006	3.094250	0.576299	0.519776	2.130460
6.300000	0.954995	1.257770	3.721945	0.096959	-0.038637	-1.198128
6.301000	0.592198	0.736139	0.906581	0.616391	0.479758	3.240536
6.302000	0.269893	0.495488	-1.122420	0.336629	0.200551	1.653039
6.303000	1.115339	1.136780	4.657515	0.456611	0.320146	2.923799
6.304000	0.914504	1.056563	3.719538	0.536208	0.439970	2.288174
6.305000	0.632285	0.815913	1.690697	0.296831	0.160534	1.496565
6.306000	0.470727	0.615149	-0.030590	0.576299	0.359934	2.446706
6.307000	0.390151	0.534932	-0.343190	0.056868	-0.158461	-1.989736
6.308000	0.874014	1.056120	3.563278	0.776171	0.599582	4.664890
6.309000	1.074849	1.176224	4.501175	0.137051	0.001151	-0.721036
6.310000	0.349661	0.494602	-0.342305	0.536208	0.439970	1.972256
6.311000	0.430237	0.574376	-0.810537	0.536208	0.320146	3.082003
6.312000	0.913696	1.015348	3.874276	0.376428	0.240340	1.812483
6.313000	0.832715	0.854914	2.315020	0.456611	0.320146	2.288174
6.314000	0.672371	0.894801	1.220872	0.136758	0.080957	0.070082
6.315000	0.550900	0.694038	0.751126	0.815969	0.759194	5.775295
6.316000	0.228998	0.413943	-1.904693	-0.222894	-0.238497	-3.732957
6.317000	0.993868	1.175339	4.343225	0.815969	0.758964	5.615942
6.318000	1.114935	1.175339	5.125658	0.017362	-0.038867	-1.355842
6.319000	0.349661	0.533604	-1.122977	0.456611	0.439970	2.446706
6.320000	0.550495	0.774255	0.282895	0.336629	0.200551	1.337121
6.321000	0.671562	0.693595	2.467359	0.336629	0.240340	1.812483
6.322000	0.832715	0.934688	2.781650	0.576299	0.440199	3.240536
6.323000	0.993868	1.215226	3.094250	0.017362	-0.038867	-1.833753
6.324000	0.510409	0.653708	0.282178	0.896152	0.719176	6.408278
6.325000	0.349256	0.413057	-1.592173	-0.062821	-0.198708	-2.782654
6.326000	1.114531	1.214783	5.277997	0.935951	0.759194	5.775295
6.327000	0.953378	1.014020	3.249793	0.096959	-0.038867	-0.565306
6.328000	0.510005	0.773812	-0.029625	0.656189	0.519776	3.556055
6.329000	0.872801	0.893916	1.845355	0.336629	0.200551	1.337450
6.330000	0.469919	0.613378	0.281293	0.176849	0.040939	-0.247405
6.331000	0.872801	0.893916	2.937990	0.935951	0.639599	5.141071
6.332000	1.074040	1.134123	4.501255	0.096959	-0.038867	-1.198128
6.333000	0.349256	0.532718	-0.185965	0.696281	0.599811	5.298785
6.334000	0.308362	0.653265	-1.434860	0.096959	0.001151	-0.405609
6.335000	0.993464	1.053464	4.184398	0.695988	0.559793	4.983358
6.336000	0.791821	0.853586	2.626275	-0.022730	-0.038867	-1.989408
6.337000	0.510005	0.813256	-0.028740	0.416812	0.280358	1.812575
6.338000	0.791821	0.893030	2.000898	0.376428	0.320605	1.971835
6.339000	0.308362	0.452059	-1.281087	-0.022730	0.001151	-1.832842
6.340000	0.871993	1.013134	2.937105	0.815969	0.599811	5.617581
6.341000	0.993464	1.013134	4.029819	-0.022730	0.001151	-1.356661
6.342000	0.550091	0.733039	-0.653312	0.855768	0.599811	5.774055
6.343000	0.510005	0.692266	-0.029625	0.017362	-0.038867	-1.515776
6.344000	0.710840	0.772926	2.466554	0.776171	0.559793	5.140252
6.345000	0.751330	0.932917	2.000898	0.137051	0.040939	-0.878421
6.346000	0.791821	1.013577	1.844638	0.256739	0.240340	0.861852
6.347000	0.791417	0.893030	2.624505	0.656189	0.400411	2.921976
6.348000	0.227785	0.532275	-1.593775	0.096959	0.000922	-1.674309
6.349000	0.871993	0.932917	3.091843	0.696281	0.479987	4.983358
6.350000	0.791417	0.932917	3.093533	0.176849	0.160534	-0.566454
6.351000	0.670754	0.893030	0.595663	0.776171	0.520005	5.458719
6.352000	0.710840	0.772926	2.000898	0.017362	0.120516	-0.724168
6.353000	0.348448	0.491946	-0.501937	0.696281	0.440199	3.080693
6.354000	0.751330	0.932917	2.311985	0.176849	0.240340	0.228286
6.355000	1.153809	1.133681	4.499565	0.336629	0.280358	1.495654
6.356000	0.550091	0.692266	0.750321	0.296831	0.240340	1.495983
6.357000	0.308362	0.532275	-0.499370	0.256446	0.240340	1.338361
6.358000	0.871993	0.892587	2.935503	0.576299	0.280358	3.236417
6.359000	0.670754	0.852700	1.689095	0.137051	0.040939	-1.355513
6.360000	0.871993	0.973247	2.471528	0.576006	0.400411	3.082914
6.361000	0.791821	0.932917	1.687493	0.456611	0.280128	1.812812
6.362000	0.187295	0.411729	-2.530690	0.296831	0.160534	1.337450
6.363000	0.831503	0.973247	3.248988	0.456611	0.320146	1.653368
6.364000	1.194299	1.414218	5.281998	0.576299	0.439970	3.082331
6.365000	0.348448	0.612492	-0.185965	0.336629	0.240340	1.971016
6.366000	0.550091	0.733039	-0.029625	0.536208	0.280128	1.178917
6.367000	0.469515	0.572163	0.436836	0.336629	0.200551	2.130460
6.368000	0.710840	0.772926	1.843753	0.296538	0.280128	1.179575
6.369000	1.234789	1.213898	4.031421	0.296538	0.080957	0.543875
6.370000	0.630264	0.692266	1.217668	0.576299	0.439970	2.604911
6.371000	0.146805	0.291625	-2.374438	0.456611	0.359934	2.447197
6.372000	0.993060	1.053021	3.091843	0.456903	0.280358	1.496565
6.373000	1.073232	1.093351	4.186965	0.376428	0.359934	1.971345
6.374000	0.509601	0.652379	-0.030422	0.376428	0.240340	1.971927
6.375000	0.751330	0.973247	2.000898	0.456611	0.320146	1.971345
6.376000	0.227381	0.411729	-0.970000	0.056868	-0.078655	-1.356332
6.377000	0.871993	0.932474	2.936388	0.656189	0.479987	3.239226
6.378000	1.154213	1.173125	5.438346	0.096959	0.080957	0.229197
6.379000	0.388534	0.531833	0.439323	0.536208	0.320146	2.446706
6.380000	0.348448	0.611607	-0.653312	0.656189	0.400181	3.555143
6.381000	0.751330	0.772041	2.468325	0.416812	0.280358	2.447197
6.382000	0.871993	0.932917	3.093533	0.576299	0.320146	2.129549
6.383000	0.710840	0.932917	1.219270	0.136758	-0.038867	-0.405609
6.384000	0.751330	0.932474	2.937990	0.815969	0.759194	5.774874
6.385000	0.227381	0.451616	-2.529974	-0.062528	-0.238726	-2.782746
6.386000	0.791417	0.932917	2.312613	0.656189	0.559793	3.873449
6.387000	1.073232	1.133238	4.813058	0.216648	0.080957	0.704138
6.388000	0.348448	0.571720	-1.121375	0.656189	0.479987	3.394788
6.389000	0.388534	0.652379	-0.029625	0.256739	0.200551	1.338361
6.390000	0.670754	0.692266	1.374805	0.576299	0.320146	2.130131
6.391000	0.710840	0.811928	1.687493	0.696281	0.559793	4.031653
6.392000	0.791417	1.092908	3.095135	-0.262692	-0.118673	-2.783075
6.393000	0.871993	0.892587	2.156433	1.135529	0.879018	6.565663
6.394000	0.308362	0.571720	-1.434780	-0.262692	-0.158461	-2.941279
6.395000	0.750926	0.772926	1.997694	0.775878	0.639829	4.822604
6.396000	0.993060	1.012691	3.717219	0.096959	-0.118673	-1.672579
6.397000	0.670350	0.892587	0.908352	0.576299	0.320146	3.399980
6.398000	0.710840	0.852700	1.375690	0.256739	0.200551	1.337121
6.399000	0.428620	0.571720	-0.501857	0.176849	0.001151	-0.247895
6.400000	0.670350	0.892587	1.997694	0.776171	0.559793	4.665710
6.401000	1.073232	1.173125	4.031501	0.017362	-0.038867	-1.991467
6.402000	0.589773	0.772041	0.593981	0.815969	0.639599	5.140979
6.403000	0.428620	0.651937	0.125918	-0.062821	-0.038867	-1.674309
6.404000	0.710840	0.771598	1.686608	0.936243	0.599582	5.140252
6.405000	0.630264	0.731711	0.905865	-0.062528	0.001151	-1.673161
6.406000	0.912079	1.053021	3.095135	0.536208	0.280358	1.812483
6.407000	0.871589	1.012691	2.626098	0.456903	0.360393	2.446378
6.408000	0.267871	0.491060	-1.749947	-0.062528	-0.118673	-1.672579
6.409000	0.791012	0.892587	2.780040	0.815969	0.559793	4.981627
6.410000	0.993060	1.092908	3.562393	-0.062528	-0.078655	-1.037773
6.411000	0.548879	0.811928	0.752808	0.815969	0.639829	5.298785
6.412000	0.670350	0.771598	0.750321	0.056868	-0.118673	-1.832023
6.413000	0.509601	0.651051	0.124236	0.696281	0.520005	5.141071
6.414000	0.468302	0.611607	0.437721	0.017362	0.001151	-1.514957
6.415000	1.153809	1.252899	3.875161	0.136758	0.040939	-0.883849
6.416000	0.670350	0.811928	1.374813	0.496702	0.400411	3.082331
6.417000	0.307149	0.451173	-2.062635	0.176849	0.001151	-1.198128
6.418000	0.550091	0.731711	0.593176	0.736372	0.480217	5.456989
6.419000	0.912079	0.932474	4.029819	0.017362	0.040939	-1.039595
6.420000	0.831503	0.972361	2.158123	0.936243	0.559793	5.774147
6.421000	0.751330	0.932474	1.842948	-0.102620	-0.118673	-2.465589
6.422000	0.348044	0.370513	-1.127146	0.656189	0.480217	3.873282
6.423000	0.509601	0.691381	0.436836	0.257032	0.120516	0.546171
6.424000	1.234385	1.333116	5.746858	0.256739	0.240340	0.387892
6.425000	0.589773	0.611607	0.594866	0.496702	0.200551	1.971835
6.426000	0.388534	0.530947	-0.499370	0.256739	0.200551	0.227703
6.427000	0.508792	0.611607	0.593176	0.536793	0.400411	3.714749
6.428000	0.871589	0.891702	2.936388	0.216941	0.040939	-0.247076
6.429000	0.912079	1.012248	3.094330	0.656482	0.480217	4.982538
6.430000	0.710436	0.811928	2.937990	0.336629	0.240340	0.545352
6.431000	0.267871	0.370513	-2.685517	0.336629	0.200551	1.337121
6.432000	0.388130	0.571277	-0.187567	0.177142	0.200551	0.544694
6.433000	1.314557	1.252456	5.907206	0.456611	0.360393	1.812812
6.434000	0.629859	0.731268	0.440128	0.256739	0.120975	1.020293
6.435000	0.428620	0.691381	0.282178	0.176849	0.080957	-0.882701
6.436000	0.589773	0.731268	-0.033714	0.656482	0.360623	4.031486
6.437000	0.750926	0.771155	1.844638	0.136758	0.200551	0.069499
6.438000	0.871589	1.012248	3.094330	0.416812	0.160993	1.812483
6.439000	0.710436	0.811485	1.686688	0.336629	0.280358	2.129549
6.440000	0.267467	0.491060	-1.434860	0.336629	0.240569	1.337121
6.441000	0.428620	0.571277	-0.499370	0.296831	0.080957	1.337121
6.442000	1.032338	1.012248	4.497166	0.256739	0.280358	1.654608
6.443000	0.710436	0.851815	1.220155	0.456903	0.240569	2.130460
6.444000	0.629859	0.811928	0.125113	0.136758	0.200551	0.070082
6.445000	0.388130	0.571720	0.280576	0.496702	0.200551	1.653622
6.446000	0.750926	0.811485	2.311179	0.456611	0.320146	1.495983
6.447000	1.073232	1.092465	3.560074	0.216648	0.120975	1.020056
6.448000	0.629859	0.731268	1.063010	0.576299	0.400181	1.971016
6.449000	0.388130	0.691381	-0.654197	0.416812	0.280358	2.446706
6.450000	0.629859	0.731268	1.531950	0.416812	0.280358	1.020056
6.451000	0.750522	0.851372	2.936388	0.496702	0.240569	1.970525
6.452000	0.871589	0.972361	2.468325	0.137051	0.081187	0.228286
6.453000	0.750926	0.891702	2.313578	0.616391	0.519776	1.654279
6.454000	0.348044	0.610721	-1.437267	-0.062528	-0.118443	-1.673398
6.455000	0.629859	0.651051	1.218385	0.496702	0.479987	2.288993
6.456000	0.991847	1.052135	3.718016	0.216941	0.080957	0.544694
6.457000	0.669945	0.811485	1.063815	0.496702	0.560023	3.241775
6.458000	0.588965	0.771598	1.063010	0.496702	0.240569	1.494835
6.459000	0.589773	0.690938	0.436119	0.296831	0.160993	1.971927
6.460000	0.427812	0.530947	0.436836	0.416812	0.360393	2.130460
6.461000	0.911271	0.931589	3.250670	0.137051	-0.038637	-0.883030
6.462000	0.791012	0.972361	1.375690	0.696281	0.679617	5.141729
6.463000	0.307553	0.450288	-0.809652	-0.062528	-0.158461	-1.831694
6.464000	0.589773	0.690938	0.122626	0.616098	0.520005	3.239555
6.465000	0.951761	0.931589	3.404531	0.017362	0.001151	-0.087961
6.466000	0.669945	0.891702	1.063010	0.776171	0.520005	3.873282
6.467000	0.670350	0.972361	1.532835	0.216941	0.160993	1.653368
6.468000	0.508792	0.690938	0.436836	0.496702	0.360393	2.128730
6.469000	0.307553	0.450288	-0.970805	0.576299	0.479987	3.083571
6.470000	1.153809	1.132795	3.874276	-0.062821	-0.078425	-1.832023
6.471000	0.750522	0.851372	1.375698	0.815969	0.559793	4.347733
6.472000	0.508792	0.651051	-0.031227	-0.062528	-0.118443	-0.722529
6.473000	0.428620	0.650608	0.122546	0.776171	0.520005	4.030996
6.474000	0.750522	0.811485	2.466723	0.257032	0.041169	0.228286
6.475000	0.871589	0.931589	3.093533	0.296831	0.240569	2.130460
6.476000	0.911271	1.092465	3.406213	0.496702	0.320146	1.971016
6.477000	0.347639	0.530062	-0.814545	0.137051	0.001151	-0.089362
6.478000	0.186487	0.329741	-1.750752	0.696281	0.559793	4.507505
6.479000	1.233577	1.212569	5.438426	-0.062528	-0.158461	-2.307875
6.480000	0.750522	0.891702	1.374813	0.736372	0.560023	5.299933
6.481000	0.468302	0.690938	0.282178	0.096959	-0.078655	-1.516105
6.482000	0.548879	0.690938	0.280576	0.536793	0.440199	3.556055
6.483000	0.669945	0.690938	1.374813	0.216941	0.240569	0.545352
6.484000	0.911271	1.131910	3.094330	0.296831	0.080957	0.386161
6.485000	0.951761	1.052135	3.250590	0.536793	0.440199	3.399980
6.486000	0.226977	0.410401	-1.747460	0.216648	0.001151	-0.883030
6.487000	0.267063	0.450288	-2.063440	0.776171	0.599811	5.615851
6.488000	1.193895	1.131910	5.437541	-0.062821	-0.158461	-2.149671
6.489000	0.710436	0.811485	1.845435	1.016134	0.679617	5.772907
6.490000	0.548879	0.691381	0.438518	-0.062528	-0.118673	-1.672250
6.491000	0.388130	0.610721	-0.345517	0.736079	0.479987	4.030667
6.492000	0.428620	0.571277	-0.501857	0.096959	0.120516	-0.088214
6.493000	0.951761	1.052135	3.404531	0.137051	0.001151	-0.088451
6.494000	0.790608	0.851372	2.936388	0.776171	0.519776	4.189200
6.495000	0.307553	0.610721	-2.061750	-0.102327	-0.078655	-1.037444
6.496000	0.348044	0.651051	-0.813660	0.855768	0.639599	5.615193
6.497000	0.991847	1.052135	4.029819	0.096959	-0.038867	-1.357572
6.498000	0.791012	0.851372	2.311985	0.616391	0.520005	5.298693
6.499000	0.710436	0.731268	1.218545	0.216648	0.120516	-1.674309
6.500000	0.388130	0.610721	-0.657400	0.536793	0.440199	3.714587
6.501000	0.548879	0.651051	0.593981	0.216648	0.280358	1.178825
6.502000	0.992251	1.172239	4.186079	0.176849	0.080498	-1.199767
6.503000	0.831098	0.891259	2.311179	0.496702	0.440199	4.826302
6.504000	0.388130	0.691381	-0.185885	0.256446	0.040939	-0.724826
6.505000	0.589773	0.771155	0.594061	0.936243	0.639599	6.091703
6.506000	0.710032	0.731268	2.622903	0.176849	0.080957	0.068842
6.507000	0.871589	0.891702	2.781810	0.776171	0.559793	4.506357
6.508000	0.750926	0.931589	2.311985	0.017362	0.001151	0.228943
6.509000	0.267063	0.410401	-1.435657	0.536208	0.280358	1.810753
6.510000	0.589773	0.690938	0.281373	0.456611	0.320146	2.447854
6.511000	1.113318	1.092465	4.029819	-0.062821	0.000922	-1.198128
6.512000	0.669945	0.811485	1.065417	0.935951	0.559793	4.663650
6.513000	0.589773	0.811485	0.751923	0.137051	0.040939	0.547411
6.514000	0.629859	0.731268	0.905865	0.935951	0.599811	5.616104
6.515000	0.468302	0.530062	0.280576	0.256739	0.160534	-0.405280
6.516000	0.992251	1.052135	3.717936	0.376428	0.280358	3.556874
6.517000	0.750118	0.891702	1.220155	0.496702	0.240340	1.337121
6.518000	0.347639	0.610721	-1.437267	0.256739	0.280358	2.130789
6.519000	0.670350	0.771155	1.218545	0.456611	0.280358	1.337121
6.520000	0.831098	0.811485	3.404531	0.456611	0.320146	1.494927
6.521000	0.750926	0.851372	1.218553	0.216941	0.120975	2.766414
6.522000	0.710436	0.851372	1.532835	0.376428	0.320146	0.068842
6.523000	0.710032	0.690938	0.749605	0.576299	0.320605	4.191259
6.524000	0.348044	0.450288	-0.345517	0.336629	0.280128	0.861598
6.525000	1.032338	1.092465	4.030616	0.536208	0.280358	1.812483
6.526000	0.750926	0.932474	2.000898	0.256739	0.360393	2.765923
6.527000	0.548879	0.811042	0.751207	0.656189	0.320146	2.286605
6.528000	0.548879	0.771598	0.905865	0.296538	0.240340	1.496894
6.529000	0.750522	0.730825	2.622814	0.616098	0.559564	3.873940
6.530000	0.791012	0.891702	2.468325	0.336629	0.080498	0.702898
6.531000	0.992251	1.052578	3.719618	0.256446	0.359704	1.813960
6.532000	0.388130	0.610721	-0.500167	0.415934	0.040480	0.384102
6.533000	0.267063	0.451173	-0.968487	0.616098	0.519546	3.556292
6.534000	1.153809	1.212569	4.654311	0.216648	0.120286	1.496565
6.535000	0.710436	0.891702	1.375698	0.735786	0.479069	2.763115
6.536000	0.710436	0.771598	0.750321	0.336336	0.319916	2.924127
6.537000	0.589773	0.651051	1.061400	0.415934	0.080269	1.337121
6.538000	0.508792	0.651051	0.125121	0.576006	0.558875	3.556292
6.539000	0.831503	0.972361	2.468325	0.056575	-0.039555	0.545352
6.540000	0.912079	1.052578	3.563278	0.735494	0.638452	2.920009
6.541000	0.307553	0.451173	-1.434860	-0.063406	-0.039785	-0.562503
6.542000	0.267871	0.451173	-1.437435	0.775292	0.478840	4.030085
6.543000	1.032338	1.052578	3.717219	0.495531	0.318998	1.971016
6.544000	0.791012	0.972804	2.312065	0.415934	0.439051	3.558512
6.545000	0.710436	0.851815	1.220147	0.854890	0.518857	3.078542
6.546000	0.710436	0.691381	1.062125	0.256154	0.119598	1.496894
6.547000	0.348044	0.530947	-0.187567	0.615219	0.478610	3.240536
6.548000	0.912079	1.132795	3.562473	0.176264	-0.080032	-1.991467
6.549000	0.992251	1.053021	3.562481	0.655018	0.718028	6.093271
6.550000	0.388534	0.611607	-0.811890	0.295659	-0.040244	-0.249884
6.551000	0.468302	0.531390	-0.658205	0.495531	0.558416	3.397759
6.552000	0.831503	0.851815	2.935503	0.495238	0.318998	2.920990
6.553000	0.992251	1.092465	3.407018	0.695402	0.478610	3.078542
6.554000	0.710436	0.771598	1.531065	0.216062	0.318998	1.656246
6.555000	0.388534	0.531390	-0.031227	0.335458	0.039562	-0.250704
6.556000	0.347639	0.451173	-0.501060	0.815384	0.718028	6.092360
6.557000	1.233981	1.212569	5.437541	-0.303369	-0.279662	-2.783075
6.558000	0.791012	0.851815	2.469130	1.334230	0.997234	6.883311
6.559000	0.629859	0.691381	0.282178	-0.143589	-0.040015	-0.561355
6.560000	0.508792	0.651051	0.125033	0.695402	0.478610	3.552664
6.561000	0.669945	0.731268	1.062125	0.415641	0.239421	1.337450
6.562000	1.153809	1.212126	4.499565	0.415641	0.399033	3.082822
6.563000	0.589773	0.851815	1.532835	0.815384	0.478610	3.394950
6.564000	0.388130	0.491060	-0.966797	-0.103791	0.039791	-1.036625
6.565000	0.388534	0.571277	-0.343030	1.014670	0.758276	6.407949
6.566000	1.153404	1.212569	4.185363	0.136172	-0.000226	-1.515776
6.567000	0.750926	0.851815	2.468325	0.735201	0.638452	6.251804
6.568000	0.589773	0.811485	0.594947	0.375549	0.079580	-0.567204
6.569000	0.468302	0.531390	-0.968487	0.455439	0.518628	3.874851
6.570000	0.589773	0.651051	0.281293	0.256154	0.079580	0.702316
6.571000	1.073232	1.212569	3.874356	0.375549	0.119598	0.385999
6.572000	0.710436	0.731711	1.843044	0.695402	0.558646	5.459867
6.573000	0.388534	0.651051	-1.279317	0.335458	0.039562	-1.517345
6.574000	0.509601	0.731711	0.436916	0.575421	0.598663	5.300752
6.575000	0.871589	0.891702	3.247386	0.295659	0.039791	-0.881720
6.576000	0.791012	0.932474	1.687493	1.014670	0.638222	5.933499
6.577000	0.791012	0.932474	1.843753	-0.103791	0.039562	-0.245109
6.578000	0.307958	0.611607	-0.813660	0.734615	0.398574	2.286605
6.579000	0.508792	0.531390	0.280576	0.375549	0.478610	3.716134
6.580000	1.193895	1.212569	5.123251	-0.024193	-0.120050	-1.833263
6.581000	0.750926	0.891702	1.844638	1.094560	0.678010	6.566482
6.582000	0.508792	0.651937	-0.030422	-0.063992	0.158927	0.387967
6.583000	0.670754	0.932474	1.375690	1.094267	0.558186	5.613953
6.584000	0.710436	0.731711	2.310214	-0.024193	0.158927	-0.085665
6.585000	0.791012	0.972804	2.937990	0.894981	0.558186	5.456989
6.586000	0.831907	1.092908	2.471528	0.295367	0.158927	-0.407102
6.587000	0.348044	0.451616	-0.499450	0.135294	0.278521	1.338361
6.588000	0.469515	0.651937	-0.031227	1.014377	0.398115	4.664470
6.589000	1.113723	1.092908	4.966911	-0.024193	0.198485	-0.564325
6.590000	0.670350	0.892587	2.158928	0.854597	0.557957	5.139831
6.591000	0.630264	0.811928	0.595752	0.374964	0.198485	-0.087233
6.592000	0.629859	0.651937	1.373928	0.655018	0.717339	6.884130
6.593000	0.469515	0.611607	-0.345517	0.335165	0.038644	-1.199368
6.594000	0.791012	0.892587	2.157238	0.534744	0.517939	4.825154
6.595000	0.912079	1.053021	3.719538	0.494652	0.278062	1.654187
6.596000	0.429429	0.731711	-0.499370	0.494652	0.358097	2.129220
6.597000	0.428620	0.491503	-0.501060	0.415055	0.358097	2.606059
6.598000	0.871993	0.972361	3.403646	0.494652	0.198485	1.019473
6.599000	0.750926	0.932917	1.844638	0.574835	0.597516	4.983358
6.600000	0.750926	0.932917	1.376407	0.294781	0.238274	1.020293
6.601000	0.710840	0.771598	0.749525	0.814213	0.437904	5.139831
6.602000	0.348044	0.411286	-0.970805	0.214891	0.437444	1.021861
6.603000	0.952974	1.173125	3.248988	0.494652	0.158468	1.653039
6.604000	0.993060	1.053021	3.718741	0.454854	0.477462	3.082331
6.605000	0.508792	0.772926	0.282178	0.494652	0.317850	2.763444
6.606000	0.630264	0.731711	0.436916	0.574250	0.318080	2.922467
6.607000	0.669945	0.692266	2.622903	0.294781	0.317850	1.337450
6.608000	0.871993	1.093351	3.094330	0.734323	0.358097	4.505937
6.609000	0.912079	0.932474	3.093533	0.135001	0.277832	0.545680
6.610000	0.348044	0.612050	-0.031307	0.694231	0.278062	3.079523
6.611000	0.348448	0.451173	-1.906295	0.494652	0.477233	3.080181
6.612000	0.992251	1.012691	4.186965	0.494945	0.397426	2.288082
6.613000	0.871589	0.972804	3.095135	0.614341	0.278062	1.970924
6.614000	0.670754	0.651937	1.220147	0.494652	0.517250	3.240536
6.615000	0.307553	0.571720	-0.187567	0.534744	0.158008	2.287753
6.616000	0.589773	0.531390	0.280576	0.254397	0.397426	1.337450
6.617000	0.831503	0.972804	2.781810	0.614341	0.158008	2.129220
6.618000	0.831503	1.053021	2.625470	0.374378	0.437215	1.972983
6.619000	0.388534	0.451173	-0.653312	0.334580	0.197797	1.812483
6.620000	0.267467	0.531833	-1.905410	0.693938	0.437215	3.241355
6.621000	1.113318	1.012691	3.717131	0.453975	0.477233	2.924618
6.622000	0.710840	0.932917	2.625470	0.654140	0.357409	2.920079
6.623000	0.831503	0.972804	1.689175	0.534158	0.477233	3.558421
6.624000	0.348448	0.531390	-0.501857	0.334580	0.117991	1.495326
6.625000	0.388534	0.611607	-0.032024	0.693938	0.596597	4.507414
6.626000	1.113318	1.092908	3.405328	-0.184852	-0.041851	-0.881391
6.627000	0.791821	1.052578	2.780048	0.773536	0.556579	2.920737
6.628000	0.388130	0.451616	-0.657400	0.054818	0.037955	0.706596
6.629000	0.510005	0.731711	-0.032917	0.813627	0.556579	4.030904
6.630000	0.710840	0.811928	3.091046	0.413884	0.317161	1.813631
6.631000	0.951761	0.932917	2.780845	0.413884	0.436985	4.030904
6.632000	0.711244	1.132795	2.157238	0.773536	0.476773	3.712016
6.633000	0.427812	0.491503	-0.657400	-0.065456	0.037955	0.387638
6.634000	0.469515	0.531390	-0.813660	1.133187	0.795768	5.931348
6.635000	1.073232	1.092908	5.281281	-0.224943	-0.161904	-2.307476
6.636000	0.951761	0.932474	2.782358	0.733444	0.636156	4.981045
6.637000	0.389342	0.691381	-0.811085	0.334287	0.157320	0.227536
6.638000	0.669945	0.731711	0.907467	0.573957	0.556579	5.143039
6.639000	0.630264	0.691381	0.749525	0.493774	0.276914	1.651799
6.640000	0.791012	0.932474	3.406221	0.413884	0.356950	2.763934
6.641000	0.951761	1.012691	2.311179	0.533573	0.396738	3.080181
6.642000	0.187295	0.370513	-1.747460	0.174214	0.157090	-0.407760
6.643000	0.347639	0.531833	-1.436630	0.773536	0.715962	6.251384
6.644000	1.113723	1.052135	4.498768	0.214305	-0.162134	-1.675969
6.645000	0.629859	0.771598	1.686784	0.773536	0.755750	5.775785
6.646000	0.630264	0.772041	0.126635	0.174214	-0.002292	0.544602
6.647000	0.469515	0.771598	1.062213	0.693646	0.555891	3.080181
6.648000	0.388130	0.491503	-0.970886	0.333701	0.236896	2.130368
6.649000	0.831907	1.012248	2.937990	0.453683	0.316702	1.334734
6.650000	0.630264	0.932917	1.844638	0.653554	0.675715	4.508723
6.651000	0.630264	0.651937	-0.654197	0.053940	0.037037	-0.724497
6.652000	0.267871	0.571720	-0.499370	1.052711	0.835327	6.408769
6.653000	1.032338	1.012691	3.716334	-0.185730	-0.202152	-1.672671
6.654000	0.670754	0.771598	0.906670	0.972529	0.795309	5.455749
6.655000	0.589773	0.932474	0.905865	0.014141	-0.002981	-0.086414
6.656000	0.710436	0.731711	0.904980	0.533573	0.436067	2.287424
6.657000	0.307958	0.451173	-1.281087	0.533280	0.396049	2.447105
6.658000	1.032338	1.012691	3.872594	0.014141	-0.002981	0.387638
6.659000	0.710840	0.932474	2.311985	1.132601	0.755291	6.566153
6.660000	0.670350	0.772041	0.751207	-0.145932	-0.082787	-1.197401
6.661000	0.629859	0.691381	0.750321	1.132601	0.835097	7.516785
6.662000	0.710436	0.771598	1.685014	0.053940	-0.002981	-1.513227
6.663000	0.790608	0.932474	2.157238	0.892931	0.635467	6.250726
6.664000	0.710840	1.012691	2.312870	0.253518	-0.002981	-0.565565
6.665000	0.428620	0.611607	0.125121	0.333701	0.276455	1.813302
6.666000	0.348044	0.531390	-1.124747	0.573079	0.435837	2.920898
6.667000	0.912079	1.053021	3.873479	0.093738	0.036807	0.386727
6.668000	0.791012	0.771598	1.531958	0.852840	0.635467	5.931348
6.669000	0.630264	0.932474	0.751126	0.333408	0.116613	0.702316
6.670000	0.508792	0.611607	-0.033714	0.772950	0.675256	6.092851
6.671000	0.509601	0.571277	0.279779	0.293317	0.156401	0.068820
6.672000	0.871589	1.012691	3.407018	0.692767	0.555661	5.458628
6.673000	0.912079	1.012691	2.780845	0.093738	0.116613	-0.404973
6.674000	0.348044	0.611607	-0.655710	0.373207	0.156401	1.177677
6.675000	0.348044	0.531390	-0.343030	0.532987	0.475855	4.350191
6.676000	0.750926	0.771598	2.623699	0.173921	-0.043229	-1.040835
6.677000	0.750926	1.012691	2.311985	0.852547	0.635238	6.092522
6.678000	0.791012	0.932474	1.375690	0.333408	0.316013	1.178497
6.679000	0.348044	0.571277	-0.501060	0.852840	0.515643	5.298036
6.680000	0.428620	0.450288	-0.345597	0.173336	0.235978	0.545260
6.681000	1.113318	1.212569	4.186159	0.613170	0.395820	3.715148
6.682000	0.831098	1.012248	3.093533	0.453097	0.395820	2.604819
6.683000	0.388130	0.571277	-0.343110	0.293317	0.235978	0.545185
6.684000	0.589773	0.690938	0.121829	0.813041	0.475626	4.506174
6.685000	0.629859	0.691381	1.373928	0.053647	0.076595	0.071300
6.686000	0.992251	1.012248	3.249873	0.932730	0.595220	6.249815
6.687000	0.951761	1.052135	3.407018	0.293317	0.116384	0.861668
6.688000	0.307553	0.410401	-0.970000	0.812749	0.555432	5.456897
6.689000	0.388130	0.530947	-0.501060	0.493189	0.275766	1.337030
6.690000	1.072424	1.092465	4.654311	0.413006	0.355802	2.287753
6.691000	0.871589	0.891702	2.001783	0.532987	0.395820	2.287753
6.692000	0.388130	0.731268	-0.029625	0.413006	0.355802	1.970595
6.693000	0.629859	0.690938	0.594061	0.453097	0.395820	2.606221
6.694000	0.468302	0.690938	0.124316	0.333116	0.155942	1.178497
6.695000	0.871589	0.931589	3.249873	0.612584	0.395820	4.348223
6.696000	0.831098	0.891259	2.311179	0.293317	0.195731	-0.090365
6.697000	0.186487	0.370071	-1.747460	0.612584	0.356031	3.872371
6.698000	0.347639	0.610721	-1.281892	0.532987	0.475166	2.604490
6.699000	0.992251	1.131910	4.342508	0.453097	0.195960	1.970595
6.700000	0.710032	0.811042	2.154919	0.492896	0.395590	2.604000
6.701000	0.629859	0.771155	0.437801	0.772950	0.555202	4.823822
6.702000	0.548879	0.650608	0.437721	0.413006	0.195960	1.971415
6.703000	0.467898	0.569949	-0.345597	0.333116	0.395590	1.178497
6.704000	1.073232	1.252013	4.497963	0.453097	0.156401	1.971507
6.705000	0.750118	0.850929	2.780845	0.453097	0.515184	2.764263
6.706000	0.388130	0.530062	-1.437267	0.293317	0.155942	1.336701
6.707000	0.347639	0.650608	-0.345517	0.732566	0.515184	4.507414
6.708000	1.072424	0.971476	4.028934	0.492896	0.395590	3.396589
6.709000	0.791012	0.931146	2.468325	0.492896	0.275766	2.604000
6.710000	0.710032	0.811485	1.374088	0.692474	0.515184	3.399068
6.711000	0.468302	0.569949	-0.501060	0.293317	0.155942	2.130039
6.712000	0.307553	0.650608	0.280576	0.412713	0.355343	2.129220
6.713000	1.193491	1.131910	4.655108	0.093153	0.036348	-0.406121
6.714000	0.750522	0.811042	1.844638	0.692474	0.514955	4.347970
6.715000	0.508388	0.731268	0.125918	0.413006	0.275537	1.812391
6.716000	0.629859	0.770712	0.906750	0.612584	0.515184	4.032542
6.717000	0.710032	0.770712	2.154839	0.652383	0.514955	3.712016
6.718000	0.791012	0.971476	2.624665	0.413006	0.275766	2.445957
6.719000	0.750522	0.891259	1.845435	0.652383	0.514955	3.397246
6.720000	0.267063	0.450288	-1.279317	0.093153	-0.123723	-1.040345
6.721000	0.629859	0.650608	0.280656	0.932144	0.834179	5.774874
6.722000	0.911271	0.890816	3.248988	0.013556	-0.203300	-1.831624
6.723000	0.588965	0.771155	1.220155	0.612292	0.594531	4.029082
6.724000	0.710032	0.850929	0.908343	0.452804	0.315325	2.921809
6.725000	0.548879	0.690938	0.280576	0.612292	0.395131	3.396589
6.726000	0.629859	0.569949	0.278886	0.652383	0.514955	4.032542
6.727000	0.871589	1.171797	3.718016	0.452804	0.195501	2.287753
6.728000	0.710032	0.851372	1.689095	0.851962	0.793932	5.775693
6.729000	0.388130	0.650608	-0.343030	-0.106426	-0.283335	-2.624542
6.730000	0.508388	0.690938	-0.032917	1.171522	0.913755	7.201196
6.731000	0.870780	0.890816	2.934786	-0.066627	-0.123723	-1.356845
6.732000	0.750522	0.850929	2.468325	0.772072	0.594531	4.506756
6.733000	0.790608	0.891259	2.468325	0.292732	0.235289	1.495234
6.734000	0.548879	0.650608	0.282178	0.692182	0.434919	3.554793
6.735000	0.468302	0.569949	-0.033714	0.532402	0.394901	3.079431
6.736000	1.112510	1.212126	4.186159	0.172750	0.115695	0.229175
6.737000	0.548879	0.770712	0.594866	1.012034	0.714126	7.042825
6.738000	0.710032	0.850929	1.375690	0.053061	-0.004129	-1.514466
6.739000	0.548879	0.730825	0.594061	1.051540	0.754143	6.407529
6.740000	0.507984	0.530062	0.436119	0.093153	-0.004129	-0.880664
6.741000	0.831098	0.971476	2.780208	0.731980	0.634549	4.824404
6.742000	0.910866	1.010920	2.780208	0.173043	0.115695	-0.407032
6.743000	0.307149	0.449402	-1.591917	0.492310	0.355113	2.447105
6.744000	0.267063	0.449402	-1.283326	0.772072	0.634549	5.140068
6.745000	1.112510	1.171797	4.497963	0.212841	0.115695	-0.406121
6.746000	0.629051	0.850929	1.377300	0.972236	0.754143	6.250144
6.747000	0.629051	0.770712	1.220147	0.212841	0.195271	0.702806
6.748000	0.548879	0.690495	-0.033714	0.772072	0.714126	6.091611
6.749000	0.427812	0.369628	-0.031227	0.132951	0.075448	-0.564746
6.750000	0.951357	1.171797	3.093525	0.692182	0.514955	4.348223
6.751000	0.951761	1.010920	3.562561	0.292732	0.195501	1.496053
6.752000	0.387321	0.569949	-1.281087	0.172750	0.115695	-1.198549
6.753000	0.347639	0.489732	-1.594332	0.851962	0.674337	6.407529
6.754000	0.910866	1.010920	4.498768	0.132951	0.155483	-0.247588
6.755000	0.911271	0.931146	2.157238	0.971943	0.714126	6.249325
6.756000	0.750926	0.850929	1.843833	0.292732	0.115695	0.703135
6.757000	0.387321	0.569949	-0.659002	1.051540	0.754143	6.566973
6.758000	0.508388	0.569949	-0.345517	0.012970	-0.044147	-1.830384
6.759000	1.031933	1.171797	4.655108	0.532402	0.354884	2.604490
6.760000	0.951357	1.010920	3.093533	0.532402	0.354884	3.398066
6.761000	0.467898	0.609836	0.281461	0.172750	0.195271	-0.406121
6.762000	0.588561	0.569949	-0.031227	0.772072	0.594531	5.457716
6.763000	0.831098	0.850486	3.090329	0.212841	0.195501	1.021112
6.764000	0.991847	1.010920	3.405416	0.932144	0.754143	6.883381
6.765000	0.911271	0.890816	2.468325	0.132951	0.155483	-0.244618
6.766000	0.186487	0.449402	-1.906127	0.772072	0.634549	5.616832
6.767000	0.508388	0.650608	-0.031227	0.412713	0.315095	1.020201
6.768000	1.153404	1.252013	5.123251	0.412713	0.275077	2.288572
6.769000	0.830290	0.890816	2.782615	0.532402	0.315095	2.921885
6.770000	0.428620	0.730825	0.125918	0.292732	0.315095	1.495326
6.771000	0.427812	0.609836	0.436916	0.612292	0.434919	4.506174
6.772000	0.669945	0.690495	1.372494	0.252933	0.315095	0.703135
6.773000	0.951761	1.010920	3.405416	0.772072	0.434919	5.138592
6.774000	0.750118	0.770712	1.688290	0.252640	0.315095	0.861668
6.775000	0.307149	0.569949	-1.439666	0.532402	0.315095	2.605401
6.776000	0.427812	0.530062	-0.657320	0.572200	0.514495	2.922467
6.777000	1.032338	1.010920	4.028218	0.332530	0.315095	2.130859
6.778000	0.750118	0.891259	2.311985	0.492310	0.315095	2.288901
6.779000	0.669945	0.770712	0.281373	0.492310	0.314866	2.128309
6.780000	0.427812	0.529619	-0.501857	0.652383	0.394901	4.506756
6.781000	0.548474	0.569949	0.748720	0.252640	0.195271	0.386727
6.782000	1.112510	1.252013	4.653506	0.692182	0.355343	4.347312
6.783000	0.629051	0.811042	0.905865	0.572493	0.394901	2.604819
6.784000	0.508388	0.609836	-0.030342	0.412713	0.235289	2.604490
6.785000	0.588965	0.770712	0.905865	0.532402	0.394901	3.079431
6.786000	0.790608	0.810599	2.779243	0.572200	0.434919	2.920737
6.787000	0.831098	0.931146	2.154919	0.492310	0.275307	2.446777
6.788000	0.790608	0.931146	2.468325	0.532109	0.354884	2.605730
6.789000	0.226573	0.449402	-1.593607	0.532402	0.275307	2.446777
6.790000	0.548879	0.690495	0.434429	0.292732	0.354884	1.494651
6.791000	1.233981	1.211684	4.966911	0.412713	0.155483	1.813793
6.792000	0.467898	0.690495	0.126723	0.612292	0.434919	3.239533
6.793000	0.710032	0.850929	0.905865	0.572200	0.394901	3.396589
6.794000	0.508388	0.730382	0.906750	0.532402	0.394901	2.604490
6.795000	0.508388	0.569949	0.906670	0.611999	0.514495	3.396589
6.796000	0.831098	0.971476	2.780845	0.412713	0.315095	2.446777
6.797000	0.750522	0.891259	2.312065	0.692182	0.554284	3.874667
6.798000	0.267063	0.409958	-1.747460	0.092860	-0.004129	-0.089713
6.799000	0.629859	0.690495	-0.031227	0.731980	0.674108	4.506174
6.800000	1.031933	1.051250	4.029023	0.212841	0.035659	0.544602
6.801000	0.710032	0.771155	1.218545	0.731980	0.554284	4.506174
6.802000	0.588965	0.850929	1.219262	0.532402	0.355113	3.080342
6.803000	0.548474	0.690495	0.905865	0.612292	0.474478	3.873681
6.804000	0.548879	0.569949	-0.033714	0.612292	0.474478	3.399068
6.805000	0.951761	1.131910	3.406213	0.252933	0.155483	1.020783
6.806000	0.831098	0.931146	2.623868	0.772072	0.634319	5.140888
6.807000	0.347639	0.569949	-0.658117	-0.146810	-0.203759	-1.991068
6.808000	0.588965	0.690938	0.278886	0.811870	0.753914	5.457716
6.809000	0.870780	0.850929	2.934698	0.132659	0.035430	-0.405302
6.810000	0.710032	0.891259	2.467528	0.731980	0.594072	4.665618
6.811000	0.831098	0.931589	2.624665	0.292439	0.195271	1.812882
6.812000	0.548879	0.650608	0.280576	0.691889	0.434460	4.190747
6.813000	0.468302	0.530062	-0.346314	0.611999	0.514266	3.874829
6.814000	1.193491	1.212126	4.969398	0.252347	0.115236	0.544602
6.815000	0.669945	0.811485	1.531958	0.771779	0.753914	5.773963
6.816000	0.670350	0.771155	0.437721	0.092860	-0.004359	-1.197401
6.817000	0.508388	0.650608	-0.031227	0.811577	0.673649	4.981535
6.818000	0.629051	0.731268	1.217668	0.132659	0.035430	-0.405302
6.819000	0.951761	1.052135	2.624665	0.651797	0.514037	4.030904
6.820000	0.710032	0.931589	2.624665	0.412127	0.274848	2.288572
6.821000	0.307553	0.410401	-1.437267	0.292439	0.235060	1.494905
6.822000	0.307553	0.410401	-1.438232	0.731687	0.633860	5.140068
6.823000	0.991847	1.131910	4.029023	0.092567	-0.004588	-0.880901
6.824000	0.710436	0.851815	1.376415	0.891760	0.673649	6.407858
6.825000	0.629859	0.811485	0.751207	0.012384	-0.004588	-1.357993
6.826000	0.427812	0.530947	-0.501857	1.011156	0.873278	7.199628
6.827000	0.548879	0.690938	1.218545	0.172457	0.035200	0.227353
6.828000	1.032338	1.212569	3.718016	0.491724	0.434230	2.604490
6.829000	0.791012	0.811485	2.000898	0.571907	0.394213	3.238875
6.830000	0.307553	0.530947	-1.593607	0.092567	-0.004818	-1.198549
6.831000	0.348044	0.651051	-0.658205	0.931266	0.633631	6.409588
6.832000	0.871589	1.012248	3.091843	0.012384	-0.044835	-1.357993
6.833000	0.992251	1.052135	3.406133	1.011156	0.753225	7.041914
6.834000	0.791012	0.891702	2.311179	0.012384	-0.044606	-1.040345
6.835000	0.226977	0.370071	-1.906295	0.891175	0.753225	6.249815
6.836000	0.548879	0.691381	0.748720	0.052183	0.034971	-0.880335
6.837000	1.274471	1.332673	5.594686	0.371743	0.234141	1.335882
6.838000	0.669945	0.771598	1.063010	0.611706	0.434230	3.555941
6.839000	0.388130	0.691381	-0.031227	0.132366	0.114777	-0.405302
6.840000	0.629859	0.731268	0.594061	1.011156	0.673649	6.249815
6.841000	0.588965	0.651051	0.904183	0.092567	0.074759	-0.247588
6.842000	0.992251	1.092908	3.718821	0.971065	0.713207	6.249815
6.843000	0.791012	0.932474	2.468325	0.132366	0.194353	-0.246769
6.844000	0.186891	0.330626	-2.529974	0.731395	0.553595	4.982118
6.845000	0.508792	0.691381	0.905865	0.252347	0.194353	0.385886
6.846000	1.193895	1.132795	5.437541	0.371450	0.274159	1.496145
6.847000	0.629859	0.691381	0.752012	0.691596	0.393754	3.237145
6.848000	0.589773	0.771598	0.281461	0.171579	0.154335	0.387708
6.849000	0.589773	0.651937	0.280576	0.930973	0.673189	5.932658
6.850000	0.508792	0.611607	0.593981	0.331652	0.194124	0.861668
6.851000	0.993060	1.052578	3.719618	0.810992	0.473789	4.982026
6.852000	0.589773	0.772041	0.750321	0.291560	0.233912	-0.089055
6.853000	0.186891	0.411286	-2.687119	0.451340	0.313947	2.288572
6.854000	0.509601	0.691381	0.278886	0.371743	0.313718	1.969684
6.855000	1.073232	1.053021	4.341623	0.331652	0.233912	1.495234
6.856000	0.670350	0.852700	0.907467	0.531523	0.353736	3.714474
6.857000	0.670350	0.892587	1.374805	0.171579	0.193894	0.384247
6.858000	0.388534	0.531390	-0.501857	0.691303	0.393754	4.982118
6.859000	0.670350	0.691381	1.217668	0.291560	0.233912	0.546241
6.860000	1.033550	1.092908	4.341623	0.571322	0.353736	3.396589
6.861000	0.589773	0.611607	0.594866	0.411542	0.273700	1.811971
6.862000	0.348044	0.651937	-0.966797	0.451340	0.313718	2.286842
6.863000	0.710840	0.772041	1.374805	0.451340	0.313718	2.605309
6.864000	0.791012	0.851815	2.936388	0.451340	0.473100	2.604490
6.865000	0.791012	0.892587	2.158043	0.371450	0.273700	2.445865
6.866000	0.750926	0.932474	2.468325	0.411249	0.353506	1.811480
6.867000	0.226977	0.451616	-0.966797	0.491432	0.313718	3.079102
6.868000	0.629859	0.611607	0.904980	0.371158	0.433082	1.336938
6.869000	0.912079	1.012691	4.029819	0.371450	0.193894	1.811152
6.870000	0.629859	0.772041	1.065497	0.810699	0.552906	4.506174
6.871000	0.509601	0.731711	-0.029625	0.371450	0.273700	1.811971
6.872000	0.589773	0.731711	0.905785	0.531230	0.353506	2.605309
6.873000	0.630264	0.611607	1.217668	0.571029	0.512888	3.874829
6.874000	0.871589	1.092908	3.094330	0.371158	0.233682	2.129619
6.875000	0.710840	0.892587	1.687493	0.490846	0.472871	2.288572
6.876000	0.348044	0.531390	-1.282520	0.171286	0.034052	0.383918
6.877000	0.509601	0.571277	0.280576	0.530938	0.552677	3.398227
6.878000	0.791417	0.972361	3.248191	0.171579	0.034052	0.702806
6.879000	0.750926	0.932474	1.376415	0.810699	0.592695	4.823822
6.880000	0.791417	1.012691	2.000978	0.451340	0.393065	2.604490
6.881000	0.508792	0.571277	0.122546	0.571029	0.472871	3.396497
6.882000	0.509601	0.611607	0.748720	0.610535	0.472871	3.555030
6.883000	1.073232	1.132795	4.029819	0.371158	0.233453	1.971086
6.884000	0.508792	0.691381	0.907467	0.490846	0.472871	2.763023
6.885000	0.589773	0.611607	0.437721	0.131195	-0.005965	-0.564746
6.886000	0.428620	0.611607	0.278886	0.730516	0.592465	4.822911
6.887000	0.750926	0.851372	2.467359	0.371158	0.113629	1.653438
6.888000	0.791012	0.972361	2.781810	0.610535	0.472871	3.555941
6.889000	0.871993	1.012691	3.249873	0.650626	0.353047	3.555941
6.890000	0.186487	0.451173	-2.062635	0.650626	0.432853	3.397079
6.891000	0.548879	0.691381	1.061328	0.610535	0.432623	2.762931
6.892000	1.153809	1.132795	5.125738	0.171286	0.033823	0.227024
6.893000	0.589773	0.691381	-0.029537	0.930388	0.712059	5.932986
6.894000	0.589773	0.731711	0.281373	-0.108183	-0.126019	-1.674002
6.895000	0.589773	0.571277	0.594061	0.650626	0.592235	3.713655
6.896000	0.629859	0.611607	0.281381	0.371158	0.192976	1.496053
6.897000	0.993060	1.092908	3.563358	0.530938	0.392835	2.446777
6.898000	0.791417	0.851815	3.249793	0.490846	0.352817	3.238875
6.899000	0.106314	0.250409	-2.687835	0.451048	0.352817	2.128800
6.900000	0.589773	0.571277	-0.033714	0.770315	0.632253	4.981444
6.901000	1.032338	1.092908	4.341623	-0.108475	-0.126019	-2.150091
6.902000	0.710840	0.932474	0.907467	1.050076	0.951477	8.151407
6.903000	0.589773	0.771598	0.905856	-0.068384	-0.045983	-1.198640
6.904000	0.348044	0.531390	-0.501857	0.770315	0.552447	4.823822
6.905000	0.589773	0.651937	0.592460	0.251176	0.113629	1.496053
6.906000	1.193895	1.212569	4.029819	0.690425	0.472641	3.714145
6.907000	0.750522	0.771598	1.687493	0.451048	0.352817	2.288152
6.908000	0.226977	0.451173	-2.062555	0.170993	0.153417	1.495563
6.909000	0.589773	0.731268	0.434429	0.970186	0.871671	6.408348
6.910000	0.871589	1.012248	3.561676	-0.108475	-0.086231	-2.307314
6.911000	0.831098	0.932474	2.468325	1.010278	0.712059	6.723026
6.912000	0.710436	0.851815	2.000093	0.051305	-0.006195	-1.198640
6.913000	0.307553	0.410401	-1.438232	1.050076	0.712059	6.566224
6.914000	0.589773	0.691381	0.905865	0.051012	-0.046213	-1.040108
6.915000	1.193895	1.212569	5.437541	0.450755	0.272782	1.970595
6.916000	0.428620	0.690938	0.281461	0.610535	0.472412	3.713655
6.917000	0.468302	0.611607	-1.281087	0.130902	0.033593	-0.723279
6.918000	0.630264	0.691381	0.593176	0.930095	0.672041	6.248904
6.919000	0.831098	0.811485	2.937990	0.210792	0.113399	0.387708
6.920000	0.871589	1.012691	2.781013	0.890296	0.632024	5.774125
6.921000	0.710436	0.811485	2.000898	0.131195	0.033364	-0.880992
6.922000	0.226977	0.370513	-2.529974	0.890296	0.592006	5.774125
6.923000	0.629859	0.731711	1.687493	0.211085	0.152958	0.544909
6.924000	1.193895	1.092908	4.655108	0.290682	0.192976	-0.089713
6.925000	0.428620	0.571277	-0.342305	0.730223	0.592235	5.300003
6.926000	0.630264	0.731711	0.439403	0.210792	0.152958	0.227024
6.927000	0.508792	0.571277	0.280576	0.810113	0.711600	5.932658
6.928000	0.791417	0.811928	2.623868	0.210792	0.192746	0.704445
6.929000	0.871993	1.093351	2.937353	0.970186	0.751618	7.041914
6.930000	0.630264	0.772041	0.905865	0.170993	0.112940	-0.724190
6.931000	0.267871	0.531390	-1.905490	0.570151	0.432394	3.871859
6.932000	0.791417	0.852700	1.529463	0.450755	0.312570	2.762931
6.933000	0.871589	0.932474	3.092648	0.210792	0.192746	-0.089713
6.934000	0.670350	0.892587	1.063727	0.650333	0.472182	4.349279
6.935000	0.711244	0.932917	1.374805	0.250590	0.192517	0.387708
6.936000	0.348044	0.491503	-1.127146	0.969894	0.592006	6.566224
6.937000	0.710840	0.852700	1.997694	0.170700	0.152728	-0.405302
6.938000	1.194299	1.173568	5.281998	0.810113	0.551988	5.298763
6.939000	0.428620	0.652379	-0.343110	0.330480	0.272552	1.336938
6.940000	0.509601	0.652379	-0.030422	0.489968	0.392606	3.079431
6.941000	0.831907	0.932917	2.780845	0.450169	0.352358	1.971415
6.942000	0.670350	0.772041	1.843753	0.450169	0.352358	2.287333
6.943000	0.993060	1.053021	2.625470	0.610242	0.432394	3.713655
6.944000	0.871993	1.013134	3.249873	0.330480	0.312340	1.178405
6.945000	0.267871	0.451616	-2.062627	0.770022	0.551988	5.774125
6.946000	0.710840	0.772041	2.154839	0.330480	0.312340	1.337849
6.947000	1.154213	1.173125	4.811448	0.570151	0.312570	2.921389
6.948000	0.348044	0.651937	-0.808686	0.570443	0.472182	3.238783
6.949000	0.670754	0.772041	0.751207	0.570151	0.432394	2.605309
6.950000	0.630264	0.731711	1.530348	0.330773	0.272552	1.970175
6.951000	0.509601	0.611607	0.906670	0.530352	0.352358	2.763023
6.952000	0.912079	1.133238	3.093525	0.610242	0.352358	3.714145
6.953000	0.831503	0.972361	2.937990	0.330773	0.312340	1.336609
6.954000	0.227381	0.491503	-2.218895	0.530352	0.232764	2.920898
6.955000	0.589773	0.731711	0.904263	0.610242	0.551988	3.397316
6.956000	1.073232	1.012691	3.873559	0.290682	0.152958	1.495724
6.957000	0.508792	0.731711	-0.029625	0.530352	0.432394	3.554211
6.958000	0.710840	0.932474	1.374885	0.530352	0.312340	2.605309
6.959000	0.348044	0.530947	-0.189257	0.530352	0.312340	2.603579
6.960000	0.629859	0.771598	1.217668	0.570151	0.512200	3.713655
6.961000	0.992251	1.133238	3.873559	0.250590	0.152728	1.970994
6.962000	0.791012	0.851372	2.468325	0.570151	0.472182	2.445865
6.963000	0.348044	0.531390	-1.281087	0.210792	0.112940	1.177747
6.964000	0.750522	0.811485	2.154034	0.650041	0.511970	3.397316
6.965000	0.871589	0.891702	2.935583	0.450169	0.312340	2.763185
6.966000	0.871589	1.012248	2.625470	0.690132	0.432394	3.871859
6.967000	0.831098	0.851372	2.936388	0.530352	0.392146	3.712415
6.968000	0.266659	0.329741	-1.127146	0.530352	0.352358	3.079431
6.969000	0.629859	0.770712	0.748720	0.650041	0.551988	3.872187
6.970000	1.193491	1.252456	4.810651	0.090810	-0.086460	-0.247426
6.971000	0.588965	0.811042	0.908352	0.770022	0.751388	4.982355
6.972000	0.468302	0.610721	-0.031227	0.091103	-0.046442	-0.088894
6.973000	0.468302	0.650608	0.436916	0.650333	0.551988	4.031211
6.974000	0.750118	0.811042	1.375698	0.370572	0.232534	1.811642
6.975000	1.072424	1.172239	3.406213	0.690132	0.551988	4.349770
6.976000	0.629051	0.730825	1.530348	0.530352	0.352358	3.079431
6.977000	0.226573	0.369628	-2.531584	0.370572	0.232764	1.971415
6.978000	0.588965	0.770712	0.905865	0.729931	0.631564	4.667256
6.979000	1.233577	1.171797	4.966911	0.051012	-0.166496	-1.832443
6.980000	0.548879	0.770712	0.594866	0.889711	0.791406	6.249815
6.981000	0.548879	0.730382	-0.031227	0.090810	0.072922	0.069639
6.982000	0.347639	0.449402	-0.345517	0.729931	0.631564	4.664707
6.983000	0.911271	0.970590	3.093533	0.530352	0.312570	2.289063
6.984000	1.072424	1.131024	4.342500	0.650333	0.392146	3.397079
6.985000	0.588561	0.689610	1.061408	0.610242	0.432394	3.714474
6.986000	0.226168	0.489289	-1.593527	0.210792	0.112710	0.861339
6.987000	0.750118	0.850486	2.154034	0.849912	0.711600	6.091191
6.988000	0.991443	1.010477	3.560074	0.011213	-0.046672	-1.198640
6.989000	0.669137	0.970147	2.157238	0.969894	0.751388	6.090371
6.990000	0.749309	0.889931	2.311260	0.091103	0.072922	-0.406213
6.991000	0.145188	0.247753	-2.688720	0.770022	0.592006	4.664378
6.992000	0.910866	0.929818	2.779243	0.330480	0.192746	1.338830
6.993000	1.192682	1.170468	4.966991	0.290682	0.152958	1.653438
6.994000	0.427003	0.528733	-0.970637	0.690425	0.671582	4.666017
6.995000	0.387321	0.488403	-0.499370	0.130902	-0.006654	-0.723279
6.996000	0.749309	0.849158	2.623063	0.969894	0.751618	6.408348
6.997000	0.748905	0.768498	2.155725	-0.109061	-0.086460	-1.673910
6.998000	0.910462	1.010035	2.625470	1.009985	0.831194	7.042572
6.999000	0.748905	0.808828	1.843833	0.091103	0.033364	-0.565657
7.000000	0.225360	0.408187	-2.373553	0.650333	0.512200	3.873681
7.001000	0.789395	0.768498	3.248271	0.290682	0.192746	1.496053
7.002000	1.232364	1.330016	5.747018	0.250883	0.152958	1.019872
7.003000	0.346427	0.487961	-1.435577	0.890296	0.592006	6.092102
7.004000	0.547666	0.728611	0.125033	0.091103	0.072922	-0.564746
7.005000	0.668329	0.728168	1.373283	1.009985	0.831424	7.358322
7.006000	0.748905	0.808385	2.154839	0.130902	0.033364	-0.563835
7.007000	0.950548	0.968819	3.249068	0.930095	0.672041	7.041914
7.008000	0.627838	0.808385	1.374088	0.051012	-0.046442	-0.882394
7.009000	0.224956	0.407301	-2.375155	0.650333	0.512200	3.238546
7.010000	0.788991	0.888159	2.622258	0.330773	0.232764	1.811971
7.011000	1.030721	0.968376	3.871958	0.210792	0.192746	-0.248338
7.012000	0.224956	0.487961	-1.749787	0.849912	0.552218	5.616411
7.013000	0.788991	0.848272	1.840629	0.210792	0.232764	0.862978
7.014000	0.507176	0.526519	-0.503379	0.930095	0.632024	6.249066
7.015000	0.627838	0.727726	1.061408	0.250883	0.192976	0.704445
7.016000	0.949740	1.088480	4.029899	0.810113	0.552218	5.456967
7.017000	0.507176	0.687396	0.280656	0.210792	0.152958	-0.246769
7.018000	0.224956	0.526962	-2.064077	0.370572	0.312570	2.604490
7.019000	0.829077	0.807500	3.403009	0.570443	0.392606	3.238783
7.020000	0.667520	0.727283	1.997774	0.131195	0.152958	-0.881483
7.021000	0.587348	0.847830	0.749605	0.770315	0.552218	5.456477
7.022000	0.748097	0.807500	1.997774	0.290682	0.232764	1.496053
7.023000	0.305128	0.406858	-1.283326	0.810113	0.552447	5.932658
7.024000	0.627434	0.727283	1.058993	0.250883	0.312570	1.020201
7.025000	0.869164	1.007821	3.404611	0.570443	0.392606	3.081162
7.026000	0.385705	0.606736	-0.186682	0.450755	0.312570	2.288152
7.027000	0.466685	0.606736	-0.657320	0.450755	0.232993	2.129619
7.028000	0.586944	0.566406	0.902653	0.610535	0.432623	4.031211
7.029000	0.586944	0.606736	0.906750	0.211085	0.272782	0.545912
7.030000	0.748097	0.927161	1.374973	0.690425	0.512429	4.507155
7.031000	0.708011	0.807057	1.996978	0.210792	0.152958	0.227353
7.032000	0.143975	0.285869	-2.689445	0.770315	0.512429	5.140230
7.033000	0.627434	0.606293	1.061400	0.290682	0.272552	1.180955
7.034000	0.869164	0.967048	2.778606	0.450755	0.352817	2.446777
7.035000	0.385705	0.606736	-0.500007	0.570443	0.432623	2.605309
7.036000	0.546858	0.767170	-0.033634	0.610535	0.392606	2.763023
7.037000	0.305128	0.405530	-0.816067	0.410956	0.232993	2.129948
7.038000	0.708011	0.767170	1.685174	0.530352	0.472412	2.129128
7.039000	0.909250	1.047708	3.404611	0.530352	0.232993	2.920898
7.040000	0.465877	0.606736	0.433713	0.250590	0.232764	0.228172
7.041000	0.224552	0.445860	-2.063352	0.530352	0.232764	2.763185
7.042000	0.748097	0.767170	2.465918	0.690132	0.512200	3.714145
7.043000	0.667520	0.807057	1.685174	0.330773	0.272782	2.287333
7.044000	0.707606	0.847387	1.531233	0.570443	0.392606	2.445865
7.045000	0.748097	0.807057	1.841514	0.690132	0.552218	4.030063
7.046000	-0.017582	0.205652	-2.689445	0.450755	0.232764	1.971086
7.047000	0.748097	0.686510	1.217023	0.570151	0.472412	2.605309
7.048000	1.069998	1.127924	4.498848	0.170993	-0.006195	0.861339
7.049000	0.305128	0.445860	-1.439666	0.690132	0.552218	3.555941
7.050000	0.224552	0.405973	-1.753071	0.131195	-0.046442	-0.247426
7.051000	0.707606	0.686510	1.840629	0.849912	0.672041	5.299421
7.052000	0.586944	0.686510	1.062285	0.370572	0.232764	2.128708
7.053000	0.788183	1.007378	2.468405	0.570443	0.432623	3.079431
7.054000	0.586944	0.686510	0.748003	0.530352	0.392606	2.763023
7.055000	-0.017582	0.165765	-4.407280	0.290682	0.192976	1.653438
7.056000	0.707606	0.686510	1.528029	0.610535	0.552218	3.713655
7.057000	1.069998	1.087595	4.654391	0.011213	-0.086231	-1.515469
7.058000	0.184061	0.526077	-2.218815	0.770022	0.632024	4.507484
7.059000	0.425387	0.566406	-1.440471	0.211085	0.113399	1.019543
7.060000	0.505963	0.525634	0.121909	0.650333	0.472412	3.871859
7.061000	0.708011	0.767170	1.217828	0.570443	0.392606	3.079431
7.062000	0.909250	1.047265	2.935583	0.610535	0.392606	3.080833
7.063000	0.505963	0.606293	1.216943	0.490846	0.472412	3.079339
7.064000	0.103485	0.365643	-3.313052	0.170993	0.073381	-0.089713
7.065000	0.788587	0.726397	1.994482	0.890296	0.791406	6.090700
7.066000	0.828269	0.967048	3.402929	-0.068384	-0.086231	-1.358084
7.067000	0.425387	0.565964	-1.126180	0.730223	0.632024	4.822911
7.068000	0.586944	0.686510	1.060683	0.290975	0.152958	1.178076
7.069000	0.305128	0.485747	-1.128587	0.570443	0.392606	3.079431
7.070000	0.747692	0.926718	1.996172	0.610242	0.392606	2.605309
7.071000	0.909250	1.047265	3.873559	0.290975	0.192976	1.493994
7.072000	0.425387	0.485304	-0.501777	0.890296	0.711600	5.616740
7.073000	0.103485	0.445860	-2.220417	-0.188658	-0.166037	-2.624963
7.074000	0.828673	0.726397	2.621461	1.089582	0.831424	7.358980
7.075000	0.667116	0.726397	1.531233	-0.108475	-0.126248	-1.991068
7.076000	0.505963	0.686510	0.281461	0.890296	0.711600	5.615921
7.077000	0.586944	0.646181	0.748880	0.130902	0.033364	-0.404483
7.078000	0.224147	0.405530	-2.375880	0.610242	0.432394	2.604490
7.079000	0.667520	0.686510	1.997774	0.450755	0.272782	2.288152
7.080000	0.909250	0.926718	3.246669	0.130902	0.032904	-0.565495
7.081000	0.143571	0.405973	-2.844104	0.849912	0.711600	6.250635
7.082000	0.345618	0.565964	-1.126180	0.091103	-0.046672	-1.198640
7.083000	0.546049	0.485747	0.432827	0.889711	0.711600	6.410079
7.084000	0.667116	0.686068	1.685174	0.170700	0.072922	-0.723279
7.085000	0.667520	0.886831	1.061400	0.930095	0.751388	6.725667
7.086000	0.505963	0.605851	0.121909	0.051012	0.032904	-1.355535
7.087000	0.184061	0.445860	-2.532300	0.530352	0.352358	2.130039
7.088000	0.748097	0.807057	2.464316	0.650041	0.352358	3.237635
7.089000	0.747692	0.846059	2.465918	0.130902	0.072922	-0.721220
7.090000	0.304724	0.565964	-1.282440	0.890296	0.592006	5.774454
7.091000	0.667520	0.726397	0.902733	0.290682	0.192746	1.336609
7.092000	0.384896	0.405087	-0.973212	0.849912	0.592006	5.774944
7.093000	0.747692	0.765842	2.154034	0.130902	0.112710	-0.563506
7.094000	0.948932	1.046822	2.934946	0.730223	0.472182	5.456477
7.095000	0.384896	0.525634	-0.658922	0.290682	0.272322	1.338576
7.096000	0.304724	0.485747	-1.283326	0.250590	0.192517	0.387379
7.097000	0.788183	0.846059	3.089524	0.729931	0.551988	4.666928
7.098000	0.505559	0.605851	0.436200	0.170700	0.072922	-0.723279
7.099000	0.707606	0.806171	0.748880	0.770022	0.671582	5.456967
7.100000	0.667116	0.846059	2.153398	0.170700	0.152728	-0.088894
7.101000	0.183657	0.284540	-2.377562	1.049491	0.671582	6.725667
7.102000	0.627030	0.686068	1.685174	0.210499	0.192517	-0.406213
7.103000	0.948932	1.006935	3.560154	0.609949	0.352358	3.237145
7.104000	0.264234	0.445417	-2.063272	0.410078	0.312111	2.129619
7.105000	0.465473	0.565521	-1.127782	0.330480	0.272093	1.495234
7.106000	0.667116	0.605408	1.369282	0.370572	0.352129	2.604560
7.107000	0.465877	0.605851	0.124316	0.210499	0.232305	1.019872
7.108000	0.707202	0.885946	1.219430	0.770022	0.591547	5.774125
7.109000	0.667116	0.765842	1.997774	0.210792	0.192517	-0.564746
7.110000	-0.017986	0.244653	-4.253507	0.690132	0.472182	4.823822
7.111000	0.707202	0.805729	1.370079	0.290389	0.312111	1.652856
7.112000	0.908441	1.006492	3.715698	0.450169	0.272322	2.287661
7.113000	0.384896	0.565521	-0.655550	0.450169	0.312111	1.971415
7.114000	0.465473	0.605851	-0.503379	0.570151	0.431935	2.921718
7.115000	0.465473	0.485304	-0.192381	0.330480	0.192517	1.972234
7.116000	0.667116	0.765842	1.685254	0.369986	0.312111	1.335790
7.117000	0.948932	1.086709	3.092091	0.570151	0.312340	3.715639
7.118000	0.505559	0.605408	0.902653	0.530352	0.352129	1.970994
7.119000	-0.017986	0.244211	-3.627334	0.290389	0.112710	1.653438
7.120000	0.747692	0.765399	2.621461	0.650041	0.511511	4.189415
7.121000	0.747692	0.805729	2.309658	0.410078	0.272093	2.129619
7.122000	0.667116	0.725512	0.281541	0.609949	0.391917	3.238783
7.123000	0.505559	0.685182	0.280656	0.609949	0.471493	3.240352
7.124000	0.264234	0.324428	-1.440471	0.489968	0.312111	3.238783
7.125000	0.667116	0.765842	1.531233	0.409785	0.351899	1.652527
7.126000	1.029508	1.046379	4.341703	0.250298	0.112481	1.019543
7.127000	0.264234	0.485304	-0.970637	0.649748	0.551299	3.080908
7.128000	0.224147	0.405087	-2.376757	0.290389	0.112481	1.495724
7.129000	0.908441	0.845616	2.934149	0.649748	0.511281	3.397316
7.130000	0.627030	0.686068	1.529639	0.489968	0.351899	3.554701
7.131000	0.505963	0.846059	0.437076	0.529766	0.431475	3.396987
7.132000	0.425387	0.565521	-0.034431	0.529766	0.431475	3.080908
7.133000	0.103485	0.324428	-2.689365	0.250298	0.032445	1.178076
7.134000	0.948932	1.006492	2.778606	0.689839	0.551070	3.871859
7.135000	0.948932	1.006492	4.028298	0.090518	-0.047361	-0.248338
7.136000	0.223743	0.484861	-2.064157	0.569565	0.511281	3.396497
7.137000	0.465473	0.565521	-1.126985	0.569565	0.391458	2.921718
7.138000	0.505559	0.524748	1.213739	0.529766	0.431475	2.921718
7.139000	0.787779	0.885946	2.309658	0.569565	0.471493	3.871859
7.140000	0.787779	0.966605	1.998659	0.449876	0.271863	2.287333
7.141000	0.425387	0.525191	-0.503379	0.769436	0.630876	4.981444
7.142000	0.183657	0.324428	-2.375960	-0.029464	-0.127396	-1.991397
7.143000	1.029508	1.046379	4.340898	0.969015	0.830506	6.566881
7.144000	0.747692	0.805729	2.621461	-0.069555	-0.127396	-1.673512
7.145000	0.384896	0.565521	-0.814297	0.729345	0.630876	4.350191
7.146000	0.505559	0.685182	0.280656	0.329895	0.271863	1.655168
7.147000	0.344406	0.405087	-0.972407	0.689546	0.551070	4.346800
7.148000	0.787779	0.845616	2.466006	0.569565	0.391458	3.239603
7.149000	0.787779	0.885946	2.778606	0.250298	0.192057	0.859188
7.150000	0.344406	0.484861	-1.282440	0.928924	0.790717	6.091519
7.151000	0.264234	0.485304	-2.064077	-0.029757	-0.047590	-1.358084
7.152000	0.908037	0.885946	3.714813	1.009107	0.750700	6.883289
7.153000	0.465068	0.605408	0.593345	-0.069555	-0.047590	-1.356936
7.154000	0.465473	0.725512	-0.031147	0.969015	0.790717	6.091282
7.155000	0.667116	0.725512	1.062285	0.210206	0.072233	0.068820
7.156000	0.223743	0.324428	-2.220417	0.489675	0.351440	2.762274
7.157000	0.747288	0.845616	2.465918	0.569565	0.471264	3.397079
7.158000	0.948527	0.925833	3.247466	0.249712	0.112481	0.227024
7.159000	0.183657	0.405087	-2.532220	0.889125	0.670664	5.932986
7.160000	0.424982	0.565521	-0.345437	0.010335	0.032216	-0.406051
7.161000	0.707202	0.725069	2.465121	0.889125	0.670664	6.248904
7.162000	0.707202	0.765399	1.530348	0.130316	0.032216	-0.248338
7.163000	0.505963	0.805729	0.121909	0.849034	0.630876	5.774125
7.164000	0.545645	0.644852	0.902653	0.329895	0.112022	1.021511
7.165000	0.102676	0.284540	-2.689365	0.369694	0.271863	1.179316
7.166000	0.908441	0.925833	3.088719	0.769436	0.590858	4.982425
7.167000	0.867951	0.885946	2.934946	0.210206	0.072004	0.069639
7.168000	0.384896	0.525191	-1.750672	0.889125	0.750700	7.042733
7.169000	0.545645	0.685182	1.060683	0.089932	0.031986	-0.407782
7.170000	0.465473	0.484861	0.432827	1.048905	0.790488	7.199207
7.171000	0.585731	0.765399	1.216943	0.010335	-0.007802	-1.040436
7.172000	0.787779	0.885946	2.312065	0.609364	0.511052	4.348951
7.173000	0.425387	0.565078	-0.189974	0.369694	0.151810	1.496781
7.174000	0.183657	0.284540	-1.907817	0.050133	0.032216	0.068820
7.175000	0.948527	0.885946	3.402212	0.889125	0.551070	5.615010
7.176000	0.586135	0.725512	1.217828	0.050133	0.072004	-0.881903
7.177000	0.505963	0.685182	0.124396	0.969015	0.630876	6.882960
7.178000	0.545645	0.725512	0.277453	0.089932	0.072004	-0.563835
7.179000	0.223743	0.284098	-1.597616	1.009107	0.750700	6.882960
7.180000	0.747692	0.805729	1.841514	0.130316	0.072004	-0.563927
7.181000	0.948527	0.965720	2.935751	0.649162	0.471264	4.507484
7.182000	0.384896	0.404202	-0.970637	0.329895	0.151810	1.018050
7.183000	0.344406	0.524748	-2.064077	0.289511	0.311422	1.337520
7.184000	0.747288	0.685182	1.839832	0.689546	0.510823	4.188596
7.185000	0.667116	0.805729	1.374088	0.210206	0.111792	0.546241
7.186000	0.546049	0.765399	0.593336	0.888832	0.590858	6.248246
7.187000	0.424982	0.484861	-0.189894	0.369694	0.231386	1.178405
7.188000	0.183657	0.405087	-2.064962	0.649162	0.471034	4.345490
7.189000	0.787779	0.845616	2.621461	0.409785	0.391228	1.339159
7.190000	0.908441	0.925833	3.091294	0.529474	0.391228	2.921718
7.191000	0.384896	0.484861	-0.501777	0.409785	0.351210	2.127889
7.192000	0.465473	0.605408	-0.503379	0.409492	0.391228	1.811642
7.193000	0.424982	0.484861	-0.192461	0.609364	0.391458	4.188596
7.194000	0.867951	0.925833	2.934946	0.369694	0.151810	1.017721
7.195000	0.787779	1.006492	2.155000	0.689546	0.391228	4.982026
7.196000	0.264234	0.444974	-0.970805	0.449291	0.351210	1.652856
7.197000	0.102676	0.284540	-2.533910	0.409785	0.231846	2.287333
7.198000	1.029508	1.126153	4.498131	0.569565	0.431246	3.554701
7.199000	0.707202	0.805729	1.841514	0.369694	0.351210	2.288152
7.200000	0.465068	0.605408	-0.031944	0.529474	0.431016	2.920478
7.201000	0.505559	0.605408	0.121909	0.449584	0.431016	2.762274
7.202000	0.303915	0.324428	-1.441187	0.489382	0.351440	3.237543
7.203000	0.867951	0.885946	2.780208	0.329602	0.271175	0.701313
7.204000	0.948527	0.925833	2.780208	0.449584	0.151810	2.763185
7.205000	0.102676	0.284098	-2.999639	0.529474	0.390999	2.445865
7.206000	0.344406	0.444974	-1.596731	0.529474	0.351210	2.761454
7.207000	0.948932	0.925833	3.715698	0.609364	0.510823	4.033033
7.208000	0.586135	0.725069	1.217828	0.489382	0.391228	3.079339
7.209000	0.545645	0.725512	0.748880	0.449584	0.390999	2.445865
7.210000	0.424982	0.524748	-0.501777	0.649162	0.510823	4.189415
7.211000	0.102676	0.284098	-2.691047	0.289804	0.111792	1.021182
7.212000	0.867951	0.925833	2.778606	0.569272	0.510823	2.922375
7.213000	0.948527	1.046379	3.402929	0.249712	0.031986	0.227515
7.214000	0.142762	0.444974	-2.532220	0.808942	0.550611	4.189415
7.215000	0.384492	0.525191	-1.440471	0.409785	0.231846	2.129619
7.216000	0.867951	0.805286	3.402124	0.569565	0.510823	3.081819
7.217000	0.586135	0.765399	1.217828	0.689546	0.471034	4.507484
7.218000	0.545645	0.685182	0.748880	0.369694	0.311422	1.812461
7.219000	0.546049	0.644852	-0.034519	0.649162	0.590628	4.666345
7.220000	0.062186	0.284098	-2.221222	-0.029757	-0.127626	-1.040436
7.221000	1.029104	1.086709	4.340101	0.968722	0.790029	5.615921
7.222000	0.747692	0.805286	2.309658	-0.069555	-0.207662	-1.514068
7.223000	0.384492	0.565078	-0.501777	0.849034	0.590628	4.820760
7.224000	0.465068	0.644852	-0.033634	0.329309	0.231157	1.653438
7.225000	0.707202	0.684739	1.996172	0.568979	0.430787	3.872349
7.226000	0.626221	0.725512	1.686768	0.529181	0.510593	3.080908
7.227000	0.747288	0.845616	1.842319	0.329602	0.191139	1.811971
7.228000	0.303915	0.444974	-1.283326	0.888832	0.750011	5.932075
7.229000	0.384896	0.525191	-1.284042	0.049841	-0.048049	-1.356354
7.230000	0.908441	0.965720	4.027501	0.928924	0.829817	6.408348
7.231000	0.586135	0.765399	1.374973	0.249712	-0.008032	0.068728
7.232000	0.465473	0.685182	-0.501777	0.689546	0.550611	4.187286
7.233000	0.465068	0.565078	-0.346234	0.329602	0.231386	2.288152
7.234000	0.424578	0.484861	-0.503379	0.489675	0.271175	2.286583
7.235000	0.787779	0.845173	2.466803	0.609071	0.550611	4.030882
7.236000	0.626221	0.805286	1.841514	0.049841	-0.047820	-0.723279
7.237000	0.344406	0.484861	-1.284042	1.008521	0.790029	6.724756
7.238000	0.344406	0.525191	-1.596731	-0.069848	-0.167873	-1.990577
7.239000	0.747288	0.764956	2.621461	0.928924	0.789799	7.041822
7.240000	0.747288	0.805286	1.530428	0.209328	0.071774	0.068399
7.241000	0.545645	0.765399	-0.031147	0.569272	0.430787	3.714145
7.242000	0.505559	0.565078	0.121909	0.369401	0.231386	1.654586
7.243000	0.223743	0.363872	-1.910216	0.329602	0.191369	0.227024
7.244000	0.948527	1.046379	3.247466	0.928631	0.630417	5.932658
7.245000	0.585731	0.805286	0.591743	-0.030049	-0.008261	-1.991068
7.246000	0.465068	0.565078	-0.346234	1.088411	0.750011	7.517184
7.247000	0.465068	0.484861	-0.347039	0.049841	-0.008032	-1.198640
7.248000	0.424982	0.524748	0.276567	1.008814	0.670434	6.567043
7.249000	0.626221	0.765399	1.840629	0.010042	0.031757	-1.040108
7.250000	0.787779	0.925390	2.312145	0.649162	0.510823	3.871201
7.251000	0.303915	0.364315	-1.441187	0.369694	0.271175	2.129856
7.252000	0.384896	0.364315	-2.064077	0.169529	0.071774	-0.405302
7.253000	0.908037	0.925833	2.934946	0.888832	0.590628	5.456477
7.254000	0.545645	0.725069	1.217828	0.169529	0.111333	0.068399
7.255000	0.586135	0.765399	1.217908	0.889125	0.590858	5.615010
7.256000	0.465068	0.644852	-0.034431	0.289511	0.111792	0.385557
7.257000	0.344406	0.323985	-0.970637	0.849034	0.630646	6.090533
7.258000	0.707202	0.885503	2.154203	0.049841	0.151351	-1.040108
7.259000	0.867951	0.925390	2.780208	0.489382	0.351210	2.763185
7.260000	0.142762	0.364315	-2.688560	0.569272	0.391228	3.555849
7.261000	0.223743	0.364315	-2.064962	0.089932	0.071774	-0.563927
7.262000	0.747288	0.764956	2.934149	0.729345	0.510823	4.665688
7.263000	0.626221	0.805286	1.374168	0.329602	0.311422	1.021182
7.264000	0.424982	0.685182	0.434589	0.849034	0.510823	6.249066
7.265000	0.505559	0.644852	0.121909	0.170115	0.151810	-0.089805
7.266000	0.142762	0.283655	-2.377562	0.609364	0.351440	3.397079
7.267000	0.989018	1.046379	3.247466	0.409785	0.351210	2.130438
7.268000	0.867951	0.885060	3.091294	0.409492	0.351210	1.653767
7.269000	0.384492	0.484861	-1.284042	0.689546	0.471034	4.189415
7.270000	0.264234	0.444089	-1.596731	0.210206	0.111792	0.383336
7.271000	0.747288	0.764956	2.933981	0.769436	0.471264	5.140559
7.272000	0.707202	0.805286	1.685254	0.170115	0.072004	-0.882394
7.273000	0.626221	0.764956	1.373283	0.849034	0.551070	6.092263
7.274000	0.344406	0.404202	-1.128587	0.329895	0.311422	1.496053
7.275000	0.142762	0.323985	-1.910136	0.489382	0.351440	2.762274
7.276000	0.948123	0.965720	3.246669	0.449584	0.391228	2.288152
7.277000	0.707202	0.885503	2.309658	0.529474	0.431246	3.079431
7.278000	0.384492	0.604522	-0.971442	0.369986	0.231846	1.812790
7.279000	0.465473	0.604522	-0.346234	0.449584	0.431246	2.288572
7.280000	0.505155	0.524748	0.432827	0.529766	0.232075	3.079922
7.281000	0.827461	0.965720	2.779491	0.289804	0.231846	0.227261
7.282000	0.626221	0.805286	1.371769	0.489675	0.271863	2.288244
7.283000	0.102676	0.323985	-2.375960	0.569565	0.511281	3.872678
7.284000	0.303915	0.404202	-1.907817	0.409785	0.351440	2.128708
7.285000	0.908037	0.885503	3.559269	0.449584	0.391458	2.445865
7.286000	0.585731	0.764956	1.530428	0.729345	0.590858	5.299092
7.287000	0.303915	0.524748	-1.749867	0.250298	0.152269	1.020853
7.288000	0.465068	0.604522	-0.347119	0.569565	0.550840	2.763023
7.289000	0.384492	0.404202	-0.660524	0.210206	0.072233	1.180297
7.290000	0.867951	0.965720	2.622346	0.609364	0.590858	3.714474
7.291000	0.625817	0.764956	1.217828	0.130316	-0.007573	0.068491
7.292000	0.303915	0.404202	-2.064077	0.769436	0.670664	5.299092
7.293000	0.384896	0.604522	-0.815102	0.329895	0.231846	1.811971
7.294000	0.746480	0.725069	2.149229	0.569565	0.431475	3.714145
7.295000	0.545645	0.684739	1.060683	0.489675	0.391458	3.080089
7.296000	0.586135	0.765399	-0.034351	0.489675	0.271863	2.287333
7.297000	0.384492	0.524748	-0.658922	0.569565	0.511052	3.238783
7.298000	0.424982	0.404202	-0.973044	-0.029757	-0.087379	-0.721640
7.299000	0.908441	0.965720	3.871153	0.649162	0.630646	4.030391
7.300000	0.666308	0.725069	1.060683	0.210206	0.032216	0.227843
7.301000	0.384492	0.484861	-1.127702	0.569565	0.391458	3.554701
7.302000	0.586135	0.765399	1.060683	0.569565	0.431475	3.714145
7.303000	0.465068	0.524748	0.276567	0.489675	0.391458	2.921389
7.304000	0.707202	0.805286	1.997058	0.569565	0.431246	3.237872
7.305000	0.747288	0.885503	2.154203	0.289804	0.072233	0.388198
7.306000	0.223743	0.364315	-2.063272	0.849619	0.750700	5.933806
7.307000	0.424982	0.524748	-0.816704	-0.069555	-0.127167	-1.357265
7.308000	0.867951	0.845173	3.559269	0.729345	0.630876	4.664378
7.309000	0.505559	0.685182	0.750490	0.329895	0.192057	1.654257
7.310000	0.465068	0.685182	-0.346234	0.569565	0.431246	2.921718
7.311000	0.626221	0.764956	1.060683	0.489675	0.311881	2.445865
7.312000	0.303915	0.323985	-1.129384	0.449584	0.271863	2.603741
7.313000	0.787779	0.805286	1.530428	0.769436	0.591088	4.824221
7.314000	0.747288	0.885060	2.466803	-0.109354	-0.167185	-2.468489
7.315000	0.344406	0.404202	-1.439586	1.048905	0.830506	7.834250
7.316000	0.223743	0.363872	-2.221222	-0.069555	-0.167414	-1.674002
7.317000	0.747288	0.764956	2.463519	0.928924	0.710912	5.931838
7.318000	0.465068	0.644852	-0.033634	0.130609	-0.007573	-0.406213
7.319000	0.586135	0.805286	0.906025	0.689546	0.511281	3.872349
7.320000	0.384492	0.484861	-0.347119	0.409785	0.232075	1.654257
7.321000	0.223743	0.323985	-2.064962	0.210206	0.072233	0.545912
7.322000	0.867951	0.925390	3.090321	1.009107	0.750700	6.248904
7.323000	0.867547	0.925390	2.935751	0.010335	-0.007802	-1.040927
7.324000	0.505559	0.644852	0.124396	0.889125	0.750700	5.773542
7.325000	0.424982	0.484861	-0.816067	0.010335	0.032216	-0.564746
7.326000	0.585731	0.604522	1.213022	0.929217	0.710912	6.092102
7.327000	0.626221	0.764956	1.217828	0.010335	0.032445	-0.723042
7.328000	0.827461	0.965720	2.310543	0.449876	0.311881	2.127889
7.329000	0.384492	0.364315	-1.127782	0.529766	0.511281	4.030882
7.330000	0.142762	0.363872	-1.596731	0.130316	0.032445	-0.406870
7.331000	0.827461	0.764956	2.623063	0.809528	0.671123	5.615010
7.332000	0.908037	0.845173	2.311260	0.369986	0.232075	1.178076
7.333000	0.424578	0.684739	-0.346234	0.969308	0.710912	6.565312
7.334000	0.505559	0.604522	-0.347836	0.130609	0.072693	-0.722460
7.335000	0.142762	0.323985	-1.127782	0.729638	0.511281	5.615010
7.336000	0.948527	1.045494	3.092091	0.329895	0.232075	0.863307
7.337000	0.747288	0.845173	2.153318	0.170408	0.032445	-0.249157
7.338000	0.384492	0.523863	-0.501777	0.769729	0.671123	5.299092
7.339000	0.142762	0.363872	-2.064962	0.170408	0.152269	0.067909
7.340000	0.867951	0.844730	2.308773	0.889711	0.671123	6.724756
7.341000	0.747288	0.764956	1.841514	0.250298	0.072233	-0.248338
7.342000	0.546049	0.805286	0.124396	1.129088	0.830735	7.992546
7.343000	0.303915	0.404202	-1.284927	0.090518	0.032445	-1.040927
7.344000	0.344002	0.363872	-1.440471	0.569565	0.471493	4.031885
7.345000	0.988614	1.085381	3.559349	0.409785	0.311881	1.654586
7.346000	0.746480	0.805286	2.465121	0.369986	0.232075	1.337520
7.347000	0.384492	0.484861	-1.127702	0.649748	0.431475	3.714145
7.348000	0.424982	0.524748	-0.347039	0.210206	0.231846	0.704445
7.349000	0.585731	0.684739	1.369999	0.809528	0.551299	5.933569
7.350000	0.747288	0.845173	1.997058	0.250298	0.152269	-0.246769
7.351000	0.867951	0.925390	3.092091	0.809528	0.511281	5.774125
7.352000	0.102272	0.283655	-2.220417	0.329895	0.271863	1.812300
7.353000	0.344406	0.404202	-1.440391	0.449876	0.272093	2.605309
7.354000	0.948527	1.005164	4.497326	0.369986	0.232075	1.496053
7.355000	0.585731	0.724626	1.062285	0.489675	0.431475	3.079922
7.356000	0.384492	0.404202	-1.283326	0.449876	0.272093	2.762274
7.357000	0.545645	0.684739	-0.034351	0.329895	0.271863	1.337849
7.358000	0.303915	0.323985	-0.815262	0.689839	0.351899	4.665359
7.359000	0.948527	0.965720	3.091286	0.409785	0.391458	2.129856
7.360000	0.666308	0.805286	1.686059	0.410078	0.192287	2.129619
7.361000	0.142762	0.363872	-2.375960	0.689546	0.511281	4.031211
7.362000	0.344406	0.404202	-1.596731	0.449876	0.391458	2.288152
7.363000	0.948527	0.925390	3.714813	0.489675	0.391458	3.081070
7.364000	0.465068	0.684739	-0.033634	0.449876	0.391458	2.921718
7.365000	0.465473	0.725069	-0.657957	0.609949	0.391458	3.872678
7.366000	0.465068	0.644409	-0.504184	0.329895	0.192057	0.700984
7.367000	0.223743	0.404202	-1.284927	0.449876	0.232075	2.921718
7.368000	0.908037	0.885503	2.777801	0.569565	0.471264	2.921464
7.369000	0.747288	0.845616	1.997058	0.409785	0.192057	1.971086
7.370000	0.303915	0.604522	-1.595846	0.569565	0.471493	3.554701
7.371000	0.505559	0.644852	-0.347924	0.489675	0.431475	2.921718
7.372000	0.787779	0.724626	2.150026	0.529766	0.391458	2.921718
7.373000	0.586135	0.725069	1.060683	0.529766	0.431246	2.922375
7.374000	0.666308	0.805286	1.684369	0.409785	0.232075	1.812461
7.375000	0.465068	0.524748	-0.035236	0.449584	0.431246	1.970504
7.376000	0.303915	0.524748	-1.128587	0.210206	0.032445	1.021764
7.377000	0.908037	0.885060	3.559269	0.609364	0.551070	3.080089
7.378000	0.707202	0.805286	1.530428	0.489675	0.271863	2.129619
7.379000	0.505559	0.604522	-0.501777	0.649748	0.471264	3.237635
7.380000	0.585731	0.684739	0.747189	0.569565	0.431475	3.554701
7.381000	0.384492	0.364315	-0.347924	0.409785	0.231846	1.970175
7.382000	0.747288	0.885503	2.154114	0.769436	0.630876	4.981444
7.383000	0.626221	0.805286	1.217828	0.010335	-0.087379	-1.198640
7.384000	0.384492	0.404202	-1.124490	1.009107	0.830506	5.933898
7.385000	0.264234	0.444974	-1.440391	0.090518	-0.007573	-0.407782
7.386000	0.908441	0.845173	3.715609	0.729638	0.590858	4.666017
7.387000	0.585731	0.765399	1.061568	0.369986	0.311881	1.970175
7.388000	0.586135	0.765399	1.061568	0.729345	0.591088	4.665688
7.389000	0.505155	0.565078	-0.503379	0.489675	0.391458	2.920645
7.390000	0.384492	0.404202	-1.128587	0.409785	0.192057	1.812882
7.391000	0.787779	0.845173	1.843833	0.809528	0.710912	5.615338
7.392000	0.747288	0.845173	1.531233	-0.029757	-0.087379	-1.991068
7.393000	0.344406	0.444089	-1.284131	0.969015	0.870524	6.092102
7.394000	0.344406	0.363872	-1.596731	0.090518	-0.007573	-0.721640
7.395000	0.666308	0.684739	1.996172	0.809528	0.591088	5.140559
7.396000	0.707202	0.845173	1.998659	0.449876	0.271863	2.288152
7.397000	0.867951	0.925390	1.841514	0.649748	0.431475	3.714145
7.398000	0.222935	0.364315	-1.753876	0.569565	0.471264	3.871859
7.399000	0.223743	0.323542	-1.284131	0.170408	0.072233	0.545912
7.400000	0.908037	1.005164	3.559349	0.889125	0.630876	5.773542
7.401000	0.827461	0.805286	1.685174	0.090518	0.032216	-1.040436
7.402000	0.424982	0.565078	-0.031944	0.849619	0.750700	6.248414
7.403000	0.545645	0.644852	0.436200	0.170408	0.032216	-0.406213
7.404000	0.424578	0.404202	-0.503379	0.569565	0.511281	4.031885
7.405000	0.867951	0.885503	2.778606	0.449876	0.311881	2.128708
7.406000	0.707202	0.845173	2.155000	0.210206	0.072233	0.383918
7.407000	0.142762	0.323985	-2.533017	1.009107	0.870524	6.567700
7.408000	0.142762	0.364315	-1.907817	0.010335	-0.007573	-1.200371
7.409000	0.988614	1.005164	4.183841	0.969015	0.750700	7.200447
7.410000	0.545645	0.725069	0.750490	0.010335	-0.087379	-1.040436
7.411000	0.465068	0.644852	-0.503379	1.089289	0.870524	7.200118
7.412000	0.424982	0.604522	-0.501777	0.010335	-0.047361	-1.515798
7.413000	0.344002	0.444089	-0.815899	0.529766	0.471493	3.081652
7.414000	0.948527	1.046379	3.560951	0.649748	0.431475	3.398227
7.415000	0.746480	0.845173	2.310463	0.170408	0.072233	-0.564746
7.416000	0.102676	0.283655	-3.159111	0.889711	0.710912	5.932658
7.417000	0.223743	0.404202	-1.752991	0.130316	0.032445	-0.722460
7.418000	0.948527	0.885060	3.871153	1.009107	0.750929	6.724756
7.419000	0.626221	0.764956	1.841514	0.010335	-0.047361	-1.358084
7.420000	0.505559	0.685182	0.121909	0.969308	0.750929	6.724756
7.421000	0.384492	0.604522	-0.815262	0.170408	0.032445	-0.407124
7.422000	0.223743	0.363872	-1.126985	0.489675	0.311881	2.445208
7.423000	0.908441	1.045494	3.714813	0.489675	0.391458	2.605309
7.424000	0.747288	0.845173	2.623063	0.369694	0.271863	0.704445
7.425000	0.384492	0.444089	-1.595846	0.689546	0.551299	5.456477
7.426000	0.424982	0.725069	0.434589	0.329895	0.231846	0.385557
7.427000	0.747288	0.764956	1.838142	0.849619	0.671123	6.092102
7.428000	0.707202	0.845173	2.623143	0.210206	0.232075	1.495142
7.429000	0.626221	0.725069	1.062365	0.489675	0.391458	2.920898
7.430000	0.344406	0.484861	-1.282440	0.609949	0.391458	2.605218
7.431000	0.344406	0.363872	-1.596731	0.369986	0.391458	1.812882
7.432000	1.029104	1.045494	4.027501	0.569565	0.431475	3.872678
7.433000	0.585731	0.805286	1.841514	0.210206	0.231846	0.227353
7.434000	0.505559	0.725069	-0.187487	0.889125	0.671123	6.089622
7.435000	0.424578	0.524748	-0.033714	0.210206	0.231846	0.227353
7.436000	0.424578	0.404202	-0.347119	0.609949	0.351440	3.872349
7.437000	0.586135	0.805286	1.998659	0.409785	0.391458	2.288809
7.438000	0.666308	0.805286	1.216943	0.409785	0.271863	2.445865
7.439000	0.223743	0.444089	-1.439586	0.489675	0.431246	2.128708
7.440000	0.344002	0.524748	-1.128587	0.489382	0.351440	2.445865
7.441000	0.867951	0.725069	2.307976	0.569565	0.391458	3.872678
7.442000	0.545645	0.725069	0.278169	0.329895	0.231846	0.700984
7.443000	0.545645	0.764956	0.122786	0.689546	0.351899	4.980786
7.444000	0.505155	0.524748	-0.192461	0.449584	0.391228	1.812300
7.445000	0.424982	0.524748	-0.347039	0.569565	0.431246	3.079102
7.446000	0.787779	0.845173	2.152513	0.489382	0.351210	2.762931
7.447000	0.827461	0.885503	2.153318	0.529474	0.471034	3.714145
7.448000	0.223743	0.524748	-1.127702	0.329895	0.351440	2.288152
7.449000	0.585731	0.725069	0.277444	0.729345	0.550840	3.872678
7.450000	0.344406	0.363872	0.276567	0.210206	0.072004	1.336609
7.451000	0.867951	0.925833	2.466803	0.529474	0.471034	2.605309
7.452000	0.626221	0.805286	1.374973	0.250298	0.032216	1.019215
7.453000	0.344002	0.404202	-1.284927	0.729345	0.591088	3.872678
7.454000	0.344406	0.404202	-1.753876	0.369986	0.271863	1.653928
7.455000	0.948527	0.885503	3.558553	0.609364	0.511052	3.872678
7.456000	0.545645	0.725069	1.062285	0.369694	0.351440	1.811971
7.457000	0.465473	0.644852	0.436200	0.529474	0.351440	2.762274
7.458000	0.545645	0.684739	0.278169	0.529474	0.471034	3.079431
7.459000	0.102676	0.323985	-1.596731	0.089932	-0.007802	0.544090
7.460000	0.867951	0.885503	2.153398	0.569565	0.510823	3.238875
7.461000	0.787779	0.925390	2.623948	0.050133	-0.087608	-0.406870
7.462000	0.303915	0.364315	-2.220417	0.689546	0.630646	4.349279
7.463000	0.303915	0.404202	-1.752991	0.369694	0.271863	1.971905
7.464000	0.867951	0.805286	2.934946	0.729345	0.551070	4.030553
7.465000	0.586135	0.725069	0.436200	0.449584	0.351440	2.445865
7.466000	0.546049	0.805286	1.060683	0.489382	0.391458	2.921718
7.467000	0.424578	0.484861	-0.503379	0.569272	0.471034	3.713563
7.468000	0.062186	0.243768	-3.002851	0.050133	-0.007802	-0.566314
7.469000	0.908441	0.885503	2.465998	0.808942	0.670664	5.455566
7.470000	0.908441	1.005164	3.715698	0.210206	-0.007573	-0.248338
7.471000	0.344406	0.484861	-1.439586	0.609364	0.550840	4.033033
7.472000	0.384896	0.604522	-0.816067	0.489675	0.351440	2.446027
7.473000	0.585731	0.685182	1.369282	0.569565	0.431246	4.190747
7.474000	0.707202	0.764956	1.530428	0.609364	0.391228	3.555030
7.475000	0.666308	0.845616	1.841514	0.210206	0.032216	0.704116
7.476000	0.424982	0.524748	-0.346234	0.969015	0.790029	6.567700
7.477000	0.062590	0.203881	-2.846511	-0.029757	-0.247450	-1.832864
7.478000	0.989018	0.965720	4.028298	1.009107	0.870064	6.724756
7.479000	0.747288	0.805286	2.778606	-0.029757	-0.087608	-0.881084
7.480000	0.384492	0.565078	-0.346234	0.729345	0.590858	5.140559
7.481000	0.344002	0.444974	-0.971442	0.289804	0.151810	1.811971
7.482000	0.424578	0.484861	-0.347119	0.409785	0.271863	1.971905
7.483000	0.867951	0.885503	2.310463	0.689546	0.550840	4.349770
7.484000	0.828269	0.925833	2.935751	0.010042	-0.007802	-0.406870
7.485000	0.303915	0.444974	-1.438781	0.968722	0.710452	6.566062
7.486000	0.102272	0.364315	-2.219620	-0.069848	-0.087838	-1.674002
7.487000	0.867951	0.885503	3.558553	1.008814	0.910082	7.358980
7.488000	0.545645	0.764956	1.841514	0.010042	-0.047820	-0.723371
7.489000	0.424982	0.644852	-0.969840	0.689546	0.550840	4.822582
7.490000	0.424982	0.525191	-0.503379	0.329602	0.231386	1.021182
7.491000	0.424982	0.404202	-1.128587	0.289804	0.191369	1.019872
7.492000	0.707202	0.805286	2.309658	0.729345	0.590858	4.983336
7.493000	0.867951	0.845616	2.622266	0.130316	0.031986	-0.407782
7.494000	0.223743	0.364315	-1.283326	0.889125	0.710452	5.932986
7.495000	0.344406	0.525191	-1.440471	0.170115	0.031986	-0.406051
7.496000	0.707202	0.725069	2.307976	0.929217	0.670434	6.090371
7.497000	0.747288	0.885946	2.623063	0.089932	0.031986	-0.088074
7.498000	0.505559	0.765399	-0.189894	0.529474	0.351440	2.603741
7.499000	0.384492	0.444089	-0.973044	0.529474	0.431016	3.397316
7.500000	0.264234	0.324428	-2.064962	0.010042	0.072004	-0.723279
7.501000	0.908441	1.006492	4.028298	0.889125	0.590858	5.774454
7.502000	0.585731	0.685182	1.216943	-0.029757	-0.008032	-0.881903
7.503000	0.424982	0.565078	-0.815102	1.048905	0.710452	6.408348
7.504000	0.505559	0.725069	0.436200	0.169529	0.072004	-0.088894
7.505000	0.505155	0.524748	0.744799	0.888832	0.590858	5.456967
7.506000	0.666308	0.805286	2.153398	0.249712	0.111792	-0.247518
7.507000	0.827461	0.845616	2.467608	0.329602	0.351210	1.654349
7.508000	0.222935	0.364315	-1.439586	0.569565	0.391458	3.713234
7.509000	0.264234	0.484861	-1.596731	0.050133	0.031986	-1.040436
7.510000	0.867951	0.845173	3.245864	0.969015	0.670664	6.249066
7.511000	0.546049	0.685182	0.593345	0.130316	0.111792	-0.089805
7.512000	0.505559	0.725512	-0.657957	0.969015	0.670664	6.566224
7.513000	0.505559	0.565078	0.590133	0.130316	0.072004	-0.722460
7.514000	0.022100	0.163551	-3.158394	0.729345	0.511052	4.983665
7.515000	0.747288	0.805286	1.997058	0.329602	0.111792	0.385557
7.516000	0.908037	0.885503	2.778606	0.529474	0.470805	2.128708
7.517000	0.223743	0.404202	-1.595846	0.409492	0.271175	2.919895
7.518000	0.465473	0.644852	-0.503379	0.369401	0.271175	1.178076
7.519000	0.585731	0.604522	1.837426	0.609364	0.431016	4.507155
7.520000	0.707202	0.845616	1.374168	0.289804	0.271175	0.862978
7.521000	0.586135	0.805729	0.593345	0.729345	0.431016	4.665359
7.522000	0.585731	0.684739	0.902653	0.409492	0.310963	1.495142
7.523000	0.022100	0.243768	-3.159111	0.449584	0.271175	3.080089
7.524000	0.867951	0.885503	3.090321	0.449291	0.430787	2.445865
7.525000	0.747288	0.805286	2.621461	0.369401	0.310963	2.129619
7.526000	0.505559	0.644852	-0.031147	0.528888	0.390999	3.555849
7.527000	0.505559	0.764956	0.590133	0.329309	0.230927	1.494813
7.528000	0.384896	0.363872	-0.662206	0.568979	0.390999	3.874171
7.529000	0.586135	0.725069	1.060763	0.249127	0.350522	1.336609
7.530000	0.988614	1.126153	3.560959	0.489089	0.310733	3.397079
7.531000	0.465068	0.644852	-0.189974	0.688668	0.430328	3.713234
7.532000	0.102676	0.323985	-2.689445	0.369108	0.230927	1.656807
7.533000	0.747288	0.764956	2.308861	0.648577	0.390539	3.554701
7.534000	0.626221	0.764956	1.687573	0.528888	0.350522	2.922375
7.535000	0.465068	0.725069	0.124396	0.528888	0.350522	3.237543
7.536000	0.465068	0.604522	-0.190691	0.448998	0.389851	2.445116
7.537000	0.102272	0.243768	-2.689365	0.448705	0.230468	2.606290
7.538000	0.626221	0.764956	1.217023	0.368522	0.389851	1.021511
7.539000	0.908037	1.045051	3.558553	0.328724	0.150433	1.970175
7.540000	0.263021	0.403759	-1.596731	0.608192	0.549463	3.871438
7.541000	0.344002	0.444089	-1.907737	0.608192	0.389621	3.396987
7.542000	0.625817	0.684296	1.681882	0.568101	0.389621	2.921626
7.543000	0.746480	0.804400	2.309658	0.688082	0.549233	4.030391
7.544000	0.505155	0.764513	-0.346234	0.248541	0.110185	1.653017
7.545000	0.585731	0.603637	1.060683	0.647991	0.549004	3.397316
7.546000	0.021696	0.243325	-3.158314	0.168358	-0.009639	0.068399
7.547000	0.907633	0.924504	2.777801	0.687790	0.628580	4.031211
7.548000	0.867547	0.964391	3.402204	0.288340	0.149514	1.020853
7.549000	0.384088	0.523420	-1.127782	0.727588	0.628351	4.508303
7.550000	0.344002	0.563750	-0.972247	0.687497	0.428950	3.872349
7.551000	0.424174	0.483533	-0.504184	0.408028	0.309127	2.762274
7.552000	0.746480	0.884174	2.309658	0.687497	0.588103	4.347619
7.553000	0.826652	0.964391	2.465201	0.128267	-0.129922	-0.883472
7.554000	0.263021	0.443203	-1.128587	0.887076	0.827522	5.615829
7.555000	0.222531	0.442760	-1.752991	-0.111696	-0.249745	-1.990340
7.556000	0.786566	0.964391	3.558553	0.807186	0.668139	4.824221
7.557000	0.544836	0.643524	1.685254	0.168065	0.029461	0.544252
7.558000	0.464664	0.603637	-0.502414	0.727588	0.548315	4.187685
7.559000	0.424174	0.603194	0.279940	0.487625	0.468509	3.238783
7.560000	0.182444	0.281884	-1.907737	0.487625	0.269109	2.920478
7.561000	0.705990	0.884174	2.153398	0.607314	0.508527	3.555849
7.562000	0.947719	1.084495	3.403974	0.048084	-0.050345	-0.723371
7.563000	0.182444	0.362543	-1.906932	1.006764	0.827751	7.199536
7.564000	0.303107	0.603637	-1.127791	0.048084	-0.050345	-0.564676
7.565000	0.786566	0.763185	2.621461	0.686911	0.548315	4.029152
7.566000	0.544836	0.603194	0.904423	0.407735	0.229091	1.970994
7.567000	0.545241	0.683411	-0.189894	0.567515	0.308897	2.922208
7.568000	0.504346	0.643081	0.434589	0.527424	0.428491	3.397316
7.569000	0.141954	0.281884	-3.001966	0.287754	0.109497	0.702294
7.570000	0.826652	0.924061	2.777801	0.966965	0.827751	6.724336
7.571000	0.907633	0.963949	3.559518	-0.071605	-0.050575	-2.150021
7.572000	0.182040	0.442760	-2.063997	0.966965	0.827751	7.200026
7.573000	0.504750	0.643081	-0.346879	0.048084	-0.050575	-0.406143
7.574000	0.625009	0.722855	1.525622	0.686911	0.508068	3.712905
7.575000	0.625009	0.683411	0.590133	0.327553	0.069020	1.019031
7.576000	0.786566	1.004278	2.153398	0.367644	0.148826	1.494813
7.577000	0.504346	0.643081	0.121909	0.806893	0.547856	4.505333
7.578000	0.182040	0.402430	-2.220337	0.047791	0.029002	-0.724120
7.579000	0.866738	0.923619	3.401407	1.086361	0.906868	7.675388
7.580000	0.746076	0.762742	2.153398	-0.072190	-0.050804	-1.357594
7.581000	0.464260	0.643081	0.124556	1.086361	0.826833	7.517675
7.582000	0.665499	0.722855	1.841594	0.047206	-0.051034	-0.882815
7.583000	0.302703	0.442318	-0.660524	0.886490	0.587415	5.931908
7.584000	0.504346	0.643081	0.746393	0.247077	0.148137	0.545400
7.585000	1.068382	1.084052	4.184726	0.367059	0.227943	0.384317
7.586000	0.383279	0.602751	-0.188124	0.886490	0.666991	6.407599
7.587000	0.302703	0.482647	-1.440391	0.127096	0.108119	0.068399
7.588000	0.625009	0.602751	1.213819	0.766216	0.626744	6.090441
7.589000	0.665499	0.722855	1.528189	0.246784	0.147907	0.544580
7.590000	0.625009	0.763185	0.749765	0.846106	0.706550	6.407599
7.591000	0.705585	0.762742	1.996253	0.166894	0.027854	-0.407054
7.592000	0.060973	0.161780	-3.002851	0.486454	0.386866	4.029314
7.593000	0.625009	0.682525	1.213819	0.526253	0.307290	2.922445
7.594000	0.866738	1.003393	3.402204	0.086711	-0.012164	-0.883564
7.595000	0.424174	0.522534	-0.971362	0.845813	0.586496	6.248974
7.596000	0.383279	0.562421	-1.128507	0.326089	0.107430	0.701383
7.597000	0.343193	0.361658	-0.662126	0.805722	0.466443	5.615570
7.598000	0.625009	0.762742	0.746473	0.326089	0.147219	0.385136
7.599000	0.786162	0.963506	2.465998	0.725832	0.546249	4.980274
7.600000	0.584518	0.642196	0.590133	0.326089	0.226566	0.703604
7.601000	0.141954	0.321771	-2.066476	0.326089	0.226795	1.653017
7.602000	0.786162	0.802629	1.525622	0.685447	0.346389	4.347527
7.603000	0.786162	0.842959	2.463599	0.166309	0.106742	-0.248758
7.604000	0.464260	0.682525	-0.502414	0.845227	0.506001	5.615570
7.605000	0.423365	0.602751	-0.035792	0.245906	0.106512	0.226512
7.606000	0.181636	0.241111	-1.910941	0.964916	0.625596	6.408089
7.607000	0.745671	0.762299	2.152513	0.245906	-0.013312	-0.248429
7.608000	1.148554	1.244043	5.122606	0.605265	0.306142	4.030462
7.609000	0.302703	0.361658	-0.973044	0.445485	0.305912	2.603557
7.610000	0.222126	0.401545	-1.910136	0.445485	0.305912	2.920715
7.611000	0.745671	0.762742	2.308056	0.485283	0.146300	2.921534
7.612000	0.705181	0.722412	1.528109	0.445485	0.265895	1.809728
7.613000	0.504346	0.762742	1.061568	0.565173	0.345930	4.188666
7.614000	0.625009	0.722412	1.528109	0.165723	0.106053	0.543087
7.615000	0.020483	0.160894	-3.783434	0.644770	0.305912	4.505494
7.616000	0.665095	0.762742	2.153398	0.445192	0.345242	2.446334
7.617000	0.946911	1.043280	4.340181	0.405393	0.106053	2.129597
7.618000	0.141550	0.321328	-2.532220	0.445192	0.345471	2.288130
7.619000	0.302703	0.522092	-1.752991	0.644770	0.425277	3.555100
7.620000	0.584518	0.642196	0.902733	0.245320	0.026247	1.177143
7.621000	0.665095	0.682083	0.590133	0.444899	0.425048	2.604468
7.622000	0.785758	0.882846	2.153398	0.445192	0.105824	2.920877
7.623000	0.665095	0.682083	1.060763	0.405100	0.265206	1.813518
7.624000	0.020483	0.200781	-3.627174	0.324917	0.145382	1.650538
7.625000	0.826248	0.842516	2.461192	0.724368	0.544642	4.981093
7.626000	0.826248	0.842516	3.088887	0.284826	0.105364	1.810709
7.627000	0.302299	0.441432	-1.595846	0.564295	0.304994	3.554771
7.628000	0.503538	0.682083	0.433784	0.564295	0.344782	3.395656
7.629000	0.302299	0.441432	-0.816704	0.444899	0.185170	2.761761
7.630000	0.624605	0.762299	1.684369	0.364716	0.304765	2.445024
7.631000	1.108064	1.123054	3.872038	0.324625	0.105135	1.652996
7.632000	0.302299	0.521206	-0.815819	0.604386	0.384341	3.236212
7.633000	0.221722	0.361215	-2.066396	0.244735	0.105135	1.019522
7.634000	0.745267	0.641753	2.150106	0.523911	0.384341	3.554679
7.635000	0.745671	0.722412	1.839993	0.644185	0.344553	4.345468
7.636000	0.463047	0.682083	-0.034351	0.604093	0.304535	3.395327
7.637000	0.665095	0.721970	1.060763	0.484112	0.344323	3.238271
7.638000	0.141146	0.280998	-2.066476	0.284533	0.144693	1.493643
7.639000	0.543624	0.641753	1.528109	0.723782	0.583512	4.347527
7.640000	0.866334	0.922290	3.713291	-0.075118	-0.134742	-1.200721
7.641000	0.221722	0.361215	-1.438700	0.723782	0.583282	4.347199
7.642000	0.382875	0.521206	-0.971362	0.324039	0.064658	1.335930
7.643000	0.624605	0.600980	1.681962	0.483819	0.423670	3.395656
7.644000	0.624605	0.681640	1.371849	0.563709	0.383882	3.713304
7.645000	0.705181	0.842516	1.841594	0.523618	0.383652	3.237123
7.646000	0.664691	0.802186	1.683652	0.683691	0.503476	4.347527
7.647000	0.141146	0.280998	-2.377482	-0.075704	-0.135202	-1.199810
7.648000	0.745267	0.721527	1.525702	1.082848	0.862489	7.517162
7.649000	0.705181	0.761857	2.463599	-0.155594	-0.295043	-2.308830
7.650000	0.423365	0.641753	-0.502414	0.882977	0.583053	4.822560
7.651000	0.543624	0.762299	-0.191336	0.163674	0.024181	0.860078
7.652000	0.342385	0.401102	-0.193098	0.722904	0.503017	4.505731
7.653000	0.664691	0.600980	1.213819	0.403343	0.223581	1.969242
7.654000	0.946911	1.162941	4.183921	0.443435	0.183563	2.446005
7.655000	0.422557	0.480876	-0.661161	0.803086	0.582593	4.821649
7.656000	0.261808	0.480876	-1.284847	-0.115795	-0.175678	-1.835856
7.657000	0.664691	0.561093	1.524906	0.962574	0.662400	6.882777
7.658000	0.664691	0.640867	1.524906	0.123582	-0.016296	0.067558
7.659000	0.705181	0.842074	1.685334	0.762702	0.582364	4.822560
7.660000	0.745267	0.761414	1.997138	0.043985	-0.016296	-0.088915
7.661000	-0.020412	0.079349	-3.785921	0.602922	0.303158	3.553860
7.662000	0.583710	0.600980	1.369362	0.523325	0.303158	2.763071
7.663000	0.986593	1.041951	4.183921	0.163381	0.063740	-0.091794
7.664000	0.221318	0.360772	-1.439505	0.962574	0.701958	6.882777
7.665000	0.503134	0.520763	-0.659559	0.043985	-0.135890	-0.882254
7.666000	0.422557	0.440546	0.119582	0.842885	0.622152	5.613748
7.667000	0.463047	0.520763	0.279940	0.163674	-0.016296	-0.724540
7.668000	0.865930	1.082281	3.561119	0.882684	0.622382	5.773774
7.669000	0.745267	0.761414	1.839993	0.203472	0.103528	0.226420
7.670000	-0.060902	0.079349	-3.939854	0.323454	0.103528	0.860078
7.671000	0.583710	0.721527	1.213102	0.882684	0.582364	6.090840
7.672000	0.865930	0.961735	3.402372	0.003894	-0.095873	-1.040458
7.673000	0.301894	0.561093	-0.970557	0.922482	0.622382	6.408488
7.674000	0.543624	0.600980	-0.034351	0.163381	0.103528	0.068798
7.675000	0.261404	0.400217	-1.441992	1.042757	0.702188	7.516343
7.676000	0.422557	0.560650	0.746473	-0.075997	-0.175678	-1.673862
7.677000	1.148150	1.122168	4.963947	0.882684	0.503017	6.090840
7.678000	0.382067	0.520320	0.276728	0.283655	0.103757	0.861134
7.679000	0.140741	0.320442	-2.066396	0.203472	0.063740	-0.089735
7.680000	0.583710	0.640867	1.369362	0.803086	0.582593	5.616389
7.681000	0.825439	0.881075	2.932627	0.203472	0.024181	-0.090646
7.682000	0.583710	0.761414	0.748880	0.803086	0.503247	5.773774
7.683000	0.664691	0.721527	1.683652	0.283655	0.064199	0.543577
7.684000	0.019675	0.199896	-2.536141	0.923068	0.503247	6.249044
7.685000	0.583710	0.680754	1.525702	0.164259	0.064199	-0.090646
7.686000	1.067169	1.121726	4.963947	0.523618	0.263599	3.395656
7.687000	0.382067	0.440104	-0.815819	0.443728	0.263599	2.444512
7.688000	0.181232	0.280113	-2.690887	0.164259	0.064199	0.067979
7.689000	0.623796	0.640867	1.528189	0.603508	0.423670	4.187755
7.690000	0.583306	0.680754	1.371849	0.363838	0.223811	1.019758
7.691000	0.744863	0.841631	2.309738	0.883269	0.503476	6.405938
7.692000	0.502729	0.640867	1.057559	0.283948	0.104446	0.544068
7.693000	0.180828	0.280113	-3.316087	0.683691	0.383882	4.346870
7.694000	0.503134	0.640867	0.433068	0.364131	0.303846	1.019430
7.695000	1.026679	1.001622	4.650550	0.403929	0.064428	1.810709
7.696000	0.382067	0.520763	-1.127702	0.483819	0.224270	2.604867
7.697000	0.382067	0.560650	-1.127622	0.283948	0.144693	0.701545
7.698000	0.462643	0.480433	-0.505786	0.643892	0.383882	4.029550
7.699000	0.583306	0.600537	1.369362	0.164552	0.144693	-0.090646
7.700000	0.865930	0.961292	2.308136	0.763873	0.423900	4.820992
7.701000	0.341576	0.440104	-0.816704	0.244442	0.144693	0.701782
7.702000	0.221318	0.440104	-2.377482	0.444021	0.224729	3.395656
7.703000	0.623796	0.680754	1.212129	0.484112	0.344323	3.079738
7.704000	0.784949	0.720641	2.775482	0.404222	0.304535	2.603557
7.705000	0.543220	0.680754	0.748163	0.404222	0.144923	1.810709
7.706000	0.623796	0.680754	1.215589	0.404222	0.304535	2.603228
7.707000	0.099847	0.319557	-1.911738	0.524496	0.224729	3.395327
7.708000	0.663882	0.680754	1.837506	0.204643	0.184711	0.384225
7.709000	0.744863	0.921405	3.402372	0.364716	0.145153	3.237123
7.710000	0.301894	0.479991	-1.127702	0.564295	0.384341	3.078827
7.711000	0.462643	0.479991	-1.283962	0.564588	0.384571	3.871018
7.712000	0.583710	0.600095	1.057559	0.564588	0.264977	2.921205
7.713000	0.462239	0.520320	0.744959	0.524496	0.304994	2.921205
7.714000	0.704777	0.881075	1.997138	0.284826	0.185400	1.968913
7.715000	0.623796	0.720641	1.528109	0.604386	0.464606	3.396567
7.716000	0.099847	0.239783	-2.220337	0.405100	0.065806	2.127446
7.717000	0.543220	0.600095	0.586929	0.405100	0.385030	1.177235
7.718000	0.946102	0.881075	3.245227	0.285119	0.026017	1.650538
7.719000	0.261404	0.399774	-1.752106	0.644770	0.425048	3.713633
7.720000	0.502729	0.560208	-0.504016	0.484990	0.305453	2.761761
7.721000	0.381662	0.399331	-0.973849	0.644770	0.465065	3.555100
7.722000	0.462643	0.439661	-0.661958	0.604679	0.385259	4.029550
7.723000	0.744863	0.800415	2.153478	0.485283	0.225877	2.604468
7.724000	0.663882	0.680754	1.528189	0.525082	0.425048	3.078919
7.725000	0.099847	0.399774	-2.533822	0.205522	-0.013541	0.544160
7.726000	0.502729	0.560208	0.273524	0.525082	0.505083	3.396896
7.727000	0.703968	0.760086	2.619939	0.245320	0.106512	0.860078
7.728000	0.542815	0.640424	0.278329	0.605265	0.425277	3.394837
7.729000	0.744863	0.800415	1.525702	0.325503	0.146300	1.813189
7.730000	0.139933	0.399774	-1.756194	0.605265	0.425507	3.871018
7.731000	0.462239	0.559765	-0.193098	0.565173	0.345930	3.555100
7.732000	0.905612	0.920962	3.402372	0.285704	0.026476	1.177397
7.733000	0.542815	0.600095	0.433873	0.685447	0.545101	4.347527
7.734000	0.220914	0.399331	-1.598969	-0.033856	-0.172694	-1.041277
7.735000	0.502729	0.519878	0.900494	0.844935	0.665154	4.188175
7.736000	0.502729	0.600095	1.055957	0.086126	-0.012852	0.385627
7.737000	0.623392	0.720641	1.684449	0.685447	0.345930	3.711083
7.738000	0.744863	0.800415	1.839993	0.445777	0.306371	2.921205
7.739000	0.019270	0.118793	-2.533742	0.525667	0.266354	3.079409
7.740000	0.382067	0.439661	-0.973849	0.765045	0.425966	4.188994
7.741000	0.946102	0.920962	3.713291	0.046327	-0.132676	-0.565916
7.742000	0.462239	0.560208	-0.032580	1.005008	0.705402	6.565711
7.743000	0.382067	0.519878	-0.972964	-0.073654	-0.172465	-1.357686
7.744000	0.301086	0.399774	-1.130109	0.925117	0.705402	5.775014
7.745000	0.502729	0.600095	0.276728	0.126510	-0.052411	0.227423
7.746000	0.703968	0.961292	2.309021	0.765630	0.546019	4.188994
7.747000	0.623796	0.680311	1.213102	0.525667	0.346389	3.238363
7.748000	0.220914	0.479991	-1.598253	0.485869	0.186777	2.127959
7.749000	0.382067	0.440104	-1.286449	0.725539	0.466213	4.348438
7.750000	0.744863	0.760086	2.461192	-0.033563	-0.092429	-1.199810
7.751000	0.623392	0.680311	1.057559	0.965209	0.626055	6.406267
7.752000	0.543624	0.720641	0.433068	-0.033270	-0.052411	-1.517130
7.753000	0.059356	0.118793	-2.067281	0.965502	0.626055	6.565803
7.754000	0.623796	0.640424	1.212217	0.166601	0.067413	-0.089735
7.755000	0.945698	0.961292	3.401568	0.566051	0.266813	2.762182
7.756000	0.502729	0.520320	-0.191496	0.445777	0.226795	2.763001
7.757000	0.261404	0.479991	-1.441912	0.286583	0.067413	1.018702
7.758000	0.462643	0.519878	0.119582	0.805722	0.546249	4.664356
7.759000	0.744863	0.760086	2.307339	0.006529	-0.052181	-0.883564
7.760000	0.865121	0.961292	2.465281	0.965502	0.666073	6.882869
7.761000	0.704777	0.720641	1.057559	-0.033270	-0.052181	-1.358505
7.762000	0.059761	0.159123	-2.846431	0.925410	0.666073	6.248974
7.763000	0.623796	0.720641	1.681962	0.206693	0.107430	0.860735
7.764000	1.026679	1.041509	4.963947	0.406271	0.187237	2.445116
7.765000	0.462239	0.560208	-0.658754	0.566051	0.426884	3.714544
7.766000	0.462643	0.560208	-0.189734	0.166601	-0.012164	0.227423
7.767000	0.462239	0.519878	-0.191336	1.125574	0.786126	7.517092
7.768000	0.583306	0.600095	1.057559	0.086711	-0.012164	-0.881834
7.769000	0.784949	0.920962	2.308136	0.965502	0.666073	7.358139
7.770000	0.663882	0.680311	1.057559	0.126803	-0.011934	-0.724120
7.771000	-0.020816	0.159123	-3.471631	0.806014	0.546478	5.457037
7.772000	0.502729	0.519878	0.275922	0.166894	0.107660	0.544817
7.773000	0.905612	0.920962	3.245227	0.246784	0.107430	0.543341
7.774000	0.462239	0.600095	-0.035792	0.806014	0.506690	5.140629
7.775000	0.502729	0.680311	0.277524	0.126803	0.027854	-0.248429
7.776000	0.341172	0.479991	-1.285652	0.966087	0.586496	6.407178
7.777000	0.542815	0.559765	0.587814	0.206693	0.107660	0.069219
7.778000	0.825439	0.960849	3.088082	0.885904	0.586496	6.882869
7.779000	0.623392	0.639982	0.432439	0.126803	0.027854	-0.881995
7.780000	0.220914	0.399331	-2.377482	0.726124	0.426884	4.821741
7.781000	0.583306	0.680311	0.743269	0.326674	0.187696	1.336916
7.782000	0.582902	0.639982	1.369362	0.166894	0.067642	0.068890
7.783000	0.623796	0.639982	1.213899	0.726124	0.466902	5.299162
7.784000	0.583306	0.800415	1.528189	0.206693	0.107660	0.067979
7.785000	0.422153	0.519435	-0.660276	0.845813	0.506920	5.775014
7.786000	0.381662	0.479548	-0.817421	0.286876	0.147448	0.861317
7.787000	0.945698	0.880189	3.245227	0.806014	0.466902	5.138149
7.788000	0.462239	0.600095	-0.032580	0.206693	0.107430	-0.089897
7.789000	0.422153	0.559765	-0.659559	0.566051	0.426884	3.396076
7.790000	0.381662	0.519435	-0.348481	0.446070	0.267272	2.762090
7.791000	0.542815	0.559765	0.901219	0.246491	0.147219	0.226604
7.792000	0.583306	0.680311	0.901299	0.726124	0.466672	4.983244
7.793000	0.623796	0.760086	1.839993	0.246491	0.267272	0.859587
7.794000	0.059356	0.238897	-2.690082	0.765923	0.466672	5.298504
7.795000	0.382067	0.439661	-1.442709	0.206400	0.067413	0.543669
7.796000	0.905612	0.800415	2.933344	0.646234	0.346848	3.871929
7.797000	0.543220	0.760086	0.280100	0.446070	0.386866	2.763001
7.798000	0.543220	0.639982	-0.191336	0.405979	0.306601	1.494301
7.799000	0.422153	0.359444	-0.974646	0.566051	0.266813	3.237942
7.800000	0.422153	0.519878	-0.348481	0.405979	0.187237	1.337590
7.801000	0.905612	0.920962	2.308136	0.566051	0.346848	3.555100
7.802000	0.623392	0.760086	1.057559	0.206400	0.067183	0.068308
7.803000	0.341576	0.479991	-1.442709	0.725832	0.386637	4.505494
7.804000	0.261404	0.439661	-1.130117	0.326089	0.186777	1.020179
7.805000	0.583306	0.559765	1.837506	0.405979	0.226795	2.603228
7.806000	0.784949	0.800415	1.996333	0.605850	0.306371	3.396076
7.807000	0.703968	0.881075	2.308941	0.485869	0.386637	3.237452
7.808000	0.180828	0.319557	-1.911738	0.405979	0.146760	1.494301
7.809000	0.422153	0.519878	-0.192938	0.645649	0.466213	3.396567
7.810000	0.946102	0.960849	3.403169	0.446070	0.266583	3.079409
7.811000	0.583306	0.639982	1.057559	0.325796	0.226336	0.702531
7.812000	0.502729	0.640424	-0.035792	0.365887	0.186777	2.445607
7.813000	0.341576	0.439661	-0.972964	0.725539	0.625596	4.504912
7.814000	0.462239	0.439661	-0.661161	0.365594	0.226566	1.338410
7.815000	0.905612	1.001179	3.090569	0.565466	0.346160	3.554609
7.816000	0.663882	0.760086	1.683733	0.725539	0.385948	4.504912
7.817000	-0.021220	0.159123	-2.845625	0.405686	0.186318	1.177397
7.818000	0.422153	0.439661	-0.972964	0.565466	0.425966	3.237452
7.819000	0.905612	0.880189	3.088967	0.285704	0.066724	1.019522
7.820000	0.583306	0.760086	1.215589	0.525667	0.465524	3.079248
7.821000	0.502729	0.639982	0.121184	0.165723	-0.092888	0.067979
7.822000	0.261404	0.479548	-1.286449	0.805136	0.545331	4.663445
7.823000	0.341576	0.439218	-0.973849	0.365594	0.186318	2.604468
7.824000	1.066765	1.041066	3.402372	0.685447	0.385489	4.030462
7.825000	0.582902	0.640424	1.371769	0.525374	0.305912	3.237452
7.826000	0.180828	0.359444	-2.377482	0.565173	0.266124	3.712485
7.827000	0.422153	0.600095	-0.193106	0.605265	0.465295	3.713633
7.828000	0.865121	0.840302	3.556951	0.125632	-0.053329	-0.247120
7.829000	0.583306	0.680311	1.528994	0.804843	0.545101	4.664356
7.830000	0.784949	0.840302	2.309021	0.365302	0.146300	1.494134
7.831000	0.180828	0.439661	-2.067998	0.604679	0.385259	3.078498
7.832000	0.381662	0.519878	-0.816704	0.565173	0.385259	4.030462
7.833000	1.066765	1.041066	4.649665	0.484990	0.225877	3.080321
7.834000	0.502729	0.639982	-0.034351	0.564588	0.385030	3.554189
7.835000	0.261404	0.399774	-1.910056	0.205229	-0.053789	0.226183
7.836000	0.502729	0.600537	0.121184	0.924532	0.744042	5.932636
7.837000	0.623392	0.600095	1.369362	-0.154130	-0.293437	-2.625895
7.838000	0.623796	0.720641	1.528189	0.804258	0.584430	4.822070
7.839000	0.744863	0.680311	1.839993	0.205229	0.105824	0.544160
7.840000	0.099443	0.319557	-2.219532	0.644477	0.424818	3.871018
7.841000	0.422153	0.519878	-0.816704	0.444899	0.145382	2.287801
7.842000	0.945698	0.960849	3.713291	0.444899	0.185170	2.447245
7.843000	0.542815	0.600095	1.059249	0.804258	0.544412	4.822889
7.844000	0.462643	0.519878	-1.441107	-0.034734	-0.213860	-2.307336
7.845000	0.502729	0.559765	0.275842	1.163616	0.823619	8.309681
7.846000	0.502729	0.560208	0.586929	0.045156	-0.094036	-1.515399
7.847000	0.784949	0.920962	2.153478	1.003836	0.664007	5.932307
7.848000	0.462643	0.519878	-0.035961	0.125046	0.025329	0.067558
7.849000	0.221318	0.479991	-1.910056	0.764166	0.583971	4.505403
7.850000	0.341576	0.479991	-0.817429	0.364716	0.105135	1.814008
7.851000	0.784949	0.800415	2.616735	0.324625	0.144923	1.334199
7.852000	0.462643	0.639982	0.746473	0.923653	0.663777	6.090840
7.853000	0.543220	0.720641	0.902813	0.124753	-0.014919	-0.565916
7.854000	0.261404	0.359444	-1.443594	0.923653	0.663548	6.563981
7.855000	0.543220	0.559765	0.744074	0.124753	0.025329	-0.406892
7.856000	0.784949	0.840302	2.308136	0.883562	0.663777	6.565382
7.857000	0.583306	0.639982	0.433873	0.084662	-0.054936	-0.882998
7.858000	0.382067	0.519878	-0.815819	0.444021	0.264517	2.286163
7.859000	0.542815	0.559765	0.433068	0.644185	0.384341	4.030041
7.860000	0.502729	0.519878	0.586929	0.084662	-0.094725	-1.200721
7.861000	0.663882	0.840302	2.151796	0.963452	0.743354	6.723333
7.862000	0.623392	0.680311	1.371849	0.164552	0.024869	-0.089735
7.863000	0.099443	0.319557	-1.909251	1.003251	0.703336	6.881629
7.864000	0.542815	0.559765	-0.037563	0.044278	-0.014919	-1.040458
7.865000	0.905612	0.880189	3.089684	0.923653	0.623759	6.723916
7.866000	0.461835	0.600095	-0.189894	0.164552	0.024869	0.702930
7.867000	0.543220	0.639982	1.059249	0.164259	0.024640	-0.249669
7.868000	0.341172	0.439661	-0.661161	0.843471	0.543494	4.981093
7.869000	0.341576	0.399331	-0.974646	0.004479	-0.015148	-0.723301
7.870000	0.784949	0.880189	2.153478	0.843471	0.583512	6.247734
7.871000	0.583306	0.680311	1.060763	0.164259	-0.015148	0.066739
7.872000	0.220914	0.399774	-2.066396	0.963452	0.623300	6.565382
7.873000	0.422153	0.519878	-0.817429	0.044278	-0.015378	-0.724212
7.874000	0.663882	0.680311	1.681246	0.723782	0.383652	4.029550
7.875000	0.542815	0.639982	0.904503	0.403929	0.264288	1.811528
7.876000	0.623796	0.840302	1.525702	0.244442	0.144234	0.860078
7.877000	0.261404	0.359444	-1.443594	0.523911	0.343864	3.236702
7.878000	0.382067	0.439661	-1.130189	0.363838	0.104446	0.703021
7.879000	0.825439	1.001179	3.245227	0.803379	0.423670	5.138057
7.880000	0.623392	0.760086	1.528109	0.363838	0.104217	0.859495
7.881000	0.180828	0.399774	-2.221222	0.683691	0.383882	4.346870
7.882000	0.502729	0.559765	0.120379	0.363838	0.303846	1.335676
7.883000	0.502729	0.600095	1.056762	0.283948	0.104446	1.495120
7.884000	0.703968	0.920962	2.153478	0.483819	0.303846	2.920294
7.885000	0.744863	0.720641	1.995536	0.563709	0.383652	2.761433
7.886000	0.220914	0.399774	-1.754593	0.483819	0.303846	3.396475
7.887000	0.059761	0.319557	-2.223541	0.243856	0.144234	0.859495
7.888000	0.945698	1.001179	4.183036	0.763873	0.423670	5.138969
7.889000	0.663882	0.800415	1.840878	0.324039	0.223811	1.177963
7.890000	0.341576	0.439661	-0.972964	0.523911	0.303846	3.395327
7.891000	0.341576	0.439661	-1.130189	0.523618	0.423670	3.237942
7.892000	0.422153	0.519878	0.590133	0.403929	0.303846	2.127446
7.893000	0.663882	0.800415	1.995536	0.444021	0.223811	2.446334
7.894000	0.583306	0.760086	1.213899	0.523618	0.343635	2.919965
7.895000	0.059761	0.238897	-2.847227	0.483819	0.303846	3.552949
7.896000	0.261404	0.399774	-2.064802	0.164259	0.024410	0.068216
7.897000	0.784949	0.800415	3.088887	0.523911	0.224270	3.236794
7.898000	0.583306	0.680311	1.057559	0.403929	0.303846	1.495120
7.899000	0.462643	0.519878	-1.128507	0.324039	0.064428	1.652996
7.900000	0.301894	0.399331	-1.130906	0.563709	0.383652	3.554189
7.901000	0.422557	0.559765	0.276728	0.523618	0.383652	3.711574
7.902000	1.026274	1.081396	4.183921	0.444021	0.303846	2.604538
7.903000	0.583306	0.639982	1.057559	0.483819	0.383423	3.394745
7.904000	0.220914	0.439661	-1.441912	0.403929	0.024640	1.811528
7.905000	0.382067	0.519878	-0.348481	0.483819	0.383652	1.969242
7.906000	0.583306	0.600095	1.212217	0.164259	-0.134972	0.066739
7.907000	0.825439	0.840302	2.620824	0.763288	0.503247	3.871837
7.908000	0.543220	0.639982	0.277693	0.363838	0.224270	2.446005
7.909000	0.220914	0.359444	-1.910136	0.483819	0.343864	3.078498
7.910000	0.502729	0.519878	0.433068	0.603508	0.423441	3.871837
7.911000	0.986188	1.041066	4.339456	0.443728	0.144234	2.130088
7.912000	0.462239	0.559765	0.433873	0.563709	0.463459	3.871837
7.913000	0.502729	0.559765	0.121184	0.164259	-0.134972	-0.566008
7.914000	0.462643	0.519878	-0.035953	0.882977	0.702647	4.663445
7.915000	0.542815	0.559765	0.744959	0.044278	-0.095184	-0.090064
7.916000	0.703968	0.840302	2.153398	0.563416	0.423670	3.237031
7.917000	0.583306	0.639982	0.904503	0.483819	0.144234	2.446005
7.918000	0.059761	0.238454	-2.845625	0.483526	0.383652	3.553860
7.919000	0.422153	0.439661	-1.128507	0.523911	0.303846	3.079738
7.920000	0.905612	0.800415	2.932627	0.324039	0.104446	1.334199
7.921000	0.583306	0.680311	0.904503	0.803379	0.623071	5.139626
7.922000	0.422153	0.600095	-0.191336	-0.195392	-0.294814	-2.626806
7.923000	0.502729	0.479991	-0.191336	0.843178	0.743124	4.822560
7.924000	0.341576	0.399331	-1.131791	0.164259	0.024640	-0.090975
7.925000	0.825439	0.840302	1.996253	0.523618	0.343864	4.029550
7.926000	0.623392	0.639982	1.528109	0.483819	0.224270	1.968913
7.927000	0.382067	0.479548	-1.597447	0.563709	0.383882	4.030952
7.928000	0.422153	0.519435	-0.507228	0.523911	0.343864	3.395656
7.929000	0.663478	0.639982	1.836709	0.164259	-0.055166	-0.407383
7.930000	0.502729	0.680311	0.590213	1.002958	0.663088	7.040490
7.931000	0.623796	0.719756	0.746473	-0.115210	-0.174760	-1.200721
7.932000	0.422153	0.519435	-0.348641	0.882977	0.503476	4.822560
7.933000	0.099847	0.359444	-2.223541	0.164259	-0.015378	0.701782
7.934000	0.865121	0.880189	3.245227	0.603508	0.383882	3.713304
7.935000	0.623796	0.800415	1.527392	0.403929	0.343864	2.921205
7.936000	0.462239	0.559765	-0.972964	0.324039	-0.015148	1.019522
7.937000	0.462239	0.559765	0.589328	0.803379	0.663088	5.613748
7.938000	0.502325	0.479548	0.275842	0.044863	-0.174990	-1.041277
7.939000	0.543220	0.760086	1.528994	1.003251	0.743124	7.040070
7.940000	0.703968	0.800415	1.839993	0.044278	-0.015148	-0.406892
7.941000	0.180828	0.278784	-1.596651	0.883269	0.543494	6.406267
7.942000	0.220914	0.278784	-1.911658	0.084662	-0.094954	-0.564768
7.943000	0.865121	0.799973	2.776279	0.443728	0.264288	2.919146
7.944000	0.663882	0.719756	1.371849	0.444021	0.304306	2.604538
7.945000	0.422153	0.519878	-0.504024	0.124460	-0.094954	-0.566827
7.946000	0.462239	0.519435	-0.193098	0.923361	0.743124	7.040981
7.947000	0.180828	0.359444	-1.910056	0.084662	-0.055166	-0.566827
7.948000	0.663882	0.840302	2.309738	1.003251	0.703336	7.198695
7.949000	0.663478	0.799973	2.152681	-0.075411	-0.094954	-1.515399
7.950000	0.221318	0.439661	-1.754593	1.003251	0.783142	7.516343
7.951000	0.180828	0.399331	-2.222027	0.044863	-0.055166	-0.725452
7.952000	0.784949	0.799973	2.149309	0.404222	0.224499	1.493643
7.953000	0.703968	0.920962	2.465281	0.604093	0.344323	3.553860
7.954000	0.583306	0.760086	0.590213	0.204643	-0.014919	0.068798
7.955000	0.381662	0.439218	-1.129304	0.803965	0.503706	4.822560
7.956000	0.220914	0.359444	-1.441912	0.204643	0.104905	0.543669
7.957000	0.905612	0.960849	2.932539	0.923653	0.543724	6.408488
7.958000	0.703968	0.760086	2.151796	0.084662	-0.054936	-0.882254
7.959000	0.422153	0.519878	-0.816704	0.723782	0.344323	4.346870
7.960000	0.341576	0.439661	-1.129304	0.244442	0.184711	1.019758
7.961000	0.542815	0.479548	0.899617	0.284533	0.104905	0.384808
7.962000	0.865121	0.960849	2.620824	0.683983	0.384341	4.029130
7.963000	0.623796	0.760086	1.371849	0.204643	0.224729	0.226512
7.964000	0.099847	0.238897	-2.223541	0.803965	0.503935	6.565382
7.965000	0.261404	0.278784	-1.441992	0.164552	0.144923	-0.090646
7.966000	0.985784	0.960849	3.557747	0.764166	0.503935	5.455705
7.967000	0.502729	0.639982	0.904503	0.204936	0.144923	0.860735
7.968000	0.502729	0.560208	-0.189734	0.444313	0.264517	2.603228
7.969000	0.381662	0.519878	-1.286449	0.484112	0.304535	3.078827
7.970000	0.341576	0.439661	-0.660356	0.284533	0.224729	1.335111
7.971000	0.784949	0.960849	2.933424	0.684276	0.344553	4.189485
7.972000	0.703968	0.840302	2.309021	0.204643	0.025329	-0.248359
7.973000	0.180828	0.359444	-2.533742	0.923653	0.623989	6.249627
7.974000	0.462643	0.559765	-0.816704	0.164845	0.105135	0.701782
7.975000	0.865121	0.840302	2.931742	0.644185	0.304765	3.871508
7.976000	0.502729	0.600095	0.900414	0.524496	0.344553	2.447574
7.977000	0.502729	0.640424	-0.347596	0.444313	0.224959	3.079409
7.978000	0.381662	0.519435	-0.972964	0.364716	0.184941	1.971884
7.979000	0.341576	0.399774	-1.755398	0.324625	0.344782	2.761761
7.980000	0.946102	0.920962	3.244422	0.604386	0.304765	3.872748
7.981000	0.663882	0.800415	1.683652	0.284826	0.105135	0.384225
7.982000	0.261404	0.399774	-1.909251	0.604386	0.264977	3.871929
7.983000	0.462239	0.600095	0.433068	0.404222	0.264747	2.127775
7.984000	0.623392	0.719756	1.837506	0.444313	0.145153	2.761761
7.985000	0.623392	0.719756	1.839993	0.644477	0.464606	3.395656
7.986000	0.623392	0.760086	1.684449	0.524496	0.304994	3.237942
7.987000	0.422153	0.519878	-0.972964	0.444899	0.225188	2.129597
7.988000	0.220914	0.359444	-1.441912	0.604386	0.464606	3.396567
7.989000	0.986188	0.880189	3.869631	0.444899	0.185400	2.448393
7.990000	0.583306	0.599652	0.433873	0.444313	0.304765	1.494630
7.991000	0.462239	0.639982	-0.191336	0.324917	0.025788	1.970735
7.992000	0.542815	0.719756	1.370159	0.724368	0.544412	4.821978
7.993000	0.542815	0.559765	1.213102	0.405100	0.185170	2.129597
7.994000	0.623392	0.799973	1.683733	0.644477	0.385030	3.237123
7.995000	0.784949	0.920962	2.466086	0.524496	0.225188	2.919965
7.996000	0.301086	0.439661	-1.753707	0.564588	0.265206	3.396567
7.997000	0.261404	0.399331	-1.753796	0.644477	0.304994	3.237452
7.998000	0.703968	0.799973	2.150106	0.165137	-0.093807	0.386446
7.999000	0.542815	0.639982	0.433873	0.604386	0.384571	3.555100
