BioWare Version 5.4.3.0 Export
Device:	Kistler Grande1 9287CA	Kistler Grande1 9287CA	Kistler Grande1 9287CA	Kistler Grande2 9287CA	Kistler Grande2 9287CA	Kistler Grande2 9287CA
Samples (#):	8000	8000	8000	8000	8000	8000
Rate (Hz):	1000.000000	1000.000000	1000.000000	1000.000000	1000.000000	1000.000000
Contact period start (sample #):	0	0	0	3284	3284	3284
Contact period end (sample #):	7999	7999	7999	3323	3323	3323
Contact period start time (s):	0.000000	0.000000	0.000000	3.284000	3.284000	3.284000
Contact period end time (s):	7.999000	7.999000	7.999000	3.323000	3.323000	3.323000
First sample time (s):	0.000000	0.000000	0.000000	0.000000	0.000000	0.000000
Normalized force (N):	658.043884	658.043884	658.043884	658.043884	658.043884	658.043884
Normalized length (m):	1.000000	1.000000	1.000000	1.000000	1.000000	1.000000
File Information
Date	Oct 29, 2025  14:13:51
Name	
ID	
Classification	
Description	
abs time (s)	Fx	Fy	Fz	Fx	Fy	Fz
	N	N	N	N	N	N
0.000000	1.656602	1.533760	650.017792	0.094248	0.045673	1.179754
0.001000	2.301213	2.255270	655.326843	-0.066118	0.085461	-1.198110
0.002000	2.663606	2.495920	658.296234	0.173845	0.045673	1.971616
0.003000	2.018993	2.015062	653.300430	0.093955	0.205056	0.547100
0.004000	1.978908	2.015062	651.891983	0.134046	0.045673	1.179027
0.005000	2.140060	2.214939	654.857178	0.293826	0.245073	2.130478
0.006000	2.381386	2.495920	656.891724	0.254028	0.165497	2.764372
0.007000	2.260723	2.656354	655.953827	0.173845	0.245073	1.498642
0.008000	2.059079	2.335486	655.640259	0.293826	0.285091	2.447215
0.009000	1.535535	1.974731	651.109543	0.134046	0.085461	1.180665
0.010000	2.099570	2.536249	655.952148	0.173845	0.165497	0.862689
0.011000	2.381386	2.857118	658.607086	0.094248	-0.073921	0.704975
0.012000	1.696689	2.416146	653.453400	0.054156	0.205056	0.070498
0.013000	1.535939	2.295599	652.513992	0.054156	-0.033903	0.545952
0.014000	1.817755	2.456034	655.324295	0.293826	0.284862	2.762642
0.015000	2.059484	2.897004	656.419403	0.054156	0.085691	0.546771
0.016000	2.059889	3.098211	656.417801	0.293826	0.245073	2.922576
0.017000	1.817755	2.776901	655.636093	0.253735	0.285091	2.448126
0.018000	1.375594	2.456034	651.262360	0.093955	0.045673	1.021221
0.019000	1.939226	3.058324	656.259766	0.133754	0.205056	1.019912
0.020000	2.180551	3.298088	659.073547	0.174138	0.045673	1.496745
0.021000	1.576834	2.938219	653.761826	-0.026026	0.045443	-0.564216
0.022000	1.415680	2.898332	651.885971	0.054156	0.005655	0.704156
0.023000	1.858649	3.138540	655.632019	0.373716	0.444703	3.239152
0.024000	1.979716	3.459408	657.040466	0.134046	0.045673	1.021221
0.025000	1.898735	3.579955	656.416946	0.173845	0.205056	1.180665
0.026000	1.737582	3.379634	655.321014	0.253735	0.284862	1.971945
0.027000	1.335104	3.058324	652.352509	0.254028	0.165497	2.446395
0.028000	2.140465	3.820163	657.664063	0.093955	0.125479	0.863600
0.029000	2.261127	3.981039	659.852707	0.174138	0.085691	2.288353
0.030000	1.616920	3.499737	654.853683	0.054156	0.165038	0.228212
0.031000	1.495852	3.459850	653.915695	0.174138	0.125479	2.287863
0.032000	1.657006	3.499295	655.945511	0.254028	0.324879	1.812501
0.033000	1.899140	3.981039	657.664963	0.213936	0.125479	1.496093
0.034000	1.899140	4.061256	657.820572	0.213936	0.165497	1.812501
0.035000	1.616516	3.539624	655.789169	0.254028	0.165497	1.971034
0.036000	1.335104	3.459408	653.915695	0.213936	0.085691	1.180665
0.037000	2.099975	4.020926	659.539291	0.213936	0.324879	1.497004
0.038000	2.099975	4.060813	660.008240	0.134046	0.085691	1.656518
0.039000	1.535939	3.659729	655.635391	0.014358	0.085461	-0.723331
0.040000	1.415680	3.579511	654.853683	0.134046	0.005885	1.653968
0.041000	1.495852	3.539182	656.256592	0.213936	0.284862	2.130478
0.042000	1.898735	4.020926	659.541061	0.014358	0.005885	0.543801
0.043000	1.777265	4.060813	658.292175	0.054156	0.085691	0.704484
0.044000	1.373979	3.499295	655.633789	0.333918	0.404915	3.239734
0.045000	1.213228	3.419079	653.759598	0.134339	0.085920	1.180665
0.046000	2.018993	4.060813	660.321075	0.293826	0.404915	1.970214
0.047000	2.059079	4.020484	660.164734	0.094248	-0.033674	1.022132
0.048000	1.575621	3.659729	656.103714	0.094248	0.165497	0.705304
0.049000	1.495045	3.579511	655.790298	0.014358	-0.033903	0.388238
0.050000	1.575621	3.498853	656.413101	0.293826	0.404915	3.397356
0.051000	2.018186	3.899493	660.009369	0.094248	0.085920	1.338541
0.052000	1.897523	3.779390	659.073166	0.134339	0.165497	1.339198
0.053000	1.454150	3.338419	655.633316	0.254028	0.165726	2.921757
0.054000	1.414064	3.217873	654.074142	0.094248	0.045903	0.546442
0.055000	2.139252	3.859606	660.789490	0.174138	0.165497	1.337560
0.056000	2.259510	3.859606	659.854004	0.054449	-0.113710	0.230524
0.057000	1.897119	3.579069	657.198181	0.174138	0.285091	1.498642
0.058000	1.816542	3.378306	656.261093	0.014358	-0.073692	0.387747
0.059000	1.816137	3.337976	656.257904	0.453899	0.405145	3.715004
0.060000	2.340088	3.819277	659.697021	0.094248	0.045903	0.862689
0.061000	2.258702	3.819277	659.229675	0.294119	0.205515	2.921757
0.062000	1.775647	3.298088	655.321686	0.174138	0.205515	1.971945
0.063000	1.654581	3.257759	654.541122	0.094248	0.045903	0.864419
0.064000	2.419855	3.778946	660.633469	0.174138	0.285091	1.179356
0.065000	2.258298	3.739059	659.386093	0.054156	0.006114	0.546771
0.066000	2.057058	3.498853	657.354782	0.173845	0.205515	0.704484
0.067000	1.935992	3.418193	656.260559	0.174138	0.005885	1.178116
0.068000	1.774839	3.217428	656.884232	0.333918	0.404915	3.714513
0.069000	2.298384	3.778946	660.323364	0.134339	0.005885	1.021221
0.070000	2.137636	3.658843	659.386169	0.213936	0.165497	2.446395
0.071000	1.573600	3.097325	654.855408	0.294119	0.205515	2.604928
0.072000	1.533110	3.016665	654.696655	0.134046	0.045903	1.022132
0.073000	2.177722	3.577742	660.320877	0.134046	0.165497	0.704484
0.074000	1.976482	3.417749	659.231613	0.094248	-0.033903	1.022132
0.075000	1.654581	3.257316	656.574921	0.213936	0.285091	1.022461
0.076000	1.573600	3.096439	655.793365	0.014358	-0.113710	-0.089183
0.077000	1.493832	2.936006	655.636230	0.333918	0.285091	2.764372
0.078000	2.097549	3.537411	660.009140	0.374302	0.365127	3.082020
0.079000	1.936800	3.337090	658.916519	0.293826	0.165497	2.131389
0.080000	1.413256	2.735684	654.700012	0.254028	0.285091	2.129238
0.081000	1.413659	2.735684	654.542969	0.094248	0.005885	1.338471
0.082000	2.097954	3.176213	659.383148	0.173845	0.285091	1.655537
0.083000	1.977695	3.095998	658.447662	-0.145422	-0.193516	-0.404281
0.084000	1.857033	2.936006	656.105438	0.213936	0.324879	1.338217
0.085000	1.776456	2.695355	654.853973	0.094248	0.085920	1.181576
0.086000	1.816947	2.614696	655.321396	0.333918	0.404915	2.922576
0.087000	2.461154	3.135884	659.384933	0.134046	0.085920	1.337560
0.088000	2.421068	3.055667	658.447769	0.254028	0.285550	2.764372
0.089000	1.857033	2.454262	654.386703	0.294119	0.325568	2.764044
0.090000	1.897523	2.534480	653.605240	0.134339	0.085920	1.023863
0.091000	2.461558	2.815017	658.445343	0.254028	0.285091	2.130478
0.092000	2.461558	2.815017	657.197266	0.014358	-0.073692	0.546771
0.093000	2.220233	2.534480	655.323975	0.134339	0.285091	0.863017
0.094000	2.179743	2.454262	654.697800	-0.145422	-0.153498	-0.880370
0.095000	2.059484	2.253941	653.759918	0.493991	0.405145	3.397356
0.096000	2.704096	2.815017	658.762131	0.174431	0.085920	1.970214
0.097000	2.502453	2.654583	657.356110	0.294119	0.285091	2.764372
0.098000	1.978908	2.093065	653.293350	0.174138	0.165726	2.288191
0.099000	2.019399	2.213612	653.137985	0.214229	0.205515	1.813412
0.100000	2.583433	2.453820	657.977478	0.214229	0.125709	1.180665
0.101000	2.583433	2.534036	657.199844	0.054449	-0.033903	0.705304
0.102000	2.180955	2.453820	655.012253	0.333918	0.444933	2.606168
0.103000	2.140869	2.293386	654.229828	0.014358	-0.073692	-0.564545
0.104000	1.939631	2.012847	653.292633	0.453899	0.404915	3.081438
0.105000	2.624329	2.614254	658.136230	0.214229	0.125709	1.653968
0.106000	2.382599	2.453820	657.356995	0.254028	0.285550	2.764372
0.107000	1.899544	2.052734	653.450592	0.294119	0.365127	2.763790
0.108000	1.899544	2.093065	653.135590	0.214229	0.085920	1.653968
0.109000	2.180955	2.373602	657.509338	0.174138	0.365127	2.288191
0.110000	2.140869	2.413489	656.418304	-0.065240	-0.153498	-0.247479
0.111000	1.939631	2.333273	654.543304	0.214229	0.365127	1.022461
0.112000	1.818563	2.052734	654.230621	0.054449	-0.033674	0.388238
0.113000	1.657411	2.012405	653.603821	0.414101	0.365127	3.081438
0.114000	2.423089	2.493707	658.447311	0.294119	0.245762	2.448126
0.115000	2.180955	2.333273	656.574646	0.254028	0.205515	2.447635
0.116000	1.859054	1.972518	653.604630	0.294119	0.325568	2.922576
0.117000	1.859054	2.052734	653.760880	0.054449	0.006114	0.704156
0.118000	2.180955	2.052292	656.571457	0.333918	0.405145	2.923234
0.119000	2.221850	2.293386	656.262848	-0.185221	-0.233074	-0.564216
0.120000	2.221850	2.132952	654.856873	0.214229	0.365127	1.497074
0.121000	2.020206	1.851971	653.605438	-0.265111	-0.153498	-1.039906
0.122000	1.980121	1.852415	653.449173	0.493991	0.484951	3.873957
0.123000	2.785885	2.373160	658.291855	0.134339	0.046132	1.338541
0.124000	2.745799	2.333273	657.511978	0.294119	0.245762	2.446724
0.125000	2.262341	1.932189	653.919968	0.293826	0.245762	2.764372
0.126000	2.423492	2.012405	655.012512	0.294119	0.245762	2.764044
0.127000	2.504070	1.972076	656.885010	0.294119	0.285550	2.446724
0.128000	2.745799	2.172395	657.356445	-0.185221	-0.113480	-0.405683
0.129000	2.544560	2.092621	655.639404	0.414101	0.524739	3.397938
0.130000	2.302831	1.731424	653.919968	-0.225312	-0.273092	-2.149071
0.131000	2.142082	1.610877	653.764420	0.414101	0.325568	3.239642
0.132000	2.866866	2.212282	659.076050	0.054449	0.046132	0.704484
0.133000	2.584646	2.052292	657.668320	0.414101	0.445162	3.397447
0.134000	2.343321	1.891858	654.703125	0.134339	0.245762	2.448126
0.135000	2.463984	1.891858	656.266388	0.254321	0.245762	2.764044
0.136000	2.383407	1.690651	656.417847	0.374302	0.365586	2.764539
0.137000	2.544560	2.052292	658.139755	-0.105038	-0.193056	-0.406012
0.138000	2.464388	1.972076	657.048187	0.294119	0.325568	2.129658
0.139000	2.142082	1.570548	654.702484	-0.225312	-0.193056	-1.198110
0.140000	2.101995	1.530217	654.233536	0.374302	0.484951	2.920846
0.141000	2.826780	2.091737	659.702225	0.134339	0.046132	0.864419
0.142000	2.625541	2.011963	657.984390	0.414101	0.445162	3.872717
0.143000	2.263148	1.771311	655.798325	0.214229	0.245762	2.604600
0.144000	2.504474	1.851086	657.048187	0.214229	0.205974	2.605511
0.145000	2.423492	1.610435	657.045700	0.254321	0.285780	2.132046
0.146000	2.746608	1.972076	658.610641	-0.065240	-0.073462	0.069350
0.147000	2.666031	2.011963	657.830704	0.294119	0.444933	2.605839
0.148000	2.302831	1.570548	655.173203	-0.265111	-0.193056	-1.832824
0.149000	2.423898	1.570548	655.170792	0.414101	0.484951	3.239642
0.150000	3.149086	2.091737	660.639648	0.134632	0.046362	1.338541
0.151000	2.866866	1.770869	658.141693	0.334503	0.285780	2.763553
0.152000	2.826780	1.771311	657.204620	0.214229	0.245992	2.446395
0.153000	2.907356	1.730982	657.829971	0.294119	0.205974	2.762313
0.154000	2.826375	1.570548	657.203003	0.254321	0.285550	2.606076
0.155000	3.229662	2.011963	659.546310	-0.185221	-0.113480	-0.882193
0.156000	3.189171	2.012405	659.080551	0.454192	0.524739	3.082020
0.157000	2.826375	1.531103	655.955002	-0.265111	-0.272862	-1.674712
0.158000	2.866866	1.610877	656.265274	0.294119	0.285780	1.971783
0.159000	3.511074	2.052292	661.265015	0.094541	-0.073692	0.705395
0.160000	3.188364	1.851971	658.768768	0.254321	0.325568	2.764372
0.161000	3.108191	1.731424	658.144440	0.174431	0.205974	2.130149
0.162000	3.269344	1.891858	658.453751	0.254321	0.125938	1.655537
0.163000	3.189171	1.490774	658.141876	0.414101	0.524968	4.351049
0.164000	3.551564	2.011963	660.798569	-0.105038	-0.153039	-0.405101
0.165000	3.470987	2.012405	660.017029	0.414101	0.445162	2.763553
0.166000	3.068105	1.571434	657.362808	-0.344708	-0.273092	-2.466390
0.167000	3.189171	1.691537	657.359604	0.493991	0.524968	4.189875
0.168000	3.632140	2.092621	662.201492	0.014943	0.046132	0.545952
0.169000	3.430497	1.972518	659.705246	0.414101	0.325798	3.080290
0.170000	3.430902	1.932189	659.080109	0.294119	0.205974	2.605511
0.171000	3.511477	1.932189	659.075851	0.374302	0.245762	2.764044
0.172000	3.309835	1.731424	657.669815	0.214229	0.245762	1.814069
0.173000	3.753208	2.293386	661.421555	0.094541	0.006573	0.862689
0.174000	3.873466	2.413489	660.641525	0.494283	0.564986	4.666967
0.175000	3.349921	1.892302	657.984985	-0.304910	-0.272862	-2.622373
0.176000	3.430497	1.892302	657.046112	0.414393	0.365586	3.082020
0.177000	3.873466	2.212726	661.418182	0.054449	0.006344	-0.089183
0.178000	3.631736	2.093065	659.859985	0.374302	0.325798	2.763553
0.179000	3.713121	2.253941	658.609482	0.214522	0.166185	1.656518
0.180000	3.752398	2.132952	659.075943	0.254321	0.205974	2.446395
0.181000	3.632140	2.012847	657.356415	0.254321	0.286009	2.288191
0.182000	4.276348	2.574367	661.575500	-0.064947	-0.113021	-0.562814
0.183000	4.316434	2.654583	661.731934	0.613679	0.564986	4.032161
0.184000	3.913956	2.294271	657.668381	-0.225020	-0.232845	-1.039578
0.185000	3.913956	2.214054	657.512039	0.333918	0.325568	2.447635
0.186000	4.316434	2.534480	661.104080	0.014943	0.006344	0.388238
0.187000	4.316434	2.534480	659.700531	0.414101	0.365586	3.715004
0.188000	4.397415	2.574809	659.076202	0.294705	0.285780	2.605839
0.189000	4.276348	2.494593	658.606369	0.214522	0.205974	2.130149
0.190000	4.115600	2.253941	657.509659	0.374302	0.325568	2.606168
0.191000	4.719721	2.936006	661.418518	-0.025148	-0.033674	-0.405101
0.192000	4.921364	2.936006	660.950302	0.534082	0.485180	3.872717
0.193000	4.397820	2.494593	658.137527	-0.264818	-0.232845	-1.357226
0.194000	4.478396	2.494593	657.669128	0.493991	0.445162	3.872717
0.195000	4.800702	2.574809	661.258972	0.014943	-0.033444	0.547682
0.196000	4.760616	2.776015	659.542755	0.254321	0.325798	2.130149
0.197000	4.761020	2.775572	659.074600	0.214522	0.205974	2.604600
0.198000	4.559376	2.454705	658.136642	0.134632	0.245762	1.653968
0.199000	4.318051	2.253941	656.416229	0.214522	0.245762	2.288191
0.200000	5.083326	2.895677	661.570862	-0.185221	-0.153039	-1.199258
0.201000	5.042835	2.975893	660.324295	0.613679	0.604774	4.822858
0.202000	4.640357	2.534922	657.824051	-0.345001	-0.272862	-3.259238
0.203000	4.720934	2.655469	657.508148	0.414101	0.445162	3.397447
0.204000	4.922173	2.735243	660.164780	0.054449	-0.073462	0.546442
0.205000	5.083326	2.895677	660.321915	0.414101	0.405604	2.605839
0.206000	5.083326	3.016224	659.385635	0.174431	0.086150	2.130478
0.207000	4.720934	2.495034	657.666092	0.254321	0.125938	2.605511
0.208000	4.680444	2.454262	655.321289	0.294119	0.285780	2.604928
0.209000	5.365546	3.096439	660.945587	-0.185221	-0.153039	-1.198019
0.210000	5.284969	2.976336	658.759537	0.574173	0.524968	4.032161
0.211000	5.083326	2.775572	657.197220	-0.384800	-0.312880	-1.988899
0.212000	5.083326	2.695798	657.664581	0.454192	0.485180	3.556891
0.213000	5.325055	2.735243	658.599991	-0.185221	-0.153039	-0.564545
0.214000	5.566785	2.975893	659.073822	0.454192	0.405604	3.239734
0.215000	5.486612	3.056110	658.916672	0.214229	0.206203	2.288682
0.216000	5.204392	2.534922	655.945053	0.254321	0.245992	2.446067
0.217000	5.083326	2.574809	655.789520	0.254321	0.245992	1.812339
0.218000	5.849005	3.136327	660.633011	-0.144837	-0.193056	-1.039814
0.219000	5.647765	2.975893	658.915161	0.454485	0.445621	4.032161
0.220000	5.284969	2.776015	656.571854	-0.464397	-0.392457	-3.097735
0.221000	5.365950	2.735243	656.727402	0.534082	0.645022	3.715096
0.222000	5.446122	2.775572	657.820038	0.055035	-0.033444	0.388238
0.223000	5.728343	3.056110	659.071503	0.254321	0.245992	2.288682
0.224000	5.647765	3.096439	659.070694	0.334503	0.245992	2.605839
0.225000	5.244883	2.695355	655.164246	0.214522	0.245992	2.762804
0.226000	5.003154	2.494593	654.695297	0.334503	0.365586	2.763790
0.227000	5.849005	3.296761	660.634613	-0.144837	-0.153039	-0.722749
0.228000	5.566785	3.056110	658.446228	0.574173	0.564986	4.825500
0.229000	5.204392	2.895677	655.946671	-0.384800	-0.352668	-2.781817
0.230000	5.164306	2.735243	655.631577	0.254321	0.365586	2.606168
0.231000	5.164306	2.735243	655.630783	0.014943	-0.073462	0.704484
0.232000	5.566785	3.095998	658.445435	0.214522	0.286009	2.445905
0.233000	5.566785	3.176213	657.977997	0.214522	0.166185	2.287863
0.234000	4.842000	2.494593	653.445618	0.134632	0.046362	1.022132
0.235000	4.963068	2.534036	654.225555	0.414393	0.325798	3.082020
0.236000	5.687851	3.175772	659.695206	-0.065240	-0.153039	-0.564545
0.237000	5.325460	2.975451	656.572861	0.574173	0.645022	4.348079
0.238000	5.003154	2.815017	655.166016	-0.344708	-0.352439	-2.941844
0.239000	4.962663	2.573923	655.006378	0.494283	0.445621	3.555652
0.240000	4.882086	2.573923	654.382690	-0.144837	-0.272633	-0.722258
0.241000	5.406036	3.014894	657.665466	0.414393	0.365815	2.764372
0.242000	5.406036	3.135441	657.197250	0.254321	0.206203	2.447307
0.243000	4.761424	2.453820	652.822006	0.254321	0.166415	2.131060
0.244000	4.842000	2.534036	653.289261	0.254321	0.286009	2.448454
0.245000	5.566785	3.055224	658.444702	-0.105038	-0.113021	-0.406831
0.246000	5.244479	2.935120	656.104004	0.534375	0.645022	4.509582
0.247000	5.083326	2.774244	655.163605	-0.464397	-0.392457	-3.574827
0.248000	5.002345	2.653697	654.382065	0.534082	0.525198	3.556891
0.249000	4.801106	2.413489	653.446579	-0.105038	-0.033444	-0.406012
0.250000	5.405632	3.055224	657.977524	0.334503	0.325798	2.605839
0.251000	5.325055	3.055224	656.571320	0.094541	0.126397	1.337560
0.252000	4.720530	2.413489	652.196793	0.214522	0.286009	2.447307
0.253000	4.680444	2.453376	652.040375	0.214522	0.285780	2.604438
0.254000	5.485805	3.055224	658.600250	-0.225020	-0.192827	-1.672890
0.255000	5.284565	3.095112	656.729355	0.574173	0.525198	4.984033
0.256000	5.002345	2.774244	654.851089	-0.264818	-0.312651	-1.830366
0.257000	4.961854	2.733915	654.539108	0.414393	0.525198	4.031671
0.258000	4.719721	2.573037	653.756866	-0.065240	-0.033444	-0.246568
0.259000	5.444910	3.215215	658.289398	0.374302	0.286009	3.082020
0.260000	5.242862	3.135441	656.569702	0.134632	0.086609	1.813412
0.261000	4.679635	2.573923	652.977631	0.214522	0.206203	2.287863
0.262000	4.759403	2.734357	652.350723	0.254321	0.286009	2.289011
0.263000	5.404015	3.215215	658.754990	-0.144837	-0.153039	-1.038666
0.264000	5.202372	3.255546	656.413452	0.574173	0.445621	4.189454
0.265000	5.041219	3.015338	655.319229	-0.304910	-0.232845	-2.305308
0.266000	5.001133	3.015338	654.692261	0.534082	0.564986	4.348079
0.267000	4.920152	2.894791	654.066971	-0.064947	-0.152809	-0.405101
0.268000	5.605254	3.576856	658.443985	0.414393	0.245992	2.288191
0.269000	5.443696	3.496637	657.192596	0.334503	0.286009	2.605839
0.270000	4.879662	2.975451	652.974503	0.134632	0.166415	1.656518
0.271000	5.121391	3.055667	653.129166	0.254321	0.286009	2.130478
0.272000	5.604446	3.335762	658.599457	-0.144837	-0.192827	-1.357463
0.273000	5.604446	3.497082	656.569702	0.693862	0.645022	5.458155
0.274000	5.484188	3.296761	655.786575	-0.504488	-0.312651	-3.733360
0.275000	5.282544	3.135884	654.378769	0.534082	0.564986	4.508763
0.276000	5.403610	3.055667	654.220917	-0.025148	-0.113021	-0.088035
0.277000	6.088713	3.778063	659.223938	0.374302	0.365815	3.239734
0.278000	5.927156	3.536968	658.443192	0.174431	0.126397	1.338541
0.279000	5.363524	3.055667	653.442657	0.294705	0.206203	2.605511
0.280000	5.403610	3.055667	654.222519	0.214522	0.245992	1.654625
0.281000	5.967646	3.536968	659.065994	-0.105038	-0.033444	-0.564545
0.282000	5.846984	3.457194	657.660828	0.534375	0.405604	4.348898
0.283000	5.766407	3.416863	657.193481	-0.384800	-0.272862	-2.622465
0.284000	5.525082	3.135884	655.004074	0.653771	0.485180	4.666967
0.285000	5.525082	3.015779	655.004868	-0.105038	-0.073462	-0.563725
0.286000	6.250270	3.737289	660.628448	0.454192	0.286009	4.032161
0.287000	6.008540	3.536968	659.223145	0.374302	0.206203	2.764044
0.288000	5.444101	3.136327	655.162003	0.334503	0.245992	2.764044
0.289000	5.484995	3.015338	655.315872	0.334503	0.325798	2.763882
0.290000	5.846984	3.416863	659.691193	-0.105038	-0.153039	-0.405101
0.291000	5.846984	3.296761	658.911255	0.454192	0.445621	4.190694
0.292000	5.646149	3.376534	658.130402	-0.304910	-0.232845	-1.673472
0.293000	5.283352	2.895233	655.317383	0.494283	0.525198	4.348079
0.294000	5.363929	2.975451	655.473022	-0.104745	-0.073462	-0.089275
0.295000	6.129608	3.496637	661.409836	0.214229	0.245992	1.812501
0.296000	5.968454	3.416422	659.537323	0.334503	0.286009	2.764372
0.297000	5.323843	2.935564	655.630157	0.374595	0.206203	2.923159
0.298000	5.363929	2.935120	656.098267	0.334503	0.286009	2.130478
0.299000	5.726726	3.095553	659.222153	-0.225020	-0.272633	-1.991357
0.300000	5.686639	3.175772	659.382584	0.534082	0.645022	4.825500
0.301000	5.606063	3.175772	658.443893	-0.504488	-0.472492	-3.571857
0.302000	5.203179	2.614254	655.162796	0.494283	0.564986	3.556891
0.303000	5.203179	2.733915	655.160324	-0.025148	-0.113021	0.546771
0.304000	6.008945	3.295433	661.254288	0.214229	0.285780	2.130478
0.305000	5.808110	3.255546	659.536530	0.254321	0.126627	1.656518
0.306000	5.324651	2.653697	655.631760	0.174723	0.166185	1.813412
0.307000	5.324651	2.774244	656.256149	0.494283	0.485180	4.032981
0.308000	5.525486	2.774244	658.598557	-0.225020	-0.232845	-1.674620
0.309000	5.606063	2.974565	658.910446	0.653771	0.684810	5.459885
0.310000	5.565977	2.814131	658.289169	-0.384800	-0.352439	-3.256268
0.311000	5.042431	2.373160	654.693787	0.494283	0.564986	3.873300
0.312000	5.082517	2.373160	654.536713	-0.225020	-0.232845	-1.198110
0.313000	5.768023	3.014452	660.160950	0.293826	0.365586	2.922086
0.314000	5.444910	2.773802	658.443893	0.214522	0.166185	1.812501
0.315000	5.042027	2.453376	654.850128	0.294705	0.205974	1.971945
0.316000	5.122603	2.573037	655.942734	0.294119	0.325798	2.764372
0.317000	5.323843	2.452934	656.879730	-0.025148	-0.033444	-0.405101
0.318000	5.404823	2.693584	657.974869	0.653771	0.605234	4.825500
0.319000	5.243670	2.573037	656.411682	-0.544287	-0.352668	-4.208722
0.320000	4.679635	2.171953	653.598740	0.574173	0.645022	4.984125
0.321000	4.679635	2.171953	652.816223	-0.264818	-0.272862	-1.514028
0.322000	5.484995	2.773358	658.908676	0.294705	0.365586	2.130478
0.323000	5.203179	2.612925	656.411682	0.174723	0.126397	1.497004
0.324000	4.719721	2.292056	653.755081	0.414393	0.365815	3.397119
0.325000	4.961451	2.332387	654.692093	0.294119	0.285780	2.130478
0.326000	4.961451	2.372274	654.846741	-0.064947	-0.153039	-0.880953
0.327000	5.122603	2.693142	656.723312	0.693862	0.645252	6.409207
0.328000	4.961451	2.612482	655.786407	-0.304617	-0.192827	-1.673472
0.329000	4.397415	2.131624	651.725357	0.494283	0.445621	3.715096
0.330000	4.437501	2.131624	652.035477	-0.104745	-0.033444	-0.405192
0.331000	5.122603	2.812803	657.657303	0.334503	0.365815	2.922086
0.332000	4.759403	2.491936	654.850052	0.134632	0.206203	1.971945
0.333000	4.316434	2.292056	651.878418	0.214522	0.246221	2.287863
0.334000	4.477587	2.372274	653.282852	0.374302	0.325798	2.764372
0.335000	4.436693	2.491936	653.282761	-0.104745	-0.113021	-0.722749
0.336000	4.839575	2.773358	655.315781	0.693862	0.605234	5.776132
0.337000	4.718509	2.772916	654.534943	-0.344708	-0.232845	-2.622373
0.338000	4.194963	2.251727	650.471405	0.534082	0.525198	4.348079
0.339000	4.154877	2.292056	650.784088	-0.144837	-0.272633	-1.198110
0.340000	4.879662	2.893463	656.562180	0.254321	0.325798	2.606168
0.341000	4.436289	2.693142	653.910461	0.174723	0.166185	1.970705
0.342000	4.235049	2.612925	651.095810	0.134632	0.126397	1.022132
0.343000	4.355712	2.532708	652.189163	0.294119	0.286009	2.606168
0.344000	4.275136	2.572596	652.343903	-0.144837	-0.073462	-0.406831
0.345000	4.758595	2.933792	654.531647	0.733953	0.685040	6.250674
0.346000	4.597037	3.094226	654.062622	-0.544287	-0.432245	-4.209050
0.347000	4.235049	2.612925	650.783203	0.733661	0.764846	5.934918
0.348000	4.235049	2.693584	650.314194	0.014943	-0.073003	0.863508
0.349000	4.839171	3.014452	655.778870	0.374302	0.365815	2.763553
0.350000	4.476779	3.014452	653.593689	0.134632	0.046362	1.022132
0.351000	4.275136	2.773802	650.939468	0.174431	0.206203	2.130149
0.352000	4.355712	2.893905	651.562195	0.414393	0.405604	3.556800
0.353000	4.235049	2.733471	650.779755	-0.225020	-0.153039	-1.356972
0.354000	4.637931	3.214773	654.061752	0.574173	0.685040	5.775803
0.355000	4.637931	3.254660	654.061752	-0.424305	-0.312651	-3.417442
0.356000	4.034214	2.813689	650.312347	0.614265	0.685040	5.459066
0.357000	4.034214	2.813689	650.156158	-0.184635	-0.192827	-1.198110
0.358000	4.718509	3.294989	655.621658	0.454192	0.485180	4.033984
0.359000	4.396607	3.294989	653.124573	0.094541	0.126397	1.022132
0.360000	4.074705	3.054781	651.251099	0.254321	0.205974	2.764044
0.361000	4.114387	3.094226	651.092270	0.374302	0.325568	2.764372
0.362000	3.993724	2.893905	650.935928	-0.225020	-0.193056	-1.040397
0.363000	4.436693	3.655744	654.217117	0.614265	0.524968	5.299622
0.364000	4.315627	3.415536	654.059967	-0.344708	-0.113480	-2.305965
0.365000	3.711504	3.174442	649.999664	0.733661	0.645022	6.092141
0.366000	3.872657	3.174886	650.623245	-0.064947	-0.073462	-0.247479
0.367000	4.355712	3.495310	654.840637	0.374302	0.245992	3.239734
0.368000	4.113983	3.455423	652.654739	0.254321	0.206203	2.763132
0.369000	3.832167	3.455423	651.717560	0.214522	0.166185	2.287863
0.370000	3.751186	3.375207	651.247742	0.374302	0.285780	2.764372
0.371000	3.630524	3.255102	650.777893	-0.064947	0.006344	-0.721509
0.372000	4.073088	3.816178	654.841431	0.653771	0.645022	5.616359
0.373000	4.032598	3.856507	654.060623	-0.304910	-0.232845	-2.623942
0.374000	3.509053	3.415536	650.935852	0.574173	0.564986	4.983214
0.375000	3.508648	3.496196	650.934235	-0.064947	-0.113021	-0.246568
0.376000	3.911127	3.776291	654.526260	0.254321	0.285780	2.129658
0.377000	3.830955	3.816620	654.216965	0.174431	0.126397	1.022132
0.378000	3.670205	3.816620	652.185623	0.254321	0.166185	1.813412
0.379000	3.508648	3.576412	652.185623	0.414393	0.445162	3.715004
0.380000	3.267323	3.536083	651.091293	-0.304910	-0.312651	-2.465479
0.381000	3.871041	3.896394	655.307083	0.693862	0.724598	6.249763
0.382000	3.549139	3.856507	654.841354	-0.464397	-0.352668	-3.418682
0.383000	3.105766	3.536083	651.560242	0.534375	0.684810	4.666967
0.384000	3.186747	3.576412	652.653595	-0.225020	-0.272862	-1.670923
0.385000	3.467753	3.816620	655.306931	0.414101	0.365586	3.397447
0.386000	3.428072	3.896394	654.998428	0.134632	0.126397	1.181576
0.387000	3.226833	3.856507	653.592285	0.174431	0.046362	1.022132
0.388000	2.944613	3.495310	652.652710	0.374302	0.365586	2.922086
0.389000	2.823546	3.415536	652.184555	-0.144837	-0.193056	-0.882193
0.390000	3.508648	3.936725	657.184372	0.574173	0.564986	5.301352
0.391000	3.185534	3.936725	655.622025	-0.424891	-0.272862	-2.940350
0.392000	2.904122	3.616299	652.809052	0.733661	0.724828	6.250345
0.393000	2.904122	3.696073	653.121750	-0.225020	-0.232845	-1.989880
0.394000	3.024785	3.495310	654.837097	0.414393	0.325798	2.604109
0.395000	3.307005	3.896838	654.839661	0.134632	0.166185	1.020564
0.396000	3.266111	3.816620	655.310944	0.254321	0.245992	2.129658
0.397000	3.025190	3.616299	653.746231	0.374302	0.325798	2.922576
0.398000	2.944209	3.415536	652.340836	-0.185221	-0.153039	-1.040397
0.399000	3.548735	3.936725	657.340637	0.733953	0.685040	6.566920
0.400000	3.387177	3.776732	655.464767	-0.384800	-0.272862	-2.940350
0.401000	3.105766	3.576412	653.592209	0.653771	0.645022	4.983214
0.402000	3.185534	3.536525	653.746872	-0.264818	-0.153039	-1.039578
0.403000	3.065276	3.335320	654.056976	0.374595	0.365586	3.081201
0.404000	3.427667	3.816620	655.779068	-0.025148	0.046362	0.230853
0.405000	3.549139	3.856507	656.560684	0.254321	0.245992	1.971945
0.406000	3.105766	3.496196	653.747681	0.414393	0.365586	3.080290
0.407000	3.025190	3.255102	652.966019	-0.185221	-0.073462	-1.038666
0.408000	3.629311	3.856507	658.119720	0.574173	0.564986	5.301352
0.409000	3.387581	3.616299	656.716949	-0.225020	-0.193056	-1.355732
0.410000	3.065680	3.415536	653.592209	0.693862	0.564986	5.618510
0.411000	3.146660	3.375648	654.840225	-0.265111	-0.193056	-1.197291
0.412000	2.944613	3.214773	654.059387	0.294119	0.325568	2.605020
0.413000	3.186747	3.496637	655.465485	0.094541	0.086150	1.021221
0.414000	3.307814	3.656630	656.874008	0.094541	0.006344	1.179097
0.415000	2.985104	3.255102	654.216537	0.374302	0.365586	3.399086
0.416000	2.663202	3.055224	652.966751	-0.225020	-0.153039	-1.515176
0.417000	3.307814	3.576412	658.432236	0.733661	0.645022	5.775803
0.418000	3.187150	3.496196	657.031158	-0.345001	-0.272862	-3.256268
0.419000	2.904932	3.375648	654.685471	0.813551	0.764616	6.725125
0.420000	2.904932	3.335320	655.933563	-0.264818	-0.193056	-1.039578
0.421000	2.663202	3.054781	654.060104	0.294119	0.285780	2.130569
0.422000	2.985508	3.375648	656.559555	0.054449	0.046132	0.388567
0.423000	3.106574	3.616299	657.654678	0.174431	0.166185	1.337560
0.424000	2.703692	3.174886	654.529846	0.414393	0.405604	3.557382
0.425000	2.663202	3.095112	653.278473	-0.225020	-0.193056	-1.831094
0.426000	3.227642	3.375207	658.119446	0.773752	0.684810	6.250674
0.427000	3.026402	3.375648	656.873856	-0.345001	-0.233074	-2.465479
0.428000	2.865249	3.135441	654.843307	0.653771	0.564986	5.617270
0.429000	3.026402	3.174886	656.090530	-0.225020	-0.233074	-0.881373
0.430000	2.825163	2.773802	654.059296	0.493991	0.445162	3.872809
0.431000	3.187960	3.254660	656.872238	-0.025148	0.086150	0.546771
0.432000	3.308218	3.295433	657.653793	0.094541	0.046362	0.545952
0.433000	2.906144	2.813689	654.372772	0.374302	0.365586	3.555652
0.434000	2.906144	2.653255	653.123093	-0.265111	-0.113480	-1.673380
0.435000	3.429688	2.933792	657.495834	0.534082	0.525198	4.983375
0.436000	3.389602	3.014452	656.873856	-0.304910	-0.233074	-1.988899
0.437000	3.268536	2.974565	654.688660	0.653771	0.604774	5.617270
0.438000	3.349516	2.853576	655.778885	-0.265111	-0.233074	-1.514939
0.439000	3.067701	2.532708	653.434814	0.374302	0.325568	3.080382
0.440000	3.510670	2.893463	656.874649	-0.025148	0.006344	0.228212
0.441000	3.751995	3.134113	658.280762	0.134632	0.086150	0.863600
0.442000	3.147873	2.612925	654.374374	0.294705	0.245762	2.130478
0.443000	3.187960	2.612925	652.969116	-0.225020	-0.193056	-1.673380
0.444000	3.388794	2.772916	656.872162	0.574173	0.525198	5.459556
0.445000	3.630928	2.853576	656.875610	-0.304910	-0.193056	-1.990538
0.446000	3.308622	2.853576	655.157684	0.733661	0.605234	6.250674
0.447000	3.348708	2.612925	655.780487	-0.105038	-0.073462	-0.247150
0.448000	2.946229	2.411717	653.435760	0.414101	0.365586	3.238915
0.449000	3.590438	2.893463	657.500809	0.094541	0.006344	0.389057
0.450000	3.630524	3.053453	658.438705	0.094541	0.086150	1.022132
0.451000	3.106978	2.612925	654.687866	0.414393	0.445162	3.715004
0.452000	2.985508	2.532708	653.750656	-0.304910	-0.232845	-1.831094
0.453000	3.267728	2.693142	657.496719	0.693569	0.604774	6.250674
0.454000	3.348304	2.893463	657.345276	-0.225020	-0.113480	-2.305965
0.455000	3.187555	2.853132	655.625809	0.693862	0.564986	5.617599
0.456000	3.146660	2.692698	655.938339	-0.144837	-0.113480	-1.514939
0.457000	2.663202	2.452048	653.750656	0.414101	0.365586	3.082112
0.458000	3.387986	3.053453	658.436279	-0.025148	-0.033444	0.388567
0.459000	3.348304	3.093340	658.751373	0.094541	-0.033444	0.546771
0.460000	2.904527	2.693142	655.314728	0.414101	0.365586	3.556800
0.461000	2.663202	2.692698	654.842499	-0.265111	-0.233074	-1.198110
0.462000	2.864037	2.692698	656.561157	0.733661	0.724598	7.042773
0.463000	2.984699	3.093340	657.502396	-0.345001	-0.273092	-3.098554
0.464000	2.904527	2.973237	657.032822	0.733661	0.724828	6.408878
0.465000	2.501240	2.652369	655.156784	-0.304910	-0.312651	-2.305308
0.466000	2.340088	2.451605	653.281815	0.573588	0.485180	3.714605
0.467000	2.904122	3.133227	658.594223	0.094541	0.086150	0.863928
0.468000	2.823142	3.053453	658.594315	0.134339	0.205974	1.497004
0.469000	2.541326	2.932906	655.782883	0.414101	0.365586	3.082020
0.470000	2.339683	2.732585	655.000534	-0.065240	-0.113480	-0.404772
0.471000	2.460346	2.732585	656.405746	0.653771	0.684810	6.249434
0.472000	2.702075	3.012680	657.815002	-0.345001	-0.272862	-2.940350
0.473000	2.742161	3.213887	657.660324	0.653771	0.564986	5.299622
0.474000	2.258702	2.652369	655.781281	-0.225020	-0.193056	-1.514939
0.475000	2.178126	2.612482	653.438141	0.454192	0.445162	3.555323
0.476000	2.741757	3.174000	658.594223	-0.105038	-0.073462	-0.880462
0.477000	2.782247	3.133227	658.283142	0.134339	0.086150	1.180665
0.478000	2.500027	3.013124	655.940079	0.454192	0.365586	3.239734
0.479000	2.580199	2.973237	655.938431	-0.185221	-0.073462	-0.880953
0.480000	2.419047	2.812803	655.780457	0.574173	0.485180	4.825500
0.481000	2.781843	3.294547	658.127762	-0.264818	-0.193056	-1.831094
0.482000	2.942592	3.334435	658.440277	0.613679	0.525198	5.142658
0.483000	2.419047	2.893463	654.845688	-0.264818	-0.192827	-1.514939
0.484000	2.257894	2.813245	653.752258	0.374302	0.365586	3.081201
0.485000	2.982678	3.374321	659.374985	-0.025148	0.006344	0.071830
0.486000	2.902102	3.414650	658.440277	0.014943	0.046362	0.704484
0.487000	2.540113	3.174442	656.251022	0.334503	0.325798	2.922576
0.488000	2.620690	3.134113	655.782059	-0.225020	-0.153039	-1.198110
0.489000	2.418643	2.973237	655.468582	0.733661	0.685040	6.409207
0.490000	3.103745	3.495310	658.595673	-0.305202	-0.193056	-2.624923
0.491000	2.942592	3.575084	658.283066	0.773752	0.525198	6.249434
0.492000	2.620286	3.134113	655.781998	-0.225020	-0.193056	-1.355495
0.493000	2.338874	3.094226	654.063171	0.294119	0.325798	2.921757
0.494000	3.103745	3.375207	659.218552	-0.025148	0.006344	-0.246568
0.495000	2.942592	3.495310	657.971970	0.094541	0.006344	0.388238
0.496000	2.821929	3.415536	657.031677	0.374302	0.286009	2.921757
0.497000	2.701267	3.294989	655.780228	-0.265111	-0.232845	-2.465479
0.498000	2.540113	3.054781	655.468338	0.653771	0.645022	6.091230
0.499000	3.184725	3.776732	659.064606	-0.265111	-0.272862	-1.990538
0.500000	3.265302	3.776291	659.531082	0.693862	0.645022	6.091230
0.501000	2.781843	3.295433	656.564255	-0.105038	-0.193056	-0.880134
0.502000	2.580605	3.055224	654.063095	0.494283	0.405604	3.873300
0.503000	3.225215	3.576412	659.528427	-0.105038	-0.153039	-0.246568
0.504000	3.064063	3.576856	659.221588	0.055035	-0.033444	0.388238
0.505000	2.943805	3.496196	657.344925	0.454192	0.525198	3.715004
0.506000	2.621499	3.255546	656.718842	-0.264818	-0.193056	-1.989789
0.507000	2.380174	3.014894	655.157883	0.494283	0.524968	4.349901
0.508000	2.903718	3.616743	660.156998	-0.345001	-0.113480	-2.465479
0.509000	3.064871	3.697403	660.782898	0.733661	0.645022	6.408878
0.510000	2.420664	3.255546	656.719559	-0.265111	-0.272862	-2.305308
0.511000	2.259510	3.055667	655.625229	0.613679	0.485180	4.507777
0.512000	2.783460	3.536525	660.154327	-0.065240	-0.073462	-0.406012
0.513000	2.742970	3.536525	659.218048	0.214229	0.085920	2.129658
0.514000	2.461154	3.536968	657.814499	0.374302	0.325568	2.604600
0.515000	2.259510	3.175772	656.562958	-0.185221	-0.113480	-0.880462
0.516000	1.977695	3.055224	654.998978	0.693862	0.564757	5.299293
0.517000	2.703288	3.657072	659.533936	-0.225020	-0.153498	-2.306946
0.518000	2.703288	3.697403	660.467010	0.574173	0.564757	5.617599
0.519000	2.219424	3.216101	656.564560	-0.105038	-0.033674	-0.246568
0.520000	2.219424	3.175772	655.001450	0.493991	0.445162	3.714767
0.521000	2.622712	3.496637	660.153442	-0.105038	0.006114	-0.721929
0.522000	2.743778	3.617185	659.375183	0.174431	0.125938	1.180665
0.523000	2.461558	3.536968	657.503311	0.454192	0.365586	3.872717
0.524000	2.461154	3.376534	657.186630	-0.185221	-0.033903	-0.880462
0.525000	2.139252	3.055667	654.373672	0.693569	0.564986	5.617599
0.526000	2.904527	3.617185	659.532318	-0.225312	-0.193056	-2.147502
0.527000	2.944613	3.696959	660.311462	0.653771	0.564986	5.775803
0.528000	2.421068	3.295875	656.251312	-0.225312	-0.113480	-0.880134
0.529000	2.300406	3.175772	654.375366	0.534082	0.485180	4.666310
0.530000	2.823546	3.416422	658.435608	-0.145422	-0.033674	-0.880134
0.531000	2.904122	3.616743	658.749985	0.014358	0.006114	-0.405591
0.532000	2.823546	3.536525	657.814499	0.613679	0.485180	4.667786
0.533000	2.541730	3.255546	656.250412	-0.185221	-0.113480	-1.039906
0.534000	2.300001	2.975007	654.374649	0.693862	0.564986	5.935247
0.535000	3.024785	3.696959	659.375275	-0.185221	-0.113480	-1.198110
0.536000	3.064871	3.696959	660.158508	0.813551	0.724598	7.202545
0.537000	2.621499	3.295433	656.096634	-0.345001	-0.272862	-1.990538
0.538000	2.380174	3.135441	654.999908	0.534082	0.524968	4.666967
0.539000	2.822333	3.335320	658.436554	-0.225020	-0.113480	-0.721601
0.540000	2.943805	3.536525	658.908798	0.174431	0.086150	1.338471
0.541000	2.903315	3.375648	657.659897	0.374302	0.245762	2.764044
0.542000	2.581008	3.174886	655.939499	-0.185221	-0.033674	-1.038666
0.543000	2.460346	2.934678	655.002487	0.773459	0.604774	6.408878
0.544000	3.185130	3.576412	659.844299	-0.265111	-0.193056	-2.146521
0.545000	3.225215	3.455423	660.471283	0.693569	0.645022	5.935247
0.546000	2.701671	3.174442	656.410919	-0.185221	-0.033674	-1.039578
0.547000	2.500027	2.974565	655.316696	0.574173	0.525198	5.460468
0.548000	2.701267	3.094226	657.344803	-0.225020	-0.193056	-1.514939
0.549000	3.023573	3.375207	659.377823	0.134339	0.086150	0.545952
0.550000	3.023573	3.334876	658.598587	0.294119	0.325568	3.238494
0.551000	2.540113	2.853576	655.940369	-0.105038	0.006344	-0.404772
0.552000	2.338874	2.693142	653.909851	0.613679	0.564986	5.299622
0.553000	3.063659	3.374763	660.784744	-0.065240	0.006344	-0.722258
0.554000	3.103745	3.294547	660.472931	0.653771	0.564986	5.617270
0.555000	2.459133	2.933792	656.411896	-0.064947	-0.153039	-0.881373
0.556000	2.459133	2.893905	656.098312	0.534082	0.485180	4.666310
0.557000	2.459133	2.813245	657.033813	-0.144837	-0.073462	-0.565127
0.558000	2.861611	3.294547	659.536652	-0.065240	-0.033674	-0.247387
0.559000	2.700863	3.294547	658.286865	0.414101	0.325798	3.082020
0.560000	2.337662	2.733471	655.005692	-0.144837	-0.073462	-1.038666
0.561000	2.176913	2.773358	653.910645	0.653771	0.524968	5.617178
0.562000	3.022764	3.294989	660.629196	-0.225020	-0.113480	-1.990538
0.563000	2.901698	3.374763	660.005585	0.733661	0.604774	5.301190
0.564000	2.539305	3.014452	656.724487	-0.144837	-0.073462	-1.039906
0.565000	2.498815	3.014452	655.943573	0.574173	0.485180	4.983375
0.566000	2.418239	2.813245	656.878265	-0.105038	-0.033674	-0.563068
0.567000	2.982274	3.374763	660.161850	0.014943	0.046132	0.545952
0.568000	2.821121	3.294989	658.599396	0.374302	0.365586	3.397938
0.569000	2.297172	2.853576	655.787231	-0.304910	-0.233074	-1.990538
0.570000	2.136423	2.813689	654.537445	0.733661	0.645022	6.093451
0.571000	2.941783	3.415094	661.255112	-0.144837	-0.073692	-1.672890
0.572000	2.740949	3.334876	659.692719	0.733661	0.645022	5.617270
0.573000	2.337662	3.134555	656.880661	-0.105038	-0.113480	-1.198110
0.574000	2.136423	3.094226	656.569580	0.733661	0.564986	5.934918
0.575000	1.974865	2.854018	656.566284	-0.225020	-0.073462	-1.196962
0.576000	2.498411	3.455423	660.785263	0.174431	0.086150	1.179027
0.577000	2.458325	3.415536	660.316406	0.414101	0.325798	3.556800
0.578000	1.773626	2.854018	655.787064	-0.225020	-0.073692	-1.832824
0.579000	1.773626	2.813689	654.692825	0.574173	0.525198	5.141908
0.580000	2.418239	3.375207	660.470901	-0.065240	-0.073462	-0.880462
0.581000	2.136423	3.214773	658.754669	0.693862	0.645022	5.776714
0.582000	1.974865	3.294989	657.817581	-0.185221	-0.073692	-0.564216
0.583000	2.056251	3.014894	657.347763	0.693569	0.645022	6.408878
0.584000	1.854203	2.854018	655.315536	-0.105038	-0.113480	-1.037519
0.585000	2.499219	3.375207	660.785187	0.214229	0.245992	1.972856
0.586000	2.539305	3.415536	659.691666	0.254321	0.245762	2.288682
0.587000	1.854607	2.733915	654.535599	-0.065240	0.006344	-0.564216
0.588000	2.096741	2.894791	654.691940	0.534082	0.525198	4.983375
0.589000	2.700863	3.255102	660.001877	-0.185221	-0.113480	-1.831094
0.590000	2.660777	3.095112	658.442001	0.534082	0.485180	5.301024
0.591000	2.500027	3.055224	656.881927	-0.065240	-0.033674	-0.880134
0.592000	2.540518	2.934678	656.879532	0.653771	0.485180	5.459556
0.593000	2.298789	2.694028	655.160004	0.014358	-0.033674	-0.405354
0.594000	3.024381	3.295433	660.002701	0.134339	0.125938	1.497004
0.595000	2.983891	3.255546	659.846359	0.214229	0.245762	2.288682
0.596000	2.379769	2.653697	654.849808	-0.225312	-0.073692	-1.673472
0.597000	2.420260	2.694028	654.378372	0.733661	0.604774	6.250674
0.598000	2.943805	3.014894	659.688324	-0.265111	-0.073692	-1.673472
0.599000	2.863632	2.974565	657.973770	0.534082	0.524968	4.666967
0.600000	2.742970	2.894791	657.035797	-0.185221	0.006114	-1.198110
0.601000	2.621499	2.733915	656.409698	0.733661	0.564986	5.617270
0.602000	2.380174	2.453376	654.534622	-0.105038	-0.073462	-0.721601
0.603000	3.024785	3.174886	660.158066	0.214229	0.245762	1.811682
0.604000	3.024785	3.014894	660.315216	0.414101	0.445162	2.922576
0.605000	2.340088	2.453376	655.160645	-0.225020	-0.113480	-1.832824
0.606000	2.340088	2.413047	654.378281	0.613679	0.484951	5.299622
0.607000	2.783056	2.693584	659.220093	-0.225312	-0.073692	-1.514028
0.608000	2.661989	2.653697	657.815735	0.653478	0.604774	6.092141
0.609000	2.581816	2.653697	657.349274	-0.225312	-0.073692	-1.196051
0.610000	2.460750	2.452934	656.095413	0.813551	0.604774	5.932697
0.611000	2.219424	2.132066	653.908554	-0.185221	-0.033674	-0.722512
0.612000	2.944209	2.813689	659.844666	0.214229	0.165726	1.971126
0.613000	2.984295	2.733471	660.158966	0.214229	0.245762	2.288682
0.614000	2.340088	2.172395	654.533112	-0.145422	-0.033674	-0.722420
0.615000	2.299597	2.132066	654.378372	0.653771	0.564986	6.249434
0.616000	2.823142	2.452934	658.437729	-0.305202	-0.273092	-2.781817
0.617000	2.621499	2.332387	657.502335	0.653771	0.564986	5.458737
0.618000	2.661989	2.532708	656.255051	-0.265111	-0.073692	-1.356315
0.619000	2.339683	2.171953	655.159042	0.653771	0.524968	5.932697
0.620000	2.178126	1.890972	653.282532	-0.305202	-0.113480	-2.464423
0.621000	2.943401	2.612925	659.220963	0.294119	0.285780	2.447307
0.622000	2.983891	2.652811	658.752991	0.254321	0.205974	2.288682
0.623000	2.298789	2.091293	654.065765	-0.144837	-0.113480	-1.515759
0.624000	2.298384	2.131624	654.065765	0.693569	0.445621	5.617270
0.625000	2.620690	2.291615	657.499939	-0.065240	-0.073462	-0.564216
0.626000	2.701267	2.331944	657.346146	0.693862	0.564986	5.935247
0.627000	2.540113	2.491936	656.567734	-0.185221	-0.153498	-1.515759
0.628000	2.217403	1.970746	654.222107	0.574173	0.485180	5.617270
0.629000	1.895098	1.850643	652.504898	-0.305202	-0.193056	-2.146775
0.630000	2.660372	2.572596	659.064697	0.094541	0.166185	0.705395
0.631000	2.579391	2.652369	659.222000	0.454485	0.445162	3.238494
0.632000	1.935184	2.090407	654.065842	-0.105038	-0.073462	-1.198110
0.633000	1.974865	2.251727	655.003738	0.653771	0.365586	4.825500
0.634000	2.136423	2.370947	657.188049	-0.065240	-0.073462	-0.564216
0.635000	2.297172	2.451605	657.815887	0.534082	0.524968	5.775803
0.636000	2.055442	2.531822	657.349258	-0.225020	-0.113480	-1.674620
0.637000	1.692645	2.211398	655.003738	0.493991	0.405604	4.665307
0.638000	1.330254	1.970304	653.130264	-0.144837	-0.033674	-1.196962
0.639000	2.055442	2.692256	659.378174	0.054449	0.086150	0.705067
0.640000	1.813713	2.531379	658.284836	0.134632	0.125938	1.815051
0.641000	1.330658	2.090407	653.753952	-0.265111	-0.153498	-1.989789
0.642000	1.411234	2.411276	655.159195	0.653771	0.564986	5.932697
0.643000	1.451321	2.210069	656.252533	-0.185221	-0.113480	-1.672890
0.644000	1.612878	2.491050	657.347656	0.613679	0.525198	5.459066
0.645000	1.733541	2.651484	657.505524	-0.145422	-0.113480	-0.881864
0.646000	1.250082	2.330616	654.067368	0.773752	0.645022	6.567411
0.647000	1.088928	2.130295	653.286606	-0.265111	-0.233074	-1.672815
0.648000	1.773626	2.892134	659.221024	0.174431	0.205974	1.654717
0.649000	1.572387	2.571265	657.037384	0.254321	0.205974	2.447215
0.650000	1.048842	2.410833	653.445358	-0.265111	-0.273092	-1.991778
0.651000	1.250082	2.451162	654.693451	0.534082	0.525198	4.983375
0.652000	1.250082	2.370947	654.379166	-0.185221	-0.193056	-1.356315
0.653000	1.492214	2.731257	656.566010	0.693862	0.645022	6.094362
0.654000	1.653368	3.012680	658.285629	-0.225020	-0.193056	-1.673380
0.655000	1.089333	2.451162	653.442780	0.733661	0.564986	5.934918
0.656000	1.089333	2.491050	652.974731	-0.304910	-0.073692	-1.514939
0.657000	1.774031	3.052567	659.066284	0.134339	0.085920	1.495435
0.658000	1.371148	2.852246	656.566727	0.134339	0.205974	1.971034
0.659000	1.049246	2.611596	653.757874	-0.105038	-0.073692	-1.198110
0.660000	1.170314	2.651484	655.006042	0.454192	0.365586	4.983375
0.661000	0.847604	2.491050	652.972153	-0.145422	-0.033903	-0.880953
0.662000	1.250890	2.892134	656.879410	0.613679	0.564986	5.617270
0.663000	1.533110	3.132786	658.130798	-0.185221	-0.113480	-1.198110
0.664000	0.687259	2.451162	653.288040	0.574173	0.485180	5.141089
0.665000	0.606683	2.491491	652.818283	-0.225020	-0.073692	-1.355495
0.666000	1.210804	2.971908	658.283768	0.174431	0.125938	1.495435
0.667000	1.009160	2.851805	656.410400	0.174431	0.125938	1.656518
0.668000	0.687259	2.811917	653.600739	-0.185221	-0.073692	-1.198110
0.669000	0.928988	2.811917	655.162231	0.613679	0.485180	5.299293
0.670000	0.486019	2.410833	652.503128	-0.145422	-0.073692	-0.722749
0.671000	0.969074	2.892134	656.411133	0.493991	0.405145	3.555652
0.672000	1.170717	3.012239	656.566666	-0.185221	-0.033903	-0.881373
0.673000	0.445529	2.491050	652.037460	0.454192	0.365586	5.299293
0.674000	0.566596	2.531379	651.879425	-0.185221	-0.073692	-1.357226
0.675000	1.291784	2.971908	657.970200	0.094248	0.125938	1.179027
0.676000	1.009565	2.732143	654.537018	0.294119	0.325568	3.082020
0.677000	0.969479	2.811917	653.131714	-0.225312	-0.153498	-2.305965
0.678000	1.090141	2.811917	654.692413	0.613679	0.485180	5.141580
0.679000	0.647173	2.330616	651.254227	0.014358	0.006114	0.230034
0.680000	1.372361	2.892134	655.784302	0.693862	0.604774	6.250345
0.681000	1.533514	2.972351	655.941376	-0.345001	-0.312880	-2.940021
0.682000	0.889306	2.331059	650.318039	0.534082	0.445162	4.506774
0.683000	0.970286	2.410833	650.940933	-0.185221	-0.113480	-1.514028
0.684000	1.614090	2.811917	655.938110	0.054449	0.046132	0.387419
0.685000	1.493832	2.611153	654.066483	0.254321	0.245762	2.289922
0.686000	1.372766	2.611596	652.504807	-0.185221	-0.113480	-1.356315
0.687000	1.493832	2.611153	653.752197	0.693862	0.564986	5.774164
0.688000	1.171526	2.130295	650.470139	-0.185221	-0.113480	-1.038666
0.689000	1.816137	2.811917	655.471619	0.693569	0.525198	5.617270
0.690000	1.937205	2.932020	656.876068	-0.185221	-0.113710	-1.831094
0.691000	1.252103	2.370947	650.783615	0.733661	0.564986	5.617270
0.692000	1.373169	2.331059	651.878647	-0.345001	-0.233074	-2.622465
0.693000	1.856627	2.571265	656.092758	0.214229	0.205974	1.653968
0.694000	1.534323	2.531379	653.907654	0.174431	0.125938	2.130478
0.695000	1.534323	2.611596	653.596741	-0.185221	-0.033903	-1.356315
0.696000	1.494237	2.491050	654.377335	0.493991	0.485180	5.141089
0.697000	1.212017	2.210955	651.093826	-0.065240	-0.073692	-0.564216
0.698000	1.856627	2.692256	656.405441	0.613679	0.485180	5.301352
0.699000	1.937205	2.852246	657.813889	-0.225020	-0.113480	-1.514028
0.700000	1.212017	2.210955	652.033310	0.693569	0.485180	5.934918
0.701000	1.413659	2.411276	654.063034	-0.265111	-0.153498	-2.464752
0.702000	1.614090	2.571710	656.091156	0.134339	0.085920	1.970797
0.703000	1.493832	2.531379	655.157272	0.174431	0.205974	1.655607
0.704000	1.493832	2.732585	655.314407	-0.185221	-0.073692	-1.198110
0.705000	1.332679	2.411717	654.374817	0.454192	0.285550	3.555652
0.706000	1.171526	2.171067	651.717438	-0.065240	0.046132	-0.246568
0.707000	1.775647	2.772472	657.498779	0.534082	0.485180	5.141580
0.708000	1.896714	2.892577	657.655930	-0.145422	-0.033674	-1.038666
0.709000	1.211612	2.411717	652.187988	0.653771	0.525198	5.617270
0.710000	1.493832	2.692698	654.218475	-0.185221	-0.033674	-0.721601
0.711000	1.735561	2.692256	656.090179	0.174138	0.046132	1.023044
0.712000	1.654581	2.772472	655.156479	0.174723	0.165726	1.497731
0.713000	1.776052	2.932906	655.156479	-0.305202	-0.113480	-1.673472
0.714000	1.654581	2.652369	654.374847	0.574173	0.485180	4.664487
0.715000	1.413256	2.491936	651.248413	-0.185221	-0.073692	-1.199841
0.716000	2.138444	3.053453	656.871902	0.653771	0.564986	4.666967
0.717000	2.178530	3.093340	656.716354	-0.185221	0.006114	-0.564216
0.718000	1.775647	2.813245	652.500671	0.613679	0.564986	5.141089
0.719000	2.097954	3.053453	654.215225	-0.225312	-0.073692	-1.671904
0.720000	2.097954	2.893463	654.993652	0.174431	0.125938	1.811682
0.721000	2.178530	3.174442	655.311157	0.254321	0.205974	2.448454
0.722000	2.339683	3.334876	655.936417	-0.185221	-0.113480	-1.356315
0.723000	2.017781	3.094226	654.060562	0.534082	0.445162	5.141908
0.724000	1.735561	2.773358	650.935806	-0.185221	-0.073692	-1.038666
0.725000	2.380174	3.415094	657.183701	0.613679	0.485180	5.299622
0.726000	2.299597	3.334876	656.090363	-0.265111	-0.113480	-1.673380
0.727000	1.856627	3.134555	652.497375	0.574173	0.525198	5.299293
0.728000	2.097954	3.334876	654.839722	-0.225020	-0.153498	-1.673472
0.729000	2.017781	3.294547	654.369095	0.214229	0.285780	1.971126
0.730000	2.259510	3.575970	655.621338	0.214522	0.125938	1.181485
0.731000	2.340088	3.816178	656.715500	-0.185221	-0.073692	-1.515176
0.732000	1.897119	3.375207	653.904144	0.534375	0.445162	4.983375
0.733000	1.735561	3.254660	651.714874	-0.105038	-0.073692	-0.721929
0.734000	2.259510	3.816178	657.807312	0.653771	0.564986	5.617270
0.735000	2.017781	3.816178	655.778320	-0.185221	-0.073692	-1.514028
0.736000	1.695476	3.575084	652.185501	0.613679	0.485180	5.299622
0.737000	1.897119	3.816178	655.151505	-0.225020	-0.073692	-1.357226
0.738000	1.776052	3.536083	653.274048	0.294119	0.325568	2.288774
0.739000	1.936800	3.896394	655.307861	0.094541	0.245762	1.022952
0.740000	2.299597	4.257591	657.184448	-0.065240	-0.033674	-0.722749
0.741000	1.735561	3.775847	653.588333	0.574173	0.485180	5.617270
0.742000	1.493832	3.616299	651.870407	-0.064947	-0.033903	-0.406502
0.743000	2.299597	4.217262	657.494644	0.574173	0.564986	5.775803
0.744000	1.977291	4.056386	654.996063	-0.065240	0.006114	-0.564216
0.745000	1.735561	3.856507	652.341034	0.653771	0.485180	5.457826
0.746000	1.936800	4.057272	654.840530	-0.305202	-0.153498	-2.622956
0.747000	1.574004	3.696073	652.181503	0.254321	0.285780	2.129330
0.748000	2.057464	4.097601	654.838913	0.094541	0.125938	1.180994
0.749000	2.339683	4.377696	656.402084	-0.225020	-0.113480	-1.990538
0.750000	1.816137	3.856507	653.278946	0.534082	0.564986	5.141908
0.751000	1.695476	3.776291	651.557724	-0.025148	-0.033674	-0.085884
0.752000	2.339683	4.217262	657.493942	0.653771	0.525198	5.301352
0.753000	2.057464	4.137046	654.840607	-0.105038	-0.113480	-1.038666
0.754000	1.816542	3.936725	652.654617	0.574173	0.525198	5.617270
0.755000	1.936800	3.936725	654.840607	-0.265111	-0.073692	-1.989880
0.756000	1.493832	3.575970	651.088943	0.214229	0.285550	2.288774
0.757000	2.097954	4.057272	654.683533	0.134632	0.085920	0.863837
0.758000	2.340088	4.337365	657.029068	-0.185221	-0.073462	-1.357554
0.759000	1.816137	3.735960	652.655426	0.534082	0.524968	5.142819
0.760000	1.614495	3.735960	651.403229	-0.145422	0.006344	-0.722420
0.761000	2.138444	4.056386	656.243530	0.813551	0.764616	7.042773
0.762000	1.977695	3.976612	654.842377	-0.225020	-0.113480	-1.197291
0.763000	1.816137	3.896394	652.812729	0.773459	0.525198	6.249434
0.764000	2.017781	3.895952	654.372559	-0.304910	-0.193056	-1.673472
0.765000	1.494237	3.374763	651.090714	0.414101	0.445162	3.398030
0.766000	2.017781	4.016055	653.903778	0.054449	0.046132	-0.245748
0.767000	2.218616	4.176933	656.092239	-0.185221	-0.113480	-2.149233
0.768000	1.735561	3.735518	652.031982	0.693862	0.564986	5.775474
0.769000	1.654581	3.574642	650.622665	-0.185221	-0.113480	-1.039906
0.770000	2.178126	3.895952	654.995529	0.653771	0.525198	5.617270
0.771000	2.097549	3.855621	653.280243	-0.105038	-0.033674	-1.355824
0.772000	1.937205	3.855621	651.719543	0.733953	0.564986	6.250345
0.773000	2.138040	3.734632	653.279449	-0.265111	-0.113480	-1.514028
0.774000	1.654581	3.253775	649.217514	0.414101	0.325798	3.397119
0.775000	2.138444	3.694745	653.436584	0.094541	0.006344	0.228212
0.776000	2.460750	4.015169	654.842712	-0.225020	-0.153039	-1.515759
0.777000	1.896714	3.454095	650.470657	0.454485	0.365586	3.398849
0.778000	1.896714	3.333990	650.156357	0.014943	0.086150	-0.088525
0.779000	2.298789	3.573756	653.590530	0.534082	0.405604	4.983375
0.780000	2.379769	3.614530	652.344116	-0.105038	-0.073462	-1.038666
0.781000	2.218616	3.574199	651.407028	0.614265	0.525657	5.300112
0.782000	2.460346	3.573756	652.967804	-0.105038	-0.153039	-1.198110
0.783000	1.936800	3.012680	648.748795	0.454192	0.405604	4.349244
0.784000	2.541326	3.534311	653.592377	0.094541	0.046362	0.229031
0.785000	2.701671	3.694304	655.782379	-0.105038	0.006344	-1.040397
0.786000	2.017781	3.092898	650.938889	0.574173	0.365586	4.983375
0.787000	1.977291	3.092898	650.154922	-0.225020	-0.073462	-1.198110
0.788000	2.420260	3.213001	653.747742	0.653771	0.645022	5.777043
0.789000	2.380174	3.413322	652.501266	-0.025148	0.006573	-0.404772
0.790000	2.259915	3.413764	651.721390	0.534375	0.525198	5.141089
0.791000	2.300001	3.252446	652.813232	-0.185221	-0.033444	-1.356315
0.792000	1.857033	2.892134	648.749619	0.414393	0.445621	4.350063
0.793000	2.541730	3.493982	654.060440	0.174723	0.166185	0.863508
0.794000	2.864037	3.614085	655.938782	-0.185221	-0.073462	-1.198110
0.795000	2.340491	3.173115	651.721390	0.614558	0.525657	5.935247
0.796000	2.380578	3.213001	651.249969	-0.144837	-0.073462	-1.040397
0.797000	2.541730	3.132786	653.435059	0.534375	0.525198	4.981224
0.798000	2.662797	3.373435	653.125046	-0.105038	-0.073462	-1.038666
0.799000	2.823950	3.533870	652.813232	0.693862	0.525198	6.250345
0.800000	2.823950	3.373435	652.967163	-0.304910	-0.153039	-2.940350
0.801000	2.501644	2.932465	649.532059	0.414393	0.365815	3.556563
0.802000	3.186747	3.454095	655.153976	-0.105038	0.126397	0.070498
0.803000	3.428476	3.614085	656.091873	-0.065240	-0.033444	-0.722749
0.804000	3.025594	3.294104	652.499847	0.494283	0.365815	3.873300
0.805000	3.025594	3.294104	652.341797	-0.225020	-0.073462	-1.038666
0.806000	3.428476	3.413764	655.153183	0.733953	0.605234	6.408878
0.807000	3.590033	3.534755	654.689026	-0.225020	-0.193056	-1.515176
0.808000	3.590033	3.775847	654.687424	0.574173	0.525198	5.300112
0.809000	3.468966	3.374763	654.530273	-0.264818	-0.193056	-1.989880
0.810000	3.147064	3.174442	650.935867	0.494283	0.445621	4.983375
0.811000	3.831763	3.815734	656.715561	-0.104745	-0.073462	-0.721601
0.812000	3.911935	3.816178	657.029755	0.094248	0.046362	-0.247058
0.813000	3.590033	3.696073	654.375549	0.414101	0.365815	3.398849
0.814000	3.670610	3.696073	654.687347	-0.185221	-0.033444	-1.198110
0.815000	3.750782	3.575970	655.778381	0.653771	0.605234	5.775474
0.816000	3.952021	3.936725	656.874313	-0.105038	0.006344	-0.404281
0.817000	4.032598	4.098042	657.187790	0.653771	0.525198	5.616030
0.818000	3.750782	3.776732	655.623718	-0.344708	-0.193056	-3.098064
0.819000	3.428476	3.536525	652.653610	0.534082	0.485180	5.457826
0.820000	4.072684	4.137930	658.434128	-0.064947	0.046132	-0.563397
0.821000	4.113174	4.258035	657.966858	-0.185221	-0.113480	-1.356972
0.822000	3.871445	4.058156	655.780060	0.494283	0.405604	4.032161
0.823000	3.911935	4.017827	656.091064	-0.105038	0.006344	-0.245748
0.824000	3.830955	3.897723	656.246445	0.534082	0.485180	4.983375
0.825000	4.194155	4.378582	659.061981	0.014943	0.006344	-0.088035
0.826000	4.355308	4.499128	658.905563	0.693862	0.525198	5.775803
0.827000	3.952425	4.098042	656.404480	-0.105038	-0.033674	-0.564216
0.828000	3.751186	3.897723	654.530106	0.494283	0.325798	3.873300
0.829000	4.355308	4.499571	659.527542	-0.025148	0.006344	-0.405354
0.830000	4.234241	4.419354	658.591263	-0.025148	0.006344	0.068859
0.831000	4.033001	4.219033	655.936401	0.374302	0.325798	3.238494
0.832000	4.154069	4.178702	656.560028	-0.225020	-0.113480	-1.673380
0.833000	3.992511	4.018269	655.777512	0.653771	0.525198	5.617270
0.834000	4.395799	4.539457	658.903061	-0.105038	-0.153039	-1.038666
0.835000	4.516461	4.620117	658.904755	0.693862	0.525657	5.775803
0.836000	4.154069	4.219033	656.403687	-0.144837	-0.153039	-1.039578
0.837000	4.033001	4.098928	654.215225	0.574173	0.445621	5.300533
0.838000	4.516057	4.539902	659.057816	-0.225020	-0.193056	-1.514939
0.839000	4.475971	4.579788	658.748489	-0.065240	0.006573	-0.089345
0.840000	4.234645	4.420240	656.405289	0.414393	0.365815	3.874448
0.841000	4.154069	4.299693	656.091080	-0.264818	-0.193056	-2.781817
0.842000	4.113174	4.098928	655.933060	0.614265	0.645022	5.934007
0.843000	4.475971	4.660446	658.748413	-0.185221	0.006344	-0.880953
0.844000	4.515652	4.660446	658.905624	0.733953	0.605234	6.249434
0.845000	4.153260	4.340022	656.404495	-0.264818	-0.193056	-2.465479
0.846000	3.992511	4.059041	654.528641	0.773752	0.685040	6.566592
0.847000	4.475566	4.620560	659.683899	-0.105038	-0.113480	-0.881045
0.848000	4.354499	4.620560	658.747696	0.094541	0.086150	0.861379
0.849000	4.112770	4.420240	656.560913	0.334503	0.205974	2.606330
0.850000	3.992107	4.259807	656.090195	-0.105038	0.006344	-0.564216
0.851000	3.871041	4.098928	654.996750	0.534375	0.445621	4.983375
0.852000	4.354499	4.580231	658.121597	-0.264818	-0.153039	-1.831094
0.853000	4.354499	4.701220	658.904037	0.614265	0.525198	6.250674
0.854000	3.951213	4.179147	655.935532	-0.105038	-0.033444	-0.722749
0.855000	3.790463	4.059041	654.372375	0.653771	0.445621	5.617270
0.856000	4.273518	4.379910	658.745926	-0.144837	-0.153039	-1.672815
0.857000	4.193346	4.379910	657.655945	0.174431	0.166185	1.179027
0.858000	3.992107	4.259807	655.780960	0.334503	0.245992	2.764372
0.859000	3.992107	4.138816	655.309433	-0.184635	-0.153039	-1.198110
0.860000	3.710291	3.738175	653.436874	0.574173	0.525198	5.300533
0.861000	4.354499	4.299693	657.499695	-0.144837	-0.073462	-0.880462
0.862000	4.475566	4.379910	658.436691	0.534082	0.445621	4.983375
0.863000	4.072684	3.898607	654.842987	-0.105038	-0.033444	-0.880462
0.864000	3.952425	3.738175	653.125076	0.574173	0.605234	5.777533
0.865000	4.516057	4.058599	657.809723	-0.225020	-0.152809	-1.670923
0.866000	4.596633	4.098928	657.656830	0.174723	0.166185	1.179027
0.867000	4.516461	4.018712	656.094345	0.414393	0.325798	2.764372
0.868000	4.315627	3.778504	655.467468	-0.225020	-0.153039	-1.198110
0.869000	4.033001	3.337090	653.280609	0.494283	0.445621	4.664487
0.870000	4.637931	3.938052	657.344955	-0.225020	-0.153039	-1.038666
0.871000	4.839171	4.018712	658.906525	0.614265	0.645252	5.931786
0.872000	4.235049	3.537411	654.844589	-0.264818	-0.232845	-1.990538
0.873000	4.073896	3.376534	653.438553	0.574173	0.525198	5.617270
0.874000	4.556951	3.657072	658.281158	-0.185221	-0.073003	-0.721601
0.875000	4.556951	3.778063	657.501297	0.094541	0.166185	0.863600
0.876000	4.235049	3.697403	656.409546	0.254321	0.205974	1.655278
0.877000	4.154473	3.416863	655.937210	-0.264818	-0.193056	-1.514028
0.878000	3.751590	3.095998	653.751144	0.733953	0.685040	6.567411
0.879000	4.356117	3.657516	658.907318	-0.345001	-0.193056	-2.305965
0.880000	4.436289	3.778063	659.532532	0.653771	0.605234	5.617270
0.881000	3.912743	3.376534	655.938812	-0.304910	-0.193056	-1.832824
0.882000	3.791677	3.256873	654.688217	0.693862	0.564986	5.932697
0.883000	4.194559	3.456751	658.592133	-0.264818	-0.073462	-1.514939
0.884000	4.355712	3.657516	659.220718	0.334503	0.285780	2.605511
0.885000	4.194559	3.617628	657.190201	0.214522	0.205974	1.971945
0.886000	4.113983	3.337090	656.561630	-0.185221	-0.033444	-1.515176
0.887000	3.751590	3.056110	654.531082	0.653771	0.564986	5.618181
0.888000	4.396203	3.738175	659.530914	-0.144837	-0.193056	-1.355732
0.889000	4.476779	3.698288	659.845123	0.653771	0.525198	5.775803
0.890000	3.992915	3.297202	656.095078	-0.225020	-0.033674	-0.880624
0.891000	3.792080	3.216987	654.845200	0.653771	0.525198	5.617270
0.892000	4.194559	3.297202	658.279449	-0.384800	-0.193056	-2.305308
0.893000	4.356117	3.577742	659.219833	0.174138	0.125938	1.813412
0.894000	4.194963	3.617628	658.282669	0.214229	0.285780	2.289011
0.895000	4.073896	3.256873	656.718674	-0.065240	-0.073462	-0.564216
0.896000	3.792080	3.056110	655.001541	0.613679	0.365586	4.984195
0.897000	4.557759	3.738617	660.156097	-0.105038	-0.033674	-0.721929
0.898000	4.356521	3.698288	660.313248	0.653771	0.684810	5.774493
0.899000	4.034214	3.377862	657.032806	-0.225020	-0.113480	-1.831094
0.900000	3.953638	3.297647	656.250443	0.534082	0.485180	5.141089
0.901000	4.114387	3.337976	657.967422	-0.225312	-0.113480	-1.039249
0.902000	4.315627	3.738617	660.314606	0.174431	0.245992	1.812593
0.903000	4.235454	3.778946	660.001373	0.094541	0.166185	1.182396
0.904000	3.953638	3.337533	657.343796	-0.065240	-0.073462	-1.355732
0.905000	3.711908	3.217428	655.469604	0.693862	0.645022	5.618181
0.906000	4.356117	3.899493	661.719925	-0.225020	-0.113480	-1.198110
0.907000	4.275540	3.859164	661.095444	0.653771	0.604774	5.617599
0.908000	3.711908	3.538740	657.657196	-0.225020	-0.113480	-0.880462
0.909000	3.751995	3.458080	657.342911	0.534082	0.485180	5.299622
0.910000	3.671418	3.418193	657.655426	-0.185221	-0.113480	-1.038758
0.911000	3.994128	3.899493	660.782761	0.174431	0.166185	1.654879
0.912000	3.873466	3.819277	660.003525	0.214522	0.205974	1.971945
0.913000	3.390007	3.337533	656.251785	-0.345001	-0.233074	-2.781817
0.914000	3.269344	3.297647	655.469528	0.693862	0.645022	6.408878
0.915000	3.913552	3.899493	661.563583	-0.225020	-0.113480	-1.515176
0.916000	3.833380	3.698730	660.313721	0.653771	0.525198	5.459066
0.917000	3.591650	3.538740	658.438736	-0.304910	-0.312880	-2.940350
0.918000	3.430497	3.337976	657.033508	0.813551	0.685040	7.202217
0.919000	3.511074	3.297647	657.655518	-0.225312	-0.233074	-1.989880
0.920000	3.994937	3.819277	661.095444	0.254028	0.205974	2.129330
0.921000	3.873870	3.739059	659.847260	0.134632	0.205974	1.497074
0.922000	3.470987	3.257759	656.253494	-0.105038	-0.113480	-1.196871
0.923000	3.229662	3.137654	655.314774	0.494283	0.405604	4.983375
0.924000	4.115600	3.698730	661.095444	-0.265111	-0.113480	-1.831094
0.925000	3.873466	3.658843	659.691086	0.653771	0.564986	6.250345
0.926000	3.672226	3.418193	658.128723	-0.265111	-0.233074	-1.515268
0.927000	3.551160	3.297647	656.721710	0.693862	0.525198	5.617270
0.928000	3.470583	3.137213	656.721710	-0.185221	-0.073692	-1.039249
0.929000	4.154877	3.778946	661.880447	0.254321	0.285780	2.288774
0.930000	4.034214	3.739059	661.097198	0.174431	0.125938	1.654625
0.931000	3.430093	3.016665	656.097397	-0.225020	-0.113480	-1.198110
0.932000	3.349516	3.097325	655.629150	0.653771	0.485180	5.458737
0.933000	3.993724	3.458080	661.409805	-0.265111	-0.113480	-1.355824
0.934000	3.791677	3.377862	659.693573	0.534082	0.485180	4.983375
0.935000	3.429688	3.217428	657.974838	-0.185221	-0.113480	-0.880953
0.936000	3.268132	3.016665	656.724243	0.494283	0.485180	4.664487
0.937000	3.187150	2.815903	656.097397	-0.185221	0.006114	-0.721601
0.938000	3.832167	3.537854	661.255066	0.254321	0.245762	1.813412
0.939000	3.630524	3.458080	660.317245	0.254321	0.285780	2.764372
0.940000	3.066488	2.815903	656.412445	-0.105038	-0.193056	-1.832824
0.941000	2.945422	2.815903	655.472885	0.693569	0.564986	5.775474
0.942000	3.549947	3.297202	661.097916	-0.185221	-0.113480	-0.563305
0.943000	3.348304	3.297202	659.850723	0.693569	0.604774	5.775803
0.944000	2.985508	2.975893	657.351227	-0.265111	-0.073692	-1.515268
0.945000	2.784268	2.735684	656.099854	0.693569	0.564986	6.091230
0.946000	2.663202	2.534922	655.316620	-0.304910	-0.153498	-1.196962
0.947000	3.387986	3.256873	660.160889	0.134632	0.086150	0.863928
0.948000	3.307814	3.136327	660.163406	0.294119	0.325568	3.081530
0.949000	2.743778	2.614696	655.475372	0.014358	0.006344	-0.406502
0.950000	2.703692	2.695355	654.850067	0.733661	0.564986	6.093451
0.951000	3.308218	3.015338	660.318039	-0.265111	-0.153498	-1.831094
0.952000	3.146660	2.935564	658.444565	0.693569	0.564986	6.250345
0.953000	2.945422	2.815903	657.196487	-0.225312	-0.153498	-1.515176
0.954000	2.823950	2.574367	656.098969	0.574173	0.564986	5.618089
0.955000	2.663202	2.454262	655.473740	-0.304910	-0.153498	-1.196962
0.956000	3.428476	3.135884	660.475189	0.174431	0.245762	1.811682
0.957000	3.227642	2.975451	659.850708	0.174431	0.205974	1.022952
0.958000	2.703692	2.494149	655.163467	-0.065240	-0.033674	-0.564216
0.959000	2.663606	2.534480	655.162659	0.733661	0.564757	6.093451
0.960000	3.187150	2.975451	660.630554	-0.185514	-0.073692	-1.198110
0.961000	2.945018	2.855346	659.226196	0.613679	0.564986	5.618089
0.962000	2.824759	2.855346	658.131866	-0.225020	-0.113710	-1.355824
0.963000	2.502453	2.413933	655.788681	0.613679	0.564986	5.934918
0.964000	2.301213	2.374045	655.788574	-0.305202	-0.273551	-2.306219
0.965000	3.066488	3.055667	661.256561	0.213936	0.205515	2.129330
0.966000	2.703692	2.935120	659.383179	0.214229	0.165726	1.971034
0.967000	2.180551	2.494149	655.789383	-0.185221	-0.073692	-1.198110
0.968000	2.260723	2.534480	656.881927	0.773459	0.604774	6.250674
0.969000	2.664010	2.935120	660.787537	-0.145422	-0.073692	-0.562814
0.970000	2.664010	2.895233	660.164642	0.693569	0.485180	5.775803
0.971000	2.463175	2.935120	659.695694	-0.225312	-0.113710	-1.355824
0.972000	2.019399	2.494149	656.413788	0.653478	0.604774	5.617270
0.973000	1.899140	2.374045	655.945557	-0.185221	-0.153727	-1.355495
0.974000	2.704501	3.095553	662.506073	0.134339	0.085920	1.019583
0.975000	2.302022	2.735243	659.695618	0.294119	0.365127	2.766103
0.976000	1.939226	2.453820	656.883453	0.014358	-0.033903	-0.564216
0.977000	1.899140	2.454262	656.883453	0.613679	0.524739	5.617270
0.978000	2.261127	2.614254	660.005722	-0.225312	-0.113710	-1.039906
0.979000	2.382599	2.894791	660.476349	0.733368	0.684810	6.409207
0.980000	2.261936	2.894791	659.851959	-0.145422	-0.073921	-0.880462
0.981000	1.818563	2.373602	656.569168	0.613679	0.564757	5.617270
0.982000	1.859458	2.373602	657.038910	0.014358	0.005885	-0.563887
0.983000	2.624329	3.055224	662.351334	0.254028	0.165726	1.812501
0.984000	2.261936	2.734357	659.851959	0.254028	0.245762	1.814722
0.985000	1.899544	2.493707	656.570755	-0.265111	-0.073921	-1.356315
0.986000	1.899140	2.493707	657.196060	0.733661	0.604774	5.934007
0.987000	2.100379	2.533594	659.381241	-0.225312	-0.113480	-1.355824
0.988000	2.423089	2.814131	660.790619	0.693277	0.684810	6.090901
0.989000	2.383002	2.774244	659.697144	-0.145422	-0.073692	-0.880462
0.990000	1.818968	2.252613	655.322510	0.733368	0.684810	6.567082
0.991000	1.859458	2.252613	656.415222	-0.265111	-0.273092	-2.464752
0.992000	2.664819	2.854018	662.352844	0.254321	0.165726	2.287863
0.993000	2.140869	2.493263	658.914688	0.214229	0.165726	1.656518
0.994000	1.818968	2.292500	656.728714	-0.185221	-0.073692	-1.199022
0.995000	1.859458	2.212282	657.041321	0.653771	0.524968	5.301352
0.996000	1.980121	2.372274	658.757553	-0.225312	-0.153498	-1.990538
0.997000	2.140869	2.653255	659.383621	0.653771	0.564986	5.932697
0.998000	1.980121	2.532708	658.916275	-0.265111	-0.113480	-1.989880
0.999000	1.456575	2.011963	655.167847	0.773459	0.645022	7.042773
1.000000	1.496661	2.131624	655.790649	-0.225312	-0.113480	-0.881045
1.001000	2.261936	2.773358	662.198105	0.294119	0.285550	2.605511
1.002000	1.657411	2.532708	658.606888	0.174431	0.085920	1.339198
1.003000	1.375594	2.211841	656.104935	-0.065240	0.006114	-0.564216
1.004000	1.375594	2.211841	657.197556	0.653771	0.484951	4.983375
1.005000	1.415680	2.211841	657.509277	-0.225020	-0.113710	-1.515759
1.006000	1.738391	2.573037	659.386017	0.653771	0.564757	5.300112
1.007000	1.496661	2.372274	658.450516	-0.065240	-0.033903	-0.880462
1.008000	1.053289	1.890972	654.701370	0.693569	0.524968	5.935247
1.009000	1.174760	2.091293	655.637512	-0.185221	-0.113710	-0.722512
1.010000	1.899544	2.652811	661.885406	0.373716	0.285550	2.922668
1.011000	1.416085	2.251727	658.137833	0.174138	0.125709	1.021221
1.012000	1.134270	2.091293	655.794647	-0.185514	-0.033903	-0.722749
1.013000	1.255336	2.131624	656.104858	0.653478	0.564757	6.091230
1.014000	1.094587	1.850643	656.262695	-0.225312	-0.113710	-1.674620
1.015000	1.497066	2.251727	658.918594	0.653771	0.524968	5.299622
1.016000	1.416490	2.211841	658.293320	-0.145422	-0.033903	-0.880462
1.017000	0.973925	1.690651	653.764923	0.693569	0.604545	5.775803
1.018000	1.094992	1.770869	655.325699	-0.185514	-0.113710	-1.197291
1.019000	1.940438	2.331944	661.260925	0.214229	0.125938	1.813412
1.020000	1.416893	2.051406	658.137833	0.254028	0.285550	2.289011
1.021000	1.175569	1.770869	655.795441	-0.145422	-0.113710	-1.039906
1.022000	1.255741	1.770869	656.262787	0.653771	0.524739	5.775803
1.023000	1.175569	1.650322	656.419037	-0.265111	-0.113710	-1.355824
1.024000	1.578046	2.051406	659.231186	0.693569	0.604545	6.407967
1.025000	1.456980	2.091737	658.136963	-0.305202	-0.273092	-2.940350
1.026000	0.852859	1.570548	653.920456	0.733368	0.604545	6.249434
1.027000	1.135077	1.690651	655.326492	-0.225312	-0.153498	-1.039578
1.028000	1.738795	2.211841	661.260925	0.254028	0.165497	2.288774
1.029000	1.376403	1.931746	657.826752	0.174138	0.125479	1.179754
1.030000	1.215250	1.931746	656.420746	-0.065825	-0.033903	-0.723660
1.031000	1.255336	1.811198	657.512466	0.733368	0.644563	6.250345
1.032000	1.134270	1.690651	656.106369	-0.305202	-0.113710	-1.990538
1.033000	1.698304	2.212282	660.013702	0.773459	0.684351	6.567411
1.034000	1.456575	1.971632	658.762329	-0.385092	-0.153727	-2.622373
1.035000	0.892540	1.610877	654.233948	0.653478	0.564757	5.775803
1.036000	0.973117	1.650764	655.169449	-0.265404	-0.113710	-1.671904
1.037000	1.617324	2.091737	660.792145	0.333918	0.285091	3.080872
1.038000	1.496661	1.890972	658.606857	0.213936	0.165497	1.339198
1.039000	1.335508	1.770869	656.420074	-0.065825	-0.034133	-0.564216
1.040000	1.335104	1.690651	656.418411	0.653478	0.564757	5.775474
1.041000	1.295018	1.570105	655.950195	-0.185514	-0.073921	-1.038666
1.042000	1.859054	2.132066	659.856735	0.653478	0.604545	5.459556
1.043000	1.697496	1.890972	659.074280	-0.145422	-0.113939	-0.880134
1.044000	1.133461	1.450443	654.232590	0.653478	0.484951	5.616359
1.045000	1.254528	1.530217	655.013260	-0.345294	-0.273781	-2.304979
1.046000	1.697092	1.730538	659.386093	0.174138	0.085920	2.287863
1.047000	1.616516	1.730538	657.825485	0.174138	0.125709	1.180665
1.048000	1.495852	1.610877	655.951294	-0.145422	-0.073921	-0.565035
1.049000	1.375190	1.489888	655.794006	0.653478	0.564757	5.616359
1.050000	1.334700	1.249238	655.168091	-0.026026	-0.033903	-0.406012
1.051000	1.978908	1.810757	658.917313	0.613679	0.524739	5.617599
1.052000	1.897927	1.770869	658.763474	-0.185514	-0.033903	-1.039906
1.053000	1.414872	1.370227	654.545273	0.573588	0.484721	5.141908
1.054000	1.535535	1.409228	655.012558	-0.185221	-0.113710	-0.880554
1.055000	1.897927	1.650322	658.447586	0.134046	0.085691	1.495435
1.056000	1.777265	1.610435	657.512970	0.134339	0.125479	0.863508
1.057000	1.696689	1.570105	656.107025	-0.145422	-0.073692	-0.722749
1.058000	1.656602	1.329454	655.013428	0.493991	0.484951	4.822692
1.059000	1.535535	1.249238	654.856293	-0.305202	-0.193516	-2.306946
1.060000	2.139657	1.770426	659.544128	0.653478	0.604545	5.616359
1.061000	2.099570	1.690209	658.136642	-0.145422	-0.113939	-1.198110
1.062000	1.535535	1.289567	654.231888	0.653478	0.484721	5.141746
1.063000	1.656602	1.489888	655.482452	-0.265111	-0.113939	-1.514939
1.064000	1.938013	1.649879	658.917313	0.294119	0.365127	2.605511
1.065000	1.696689	1.650322	657.512970	0.014358	0.045903	1.022952
1.066000	1.616516	1.690209	656.576523	-0.185514	-0.113710	-1.356315
1.067000	1.253719	1.409228	654.701538	0.613679	0.564757	5.459066
1.068000	1.213634	1.289125	654.075439	-0.305202	-0.273551	-2.306946
1.069000	1.939226	1.970746	659.697983	0.733368	0.644563	6.409207
1.070000	1.697092	1.850643	657.981033	-0.305202	-0.153727	-2.622373
1.071000	1.294614	1.650322	654.857880	0.733368	0.684351	6.408878
1.072000	1.495852	1.810312	656.574921	-0.265404	-0.153727	-1.989810
1.073000	1.535939	1.730097	657.197632	0.254028	0.205515	2.604600
1.074000	1.495852	1.970304	657.511932	0.134339	0.045673	1.022132
1.075000	1.415680	1.930417	656.419296	-0.225312	-0.073921	-0.881373
1.076000	1.173548	1.770426	655.014053	0.573588	0.444933	4.348079
1.077000	1.093375	1.730097	654.543518	-0.265404	-0.034133	-1.355824
1.078000	1.697496	2.291615	659.855942	0.653478	0.484721	5.299622
1.079000	1.536344	2.211841	657.824615	-0.265404	-0.153727	-2.305965
1.080000	1.254528	2.131624	655.324997	0.693277	0.604545	6.091230
1.081000	1.415680	2.171512	656.885040	-0.185221	-0.113710	-0.881045
1.082000	1.536344	2.091293	657.509277	0.333918	0.285091	2.764955
1.083000	1.657411	2.452934	657.979095	0.094248	0.045903	0.546771
1.084000	1.697496	2.493263	657.667404	-0.026026	0.005885	0.069350
1.085000	1.456575	2.211841	655.480438	0.573588	0.405145	4.032652
1.086000	1.335104	2.171953	654.697220	-0.305202	-0.273551	-2.305965
1.087000	2.020206	2.733471	660.320709	0.573588	0.564527	4.981553
1.088000	1.939631	2.653255	658.916214	-0.145422	-0.073921	-0.881373
1.089000	1.617324	2.452934	656.105011	0.653478	0.524739	5.457826
1.090000	1.778477	2.653255	657.042023	-0.145422	-0.073921	-0.881045
1.091000	1.697496	2.413047	657.508469	0.333918	0.365127	3.239405
1.092000	1.980121	2.813689	658.759857	0.174138	0.125709	1.339198
1.093000	1.980121	2.854018	658.447189	-0.145422	-0.073921	-0.722749
1.094000	1.617324	2.533594	655.949310	0.573588	0.524739	4.983375
1.095000	1.576834	2.533594	655.635910	-0.265404	-0.153727	-1.990867
1.096000	2.221041	3.055224	660.944229	0.573588	0.524739	5.299622
1.097000	1.979716	3.014894	658.760574	-0.265404	-0.153727	-1.355824
1.098000	1.778477	2.814131	655.949310	0.613679	0.564527	5.458645
1.099000	1.859054	2.934678	657.352066	-0.305202	-0.113710	-1.197782
1.100000	1.818563	2.773802	657.507599	0.333918	0.285091	2.921757
1.101000	2.140465	3.215215	659.070709	0.174138	0.045673	0.863017
1.102000	2.302022	3.335762	659.696075	0.014358	-0.073692	-0.405101
1.103000	1.818563	3.014894	656.884705	0.613679	0.524739	4.984195
1.104000	1.778477	2.814131	655.946823	-0.185514	-0.073921	-1.196871
1.105000	2.302022	3.295433	661.413086	0.733368	0.684351	6.091230
1.106000	2.140869	3.215215	659.074875	-0.345294	-0.273781	-2.780906
1.107000	1.859054	3.095553	657.197311	0.653478	0.564527	5.618089
1.108000	1.980121	3.095112	657.976547	-0.225312	-0.233074	-1.198693
1.109000	1.778477	2.935120	657.194107	0.414101	0.365127	3.239405
1.110000	2.100379	3.335762	659.227859	0.054449	0.045903	0.069679
1.111000	2.261936	3.456308	659.541321	0.134339	0.045903	0.546771
1.112000	1.737582	3.095112	656.886230	0.573588	0.484951	4.666967
1.113000	1.657006	3.014894	656.415680	-0.225312	-0.153727	-1.832334
1.114000	2.261127	3.375648	661.255157	0.733368	0.644563	5.774563
1.115000	2.019399	3.335762	659.227859	-0.225312	-0.193516	-1.673472
1.116000	1.737582	3.255546	657.353653	0.693569	0.564757	6.091230
1.117000	1.818563	3.095112	657.976547	-0.225312	-0.113480	-1.671834
1.118000	1.616920	2.854018	655.788879	0.333918	0.285550	2.605511
1.119000	2.020206	3.294989	659.540604	0.014358	0.045903	0.388567
1.120000	2.059889	3.335320	660.007950	0.094248	0.006114	0.069350
1.121000	1.697496	3.014894	656.728531	0.454192	0.405145	3.715004
1.122000	1.576834	2.893905	655.947617	-0.225020	-0.113710	-1.198110
1.123000	2.140465	3.254660	660.787811	0.653771	0.484951	5.459066
1.124000	2.020206	3.254660	658.758957	-0.185514	-0.113710	-1.355824
1.125000	1.778477	3.054781	656.884872	0.733368	0.604545	6.567411
1.126000	1.939226	3.094226	658.290039	-0.145422	-0.153498	-0.881045
1.127000	1.576834	2.693142	654.852509	0.214229	0.165726	2.287863
1.128000	2.100379	3.174442	658.916916	0.054449	0.125709	0.230853
1.129000	2.140465	3.214329	659.539871	0.054449	0.006114	0.545952
1.130000	1.697496	2.773358	655.947800	0.454192	0.405145	3.557290
1.131000	1.576834	2.733029	655.166946	-0.345001	-0.193516	-2.622373
1.132000	1.939631	2.932906	658.755859	0.653771	0.644563	5.775803
1.133000	1.939631	2.933792	657.353912	-0.265111	-0.273092	-1.988899
1.134000	1.898735	3.013566	656.104935	0.613679	0.524739	5.299622
1.135000	1.858649	2.772916	656.258881	0.014358	0.006114	-0.087706
1.136000	1.576430	2.491491	653.602173	0.293826	0.285550	2.763224
1.137000	2.020206	3.013124	657.507843	0.014358	-0.033903	-0.088035
1.138000	2.180551	3.013124	658.134659	-0.145422	-0.073692	-0.564216
1.139000	1.737582	2.732585	654.855164	0.653771	0.524739	5.458645
1.140000	1.657411	2.652811	653.289658	-0.385092	-0.353128	-2.149071
1.141000	2.019399	2.732143	656.881775	0.653478	0.604774	5.775803
1.142000	2.099975	2.932465	656.572449	-0.305202	-0.193516	-1.990538
1.143000	1.979716	2.932465	655.323547	0.733661	0.644563	5.934336
1.144000	2.019399	2.732143	655.477341	-0.265111	-0.273092	-1.988899
1.145000	1.616516	2.451162	653.290543	0.373716	0.405145	3.397447
1.146000	2.261127	2.972794	657.196136	0.214229	0.125938	1.971034
1.147000	2.462367	3.092898	658.445114	0.054449	-0.033903	0.546771
1.148000	1.978908	2.732585	654.073776	0.613679	0.484951	4.506612
1.149000	1.777669	2.732143	653.601547	-0.265404	-0.153498	-1.675203
1.150000	2.018993	2.531379	655.475739	0.653771	0.484951	5.775803
1.151000	2.140060	2.932465	655.633926	-0.384800	-0.273092	-3.098554
1.152000	2.180551	3.012680	655.947327	0.773459	0.684351	6.726036
1.153000	2.018993	2.692256	654.227722	-0.225312	-0.153498	-0.881045
1.154000	1.616516	2.491491	651.883804	0.294119	0.404915	3.080290
1.155000	2.381386	3.012680	657.351685	0.054449	0.046132	0.546771
1.156000	2.381386	3.053011	657.040771	0.254028	0.125938	1.971945
1.157000	2.059484	2.852246	654.385742	0.573588	0.484951	4.825500
1.158000	1.897927	2.732143	653.291504	-0.145422	-0.073921	-0.721509
1.159000	1.938013	2.571265	654.382462	0.693569	0.604774	5.617599
1.160000	2.180147	2.932465	655.321243	-0.265111	-0.193516	-2.465479
1.161000	2.220637	2.972794	655.010239	0.534082	0.484951	4.666967
1.162000	2.099570	2.611596	653.290649	-0.185221	-0.153498	-0.721601
1.163000	1.777669	2.451162	650.789551	0.454192	0.405145	3.555652
1.164000	2.583030	3.012680	656.101273	0.094248	0.046132	0.546771
1.165000	2.583030	2.972794	655.946533	0.214229	0.125938	1.655537
1.166000	2.220637	2.692256	653.292313	0.493991	0.484951	4.348898
1.167000	2.221041	2.652369	653.134384	-0.185514	-0.113710	-1.355824
1.168000	2.220637	2.571710	652.819229	0.613679	0.564757	4.506612
1.169000	2.623923	2.892577	654.852295	-0.265404	-0.153498	-1.990538
1.170000	2.543347	3.053011	654.854706	0.693569	0.524739	5.616359
1.171000	2.180551	2.571710	651.883011	-0.225312	-0.193516	-1.197291
1.172000	1.899140	2.411276	651.102173	0.333918	0.444933	3.082020
1.173000	2.583433	2.972794	655.476685	0.094248	0.085691	1.022132
1.174000	2.543347	2.932906	655.009369	0.054449	-0.033903	1.020564
1.175000	2.382599	2.813245	653.290665	0.373716	0.444933	3.557290
1.176000	2.261936	2.732585	652.977966	-0.305202	-0.153498	-1.990538
1.177000	2.140869	2.652369	652.662888	0.733368	0.604545	6.408878
1.178000	2.664819	3.174000	655.945572	-0.385092	-0.273092	-2.940021
1.179000	2.704905	3.174000	655.790192	0.773459	0.644563	6.567411
1.180000	2.302426	2.733029	652.978775	-0.265111	-0.233074	-1.198202
1.181000	2.221850	2.652369	651.571136	0.294119	0.405145	2.762313
1.182000	2.704905	3.053453	656.569977	-0.065240	-0.073692	-0.404281
1.183000	2.826375	3.134113	656.259064	0.094248	0.006114	1.181576
1.184000	2.584646	3.094226	654.853821	0.294119	0.405145	3.397356
1.185000	2.664819	2.893905	655.008469	-0.305202	-0.113710	-2.305965
1.186000	2.504070	2.653255	654.070526	0.853349	0.804404	7.518954
1.187000	3.027615	3.294989	657.820633	-0.265111	-0.193516	-2.622373
1.188000	3.027615	3.415536	657.979385	0.693569	0.604774	6.250674
1.189000	2.664819	2.854018	655.322769	-0.265111	-0.273092	-1.514939
1.190000	2.584646	2.814131	654.385590	0.493991	0.444933	3.715586
1.191000	3.068105	3.255102	659.070328	-0.065240	-0.153498	-0.246568
1.192000	3.068105	3.174886	658.292068	0.214229	0.125938	1.812501
1.193000	2.866462	3.174886	656.415405	0.333918	0.325568	2.605839
1.194000	2.826375	2.934678	656.102615	-0.225312	-0.113480	-1.674130
1.195000	2.665627	2.733915	655.634491	0.613679	0.564986	5.141908
1.196000	3.149086	3.295433	659.384598	-0.345001	-0.193516	-2.781817
1.197000	3.229662	3.375648	660.166168	0.733661	0.564986	5.935247
1.198000	2.866866	2.975007	657.355621	-0.265111	-0.153498	-1.514939
1.199000	2.786289	2.854904	655.947174	0.453899	0.484951	3.239734
1.200000	3.309835	3.215215	660.634308	0.134339	0.085920	1.337560
1.201000	3.189577	3.255546	660.010620	0.214229	0.285550	2.448126
1.202000	2.987933	3.095553	658.761002	0.174138	0.205515	1.973255
1.203000	2.987529	2.935120	658.603073	-0.145422	-0.113480	-0.406012
1.204000	2.706117	2.614254	656.885056	0.613679	0.604774	5.458155
1.205000	3.390411	3.295875	660.792236	-0.265111	-0.153498	-1.990538
1.206000	3.430497	3.335762	661.104919	0.653478	0.564757	5.299622
1.207000	2.947443	2.975451	658.449921	-0.105038	-0.073692	-0.563397
1.208000	2.866866	2.854904	657.198532	0.333918	0.365127	3.239734
1.209000	3.349516	3.095553	661.885666	0.054449	0.046132	0.546442
1.210000	3.349921	3.175772	661.730209	0.214229	0.125938	1.971616
1.211000	3.309835	3.135884	660.637665	0.414101	0.444933	3.397938
1.212000	2.947039	2.815017	659.854340	-0.105038	-0.113710	-1.198110
1.213000	2.664819	2.494149	657.509552	0.693569	0.564757	5.458155
1.214000	3.309430	3.095998	661.887344	-0.345001	-0.193516	-2.781817
1.215000	3.188364	3.055667	662.200851	0.653771	0.564757	5.458155
1.216000	2.866057	2.654583	659.231445	-0.225020	-0.153498	-1.988899
1.217000	2.624329	2.534036	658.138123	0.414101	0.405145	3.239405
1.218000	3.027211	2.694028	661.572266	0.014358	-0.033903	0.706215
1.219000	3.067701	2.975007	662.045303	0.254028	0.165726	2.130478
1.220000	2.987125	2.895233	660.951859	0.414101	0.405145	3.872717
1.221000	2.704905	2.494149	659.075119	0.014358	-0.113710	-0.722258
1.222000	2.423089	2.213612	657.355682	0.653478	0.484951	5.459066
1.223000	3.108191	2.895233	661.886551	-0.385092	-0.353128	-3.098064
1.224000	2.986720	2.815017	661.887344	0.733368	0.724598	6.725125
1.225000	2.624329	2.453820	658.451584	-0.305202	-0.193516	-1.670923
1.226000	2.583838	2.373602	657.512024	0.573588	0.564757	4.031671
1.227000	2.866057	2.453820	660.635162	0.014358	0.006114	0.546280
1.228000	3.067701	2.734357	661.733490	0.293826	0.205515	2.922576
1.229000	2.946634	2.654583	660.482117	0.293826	0.285550	2.606330
1.230000	2.704501	2.333714	658.449997	0.054156	0.006114	-0.088854
1.231000	2.503665	2.093065	656.887619	0.733368	0.604545	5.935247
1.232000	3.228450	2.854904	661.886627	-0.385092	-0.153727	-2.623942
1.233000	3.187960	2.734357	662.200119	0.773167	0.684351	6.093780
1.234000	2.785077	2.413933	658.295319	-0.225020	-0.153727	-1.514028
1.235000	2.583838	2.213612	656.730392	0.533496	0.444933	4.031013
1.236000	2.744991	2.293386	658.134918	-0.145422	-0.033903	-0.881373
1.237000	3.147873	2.574367	660.012543	0.333918	0.365127	2.606659
1.238000	3.027211	2.574367	659.702255	0.213936	0.205515	2.130478
1.239000	2.704501	2.093065	657.042358	-0.065240	0.005885	-0.246568
1.240000	2.503665	1.932631	655.013428	0.613679	0.564527	5.141908
1.241000	3.228450	2.614254	660.948822	-0.225312	-0.153727	-1.355824
1.242000	3.147873	2.534036	660.325058	0.693277	0.604774	5.934007
1.243000	2.744991	2.132952	657.045578	-0.305202	-0.233763	-1.673472
1.244000	2.704905	2.132952	656.733047	0.613679	0.564757	4.983375
1.245000	2.704501	2.012405	656.417160	-0.145422	-0.033903	-0.404772
1.246000	3.027211	2.493707	659.388062	0.134046	0.125709	1.496093
1.247000	3.147873	2.453820	658.920715	0.293826	0.285091	2.130478
1.248000	2.624329	1.932189	655.012650	-0.145422	-0.033903	-0.404772
1.249000	2.463175	1.851971	654.232773	0.613679	0.604545	4.667786
1.250000	3.188364	2.413489	659.542709	-0.345294	-0.193516	-2.781817
1.251000	3.027211	2.333273	658.764313	0.733368	0.684351	6.567411
1.252000	2.785885	2.092621	656.576004	-0.305202	-0.273551	-2.305965
1.253000	2.664819	1.972076	655.482468	0.453899	0.444933	3.873300
1.254000	2.503665	1.691095	654.855499	-0.145422	-0.073692	-0.564216
1.255000	3.027615	2.333273	657.982834	0.214229	0.165726	2.129658
1.256000	2.987529	2.252613	657.358414	0.174138	0.125709	1.180665
1.257000	2.383002	1.610877	653.762131	-0.145422	-0.113710	-0.722749
1.258000	2.302426	1.570548	652.513245	0.653478	0.564527	5.300441
1.259000	3.027615	2.212282	658.137482	-0.385092	-0.273551	-3.256268
1.260000	2.825972	2.011963	656.887878	0.733368	0.684351	5.934336
1.261000	2.544156	1.811198	654.701721	-0.265404	-0.193516	-1.198110
1.262000	2.423089	1.730982	653.762131	0.613387	0.524739	4.824681
1.263000	2.180955	1.570105	653.293274	-0.225312	-0.153727	-1.355824
1.264000	2.866462	2.212282	657.044128	0.333918	0.285550	2.288682
1.265000	2.624329	2.091737	656.733139	0.174138	0.085920	1.812501
1.266000	2.020206	1.530217	651.731628	0.014358	-0.073692	-0.722749
1.267000	1.939631	1.489888	651.419830	0.493991	0.484721	3.874448
1.268000	2.664414	2.051406	657.356659	-0.305202	-0.193516	-1.990538
1.269000	2.423089	1.850643	655.326202	0.693569	0.564757	5.617270
1.270000	2.261936	1.730538	653.451233	-0.345001	-0.273092	-3.258909
1.271000	2.060697	1.650322	652.668793	0.653478	0.604545	5.773253
1.272000	1.939631	1.329454	651.733231	-0.065240	-0.113710	-0.563397
1.273000	2.503665	2.010633	656.420456	0.214229	0.285550	2.131389
1.274000	2.463579	2.091293	656.733139	0.094248	0.125709	0.863508
1.275000	1.778882	1.408787	651.577682	0.094248	0.045903	0.704484
1.276000	1.617324	1.248795	649.857452	0.414393	0.444933	3.873208
1.277000	2.302426	1.849757	656.260910	-0.345294	-0.193516	-2.622373
1.278000	2.060697	1.809426	655.014404	0.613679	0.564757	5.299622
1.279000	1.859458	1.689766	653.140213	-0.265111	-0.193516	-2.464498
1.280000	1.657006	1.408787	652.202240	0.653771	0.564757	5.617270
1.281000	1.456171	1.288239	650.325684	-0.145422	-0.113480	-0.881045
1.282000	2.140869	2.010192	656.262497	0.374302	0.285550	2.764044
1.283000	2.140869	1.929532	656.420456	0.134339	0.085920	1.180665
1.284000	1.375594	1.328127	651.264343	-0.065240	-0.033674	-0.088854
1.285000	1.335104	1.368456	650.325684	0.613679	0.524739	4.984195
1.286000	1.939631	1.809426	655.168259	-0.305202	-0.273092	-2.464498
1.287000	1.939226	1.849757	654.389038	0.653771	0.644563	5.775803
1.288000	1.697092	1.729652	652.983948	-0.265111	-0.153498	-1.990538
1.289000	1.697092	1.609550	652.356979	0.693569	0.564986	5.934007
1.290000	1.455362	1.328127	650.012268	-0.065240	-0.113480	-0.563397
1.291000	2.301213	2.090407	656.576080	0.374302	0.325568	2.764044
1.292000	2.421472	2.090407	656.105515	0.174138	0.205974	1.022132
1.293000	1.737179	1.569662	651.108017	0.014358	0.006114	-0.246568
1.294000	1.656602	1.609550	650.951828	0.574173	0.564757	4.984195
1.295000	2.220233	1.849757	655.169067	-0.304910	-0.273092	-2.308515
1.296000	2.140060	1.890086	654.231339	0.693569	0.604774	6.567411
1.297000	2.099570	1.929974	653.451309	-0.304910	-0.233074	-3.256268
1.298000	1.816947	1.689323	652.043579	0.693569	0.564757	5.617270
1.299000	1.576025	1.408787	649.856003	-0.185221	-0.113480	-1.040489
1.300000	2.542540	2.210955	656.418121	0.414101	0.325568	2.923159
1.301000	2.542540	2.210955	656.887955	0.094541	0.086150	0.705304
1.302000	1.938013	1.528890	651.733383	0.094248	0.046132	0.388567
1.303000	2.099570	1.809426	651.888840	0.613679	0.485180	4.506774
1.304000	2.421472	1.849314	655.479340	-0.345001	-0.273092	-3.098064
1.305000	2.461558	2.010192	655.326370	0.733661	0.564986	6.567411
1.306000	2.462367	1.929974	653.763992	-0.345001	-0.233074	-1.990538
1.307000	2.099166	1.528890	652.200012	0.534082	0.524968	5.299622
1.308000	2.018993	1.368456	650.324951	-0.304910	-0.153498	-2.146775
1.309000	2.904932	2.210955	657.044296	0.454192	0.445162	3.555323
1.310000	2.985508	2.130295	656.887955	0.054449	-0.033674	-0.088854
1.311000	2.421472	1.649437	652.669754	-0.065240	0.006344	-0.088854
1.312000	2.542943	1.729652	652.512619	0.534082	0.484951	4.509254
1.313000	2.824759	1.809426	655.792923	-0.185221	-0.153498	-1.672890
1.314000	3.066488	2.050078	656.263565	0.534082	0.484951	4.825500
1.315000	2.865249	1.969861	654.857513	-0.185221	-0.113480	-1.198110
1.316000	2.462367	1.448673	652.357864	0.653771	0.645022	6.250674
1.317000	2.382195	1.448230	651.732025	-0.345001	-0.153498	-1.515268
1.318000	3.228045	2.130295	657.981369	0.333918	0.245762	2.922668
1.319000	3.106978	2.050078	657.045090	0.054449	0.085920	0.705304
1.320000	2.583433	1.568777	652.670547	-0.145422	-0.073692	-0.406502
1.321000	2.623520	1.809426	653.606110	0.454192	0.524968	4.825662
1.322000	2.784673	1.808985	655.792130	-0.065240	-0.073692	-1.038666
1.323000	3.026402	2.009748	656.419815	0.613679	0.564757	5.775803
1.324000	3.026402	2.050078	656.577042	-0.304910	-0.233074	-1.990538
1.325000	2.542943	1.608664	652.513489	0.653771	0.524968	5.617599
1.326000	2.381386	1.488561	651.105865	-0.225312	-0.073692	-1.197291
1.327000	3.308218	2.330616	658.917679	0.333918	0.484951	3.240316
1.328000	3.066488	2.050078	656.575439	-0.065240	-0.033674	-0.721929
1.329000	2.623520	1.809426	652.826187	-0.145422	-0.033674	-0.722749
1.330000	2.784673	1.929974	653.763275	0.693569	0.524968	5.616359
1.331000	2.824759	1.889201	654.697968	-0.305202	-0.193516	-2.939439
1.332000	3.187555	2.210069	656.419098	0.693569	0.564757	5.775803
1.333000	3.308218	2.370502	657.201614	-0.145422	-0.073692	-1.198110
1.334000	2.663606	1.608664	652.200974	0.653771	0.524968	5.618510
1.335000	2.623520	1.689323	651.731232	-0.304910	-0.233074	-2.622373
1.336000	3.590033	2.370502	658.448898	0.453899	0.405145	3.714767
1.337000	3.146660	2.049635	655.482895	-0.185221	-0.033903	-0.563397
1.338000	2.784268	1.849314	652.827164	-0.145422	-0.033903	-0.880953
1.339000	2.904932	1.889201	654.075958	0.613679	0.484951	5.141580
1.340000	2.784268	1.728325	653.137985	-0.265404	-0.113710	-1.990538
1.341000	3.227237	2.249956	656.419968	0.653771	0.564757	5.459066
1.342000	3.267728	2.249956	656.731781	-0.225312	-0.113710	-1.673472
1.343000	2.663202	1.608664	651.732025	0.693569	0.564986	6.567082
1.344000	2.744182	1.688437	651.731232	-0.225020	-0.153498	-1.355495
1.345000	3.428476	2.329730	657.979156	0.453899	0.444933	3.396790
1.346000	3.227237	2.129409	655.481369	-0.065240	0.005885	-0.405192
1.347000	2.864440	1.889201	652.201782	0.014358	-0.073692	-0.564545
1.348000	2.945018	1.929088	653.137985	0.453899	0.325568	4.030921
1.349000	2.823950	1.688437	651.730377	-0.145422	-0.033903	-0.404772
1.350000	3.347495	2.169740	655.637634	0.534082	0.524968	5.299622
1.351000	3.549139	2.289843	656.419174	-0.185221	-0.073692	-1.040397
1.352000	2.864440	1.688437	650.949615	0.653771	0.564757	5.617270
1.353000	2.985104	1.808985	650.636917	-0.065240	-0.033674	-1.196871
1.354000	3.589225	2.329730	657.197525	0.454192	0.445162	3.556563
1.355000	3.428476	2.169740	654.074448	-0.105038	-0.033674	-0.880134
1.356000	3.186747	1.929532	652.043930	0.054449	0.046132	0.227883
1.357000	3.307814	2.049635	653.136475	0.454192	0.445162	4.032652
1.358000	2.985104	1.688437	650.949615	-0.265111	-0.113480	-1.197620
1.359000	3.509053	2.329730	655.009933	0.693862	0.564757	5.777043
1.360000	3.589225	2.450276	655.948563	-0.185221	0.006114	-0.405192
1.361000	2.823950	1.808985	650.481476	0.574173	0.524968	5.773253
1.362000	2.864037	1.929088	650.167984	-0.185221	-0.113710	-1.514028
1.363000	3.549139	2.329288	655.633392	0.454192	0.365586	4.033655
1.364000	3.145853	2.209627	652.980133	-0.025148	-0.033444	-0.563397
1.365000	2.944613	2.169296	651.261429	-0.025148	0.006344	-0.722749
1.366000	3.025190	2.089080	651.417694	0.534082	0.445162	4.667786
1.367000	2.662797	1.768212	649.542618	-0.185221	-0.193056	-1.196871
1.368000	3.226833	2.369617	654.385376	0.693862	0.564986	5.617270
1.369000	3.428072	2.490164	655.793182	-0.304910	-0.153498	-1.514028
1.370000	2.541730	1.768212	648.918198	0.693862	0.645022	6.408878
1.371000	2.622712	1.848872	649.072937	-0.105038	-0.113480	-1.198110
1.372000	3.065276	2.168854	653.913940	0.454192	0.365586	4.031175
1.373000	2.904527	2.128967	651.885193	-0.105038	-0.113480	-0.721601
1.374000	2.783460	2.089080	650.481552	0.094541	0.046362	0.704484
1.375000	2.823546	2.088636	650.948013	0.454192	0.485180	3.397938
1.376000	2.541730	1.687996	648.291382	-0.265111	-0.073462	-1.989880
1.377000	3.145853	2.329288	654.229111	0.773752	0.684810	6.408878
1.378000	3.347091	2.409504	654.384644	-0.304910	-0.193056	-1.990538
1.379000	2.501240	1.808099	647.980484	0.693569	0.604774	5.617270
1.380000	2.661989	1.928646	649.072937	-0.185221	-0.193056	-1.356315
1.381000	3.024381	2.088636	653.289551	0.574173	0.485180	5.141089
1.382000	2.984699	2.128967	650.948914	-0.344708	-0.233074	-2.149324
1.383000	2.943805	2.088636	650.324493	0.134339	0.086150	0.388238
1.384000	2.903718	2.008420	650.480759	0.494283	0.325798	3.397938
1.385000	2.581008	1.607336	647.354309	-0.264818	-0.073462	-1.198110
1.386000	3.387177	2.329288	653.603012	0.653771	0.485180	5.301352
1.387000	3.427263	2.329288	654.228394	-0.144837	-0.073462	-1.198110
1.388000	2.783056	1.767770	648.763702	0.693862	0.645022	6.408878
1.389000	3.064871	2.048749	650.009399	-0.105038	-0.193056	-1.357554
1.390000	3.306197	2.048749	653.288818	0.693862	0.445621	4.983375
1.391000	3.226025	2.128967	651.729813	-0.105038	-0.153039	-1.197291
1.392000	3.226025	2.128967	651.573456	0.094541	0.046132	0.227064
1.393000	3.024381	2.048749	651.261597	0.374302	0.285780	3.080781
1.394000	2.823142	1.607336	648.136734	-0.064947	0.006344	-0.406012
1.395000	3.507840	2.249070	653.915787	0.494283	0.405604	4.506774
1.396000	3.507840	2.249070	654.386337	-0.225020	-0.193056	-1.990538
1.397000	2.903315	1.768212	649.076385	0.733661	0.605234	5.457826
1.398000	3.024381	1.927760	651.417923	0.094541	0.086150	0.389057
1.399000	3.064871	1.927760	653.133270	0.574173	0.445621	4.983375
1.400000	3.225621	2.128967	653.291382	0.014943	0.046362	-0.087706
1.401000	3.145043	2.209183	653.137451	0.134339	0.006344	1.497074
1.402000	2.823142	1.808099	651.574265	0.414393	0.325798	2.765283
1.403000	2.541326	1.687552	649.230881	-0.225020	-0.073462	-1.356315
1.404000	3.226025	2.208741	655.321747	0.574173	0.564986	6.092141
1.405000	3.185534	2.209183	654.384644	-0.225020	-0.113480	-1.515176
1.406000	2.500836	1.888759	649.544540	0.653771	0.485180	4.825500
1.407000	2.863632	2.168854	652.667603	-0.225020	-0.113480	-1.196380
1.408000	2.863632	2.048749	652.665039	0.733661	0.564986	5.934918
1.409000	2.984699	2.289401	653.447556	-0.185221	-0.073462	-1.038758
1.410000	3.065276	2.490164	654.229904	0.134339	0.125938	1.495435
1.411000	2.662797	2.128967	651.259811	0.414393	0.365586	3.399086
1.412000	2.501240	2.048749	649.853775	-0.185221	-0.193056	-1.672890
1.413000	3.307005	2.610269	656.100891	0.613679	0.564986	5.775803
1.414000	2.984699	2.409504	653.447556	-0.305202	-0.193056	-2.464752
1.415000	2.541730	2.209183	649.697510	0.733661	0.645022	5.618510
1.416000	2.864037	2.329730	652.041458	-0.304910	-0.193056	-2.147502
1.417000	2.662797	2.168854	651.103546	0.693862	0.684810	6.408878
1.418000	3.025190	2.569938	653.133286	-0.185221	-0.073462	-0.881045
1.419000	3.307005	2.811031	654.229187	0.254321	0.245992	1.971616
1.420000	2.904122	2.369617	650.479080	0.254321	0.205974	1.815051
1.421000	2.703288	2.289401	649.071335	-0.025148	-0.073462	-0.405101
1.422000	3.467753	2.730814	655.005859	0.653771	0.564986	5.932697
1.423000	3.347091	2.730814	652.508087	-0.225020	-0.153039	-2.622373
1.424000	2.944209	2.530936	649.540298	0.733661	0.684810	6.408878
1.425000	3.266111	2.690927	651.103561	-0.265111	-0.233074	-1.672890
1.426000	2.984295	2.410390	649.537888	0.534082	0.485180	5.299622
1.427000	3.427263	2.932020	652.663620	-0.265111	-0.113480	-1.355495
1.428000	3.668589	3.132786	653.914932	0.294119	0.325798	2.605020
1.429000	3.185130	2.651484	650.007721	0.134632	0.086150	0.862689
1.430000	3.024381	2.571265	648.600876	-0.025148	-0.033674	-0.406012
1.431000	3.708675	3.052567	654.692368	0.653771	0.525198	5.458155
1.432000	3.386369	3.012680	652.351746	-0.185221	-0.113480	-0.880462
1.433000	3.104553	2.892577	649.695847	0.574173	0.564986	5.459066
1.434000	3.305793	3.052567	652.038269	-0.225020	-0.073692	-1.355824
1.435000	2.943401	2.732143	649.537079	0.613679	0.485180	5.300112
1.436000	3.305793	3.213887	652.662659	-0.105038	-0.033674	-0.721601
1.437000	3.386369	3.253775	652.974472	0.214522	0.205974	1.971126
1.438000	2.983891	2.892577	650.634521	0.134632	0.165726	1.655537
1.439000	2.983891	2.892577	649.538620	-0.065240	-0.073462	-0.564545
1.440000	3.547522	3.333990	654.534454	0.613679	0.524968	4.667786
1.441000	3.306197	3.253775	652.819794	-0.225020	-0.153498	-1.515268
1.442000	3.185534	3.213887	650.945618	0.813551	0.684810	6.726855
1.443000	3.306197	3.213887	653.131607	-0.225312	-0.113480	-1.672890
1.444000	2.863632	2.892577	649.537003	0.653771	0.604774	6.092141
1.445000	3.467753	3.294104	653.598877	-0.225020	-0.113480	-0.405354
1.446000	3.709079	3.534311	655.629486	0.294119	0.325568	2.447307
1.447000	3.064871	3.053011	650.474915	0.174431	0.086150	1.179754
1.448000	3.064871	3.053453	650.317764	-0.105038	-0.033674	-0.565035
1.449000	3.507840	3.333990	655.001633	0.534082	0.604774	5.141908
1.450000	3.467753	3.294547	653.443405	-0.345001	-0.233074	-2.940350
1.451000	3.347091	3.254216	651.725586	0.733661	0.684810	6.884148
1.452000	3.548331	3.334435	654.067017	-0.185221	-0.113480	-1.515176
1.453000	3.024785	2.812803	649.848816	0.693569	0.564986	6.250674
1.454000	3.749569	3.374763	655.161255	-0.225020	-0.073462	-0.881045
1.455000	3.749569	3.574642	655.942001	0.454192	0.325568	3.239734
1.456000	3.307005	3.134113	651.256546	0.054449	0.046132	-0.088364
1.457000	3.145853	3.053453	650.785995	-0.145422	-0.073692	-0.564545
1.458000	3.709483	3.213887	655.314316	0.653771	0.564986	4.823020
1.459000	3.588821	3.294104	653.910751	-0.265111	-0.233074	-1.672890
1.460000	3.548735	3.294547	652.976151	0.614265	0.564986	5.459066
1.461000	3.548331	3.294104	654.066299	-0.225020	-0.113480	-1.832167
1.462000	3.185534	2.853132	650.628845	0.813551	0.724828	6.885059
1.463000	3.749569	3.333990	654.534439	-0.384800	-0.233074	-1.830366
1.464000	3.910722	3.534755	656.411011	0.414101	0.285780	2.763224
1.465000	3.306197	3.174000	652.819000	-0.025148	0.046132	-0.088035
1.466000	3.265707	3.053453	652.504715	0.094541	0.046132	0.862689
1.467000	3.467350	3.093340	654.220963	0.454192	0.365586	3.239734
1.468000	3.467350	3.214329	654.223450	-0.185221	-0.113480	-1.196380
1.469000	3.547522	3.254660	654.379791	0.613679	0.564986	5.617270
1.470000	3.466541	3.093340	654.534439	-0.225020	-0.113480	-1.198110
1.471000	3.144639	2.733029	650.784393	0.733661	0.645022	6.250674
1.472000	3.668184	3.214329	656.252350	-0.225020	-0.193056	-1.039578
1.473000	3.789252	3.374763	657.345871	0.454192	0.325798	3.080872
1.474000	3.305793	2.893463	653.444305	0.094541	0.006114	0.547100
1.475000	3.467350	2.973237	653.597351	-0.025148	-0.033674	0.546771
1.476000	3.466541	2.853132	654.688400	0.454192	0.325798	3.874448
1.477000	3.628098	3.013124	655.473297	-0.225020	-0.233074	-1.355824
1.478000	3.789252	3.174000	655.316147	0.494283	0.445162	4.506612
1.479000	3.628098	2.973237	654.847137	-0.304910	-0.113480	-1.673380
1.480000	3.185130	2.572596	651.880310	0.653771	0.564986	5.459556
1.481000	3.869828	3.053453	656.876846	-0.305202	-0.113480	-1.673472
1.482000	4.071066	3.214329	657.971970	0.414101	0.445162	3.398030
1.483000	3.588012	2.893463	654.067276	0.094541	0.046362	0.547100
1.484000	3.749166	2.813245	654.847183	-0.065240	-0.073462	-0.722749
1.485000	3.708271	2.733029	655.782532	0.613679	0.525198	5.300112
1.486000	3.788847	2.933792	656.410370	-0.265111	-0.233074	-1.989627
1.487000	3.990086	3.134113	657.192902	0.653771	0.564986	5.775803
1.488000	3.748356	2.893463	655.472580	-0.345001	-0.233074	-2.940350
1.489000	3.385560	2.532708	652.349426	0.933532	0.844422	7.518463
1.490000	4.030172	3.094226	658.128311	-0.304910	-0.273092	-2.781817
1.491000	4.030172	3.214329	658.755280	0.454192	0.485180	3.556563
1.492000	3.626886	2.933792	654.849686	0.094541	-0.033674	-0.246239
1.493000	3.666972	2.893463	655.473373	0.054449	0.086150	0.069350
1.494000	3.626886	2.773358	655.315430	0.454192	0.405604	4.509254
1.495000	3.868615	3.053453	657.350754	-0.185221	0.006344	-1.357554
1.496000	4.029365	3.254660	658.443481	0.733661	0.564986	6.567411
1.497000	3.666972	2.893463	656.098663	-0.345001	-0.113480	-2.940350
1.498000	3.264090	2.573037	652.505768	0.653771	0.485180	5.301352
1.499000	3.908297	3.053453	658.284729	-0.345001	-0.113480	-1.832916
1.500000	3.868211	3.134113	657.660263	0.534082	0.405604	4.665490
1.501000	3.505819	2.893905	654.850571	-0.225020	-0.073462	-1.514939
1.502000	3.706654	2.853576	655.628922	0.134339	-0.033674	0.546771
1.503000	3.465329	2.612925	654.847366	0.454192	0.405604	3.715586
1.504000	3.908701	3.134555	656.881012	-0.105038	-0.073462	-1.198110
1.505000	4.391756	3.294989	659.537003	0.693862	0.684810	5.617270
1.506000	3.948787	2.934678	655.942322	-0.065240	-0.073462	-0.721929
1.507000	3.586396	2.653255	653.129532	0.693862	0.645022	5.616359
1.508000	4.270689	3.134555	658.753677	-0.304910	-0.233074	-1.830436
1.509000	4.351670	3.174886	658.130081	0.414101	0.445621	3.714767
1.510000	4.150431	3.095112	656.100281	-0.065240	-0.193056	-0.721929
1.511000	4.150431	3.014894	656.410645	-0.065240	-0.033674	-0.248298
1.512000	3.948787	2.693584	653.909317	0.374302	0.325568	3.557382
1.513000	4.472737	3.295875	658.128479	-0.145422	-0.073692	-0.880462
1.514000	4.915706	3.617185	660.471542	0.574173	0.485180	5.301352
1.515000	4.432651	3.175772	657.191315	-0.105038	-0.073692	-1.198110
1.516000	4.109941	3.015338	654.534607	0.813551	0.564757	5.934007
1.517000	4.673976	3.496637	659.689270	-0.185221	-0.033444	-0.880134
1.518000	4.633486	3.577297	659.067108	0.333918	0.285780	3.239405
1.519000	4.392161	3.497082	657.661942	-0.105038	0.006114	-0.563887
1.520000	4.472333	3.497082	658.440994	0.054449	-0.073692	-0.088854
1.521000	3.908701	2.975451	654.690872	0.374302	0.405145	3.715004
1.522000	4.552909	3.617185	659.689972	-0.265111	-0.153498	-2.149071
1.523000	4.633890	3.938052	662.035522	0.693569	0.724598	5.932697
1.524000	4.230603	3.497082	658.442596	-0.185514	-0.153498	-1.039906
1.525000	3.868211	3.297202	655.941513	0.693569	0.564986	5.775803
1.526000	4.230603	3.617185	660.626984	-0.065240	-0.113480	-0.881373
1.527000	4.230603	3.738175	661.411911	0.653771	0.564757	5.299293
1.528000	3.988873	3.858721	659.381287	-0.105038	-0.153727	-1.196962
1.529000	3.948787	3.698288	660.161255	0.094248	0.125938	0.704484
1.530000	3.344262	3.216987	656.254044	0.333918	0.285550	3.397938
1.531000	3.908297	3.778063	660.941193	-0.265404	-0.153498	-1.832824
1.532000	4.029365	3.978381	663.285980	0.653478	0.484951	5.300112
1.533000	3.384752	3.497523	658.912354	-0.305202	-0.113710	-1.832334
1.534000	3.223195	3.417749	657.348251	0.613679	0.564757	5.934007
1.535000	3.706654	3.617628	661.408447	-0.305202	-0.153498	-2.465479
1.536000	3.626482	3.778063	661.568970	0.613679	0.484951	5.459066
1.537000	3.626482	3.818833	660.787247	-0.225020	-0.113710	-1.196962
1.538000	3.545905	3.698288	660.940308	0.134339	0.165726	1.653968
1.539000	2.981870	3.216987	657.036301	0.214229	0.285091	2.446395
1.540000	3.546310	3.818833	661.253799	-0.265404	-0.033903	-1.038666
1.541000	3.908701	3.979267	663.910400	0.613679	0.564757	4.983375
1.542000	3.264090	3.618514	659.224136	-0.305202	-0.113710	-1.990538
1.543000	3.062850	3.497523	657.660782	0.653478	0.564757	5.775803
1.544000	3.425242	3.698288	660.782272	-0.145422	-0.073921	-1.355824
1.545000	3.546310	3.818833	661.879700	0.653478	0.484951	5.459228
1.546000	3.586800	4.099372	661.410843	-0.265111	-0.113480	-1.196962
1.547000	3.425242	3.818833	661.721680	0.174431	0.205515	1.971126
1.548000	2.982678	3.377420	657.347214	0.374302	0.405145	3.239734
1.549000	3.546714	3.938938	661.878113	-0.265111	-0.193516	-1.673472
1.550000	3.909106	4.259807	664.690338	0.613679	0.524968	5.617270
1.551000	3.264898	3.778946	660.003845	-0.265111	-0.113710	-1.039906
1.552000	3.104149	3.658401	658.910507	0.493991	0.524739	5.141908
1.553000	3.224408	3.738617	661.094788	-0.145422	-0.073921	-1.198110
1.554000	3.345879	3.938938	661.722488	0.613679	0.564757	5.457497
1.555000	3.587608	4.259807	662.659637	0.014358	-0.073692	-0.563068
1.556000	3.305793	3.818833	661.720886	0.054449	0.085920	0.704156
1.557000	2.741757	3.497523	657.035339	0.294119	0.285550	3.238494
1.558000	3.386369	4.059041	662.346970	-0.265111	-0.033903	-1.198110
1.559000	3.668184	4.259807	664.222839	0.693569	0.604774	5.459066
1.560000	2.943401	3.778504	659.536499	-0.265111	-0.113710	-1.515176
1.561000	2.782247	3.658401	658.596909	0.653478	0.604774	6.093451
1.562000	2.862420	3.617628	659.691162	-0.265404	-0.153498	-2.462929
1.563000	3.184725	3.858721	661.097992	0.613679	0.484951	5.299622
1.564000	3.225215	4.138816	661.878830	-0.265111	-0.113710	-1.196962
1.565000	2.943401	3.738175	660.628326	0.254028	0.205515	1.654879
1.566000	2.580605	3.416863	656.723541	0.254028	0.285550	2.605839
1.567000	3.224812	3.858278	661.408188	-0.185221	-0.153498	-1.198110
1.568000	3.345879	4.058599	663.438797	0.733661	0.604774	5.934007
1.569000	2.943401	3.657516	659.068344	-0.225312	-0.153498	-2.306946
1.570000	2.822333	3.416863	657.970840	0.773459	0.764616	6.883329
1.571000	2.781843	3.296761	657.657349	-0.225312	-0.193516	-1.514028
1.572000	3.265302	3.536968	660.315735	0.613679	0.604774	6.408878
1.573000	3.466541	3.938052	661.721771	-0.305202	-0.193516	-2.146775
1.574000	2.983891	3.295875	658.907990	0.214229	0.285780	2.447307
1.575000	2.741757	3.015779	655.941177	0.134339	0.165726	1.182396
1.576000	3.306197	3.335762	659.687958	-0.265111	-0.153498	-1.989789
1.577000	3.507840	3.576856	661.877304	0.813551	0.604774	6.408878
1.578000	3.145043	3.216101	658.442429	-0.105038	0.006114	-0.722749
1.579000	3.024785	3.095553	657.501968	0.653771	0.524968	5.617270
1.580000	2.903718	2.894791	656.409332	-0.185221	-0.113710	-1.673472
1.581000	3.306197	3.255102	659.691315	0.773459	0.564986	6.883000
1.582000	3.588821	3.496196	661.721771	-0.345001	-0.233074	-2.306219
1.583000	2.944209	2.854018	657.345718	0.214229	0.205974	1.813412
1.584000	2.621499	2.653697	654.223358	0.094541	0.165726	1.180665
1.585000	3.145043	3.095112	658.907288	-0.225312	-0.233074	-1.198110
1.586000	3.266111	3.294989	660.003922	0.534082	0.445162	4.983375
1.587000	2.984295	3.054781	657.037186	-0.065240	-0.113480	-0.721929
1.588000	2.903718	2.974565	656.566559	0.653771	0.564986	6.249434
1.589000	2.702075	2.653255	654.378906	0.054449	-0.073692	-0.247479
1.590000	3.064871	3.174442	658.910492	0.653771	0.524968	5.617270
1.591000	3.467753	3.415536	660.630112	-0.225312	-0.073692	-0.721601
1.592000	2.661585	2.733471	655.628662	0.254028	0.245762	1.653639
1.593000	2.379769	2.493263	652.973679	0.134339	0.085920	0.863837
1.594000	2.943805	2.933792	657.034622	-0.225312	-0.033903	-1.198110
1.595000	3.024785	3.094226	657.815445	0.653771	0.524968	5.141580
1.596000	2.783056	2.933792	655.786530	-0.185221	-0.073692	-1.673472
1.597000	2.702075	2.853576	655.316788	0.653771	0.564757	5.459556
1.598000	2.340088	2.532708	652.974472	-0.185221	-0.073692	-1.198110
1.599000	2.904122	3.013566	657.191757	0.773459	0.684810	6.090901
1.600000	3.145853	3.294547	660.005615	-0.265404	-0.233074	-1.831348
1.601000	2.501240	2.733029	655.161255	0.333918	0.405145	3.080872
1.602000	2.300001	2.612925	653.130722	0.254028	0.205515	1.181485
1.603000	2.703288	2.973237	657.034622	-0.225312	-0.113710	-2.306946
1.604000	2.742970	3.134113	657.348099	0.653478	0.524968	4.983214
1.605000	2.461154	3.134113	656.569763	-0.185221	-0.113710	-1.515176
1.606000	2.380578	2.933792	655.941971	0.773459	0.564757	5.935247
1.607000	1.856627	2.452048	652.818024	-0.265111	-0.073692	-2.305965
1.608000	2.461154	3.174000	657.818649	0.733368	0.604774	6.567411
1.609000	2.823546	3.494424	660.161865	-0.265111	-0.153498	-1.673472
1.610000	1.977291	2.813245	654.848557	0.453899	0.445162	3.557053
1.611000	1.856627	2.813245	654.225739	0.094248	0.125938	0.863508
1.612000	2.138040	3.053011	656.878281	-0.065825	-0.033903	-0.564216
1.613000	2.178530	3.174000	657.817032	0.454192	0.445162	4.190365
1.614000	2.097954	3.294104	657.195053	-0.185221	-0.073692	-1.039578
1.615000	1.856627	2.932906	655.787415	0.613679	0.564986	5.774563
1.616000	1.372766	2.491936	652.350693	-0.265111	-0.153498	-1.355824
1.617000	1.977291	3.093340	657.817123	0.613679	0.524968	4.824681
1.618000	2.339683	3.374321	660.475357	-0.225312	-0.113710	-1.199512
1.619000	1.614495	2.732585	655.163010	0.333918	0.285780	2.922339
1.620000	1.614495	2.772916	654.538422	-0.025148	-0.033903	-0.247150
1.621000	1.936800	2.932906	657.349777	-0.065825	0.045903	-0.246568
1.622000	2.138040	3.093340	657.977478	0.573588	0.325568	4.984195
1.623000	2.218616	3.294547	658.602051	-0.185514	-0.073692	-1.198110
1.624000	2.057058	2.893463	657.037170	0.534082	0.445162	4.506612
1.625000	1.574004	2.452048	653.758560	-0.065240	-0.033903	-0.406012
1.626000	2.379769	3.174000	659.535782	0.653771	0.444933	5.142819
1.627000	2.661585	3.254216	661.413315	-0.265404	-0.153498	-1.989880
1.628000	2.057058	2.772916	655.945343	0.333918	0.325568	3.714767
1.629000	2.057464	2.693142	656.414291	0.054449	0.045903	0.070169
1.630000	2.339683	2.813245	658.288574	-0.145422	-0.033903	-0.880953
1.631000	2.621499	3.013566	660.319885	0.613679	0.445162	4.666967
1.632000	2.661585	3.254660	660.945969	-0.065240	0.005885	-0.404772
1.633000	2.339683	2.853576	659.383514	0.693569	0.564527	5.775803
1.634000	1.936800	2.532708	655.634262	-0.225312	-0.113710	-1.038666
1.635000	2.500836	2.933792	661.413223	0.733368	0.564757	5.616030
1.636000	2.863228	3.294547	663.445435	-0.305495	-0.113710	-2.305965
1.637000	2.097954	2.693142	657.666473	0.414101	0.444933	3.397119
1.638000	2.138040	2.733471	657.977478	0.014358	0.005885	0.070498
1.639000	2.299597	2.773358	659.695206	-0.065825	0.006114	-0.088854
1.640000	2.621499	3.014452	661.570358	0.493991	0.484951	4.983375
1.641000	2.783056	3.334876	662.509064	-0.225312	-0.113710	-1.989880
1.642000	2.460750	2.933792	660.476151	0.813258	0.804404	6.568322
1.643000	1.977291	2.653255	657.352997	-0.145422	-0.073692	-0.880134
1.644000	2.783056	3.214773	662.350235	0.693569	0.604774	6.250674
1.645000	2.944209	3.375207	663.912628	-0.225312	-0.113710	-1.989880
1.646000	2.380578	2.854018	658.602768	0.613679	0.524739	4.824514
1.647000	2.501240	3.014894	659.540497	-0.185221	-0.073692	-0.881045
1.648000	2.541730	2.934678	659.536575	-0.065825	0.006114	-0.564216
1.649000	2.863632	3.215215	661.880493	0.534082	0.325568	4.508596
1.650000	3.226833	3.576412	663.131165	-0.065240	0.045903	-0.722420
1.651000	2.864037	3.215215	660.005447	0.653478	0.484951	5.775474
1.652000	2.541730	2.975007	656.724411	-0.145422	-0.033674	-0.404772
1.653000	3.307005	3.496196	662.347839	0.733661	0.604774	6.566592
1.654000	3.428072	3.536525	663.599213	-0.265404	-0.193516	-2.463021
1.655000	2.904122	3.215215	658.601807	0.573588	0.445162	4.982227
1.656000	2.904527	3.295433	659.381836	-0.065240	0.045903	-0.405192
1.657000	2.904122	3.255546	658.911301	-0.065240	-0.073692	-0.722749
1.658000	3.145853	3.496196	660.785477	0.294119	0.405145	2.921757
1.659000	3.468158	3.856951	662.661240	-0.145422	-0.073692	-0.721929
1.660000	2.984699	3.295875	659.693649	0.613679	0.485180	5.300112
1.661000	2.783460	3.135441	656.725128	-0.065240	-0.033903	-0.721929
1.662000	3.307005	3.496196	661.096558	0.653771	0.564986	5.299622
1.663000	3.427667	3.776732	662.659637	-0.145422	-0.073692	-0.721929
1.664000	2.944209	3.496196	658.445465	0.493991	0.405604	4.983375
1.665000	3.065276	3.496196	659.223099	0.014358	0.006114	-0.088617
1.666000	2.742970	3.135441	658.131180	0.094248	0.046132	-0.405591
1.667000	3.064871	3.456308	660.471985	0.414101	0.365586	3.715096
1.668000	3.347495	3.776732	662.035156	-0.305202	-0.153498	-1.832824
1.669000	2.863632	3.295433	658.600113	0.813551	0.724828	6.567411
1.670000	2.662797	3.095112	656.099121	-0.105038	-0.033674	-1.198110
1.671000	3.226833	3.496196	660.159302	0.613679	0.524968	5.459066
1.672000	3.387581	3.415536	661.096390	-0.185221	-0.073692	-1.831094
1.673000	3.105766	3.295433	657.818649	0.453899	0.365586	4.508596
1.674000	3.227237	3.255102	658.598526	-0.065825	0.006114	-0.403953
1.675000	2.904527	2.854018	656.096664	-0.145422	-0.073692	-1.673380
1.676000	3.267323	3.174886	659.065872	0.494283	0.445162	4.983375
1.677000	3.750782	3.576412	661.876419	-0.345001	-0.153498	-2.622373
1.678000	3.106574	2.974565	656.255402	0.653771	0.524968	5.141089
1.679000	3.106574	2.854018	655.317520	-0.105038	-0.073692	-1.038666
1.680000	3.630119	3.215215	659.218933	0.733661	0.645022	6.725615
1.681000	3.710291	3.174442	660.159302	-0.185221	-0.113710	-1.829455
1.682000	3.670610	3.215215	658.129745	0.534082	0.485180	5.142819
1.683000	3.711100	3.174886	658.442276	-0.065240	-0.033674	-0.088946
1.684000	3.308218	2.693584	655.471375	-0.105038	-0.033674	-0.722749
1.685000	3.751186	3.014452	659.065079	0.454192	0.365586	3.556142
1.686000	4.113983	3.335320	661.565353	-0.185221	-0.113480	-1.357554
1.687000	3.348708	2.773802	655.315826	0.693862	0.564986	5.457826
1.688000	3.308622	2.733471	655.004028	-0.105038	-0.113480	-1.356315
1.689000	3.711100	3.014452	658.908737	0.653771	0.604774	5.617270
1.690000	3.711504	2.974565	658.438889	-0.225312	-0.153498	-1.989880
1.691000	3.711100	3.174886	658.442184	0.454192	0.285780	3.397609
1.692000	3.711504	3.095112	658.442184	-0.065240	0.006114	-0.722841
1.693000	3.147470	2.653697	654.846786	0.054449	0.125938	0.704484
1.694000	3.590438	3.014452	658.282547	0.493991	0.325568	3.714767
1.695000	3.872253	3.375207	661.409012	-0.105038	-0.033674	-1.037847
1.696000	3.107383	2.813689	655.160202	0.534082	0.484951	5.300112
1.697000	3.107383	2.934678	655.472092	-0.065240	0.005885	-0.404772
1.698000	3.228045	2.974565	657.033569	0.454192	0.405145	4.190365
1.699000	3.268536	3.134555	657.189056	-0.265111	-0.153727	-1.673472
1.700000	3.268132	3.335320	657.191528	0.493991	0.445162	4.033655
1.701000	3.268536	3.255102	657.035095	-0.065240	0.006114	-0.404864
1.702000	2.785077	2.854018	653.596146	-0.225312	-0.113480	-1.040397
1.703000	3.147470	3.255102	657.500137	0.613679	0.484951	4.506774
1.704000	3.510266	3.696073	660.626480	-0.185514	-0.073692	-1.039578
1.705000	2.785077	3.134555	654.848328	0.493991	0.445162	4.823020
1.706000	2.906144	3.214773	655.159317	0.014358	-0.033903	-0.564216
1.707000	3.107383	3.294989	656.094879	0.653478	0.604774	5.775474
1.708000	3.147064	3.375207	656.564560	-0.345001	-0.153727	-1.989880
1.709000	3.268132	3.696073	657.658951	0.374302	0.285780	2.605182
1.710000	3.308622	3.576412	656.878845	0.054449	0.085920	0.070498
1.711000	2.825163	3.134555	652.973434	-0.185221	-0.073692	-1.199841
1.712000	3.308218	3.415536	656.564560	0.534082	0.445162	4.190365
1.713000	3.791677	3.896838	659.847519	-0.145422	-0.073692	-1.038666
1.714000	3.187150	3.415536	654.539017	0.853349	0.604774	6.883329
1.715000	3.348304	3.616299	656.567108	-0.185221	-0.073692	-1.039906
1.716000	3.428476	3.375648	656.097382	0.653478	0.564986	5.774563
1.717000	3.387986	3.415536	656.567917	-0.225312	-0.073692	-1.198110
1.718000	3.710696	3.856951	658.443069	0.414101	0.405145	3.398030
1.719000	3.630119	3.736403	657.506775	-0.185221	-0.113710	-0.721601
1.720000	2.985104	3.335762	653.600388	-0.145422	-0.033903	-0.880953
1.721000	3.387581	3.576412	657.503403	0.534082	0.405145	4.349901
1.722000	3.871041	3.977498	660.473587	-0.265111	-0.153498	-1.355824
1.723000	3.226025	3.536525	656.258621	0.733368	0.564986	5.776714
1.724000	3.387581	3.776732	657.348816	-0.145422	-0.033903	-0.880462
1.725000	3.347091	3.616743	657.036133	0.693569	0.564757	6.249434
1.726000	3.387177	3.616743	657.816879	-0.345294	-0.153727	-2.464752
1.727000	3.628503	3.977498	659.849991	0.573588	0.484951	4.825754
1.728000	3.467753	3.937611	658.757339	-0.065240	0.006114	-0.405683
1.729000	2.943805	3.335762	654.850891	-0.145422	-0.033903	-0.564216
1.730000	3.306197	3.616743	657.504211	0.333918	0.405145	3.555652
1.731000	3.749166	4.057714	661.098785	-0.185221	-0.033903	-1.038666
1.732000	3.265707	3.657072	657.352020	0.534082	0.484951	5.141580
1.733000	3.427263	3.817063	658.288330	-0.185221	-0.153498	-1.040397
1.734000	3.386369	3.657072	658.128677	0.733368	0.604774	6.408878
1.735000	3.346283	3.657072	658.753174	-0.145422	-0.073692	-0.722420
1.736000	3.910722	4.218590	661.881210	0.453899	0.325568	3.714767
1.737000	3.709079	3.938052	659.849808	0.054449	0.005885	-0.247150
1.738000	3.225621	3.537411	655.943420	-0.065825	-0.073692	-0.564216
1.739000	3.386369	3.778063	658.441208	0.613679	0.444933	4.664487
1.740000	3.910722	4.178702	662.190521	-0.265404	-0.153498	-1.831094
1.741000	3.508245	3.818392	657.976349	0.613679	0.564757	5.616359
1.742000	3.709079	3.978381	659.848221	-0.225312	-0.113480	-1.355732
1.743000	3.508245	3.738175	658.285675	0.534082	0.524739	4.666967
1.744000	3.588821	3.817949	659.221069	-0.145422	-0.153498	-1.198110
1.745000	4.032194	4.219033	661.724716	0.454192	0.405145	3.873300
1.746000	3.871041	4.098928	660.474136	-0.065240	-0.033903	-0.563397
1.747000	3.468158	3.617185	657.035873	-0.225312	-0.073692	-1.357463
1.748000	3.670205	3.818392	658.597458	0.534082	0.485180	4.983375
1.749000	4.073088	4.178702	662.035645	-0.265111	-0.113710	-1.832824
1.750000	3.871445	4.018712	660.005112	0.693569	0.564757	6.091230
1.751000	3.911935	4.018712	660.317719	-0.185221	-0.073692	-1.198110
1.752000	3.670205	3.738175	658.597458	0.653771	0.524968	5.459066
1.753000	3.831763	3.778063	659.690811	-0.345001	-0.153498	-2.149982
1.754000	4.315221	4.459683	663.129852	0.693569	0.524968	5.459977
1.755000	4.113983	4.098928	661.100143	-0.065240	0.006114	-0.563397
1.756000	3.791677	3.778504	658.130829	-0.065825	0.006114	-0.565035
1.757000	3.832167	3.778504	660.002533	0.454192	0.325568	4.032652
1.758000	4.275136	4.098928	662.971832	-0.225605	-0.153498	-1.198110
1.759000	4.154473	4.098928	661.412750	0.613679	0.564757	5.775803
1.760000	4.154473	4.098928	661.411865	-0.265111	-0.113710	-1.989880
1.761000	3.751590	3.657516	658.911499	0.773459	0.644563	6.567082
1.762000	3.872657	3.738175	659.848572	-0.305202	-0.153498	-2.305965
1.763000	4.356117	4.219033	663.598633	0.534082	0.325568	3.873300
1.764000	3.993724	3.858721	661.413467	-0.105038	-0.033674	-0.881045
1.765000	3.711908	3.537411	658.913086	0.054449	0.085920	0.388238
1.766000	3.792485	3.617628	659.847778	0.414101	0.325568	3.240224
1.767000	4.195368	3.818392	662.817719	-0.185514	-0.073692	-0.880134
1.768000	4.034214	3.778063	661.102371	0.653771	0.644563	6.093451
1.769000	4.074705	3.938052	662.193390	-0.145422	-0.073692	-0.722258
1.770000	3.591246	3.296761	658.442459	0.573588	0.484951	4.825500
1.771000	3.711908	3.376534	659.224014	-0.265111	-0.073921	-1.514028
1.772000	4.316434	3.978381	663.443893	0.414101	0.365127	3.714767
1.773000	3.954042	3.617628	659.695541	-0.305202	-0.113480	-1.989810
1.774000	3.631736	3.416863	658.444077	0.094248	0.045903	0.227064
1.775000	3.873870	3.416863	659.692963	0.613679	0.445162	4.509254
1.776000	3.954042	3.496637	661.411697	-0.225312	-0.153498	-1.990538
1.777000	4.035023	3.697403	661.257736	0.613679	0.564757	5.616359
1.778000	3.994532	3.577297	661.570328	-0.225312	-0.033903	-1.357554
1.779000	3.349921	3.055667	656.724380	0.693569	0.564757	5.775803
1.780000	3.511477	3.055224	657.973358	-0.305202	-0.153727	-1.832334
1.781000	4.035023	3.616743	662.506622	0.493991	0.484721	4.507777
1.782000	3.592054	3.416422	659.226334	0.014358	0.045903	-0.088035
1.783000	3.350325	3.176213	657.663147	0.054156	0.045903	-0.404772
1.784000	3.229662	3.055224	658.130569	0.493991	0.444933	3.397938
1.785000	3.471392	3.255546	659.537338	-0.225312	-0.073921	-1.197291
1.786000	3.551968	3.415536	660.477005	0.813551	0.764387	6.726526
1.787000	3.471392	3.335762	660.007156	-0.265404	-0.153727	-1.989880
1.788000	2.786289	2.733915	655.318344	0.773167	0.644563	6.566592
1.789000	2.826780	2.854018	655.786484	-0.185514	-0.073692	-1.198110
1.790000	3.310643	3.335320	660.319672	0.453899	0.484951	4.508596
1.791000	2.906953	3.135441	657.664749	-0.145422	-0.113710	-1.199022
1.792000	2.746608	2.974565	656.413284	0.174138	0.125709	1.337560
1.793000	2.706117	2.813689	656.413284	0.454192	0.405145	3.556142
1.794000	2.866462	3.014452	657.506729	-0.185221	-0.073692	-1.829455
1.795000	2.987529	3.294989	658.758102	0.733368	0.644563	6.566592
1.796000	3.028019	3.294989	658.288345	-0.145422	-0.073921	-1.038666
1.797000	2.383407	2.653255	653.758270	0.653771	0.524739	5.775803
1.798000	2.383407	2.733471	654.537415	-0.225605	-0.113710	-1.989880
1.799000	3.149086	3.375207	660.006119	0.733368	0.564757	5.776385
1.800000	2.584646	3.134555	656.414886	-0.225312	-0.153727	-1.514939
1.801000	2.342916	2.853576	654.383484	0.094248	0.125709	1.022132
1.802000	2.342916	2.853576	654.225449	0.254028	0.245073	2.605419
1.803000	2.342916	2.893905	655.007782	-0.065825	-0.033903	-0.564216
1.804000	2.745799	3.294989	657.820847	0.653185	0.524739	5.776714
1.805000	2.504070	3.254660	656.882950	-0.105916	-0.073921	-0.722749
1.806000	1.899948	2.693142	652.353683	0.773459	0.564757	6.408878
1.807000	1.899948	2.733029	652.663773	-0.185221	-0.073921	-1.198110
1.808000	2.504070	3.374763	658.131042	0.613679	0.484721	4.982227
1.809000	2.101592	3.134113	655.010193	-0.145422	-0.113710	-0.881045
1.810000	1.779285	2.973237	653.134415	0.213936	0.085920	1.653968
1.811000	1.698304	2.812803	652.663773	0.174138	0.125938	1.181485
1.812000	1.497066	2.853132	652.821640	-0.185514	-0.073921	-1.040397
1.813000	1.940034	3.334435	655.945587	0.653478	0.564757	5.617270
1.814000	1.738795	3.253775	654.852158	-0.265111	-0.113710	-2.149071
1.815000	1.174760	2.772916	650.477005	0.653478	0.564757	5.615049
1.816000	1.014011	2.772472	650.631653	-0.225312	-0.073921	-0.880953
1.817000	1.819372	3.413764	656.568481	0.613679	0.484951	4.825662
1.818000	1.416085	3.294104	654.383209	0.014358	-0.073921	-0.880554
1.819000	1.215250	3.093340	652.039200	0.174138	0.125709	1.812501
1.820000	1.014011	2.853132	651.413834	0.254321	0.165497	1.815051
1.821000	1.053289	2.972794	652.039124	-0.265404	-0.193516	-1.832824
1.822000	1.416490	3.454095	654.071243	0.693277	0.524739	5.459556
1.823000	1.416490	3.454095	654.384811	-0.225312	-0.073921	-1.356315
1.824000	0.771877	2.972794	649.695999	0.773459	0.764387	6.884568
1.825000	0.771877	2.812803	649.226242	-0.305495	-0.153727	-1.832824
1.826000	1.537151	3.454095	655.788376	0.733368	0.604545	6.408878
1.827000	1.375999	3.374321	653.603088	-0.185514	-0.113939	-1.197782
1.828000	1.134270	3.213887	651.570953	0.213936	0.125709	1.813412
1.829000	1.054097	3.013124	651.256760	0.293826	0.165497	2.287863
1.830000	1.134270	3.053011	651.414612	-0.185514	-0.033903	-0.564216
1.831000	1.537151	3.494424	654.853683	0.733368	0.604545	5.935247
1.832000	1.496661	3.333990	654.072113	-0.345294	-0.153727	-2.622373
1.833000	0.932626	2.812803	649.385010	0.733368	0.564527	6.249763
1.834000	0.932626	2.812803	649.539719	-0.385092	-0.233763	-2.940350
1.835000	1.657411	3.253775	655.163956	0.613679	0.564757	5.617270
1.836000	1.576834	3.294104	654.385605	-0.385092	-0.273781	-1.670923
1.837000	1.456171	3.174000	652.352600	0.414101	0.365127	2.764044
1.838000	1.295018	2.973237	651.259949	0.173845	0.085691	1.180665
1.839000	1.335104	2.932906	651.883636	-0.145422	-0.034133	-0.406012
1.840000	1.899544	3.494424	655.947174	0.613679	0.564527	6.091230
1.841000	1.859054	3.294104	654.855347	-0.265404	-0.113939	-1.829455
1.842000	1.254528	2.853132	650.948151	0.653478	0.564527	5.775803
1.843000	1.335104	2.853132	650.478333	-0.146008	-0.113939	-1.672890
1.844000	1.899140	3.294104	655.946365	0.653478	0.564527	4.983375
1.845000	1.858649	3.414650	655.324295	-0.265404	-0.153727	-1.355495
1.846000	1.657006	3.214329	653.292160	0.373716	0.444933	2.921757
1.847000	1.536344	3.013566	652.352585	0.174138	0.125709	0.863508
1.848000	1.576430	3.094226	652.665283	-0.065825	-0.034133	-0.246568
1.849000	2.180955	3.614971	657.353119	0.613387	0.484721	5.142728
1.850000	1.939226	3.374763	655.636993	-0.225312	-0.113939	-1.198110
1.851000	1.535939	3.094226	652.513016	0.693277	0.524739	5.458155
1.852000	1.657006	3.134113	652.040710	-0.265404	-0.153727	-1.990538
1.853000	2.019399	3.374763	656.415314	0.693569	0.564757	5.775474
1.854000	2.019399	3.614971	655.794022	-0.065240	-0.113710	-0.881045
1.855000	1.818563	3.374763	654.698212	0.174138	0.165497	1.653968
1.856000	1.535939	3.174442	652.822327	0.134339	0.165497	1.180665
1.857000	1.616516	3.214329	653.605469	-0.065240	-0.033903	-0.247479
1.858000	2.220637	3.856065	658.603699	0.613679	0.484721	4.984195
1.859000	2.099975	3.775847	656.728714	-0.225312	-0.193516	-2.305308
1.860000	1.616516	3.375207	653.606445	0.813258	0.684351	7.517223
1.861000	1.576430	3.294547	653.447525	-0.265111	-0.153727	-1.831094
1.862000	2.140060	3.735960	657.353836	0.733368	0.564757	5.775803
1.863000	2.059889	3.816178	657.199982	-0.225312	-0.153727	-1.039578
1.864000	1.818563	3.696073	655.950287	0.254028	0.285091	2.447307
1.865000	1.375190	3.255102	652.512039	0.014358	0.005885	0.070169
1.866000	1.535939	3.375207	653.606995	-0.145422	0.005885	0.069350
1.867000	2.180551	3.976612	659.075058	0.653478	0.604315	5.300112
1.868000	1.899140	3.856951	657.513397	-0.265404	-0.153727	-1.990538
1.869000	1.456171	3.415536	653.920486	0.773459	0.684351	6.408878
1.870000	1.456171	3.375207	653.919601	-0.265404	-0.153727	-1.514028
1.871000	1.778477	3.696073	657.199905	0.733368	0.684351	6.568322
1.872000	1.939631	3.856507	657.982254	-0.305202	-0.153727	-1.988899
1.873000	1.657411	3.735960	656.421646	0.453899	0.444933	3.239405
1.874000	1.174356	3.214773	652.669022	0.054449	0.005885	-0.088364
1.875000	1.174760	3.294989	653.764053	-0.026026	0.005885	0.388567
1.876000	1.819372	3.896394	658.763885	0.414101	0.404915	3.079961
1.877000	1.497066	3.735960	656.889709	-0.185514	-0.073921	-0.880134
1.878000	1.255336	3.415094	654.390152	0.693569	0.604545	6.093451
1.879000	1.214846	3.294547	653.919601	-0.385385	-0.233763	-2.940350
1.880000	1.456980	3.575084	656.419861	0.733368	0.684351	6.091230
1.881000	1.779285	3.856065	657.826782	-0.225312	-0.233763	-1.197291
1.882000	1.416893	3.655744	655.639908	0.373716	0.324879	3.079961
1.883000	0.933031	3.174886	651.108963	0.014358	-0.034133	-0.246239
1.884000	1.094587	3.214773	652.669815	0.054156	0.125479	1.178116
1.885000	1.699113	3.816178	658.293335	0.373716	0.444703	3.082020
1.886000	1.578046	3.575970	656.109756	-0.146008	-0.113939	-1.674620
1.887000	1.255741	3.294989	653.453064	0.693277	0.604315	5.617270
1.888000	1.175569	3.294989	652.825363	-0.225605	-0.113939	-1.674620
1.889000	1.376403	3.334876	655.013763	0.653185	0.484721	5.141908
1.890000	1.779285	3.776291	657.046768	-0.065825	-0.073921	-0.721601
1.891000	1.416893	3.375207	654.547287	0.373716	0.324879	3.080872
1.892000	0.933839	3.014452	651.579681	0.054156	0.005885	0.069350
1.893000	0.973925	2.933792	651.264587	-0.065825	0.045673	0.230524
1.894000	1.578451	3.415094	656.730942	0.533496	0.484491	4.189454
1.895000	1.296231	3.294547	655.171844	-0.265404	-0.233993	-2.306946
1.896000	0.974329	3.013566	651.889069	0.573588	0.564298	4.983375
1.897000	0.852859	2.893463	651.731918	-0.225605	-0.113939	-1.990538
1.898000	1.014415	2.853132	652.513474	0.733368	0.644333	6.093780
1.899000	1.416893	3.254660	655.483643	-0.225312	-0.233763	-1.673472
1.900000	1.216059	3.053453	653.764862	0.373716	0.404915	3.239405
1.901000	0.692109	2.692698	650.171951	0.173845	0.125479	1.497074
1.902000	0.692109	2.612482	649.389526	-0.145422	-0.034133	-0.090094
1.903000	1.376807	3.013124	655.170090	0.333918	0.404915	3.080781
1.904000	1.054905	2.853132	652.671600	-0.345294	-0.273781	-2.781817
1.905000	0.772281	2.692698	650.171951	0.693569	0.564527	6.251655
1.906000	0.852859	2.612482	650.014008	-0.385092	-0.353587	-3.575156
1.907000	0.973925	2.612482	650.793243	0.693277	0.683892	6.250674
1.908000	1.376807	3.053453	653.608597	-0.225605	-0.073921	-1.197291
1.909000	1.215250	2.812803	652.204163	0.453314	0.484721	3.873300
1.910000	0.933839	2.491936	649.233353	0.014358	-0.073921	-0.721929
1.911000	0.933839	2.411717	648.922348	0.213936	0.205515	2.131389
1.912000	1.456575	2.652369	654.075150	0.333918	0.285091	3.080781
1.913000	1.376403	2.692698	652.358902	-0.305202	-0.273551	-2.149982
1.914000	1.094587	2.411717	649.391281	0.693277	0.644333	5.458155
1.915000	1.054097	2.211398	648.921555	-0.305202	-0.233763	-1.990538
1.916000	1.214846	2.251286	649.545074	0.733368	0.604545	5.617270
1.917000	1.738795	2.692256	652.828842	-0.385092	-0.193516	-1.514939
1.918000	1.416490	2.451605	651.734573	0.493991	0.484951	3.713948
1.919000	1.134270	2.171067	648.455078	-0.065240	0.005885	-0.088035
1.920000	1.134270	2.131181	648.766876	0.134046	0.085691	1.022132
1.921000	1.738391	2.491491	653.296158	0.414101	0.285091	3.082020
1.922000	1.416490	2.331059	651.894135	-0.225312	-0.113710	-0.880462
1.923000	1.174760	2.050521	648.923294	0.573588	0.524739	4.666967
1.924000	0.932626	1.849757	648.610703	-0.225605	-0.113939	-1.832334
1.925000	1.012798	1.849757	648.453568	0.693569	0.644333	6.408878
1.926000	1.416085	2.331059	651.893326	-0.265111	-0.153727	-1.514028
1.927000	1.335104	2.210955	651.581543	0.453899	0.365127	3.239405
1.928000	0.972308	1.890086	648.612396	0.173845	0.085691	0.546771
1.929000	0.851645	1.769983	647.987015	0.093955	0.005885	0.705395
1.930000	1.334700	1.969861	652.202805	0.533496	0.404915	3.238494
1.931000	1.294614	2.050078	651.583282	-0.305202	-0.153727	-1.515268
1.932000	0.972308	1.729652	649.081345	0.733368	0.644333	6.567411
1.933000	0.811155	1.489002	648.144318	-0.305495	-0.313569	-2.623123
1.934000	0.811155	1.448673	647.518967	0.573588	0.524739	4.823020
1.935000	1.454959	2.050078	652.986206	-0.185514	-0.153727	-1.197291
1.936000	1.172738	1.889645	650.956482	0.373716	0.444703	3.080872
1.937000	0.890923	1.528890	648.301468	-0.065240	-0.033903	-0.880134
1.938000	0.931414	1.488561	648.611755	0.094248	0.085691	0.069679
1.939000	1.333892	1.608664	651.267487	0.653478	0.484951	4.983866
1.940000	1.333892	1.809426	652.049911	-0.305202	-0.193516	-2.305965
1.941000	1.172738	1.609550	650.020996	0.733368	0.644563	6.566592
1.942000	0.971095	1.328568	647.987350	-0.225312	-0.073921	-1.355824
1.943000	1.011990	1.288239	648.455566	0.733368	0.564757	5.775803
1.944000	1.656198	1.889645	653.611572	-0.265404	-0.273551	-2.306946
1.945000	1.454959	1.649437	650.956573	0.573588	0.444933	4.350063
1.946000	1.213228	1.408787	648.923645	-0.065825	-0.033903	-0.247479
1.947000	1.373979	1.448673	649.237930	-0.065825	0.005885	-0.247058
1.948000	1.575621	1.408787	650.953354	0.454192	0.444933	3.715004
1.949000	1.938013	1.809426	652.987976	-0.145422	-0.033903	-0.881864
1.950000	1.816947	1.649879	651.114609	0.733368	0.604774	6.093451
1.951000	1.495449	1.328568	648.925247	-0.225312	-0.233763	-2.464498
1.952000	1.535535	1.248795	648.926117	0.693569	0.604545	6.250674
1.953000	2.180147	1.730097	653.457794	-0.305202	-0.193516	-1.988899
1.954000	2.059079	1.609991	651.581940	0.333918	0.405145	3.239076
1.955000	1.857437	1.529776	650.176788	-0.145422	-0.033903	-0.563397
1.956000	1.897523	1.409228	649.863312	0.134339	0.125709	1.337560
1.957000	1.857033	1.248795	650.797913	0.493991	0.484951	3.874448
1.958000	2.380981	1.730097	653.301544	-0.225312	-0.113710	-1.673380
1.959000	2.259915	1.649879	652.365265	0.693569	0.524739	5.457826
1.960000	1.897523	1.208907	648.925415	-0.265111	-0.113710	-1.355824
1.961000	1.978099	1.248795	649.394363	0.613679	0.484721	5.141908
1.962000	2.501644	1.690209	654.549652	-0.185514	-0.113710	-1.198110
1.963000	2.380981	1.569662	652.364471	0.454192	0.484951	3.714767
1.964000	2.259915	1.489888	650.332336	-0.025148	0.045903	-0.246239
1.965000	2.380981	1.329454	650.800568	0.054449	0.045903	0.227064
1.966000	2.340491	1.249238	651.267029	0.613679	0.564757	4.825662
1.967000	2.823950	1.690209	654.237122	-0.265111	-0.153498	-1.990538
1.968000	2.864037	1.650322	652.989044	0.733368	0.644563	5.616359
1.969000	2.461558	1.209352	650.487961	-0.185221	-0.113710	-1.355824
1.970000	2.622712	1.370227	651.112198	0.813258	0.644563	6.408878
1.971000	3.226833	1.770869	655.954239	-0.225312	-0.153498	-1.673472
1.972000	2.945018	1.570548	653.615051	0.414101	0.365127	3.238586
1.973000	2.784268	1.570548	651.583893	0.014358	0.005885	0.069679
1.974000	2.864440	1.450443	652.520004	-0.065240	-0.073692	-0.405591
1.975000	2.662797	1.209793	651.267838	0.493991	0.444933	4.509254
1.976000	3.267323	1.931746	655.486099	-0.265404	-0.153498	-1.991778
1.977000	3.226833	1.891858	654.862503	0.773459	0.764387	7.042773
1.978000	2.823546	1.490774	651.738632	-0.385092	-0.273551	-2.622373
1.979000	2.703288	1.610877	652.363754	0.733368	0.604545	6.408878
1.980000	3.145853	1.891858	656.577850	-0.265404	-0.193516	-1.673472
1.981000	2.984699	1.851971	654.549805	0.493991	0.444933	3.556563
1.982000	2.863632	1.851971	653.458786	-0.145422	-0.073921	-1.037847
1.983000	2.823546	1.812084	653.611130	0.054156	0.045903	0.862689
1.984000	2.380174	1.371113	651.424973	0.254028	0.285091	2.764044
1.985000	3.025190	2.092621	656.424881	-0.265404	-0.113939	-1.673472
1.986000	3.024785	2.052734	656.111313	0.693569	0.604545	5.775803
1.987000	2.581816	1.772197	652.831894	-0.305202	-0.113939	-1.990538
1.988000	2.703288	1.852415	653.144501	0.733368	0.644333	5.935247
1.989000	3.105766	2.052734	656.578735	-0.225312	-0.273551	-1.988899
1.990000	2.944613	1.892302	655.487717	0.573588	0.484721	4.666310
1.991000	2.904527	1.972518	654.552292	-0.065825	-0.033903	-0.405683
1.992000	2.904527	1.851971	654.706955	0.054156	0.045673	0.704484
1.993000	2.582625	1.491216	652.205811	0.573588	0.484721	4.348898
1.994000	3.307814	2.052734	657.204834	-0.185514	-0.073921	-0.881373
1.995000	3.227237	2.052734	657.052582	0.493991	0.484721	4.190365
1.996000	2.904932	1.611763	653.146271	-0.265404	-0.074151	-1.514028
1.997000	2.985508	1.812084	654.081741	0.653478	0.524739	5.776714
1.998000	3.227237	1.731424	656.735886	-0.185514	-0.073921	-1.039578
1.999000	3.348304	1.892302	656.426468	0.573295	0.444933	3.873300
2.000000	3.307814	1.972518	656.116455	0.134339	0.085691	1.021221
2.001000	3.267728	1.852415	655.801346	0.094248	0.006114	0.227064
2.002000	2.945018	1.371113	653.145386	0.453899	0.404915	3.397938
2.003000	3.630119	1.972518	657.831894	-0.305202	-0.073921	-1.357554
2.004000	3.549139	1.972076	658.301712	0.693569	0.604545	5.775803
2.005000	3.025190	1.610877	654.396912	-0.185221	-0.193516	-1.672890
2.006000	3.227237	1.692423	655.176956	0.613679	0.604545	5.459066
2.007000	3.347495	1.651208	657.362045	-0.145422	-0.113710	-0.565127
2.008000	3.428072	1.812084	656.584671	0.453899	0.365127	3.397119
2.009000	3.549139	2.012405	657.367188	-0.065825	0.006114	0.068768
2.010000	3.145853	1.691537	656.116547	0.054156	0.085691	0.704484
2.011000	2.863632	1.411000	653.616165	0.573588	0.484951	4.190365
2.012000	3.508245	1.972076	658.770645	-0.305202	-0.193516	-2.781817
2.013000	3.347091	1.892302	657.522568	0.733368	0.604774	5.775803
2.014000	2.984699	1.691537	654.397873	-0.265111	-0.153727	-2.306946
2.015000	3.185534	1.772197	655.334167	0.733368	0.644563	6.249763
2.016000	3.105362	1.490774	655.644302	-0.345001	-0.273092	-2.622373
2.017000	3.225621	1.731424	656.273758	0.653478	0.564757	5.618181
2.018000	3.548331	2.052292	657.836060	-0.025148	0.006114	-0.246239
2.019000	3.266111	1.651208	655.492126	0.134339	0.046132	0.704156
2.020000	2.984295	1.330340	652.679153	0.493991	0.445162	4.032652
2.021000	3.709079	1.932189	658.614487	-0.185221	-0.073692	-1.038666
2.022000	3.467753	1.771311	656.898254	0.534082	0.524968	4.665307
2.023000	3.226025	1.651208	653.617935	-0.304910	-0.113710	-2.305308
2.024000	3.427667	1.731424	655.333374	0.693569	0.564986	6.566592
2.025000	3.185534	1.410556	654.395309	-0.304910	-0.273092	-1.989880
2.026000	3.508245	1.731424	655.803940	0.494283	0.365586	3.872480
2.027000	3.830955	2.093065	657.835266	-0.065240	0.006114	-0.564216
2.028000	3.387581	1.610877	654.865143	0.134339	0.086150	1.022132
2.029000	3.105362	1.330782	652.210220	0.453899	0.484951	3.872717
2.030000	3.830955	1.931746	657.675720	-0.185221	-0.153498	-1.198110
2.031000	3.710291	1.771311	656.272873	0.733661	0.564757	5.459556
2.032000	3.307814	1.691537	653.617767	-0.265111	-0.113710	-2.146521
2.033000	3.509053	1.731424	655.491333	0.613679	0.484951	5.141908
2.034000	3.226833	1.410556	652.678299	-0.225020	-0.113710	-1.040397
2.035000	3.549139	1.771311	655.334991	0.453899	0.405145	3.872480
2.036000	3.831763	2.293386	657.366394	-0.065240	0.006114	-0.563397
2.037000	3.387986	1.610877	653.615387	0.014943	0.006344	0.387747
2.038000	3.146660	1.491216	651.584854	0.573588	0.484951	4.666967
2.039000	3.911935	2.012405	657.209091	-0.225020	-0.113480	-1.673380
2.040000	3.549139	1.891858	654.554184	0.693569	0.564757	5.141908
2.041000	3.428476	1.731424	652.524429	-0.265111	-0.113710	-1.672890
2.042000	3.509053	1.771311	653.615555	0.613679	0.564757	5.141908
2.043000	3.106574	1.330340	650.177933	-0.225312	-0.113710	-1.515268
2.044000	3.630119	1.851971	654.082748	0.453899	0.405145	3.872480
2.045000	4.033001	2.212726	657.367188	0.014358	0.006114	0.389057
2.046000	3.428476	1.691095	652.054688	0.054449	0.085920	-0.088854
2.047000	3.348304	1.491216	650.959579	0.653771	0.524968	5.141908
2.048000	3.872253	1.891858	655.645920	-0.145422	-0.113710	-1.198110
2.049000	3.671014	1.772197	653.929688	0.693569	0.604545	5.934007
2.050000	3.711504	1.812084	653.305359	-0.305202	-0.153727	-2.622373
2.051000	3.832571	1.812084	654.395340	0.733661	0.644563	6.409207
2.052000	3.268536	1.090132	650.178741	-0.345001	-0.193516	-2.305965
2.053000	3.913552	1.731424	655.022308	0.573588	0.484721	3.556563
2.054000	4.356521	2.093065	657.991516	0.014358	0.005885	-0.088525
2.055000	3.510670	1.451329	652.212555	0.094248	0.085920	0.230034
2.056000	3.390007	1.371113	651.741928	0.453899	0.444933	3.715004
2.057000	3.873466	1.691537	655.959152	-0.225312	-0.113710	-1.355824
2.058000	3.752398	1.692423	654.868286	0.693569	0.564757	5.775474
2.059000	3.631736	1.892744	654.243881	-0.305202	-0.153498	-1.990538
2.060000	3.631736	1.772197	654.866623	0.613679	0.524968	5.141908
2.061000	2.987125	1.251451	650.647598	-0.225605	-0.113710	-1.197782
2.062000	3.671418	1.892744	655.803772	0.454192	0.405145	3.554504
2.063000	3.994128	2.374045	658.772980	-0.145422	-0.033903	-0.721929
2.064000	3.228045	1.732754	653.773880	0.174138	0.125709	1.181576
2.065000	2.986720	1.692866	652.835098	0.573588	0.484951	4.667786
2.066000	3.429688	2.013290	656.113785	0.014358	-0.113710	-1.038666
2.067000	3.308622	2.093950	655.336426	0.653478	0.524739	5.458155
2.068000	3.308622	2.174167	655.492676	-0.065825	-0.033903	-0.406012
2.069000	3.228045	2.134279	655.803619	0.653771	0.564757	5.617270
2.070000	2.623520	1.532875	650.646713	-0.185514	-0.113710	-1.673472
2.071000	3.348708	2.174610	655.645569	0.453899	0.404915	3.240316
2.072000	3.751186	2.495034	658.771225	-0.145422	-0.033903	-0.246239
2.073000	3.106978	2.014176	652.835999	0.014358	0.005885	-0.247058
2.074000	3.187555	1.974731	652.677948	0.493991	0.484951	4.189454
2.075000	3.549947	2.214939	655.644775	-0.145422	-0.033903	-0.880134
2.076000	3.590033	2.255270	655.647293	0.693277	0.524739	5.775803
2.077000	3.831763	2.536249	656.116211	-0.225312	-0.113939	-1.515268
2.078000	3.791677	2.335486	656.115402	0.733661	0.564757	6.408878
2.079000	3.187555	1.734081	650.490372	-0.225312	-0.153498	-1.039578
2.080000	3.872253	2.416146	655.644852	0.293826	0.285091	2.604691
2.081000	4.355712	2.696683	658.615677	0.014358	0.045903	-0.088035
2.082000	3.711504	2.094836	652.992340	0.054156	0.045903	0.545952
2.083000	3.711504	2.055391	652.990646	0.414101	0.444933	3.874448
2.084000	3.912743	2.175053	655.021103	-0.185514	-0.073921	-1.198110
2.085000	4.113983	2.295599	655.647995	0.893148	0.764387	7.042773
2.086000	4.436289	2.616909	657.681152	-0.225312	-0.113710	-1.989627
2.087000	4.114387	2.295599	656.584351	0.733368	0.604545	6.250674
2.088000	3.429688	1.693750	650.803864	-0.145422	-0.113710	-1.198110
2.089000	4.154877	2.295157	656.428085	0.573588	0.484951	4.189708
2.090000	4.356117	2.536249	658.929947	-0.185221	-0.073921	-1.039578
2.091000	3.671418	2.015062	653.462799	0.174138	0.125709	0.863017
2.092000	3.671418	2.015062	653.773010	0.493991	0.484951	4.823020
2.093000	3.671418	1.974731	654.553009	-0.305202	-0.233763	-2.305965
2.094000	3.872657	2.255270	656.274139	0.653478	0.564757	5.775803
2.095000	4.194963	2.536694	658.306183	-0.225312	-0.073921	-1.357554
2.096000	3.953638	2.214939	656.743011	0.733368	0.604545	6.091230
2.097000	3.228450	1.773969	651.743988	-0.265404	-0.273551	-2.781817
2.098000	3.953638	2.295599	657.523026	0.653185	0.564527	5.774164
2.099000	4.195368	2.416146	659.710709	-0.065240	-0.033903	-0.880134
2.100000	3.551160	2.055391	654.402283	0.054449	0.045903	0.385596
2.101000	3.631736	2.055391	654.711594	0.254028	0.284862	2.448126
2.102000	3.511074	1.894958	655.334473	-0.185514	-0.073921	-0.880134
2.103000	3.833380	2.135165	656.587463	0.653478	0.444933	4.031013
2.104000	4.316434	2.696683	659.867752	-0.225312	-0.074151	-1.674620
2.105000	3.833380	2.175053	657.369095	0.693277	0.604545	5.616359
2.106000	3.309835	1.653864	652.837418	-0.185514	-0.153727	-1.515268
2.107000	3.994937	2.215384	658.617096	0.373716	0.444933	4.350063
2.108000	4.196176	2.456034	660.494644	-0.145422	-0.034133	-0.563397
2.109000	3.551564	2.094836	655.498123	0.094248	0.005885	0.704484
2.110000	3.632140	2.094836	656.743805	0.333625	0.404915	2.922576
2.111000	3.309430	1.773969	654.712402	-0.305202	-0.273551	-1.990538
2.112000	3.591650	2.135165	658.464127	0.733368	0.644333	6.408387
2.113000	4.035023	2.656354	661.432617	-0.225605	-0.113939	-1.673380
2.114000	3.430093	2.094836	657.682571	0.613387	0.564527	5.141908
2.115000	2.946634	1.894515	654.088776	-0.185514	-0.034133	-0.881045
2.116000	3.550756	2.295157	659.555054	0.653478	0.524739	4.666310
2.117000	3.630928	2.456034	659.713791	-0.225312	-0.073921	-1.355824
2.118000	3.066892	2.215384	656.433594	-0.065825	0.005885	-0.880462
2.119000	3.106978	2.175053	657.369965	0.453899	0.444703	3.874448
2.120000	2.703692	1.894515	654.868729	-0.265404	-0.153727	-1.990538
2.121000	2.985508	2.295599	657.838089	0.613679	0.683892	5.459066
2.122000	3.509053	2.655910	661.588959	-0.145422	-0.193975	-1.356735
2.123000	2.743778	2.134724	656.745407	0.773459	0.644333	6.725615
2.124000	2.501644	1.934402	654.245209	-0.225605	-0.113939	-2.305965
2.125000	3.065276	2.255270	659.399597	0.613387	0.524509	4.983467
2.126000	3.226833	2.374931	659.870224	-0.145422	-0.033903	-0.721929
2.127000	2.823950	2.175053	656.747070	0.014358	-0.033903	-0.088854
2.128000	2.904527	2.174610	657.525406	0.533496	0.444933	3.715004
2.129000	2.501240	1.733638	654.556198	-0.265404	-0.074151	-1.515268
2.130000	3.105362	2.295157	658.463287	0.733661	0.644333	6.567411
2.131000	3.548735	2.655910	662.057983	-0.345294	-0.273551	-2.780906
2.132000	2.904122	2.014176	656.745483	0.693277	0.604545	6.725615
2.133000	2.622712	1.813855	653.777863	-0.225312	-0.113710	-1.355824
2.134000	3.226025	2.214498	659.243256	0.573588	0.484721	4.824514
2.135000	3.266111	2.294714	659.400482	-0.225312	-0.113710	-2.145864
2.136000	3.024381	2.254827	656.902679	0.134046	0.085691	1.022132
2.137000	3.104553	2.174610	657.370026	0.333918	0.365127	3.397846
2.138000	2.581008	1.813855	653.619904	-0.265404	-0.113710	-1.674620
2.139000	3.144639	2.254827	657.837387	0.613679	0.564757	5.616359
2.140000	3.708271	2.736570	661.430283	-0.185514	-0.153727	-1.038666
2.141000	2.862420	2.134724	655.651245	0.653478	0.484721	5.141908
2.142000	2.781439	2.054505	654.244400	-0.145422	-0.113710	-0.880134
2.143000	3.184725	2.295157	657.678543	0.653771	0.484951	5.776385
2.144000	3.345070	2.375374	658.620438	-0.065240	-0.033903	-0.405354
2.145000	3.184321	2.335486	657.058945	0.014358	0.005885	-0.089673
2.146000	3.184321	2.335486	657.525406	0.453899	0.444933	3.557290
2.147000	2.499219	1.773969	652.839005	-0.225312	-0.073921	-1.515759
2.148000	3.104149	2.295157	657.522995	0.493991	0.444933	4.190365
2.149000	3.506628	2.696241	661.430038	-0.185514	-0.033903	-1.038666
2.150000	2.741757	1.974731	655.182129	0.613679	0.604545	5.617270
2.151000	2.621095	1.974731	654.868713	-0.185221	-0.073692	-0.880134
2.152000	2.983891	2.214939	657.989304	0.613679	0.444933	4.505793
2.153000	3.145043	2.295157	659.087616	-0.065240	-0.073692	-0.245748
2.154000	2.984295	2.335486	658.619476	0.014358	0.085920	-0.088854
2.155000	2.904122	2.214939	658.304291	0.254028	0.285091	2.766103
2.156000	2.219424	1.854629	653.619583	-0.305202	-0.193516	-1.832334
2.157000	2.823950	2.255270	657.991608	0.693569	0.564757	5.934007
2.158000	3.227237	2.536249	661.897934	-0.305202	-0.233763	-1.990538
2.159000	2.380981	2.015062	655.650726	0.693277	0.604545	6.091230
2.160000	2.340896	2.134724	655.493576	-0.265404	-0.153727	-1.832824
2.161000	2.623116	2.255270	658.615051	0.653478	0.564757	5.141580
2.162000	2.784673	2.456034	660.025177	-0.185514	-0.153727	-1.198202
2.163000	2.825163	2.696683	660.024384	0.214229	0.085920	0.862689
2.164000	2.583433	2.335486	658.772919	0.333918	0.205515	3.240224
2.165000	2.140465	1.975175	655.025284	-0.225312	-0.033903	-1.198110
2.166000	2.664010	2.495920	659.084717	0.693569	0.524739	6.249434
2.167000	3.066892	2.816789	662.524490	-0.345001	-0.273551	-2.306946
2.168000	2.301213	2.336372	656.745605	0.693569	0.604545	5.616359
2.169000	2.261127	2.416588	656.899521	-0.305202	-0.193975	-2.781817
2.170000	2.543347	2.416146	658.305481	0.653478	0.564527	5.775474
2.171000	2.865249	2.776901	660.336792	-0.145422	-0.073921	-0.882285
2.172000	2.986720	3.017993	661.588196	0.173845	0.165497	1.337560
2.173000	2.623923	2.657240	659.867065	0.254028	0.285091	2.446886
2.174000	2.100379	2.416588	655.807617	-0.185221	-0.073921	-0.722420
2.175000	2.704501	2.657240	660.338242	0.653478	0.524739	5.457826
2.176000	3.187960	3.098211	663.618698	-0.185514	-0.034133	-1.039578
2.177000	2.261127	2.617353	657.528656	0.573588	0.524739	5.459556
2.178000	2.302022	2.537135	657.528564	-0.265404	-0.193975	-2.464498
2.179000	2.302022	2.496806	658.461731	0.573588	0.484951	4.826411
2.180000	2.583433	2.858003	660.807175	-0.185514	-0.034133	-0.563068
2.181000	2.704501	3.098211	662.057831	0.174138	0.125479	1.022132
2.182000	2.221041	2.777343	659.714630	0.293826	0.284862	3.081438
2.183000	1.737582	2.376701	656.434235	-0.065825	-0.074151	-0.563305
2.184000	2.100379	2.657240	659.557312	0.613387	0.564527	5.459556
2.185000	2.502857	3.098653	663.620834	-0.225605	-0.113939	-1.198110
2.186000	1.737582	2.617353	658.310028	0.693277	0.524509	5.141908
2.187000	1.616920	2.617353	658.154480	-0.105916	-0.074151	-1.039906
2.188000	1.375594	2.376259	657.995819	0.453899	0.404456	4.983375
2.189000	1.656602	2.696683	660.809479	-0.225605	-0.193975	-2.146775
2.190000	1.899140	2.857118	662.373550	0.173845	0.125479	1.653968
2.191000	1.415680	2.496806	659.091492	0.413222	0.364668	3.080781
2.192000	0.972308	2.215825	656.279419	-0.265404	-0.233993	-1.990538
2.193000	1.335104	2.496363	659.715881	0.733075	0.564298	6.093451
2.194000	1.616920	2.737014	662.528824	-0.305495	-0.233993	-1.515268
2.195000	1.173548	2.496363	658.782150	0.733368	0.643874	6.249434
2.196000	1.052884	2.496363	657.996429	-0.305495	-0.233993	-2.622373
2.197000	0.931818	2.135165	657.373550	0.693277	0.564298	5.776293
2.198000	1.335104	2.536694	660.186417	-0.225605	-0.154186	-1.514939
2.199000	1.535939	2.737014	661.905045	0.093955	0.165038	0.862689
2.200000	1.092970	2.416146	658.312958	0.333625	0.324650	2.448126
2.201000	0.972308	2.255713	656.280838	-0.105916	-0.113939	-1.198110
2.202000	1.254528	2.416146	659.090500	0.613387	0.524280	5.300112
2.203000	1.576025	2.576580	661.592361	-0.265697	-0.193975	-1.039578
2.204000	1.213634	2.416588	658.626358	0.773167	0.683892	6.566592
2.205000	1.133057	2.335486	657.998566	-0.305495	-0.233993	-2.465409
2.206000	0.931818	1.975175	656.124405	0.613387	0.524509	5.617599
2.207000	1.375190	2.335486	658.780136	-0.265404	-0.193975	-1.670923
2.208000	1.616516	2.656354	661.124130	0.333625	0.324879	2.605511
2.209000	1.052884	2.214939	657.375519	0.213936	0.284862	1.814722
2.210000	1.012798	2.094836	655.501343	-0.065825	-0.034363	-0.564216
2.211000	1.174356	2.175053	657.842865	0.733368	0.604315	6.408878
2.212000	1.456171	2.495920	659.874039	-0.225605	-0.193975	-1.357554
2.213000	1.214846	2.335486	657.844467	0.613387	0.524509	5.300112
2.214000	1.054097	2.255270	657.532486	-0.105916	-0.154186	-0.880462
2.215000	0.691300	1.974731	654.406769	0.613387	0.524280	5.459556
2.216000	1.054502	2.214939	657.687881	-0.305495	-0.154186	-2.306219
2.217000	1.255741	2.616023	659.875534	0.173845	0.205056	1.179027
2.218000	0.652022	2.094393	655.501007	0.293826	0.324650	2.606659
2.219000	0.531361	2.134724	654.564545	-0.026026	0.005655	-0.405683
2.220000	0.611937	2.134724	656.437027	0.693277	0.524280	5.300112
2.221000	0.813581	2.415260	658.156555	-0.146008	-0.114398	-0.721929
2.222000	0.612342	2.374931	657.376526	0.613387	0.484491	5.300112
2.223000	0.491678	2.374931	655.968781	-0.146008	-0.074151	-1.355824
2.224000	-0.032270	2.134724	652.531281	0.613387	0.564298	4.983375
2.225000	0.330930	2.415260	656.281387	-0.146008	-0.114398	-1.040489
2.226000	0.693322	2.776015	658.783188	0.173845	0.125020	0.704156
2.227000	-0.071953	2.294714	653.159683	0.333625	0.244844	2.289922
2.228000	-0.071953	2.335045	653.315216	-0.105916	-0.114398	-1.039578
2.229000	-0.031058	2.294714	654.249008	0.692984	0.524280	5.617270
2.230000	0.129691	2.495034	655.812912	-0.146008	-0.074610	-1.198110
2.231000	-0.031058	2.695798	654.877335	0.613094	0.603856	5.775803
2.232000	-0.312874	2.374931	653.783096	-0.225605	-0.234222	-2.305965
2.233000	-0.756247	2.093950	650.502014	0.573295	0.603856	5.141908
2.234000	-0.353364	2.414374	652.999725	-0.265697	-0.154416	-1.198202
2.235000	-0.111231	2.735684	655.968201	0.213644	0.164808	1.811682
2.236000	-0.715756	2.294714	650.660583	0.293534	0.244614	2.605839
2.237000	-0.714948	2.374931	651.285797	-0.106209	-0.114628	-1.039578
2.238000	-0.755842	2.334600	651.439575	0.733075	0.643874	6.251655
2.239000	-0.554199	2.334600	653.472397	-0.146301	-0.114628	-1.672162
2.240000	-0.473218	2.655469	653.941422	0.692984	0.563609	5.934007
2.241000	-0.795120	2.374931	652.378967	-0.226191	-0.154646	-1.357554
2.242000	-1.359156	2.014176	649.098587	0.693277	0.643644	6.408878
2.243000	-1.036849	2.335045	652.220764	-0.305788	-0.234222	-2.306219
2.244000	-0.754630	2.615582	655.972412	0.253442	0.284402	2.605020
2.245000	-1.278175	2.254827	652.224762	0.373131	0.324420	2.922485
2.246000	-1.438924	2.375374	652.067444	-0.066411	-0.074610	-0.721929
2.247000	-1.600481	2.174610	652.535416	0.613094	0.523591	5.141908
2.248000	-1.680654	2.375374	654.878647	-0.026319	0.004737	-0.247479
2.249000	-1.679845	2.616023	655.973602	0.732782	0.603397	5.775803
2.250000	-2.082323	2.456034	654.725403	-0.266282	-0.154646	-1.514028
2.251000	-2.686849	2.134724	652.382828	0.652892	0.523591	5.300112
2.252000	-2.686445	2.255270	654.722656	-0.226191	-0.115087	-1.831348
2.253000	-2.605867	2.655910	658.316376	0.133168	0.244385	1.654879
2.254000	-3.129414	2.456034	655.506531	0.093369	0.124331	0.703153
2.255000	-3.531891	2.456034	655.193024	-0.106502	-0.075299	-0.882193
2.256000	-3.814112	2.175053	655.348236	0.572710	0.443785	5.300112
2.257000	-3.894284	2.456034	657.848511	-0.106502	-0.115087	-1.040817
2.258000	-4.014947	2.696241	658.161118	0.652892	0.563379	5.458645
2.259000	-4.458319	2.536249	657.223938	-0.066703	-0.075299	-0.721929
2.260000	-5.102527	2.175053	654.099091	0.492819	0.443555	4.981224
2.261000	-4.981460	2.375374	656.596878	-0.146593	-0.115317	-1.356406
2.262000	-4.901289	2.656354	659.253403	0.292948	0.323732	2.763224
2.263000	-5.183104	2.536249	656.914276	0.133168	0.124331	1.181485
2.264000	-5.424429	2.536249	656.286499	-0.146593	-0.035281	-1.040397
2.265000	-5.585986	2.335486	655.972931	0.692105	0.643185	6.725615
2.266000	-5.626072	2.495920	657.532898	-0.306666	-0.235140	-1.831094
2.267000	-5.424429	2.776458	658.159790	0.572710	0.603167	5.616359
2.268000	-5.666159	2.495920	656.755203	-0.146593	-0.075299	-1.355824
2.269000	-6.109531	2.255270	654.098572	0.692691	0.602938	5.775803
2.270000	-5.907484	2.496363	655.659348	-0.266282	-0.155105	-1.514939
2.271000	-5.505410	2.856675	659.095016	0.332747	0.323732	2.763224
2.272000	-5.706649	2.736570	655.972855	0.133168	0.164119	0.863508
2.273000	-5.666562	2.736570	656.129013	-0.106795	-0.035510	-0.881373
2.274000	-5.948782	2.616023	654.565750	0.532618	0.443555	5.141908
2.275000	-5.747139	2.696683	655.657486	-0.146593	-0.115317	-1.514028
2.276000	-5.465323	3.057880	657.223175	0.772288	0.642956	6.567411
2.277000	-5.788033	2.857118	654.880035	-0.346465	-0.354735	-2.781817
2.278000	-6.069849	2.696683	652.846130	0.772288	0.603167	6.093451
2.279000	-5.948782	2.696683	653.314270	-0.266282	-0.195352	-1.832916
2.280000	-5.466131	2.977664	656.593796	0.412637	0.363520	3.239076
2.281000	-5.546304	3.137654	655.346497	0.013187	0.004278	0.228702
2.282000	-5.747948	3.098211	654.252899	-0.026905	-0.035510	-0.247479
2.283000	-5.949591	2.816789	652.532578	0.532325	0.483344	4.981224
2.284000	-5.909504	2.856675	652.844376	-0.186685	-0.115317	-1.830695
2.285000	-5.667775	3.258202	655.033646	0.612508	0.563150	5.934007
2.286000	-5.949995	3.057880	652.066742	-0.226483	-0.115317	-1.356735
2.287000	-6.151234	2.856675	650.501953	0.612508	0.563150	5.934007
2.288000	-6.151234	2.897004	650.188385	-0.226483	-0.195352	-1.514939
2.289000	-5.748756	3.177542	652.998047	0.452435	0.443326	3.557873
2.290000	-5.667775	3.337976	652.377747	-0.026905	0.004507	-0.247150
2.291000	-5.828928	3.377862	651.125473	-0.106795	-0.035510	-0.721929
2.292000	-6.071062	3.057880	648.936920	0.492527	0.483344	4.506612
2.293000	-5.869419	3.097325	650.186630	-0.146593	-0.115317	-0.721439
2.294000	-5.385960	3.619398	652.685287	0.412637	0.363520	4.505863
2.295000	-5.587603	3.419079	650.500031	-0.066703	-0.035510	-0.564216
2.296000	-5.708265	3.258202	648.936752	0.692105	0.642956	5.300112
2.297000	-5.587603	3.379192	649.089828	-0.306666	-0.195352	-1.830695
2.298000	-5.184721	3.539182	651.744019	0.492527	0.483344	3.555323
2.299000	-4.862414	3.820163	651.904297	0.133168	0.084313	1.181485
2.300000	-4.781838	3.941152	651.435364	-0.026905	-0.075299	-0.882193
2.301000	-5.023972	3.540068	649.088776	0.572417	0.483344	4.348898
2.302000	-4.821924	3.580397	649.868713	-0.146593	-0.075528	-1.515176
2.303000	-4.177717	4.262462	653.620438	0.652014	0.603167	5.775474
2.304000	-4.378955	4.021811	650.651962	-0.346465	-0.235370	-1.991778
2.305000	-4.338870	3.942038	650.182129	0.532618	0.523132	5.300112
2.306000	-4.258293	4.062140	650.337677	-0.186685	-0.115317	-1.355824
2.307000	-4.016968	4.102028	651.898361	0.412637	0.363749	3.555323
2.308000	-3.734748	4.463669	652.995087	-0.066703	-0.035510	-0.563397
2.309000	-3.694258	4.543886	652.368988	-0.066996	-0.115317	-0.880462
2.310000	-4.097544	4.183131	649.243347	0.572417	0.483344	4.984195
2.311000	-3.936795	4.263348	649.555054	-0.186685	-0.195352	-1.673472
2.312000	-3.452932	4.824865	653.305176	0.612508	0.523132	5.618089
2.313000	-3.655384	4.665318	650.961090	-0.186685	-0.115317	-1.199022
2.314000	-3.775642	4.584658	649.555862	0.572417	0.523361	5.300112
2.315000	-3.735961	4.544770	648.772552	-0.306666	-0.115317	-2.781817
2.316000	-3.534317	4.624989	649.552505	0.572417	0.483344	4.189708
2.317000	-3.171925	5.106290	651.741867	0.013187	0.004278	0.229521
2.318000	-3.172330	5.146177	650.647614	-0.066703	-0.035510	-1.039578
2.319000	-3.615298	4.584658	646.897476	0.492527	0.443555	4.823020
2.320000	-3.413654	4.705204	647.051346	-0.146593	-0.035510	-0.721929
2.321000	-2.890109	5.225951	651.114975	0.532325	0.563150	5.457826
2.322000	-3.051666	5.106290	648.771744	-0.146593	-0.155564	-1.356315
2.323000	-3.131839	4.945856	647.209290	0.692105	0.483344	5.618089
2.324000	-3.091752	4.905525	647.052155	-0.226483	-0.235140	-2.623123
2.325000	-2.930599	4.905525	646.579132	0.532618	0.443555	4.666800
2.326000	-2.447544	5.387269	648.612854	-0.026612	0.004507	-0.246331
2.327000	-2.286391	5.547703	648.457474	0.052985	0.084084	-0.088364
2.328000	-2.689274	4.945856	644.392258	0.492527	0.483344	4.665307
2.329000	-2.528121	4.986629	644.235123	-0.026612	-0.035281	-0.246568
2.330000	-1.843423	5.627921	649.080109	0.572710	0.523361	5.300441
2.331000	-1.924403	5.548147	646.425980	-0.066703	-0.035510	-0.089275
2.332000	-1.964086	5.387269	645.017456	0.532618	0.483344	5.458645
2.333000	-1.884317	5.307495	644.235916	-0.146593	0.004507	-0.881373
2.334000	-1.803741	5.147061	643.297150	0.412637	0.284173	3.080452
2.335000	-1.239706	5.828684	646.734589	-0.026612	0.004507	-0.246331
2.336000	-1.118639	5.909785	645.952957	-0.066703	0.004507	-0.565456
2.337000	-1.602098	5.307495	641.891922	0.572417	0.523361	5.618089
2.338000	-1.481030	5.388155	641.576752	-0.186685	-0.155105	-1.356735
2.339000	-0.836823	5.869013	645.483124	0.812087	0.603397	5.934007
2.340000	-0.998380	5.788796	643.297958	-0.146593	-0.075299	-0.723169
2.341000	-1.199620	5.709023	641.732285	0.532618	0.483344	4.984195
2.342000	-1.280196	5.588034	640.326080	-0.226483	-0.235140	-2.464752
2.343000	-1.320282	5.387269	639.231140	0.452728	0.443555	4.190365
2.344000	-0.675670	6.109665	642.514633	-0.026905	0.004507	-0.404864
2.345000	-0.594689	6.109665	641.418808	-0.186685	-0.035510	-1.198110
2.346000	-1.038062	5.628363	637.514023	0.612508	0.483573	4.984195
2.347000	-0.957890	5.668250	636.572845	-0.146593	-0.035510	-0.721929
2.348000	-0.353364	6.069334	640.010208	0.492527	0.523361	4.822692
2.349000	-0.313277	6.109665	638.450317	-0.146593	-0.035510	-1.357554
2.350000	-0.232701	6.069777	636.572769	0.852178	0.642956	6.725944
2.351000	-0.192211	5.869013	635.008881	-0.346465	-0.235140	-2.465409
2.352000	-0.152125	5.829125	633.599487	0.532618	0.443555	4.825662
2.353000	0.734216	6.591409	637.977295	-0.066703	0.004507	-0.406594
2.354000	0.935455	6.712398	636.726654	0.053278	0.044525	0.388238
2.355000	0.572255	6.311314	632.037811	0.452728	0.284402	3.873208
2.356000	0.733812	6.352086	631.253815	-0.146593	-0.075299	-1.197291
2.357000	1.619749	6.913162	634.845810	0.692691	0.563379	5.775803
2.358000	1.619749	6.913604	632.973236	-0.106502	-0.035281	-1.199022
2.359000	1.740816	6.913604	631.410782	0.572710	0.523361	5.141580
2.360000	1.740816	6.873717	630.157715	-0.266282	-0.075299	-1.990538
2.361000	1.780903	6.633509	627.967560	0.572710	0.483573	5.141580
2.362000	2.667244	7.475566	632.811859	-0.106502	-0.035281	-0.880225
2.363000	2.828396	7.515895	631.874771	0.053278	0.204367	1.022132
2.364000	2.425919	7.195471	627.029526	0.372838	0.284173	3.397846
2.365000	2.425919	7.155140	625.778870	-0.186392	-0.075069	-1.515268
2.366000	2.989954	7.515895	629.681168	0.492819	0.443555	4.189708
2.367000	3.030444	7.716658	627.652237	-0.026319	0.004737	-0.564216
2.368000	3.070934	7.837205	626.243637	0.612508	0.483803	5.458737
2.369000	2.950676	7.716658	624.366989	-0.186392	-0.075069	-1.197782
2.370000	2.789523	7.315574	622.022812	0.492819	0.443785	4.665307
2.371000	3.676270	8.278175	626.710846	-0.106502	0.044525	-0.406104
2.372000	3.756845	8.358394	625.773666	-0.066703	0.004737	-0.406831
2.373000	3.193214	7.796876	620.457962	0.412929	0.324191	3.557290
2.374000	3.394453	7.877536	619.518295	-0.106502	0.004737	-0.721929
2.375000	3.998979	8.318063	622.329666	0.532911	0.443785	4.667948
2.376000	4.160132	8.398723	620.455399	-0.146301	-0.075069	-0.721929
2.377000	4.281603	8.679261	619.048477	0.572710	0.483573	5.776293
2.378000	4.201431	8.398281	616.702866	-0.066411	-0.035051	-1.039578
2.379000	4.282411	8.318506	614.357269	0.453021	0.324191	3.397938
2.380000	5.370396	9.200892	619.201477	-0.106502	0.004737	-0.564308
2.381000	5.531549	9.120233	617.327133	0.013479	0.084543	-0.089183
2.382000	5.210052	8.719590	611.699631	0.293534	0.324191	2.922576
2.383000	5.492271	8.839693	611.228195	-0.266282	-0.194663	-2.464752
2.384000	6.097202	9.040459	613.414093	0.572710	0.483573	5.300112
2.385000	6.420316	9.320995	612.323074	-0.146008	-0.035051	-1.198531
2.386000	6.662449	9.401214	610.758286	0.572710	0.483803	5.459556
2.387000	6.582277	9.000128	607.787247	-0.146301	-0.154646	-1.357226
2.388000	6.703748	8.799364	605.286087	0.572710	0.523821	5.141908
2.389000	7.832224	9.761967	610.439774	-0.106209	-0.035051	-1.512718
2.390000	7.832628	9.641419	608.254532	0.013479	0.084543	0.069350
2.391000	7.471044	9.119788	603.252930	0.333039	0.284402	2.922576
2.392000	7.632601	9.079459	601.844330	-0.226191	-0.115087	-1.988899
2.393000	7.995801	9.199563	602.622696	0.493112	0.364209	4.825662
2.394000	8.399493	9.640535	602.780640	-0.066411	0.004737	-0.563397
2.395000	8.480877	9.680864	601.062561	0.613094	0.483803	5.299293
2.396000	8.239148	9.199121	596.372925	-0.186099	-0.035051	-1.830366
2.397000	8.199870	9.118903	594.028122	0.453021	0.443785	4.506774
2.398000	9.207683	9.920187	599.807007	-0.146301	-0.114628	-1.197291
2.399000	9.046934	9.839971	596.680588	0.093369	0.164579	1.338541
2.400000	8.725032	9.519103	592.150497	0.213644	0.204596	2.130478
2.401000	8.846503	9.518659	590.430908	-0.146008	0.044525	-0.881373
2.402000	8.967570	9.678651	590.427612	0.573295	0.364209	4.506774
2.403000	9.492329	10.119622	590.897354	-0.026319	0.044755	-0.564216
2.404000	9.693970	10.360272	590.272079	0.532911	0.483803	5.616030
2.405000	9.331579	9.958746	585.115845	-0.106209	-0.035051	-0.563397
2.406000	9.372070	9.958746	582.457634	0.412929	0.324420	4.031994
2.407000	10.379477	10.800801	588.081856	-0.106209	0.124790	-0.881045
2.408000	10.259218	10.800359	585.582397	0.133754	0.085002	0.704156
2.409000	10.057980	10.600039	580.740440	0.213644	0.284402	2.447215
2.410000	10.340603	10.920463	581.206192	-0.146008	-0.114628	-1.355495
2.411000	10.421179	10.960349	580.579292	0.573295	0.444244	4.983866
2.412000	10.944725	11.682745	582.143990	0.013772	0.085002	-0.246568
2.413000	11.186857	11.883508	581.833000	0.613094	0.524280	5.300112
2.414000	10.743889	11.562198	576.832375	-0.026319	0.004966	-0.722841
2.415000	10.582736	11.722632	575.112038	0.493112	0.364438	4.506774
2.416000	11.549251	12.805337	581.204491	-0.106209	0.044755	-0.721929
2.417000	11.348012	12.765450	578.862900	-0.106209	0.085002	-0.405591
2.418000	10.904638	12.845668	575.426323	0.413222	0.284632	2.923724
2.419000	11.105474	13.166092	575.580986	-0.186099	-0.074610	-1.039578
2.420000	10.782764	13.205979	574.173180	0.613094	0.364438	4.825662
2.421000	11.306308	13.927931	577.143288	0.013772	0.085002	0.228373
2.422000	11.144750	14.208912	576.674431	0.653185	0.444244	6.093451
2.423000	10.378669	13.847271	570.893860	-0.146301	0.004966	-1.039578
2.424000	10.096045	13.927931	569.486122	0.493112	0.364438	4.506774
2.425000	10.739849	14.689328	574.485062	-0.066118	0.085002	-0.405192
2.426000	10.416734	14.649441	572.143433	0.053571	0.164808	0.704156
2.427000	9.892785	14.609110	569.173439	0.213644	0.164808	1.813158
2.428000	9.690333	14.689328	568.235466	-0.066118	0.124790	-0.881864
2.429000	9.488286	14.689328	566.987373	0.532911	0.364438	4.189708
2.430000	10.051917	15.330620	569.642372	-0.146008	-0.074610	-0.880134
2.431000	10.010618	15.491054	569.487701	0.613094	0.603856	5.775803
2.432000	9.163959	15.009752	564.174568	-0.186099	-0.074610	-1.197291
2.433000	9.123468	15.090412	562.923912	0.453314	0.324650	4.189708
2.434000	9.887935	15.772033	569.172607	-0.066118	0.124790	-0.563397
2.435000	9.766463	15.732145	567.457375	0.253442	0.244614	1.655278
2.436000	9.323091	15.652371	564.019745	0.213644	0.204826	1.655607
2.437000	9.362772	15.652371	565.267029	-0.026319	0.004966	-0.880462
2.438000	9.120234	15.652371	564.487885	0.573295	0.444244	4.506774
2.439000	9.603289	16.214334	568.863914	0.053571	0.164808	0.069679
2.440000	9.481818	16.374323	569.644753	0.653185	0.404226	5.619000
2.441000	8.635562	15.773362	564.959930	-0.146301	0.004966	-0.722841
2.442000	8.071124	15.853136	564.646431	0.413222	0.284402	4.031994
2.443000	8.433111	16.414654	571.050598	-0.026319	0.004737	-0.247150
2.444000	7.909162	16.374767	569.960442	0.053571	0.164579	0.704484
2.445000	7.022416	16.214334	567.928864	0.173552	0.204596	2.289011
2.446000	6.659215	16.254220	569.803032	-0.026319	0.084543	-0.248298
2.447000	5.731979	15.893023	567.616974	0.492819	0.284402	3.716734
2.448000	5.691489	16.575089	573.398254	0.053278	0.044525	0.705304
2.449000	5.126645	16.614975	574.179794	0.532911	0.443785	5.299784
2.450000	3.676270	16.012685	569.648003	0.013187	0.084543	-0.564216
2.451000	2.749033	15.852693	569.025833	0.292948	0.324191	3.079961
2.452000	2.587071	16.253334	575.272781	0.013479	0.164119	0.227883
2.453000	1.619345	16.092459	574.182533	0.013187	0.044525	0.069350
2.454000	0.652428	15.892138	573.244560	0.213351	0.204367	2.289011
2.455000	-0.153742	15.490610	573.557068	-0.106795	-0.035510	-1.039578
2.456000	-1.161150	15.049197	572.464340	0.572417	0.483573	5.458645
2.457000	-1.242131	15.530497	578.559814	-0.106795	-0.075299	-0.721439
2.458000	-2.047492	15.249074	579.810310	0.532325	0.523132	5.299784
2.459000	-3.336716	14.447349	575.123886	-0.146593	-0.035510	-0.721929
2.460000	-4.222653	14.126039	576.217926	0.452435	0.363520	3.873208
2.461000	-4.303229	14.365360	582.311172	-0.146593	0.004048	-1.038758
2.462000	-5.068099	14.085265	582.470566	0.172381	0.203678	2.130478
2.463000	-6.074699	13.684181	582.316513	0.212472	0.243466	2.606076
2.464000	-6.880060	13.122220	583.723190	-0.026905	-0.035740	-0.723660
2.465000	-8.007323	12.600589	582.473389	0.492527	0.323272	4.349060
2.466000	-7.885852	12.960900	590.131264	-0.027198	0.004048	-0.247479
2.467000	-8.770980	12.519043	591.851334	0.651721	0.482885	5.458317
2.468000	-10.340808	11.596770	587.479279	-0.187270	-0.036429	-1.674383
2.469000	-11.145360	11.315348	588.103493	0.531740	0.362831	4.347330
2.470000	-11.708587	11.193915	594.665535	-0.147472	-0.036429	-1.039087
2.471000	-12.633801	11.113256	595.295601	0.092198	0.043377	1.021221
2.472000	-13.921813	10.711729	594.044846	0.172088	0.163201	1.655353
2.473000	-15.169737	10.189654	595.296059	0.092198	0.082936	0.069679
2.474000	-16.497835	9.747798	594.518265	0.451557	0.243007	3.873208
2.475000	-16.980485	10.107667	601.548515	-0.067875	0.003130	-0.563397
2.476000	-18.268496	9.786357	601.238228	0.531740	0.362602	5.300603
2.477000	-20.120543	9.064405	598.117371	-0.107966	-0.036888	-0.722841
2.478000	-21.246997	8.822426	598.741600	0.451264	0.282566	3.713856
2.479000	-22.011868	8.981974	603.584190	-0.028076	0.002900	-0.564636
2.480000	-23.218899	8.941201	604.214195	0.171795	0.082706	1.813811
2.481000	-24.546997	8.700551	604.059357	0.131704	0.082477	1.178094
2.482000	-25.956477	8.137706	603.122978	-0.028369	0.082477	-0.406012
2.483000	-27.325066	7.856725	602.031937	0.411173	0.361683	3.556050
2.484000	-27.646563	8.417356	609.843742	-0.028369	-0.037347	-0.246988
2.485000	-28.853999	8.096046	609.691399	0.450971	0.281877	4.349060
2.486000	-30.464720	7.614745	605.945351	-0.028369	0.162053	-0.088946
2.487000	-31.511406	7.493756	607.195923	0.450971	0.321665	4.189616
2.488000	-32.195295	7.613418	611.414902	-0.108259	0.001982	-0.882285
2.489000	-33.000657	7.773851	613.296371	0.170917	0.201842	2.287771
2.490000	-33.926680	7.733521	614.235847	0.291191	0.241630	2.607386
2.491000	-35.134518	7.292549	613.457504	-0.108552	0.082018	-0.563725
2.492000	-36.301867	7.132115	612.679230	0.330990	0.281648	3.555560
2.493000	-36.180799	7.813294	622.055908	-0.068753	0.041770	-0.406923
2.494000	-37.146910	7.653304	621.904434	0.530569	0.441260	5.300603
2.495000	-38.354748	7.292549	619.251900	-0.148643	-0.078053	-0.880554
2.496000	-39.160515	7.252663	621.283951	0.410880	0.281418	3.556050
2.497000	-39.603078	7.252663	625.347549	-0.068460	0.041541	-0.404373
2.498000	-40.126626	7.653747	628.634415	0.130826	0.161594	1.177275
2.499000	-40.972477	7.573972	629.887466	0.290899	0.201382	2.289409
2.500000	-42.261294	6.891465	628.483025	0.090734	0.041541	-0.247479
2.501000	-43.389365	6.651258	628.954445	0.410587	0.321206	3.556050
2.502000	-43.349280	7.172446	637.394897	-0.268917	-0.078283	-1.356735
2.503000	-44.759572	6.811248	637.398254	0.490477	0.440571	4.665797
2.504000	-46.089284	6.169955	635.372612	-0.108844	0.001523	-0.881373
2.505000	-47.257846	5.808759	637.406410	0.450679	0.320747	4.347820
2.506000	-48.265659	5.527778	640.376602	-0.069046	0.001293	-0.722021
2.507000	-48.950759	5.568109	644.445969	0.370496	0.241171	3.080689
2.508000	-50.200302	5.166581	645.856956	0.130533	0.121117	1.496982
2.509000	-51.972986	4.083874	643.985344	-0.069046	0.001293	-0.089275
2.510000	-53.263016	3.602574	645.709007	0.410587	0.240712	3.238402
2.511000	-53.465066	3.682790	654.459930	-0.028954	-0.038495	-0.564636
2.512000	-54.674118	3.081386	656.030472	0.450386	0.360765	4.348149
2.513000	-56.124896	2.319988	654.786621	0.010551	0.041311	-0.564636
2.514000	-56.809999	1.839130	658.227325	0.490184	0.400553	4.824001
2.515000	-57.616169	1.237725	661.980721	-0.029540	0.001064	-1.039998
2.516000	-57.857492	1.238169	669.017647	0.170331	0.081099	1.654367
2.517000	-58.502512	0.918187	673.083740	0.210423	0.280270	1.654695
2.518000	-59.791735	-0.203964	672.466690	0.090441	0.120658	0.228373
2.519000	-60.597095	-0.845257	675.750351	0.170331	0.041082	1.654695
2.520000	-60.637587	-0.884702	686.223015	-0.029540	0.001064	-0.564636
2.521000	-61.523928	-1.324786	689.198769	0.569782	0.280270	4.347820
2.522000	-62.853239	-2.206730	690.143234	-0.109723	0.040623	-0.563817
2.523000	-63.739578	-2.646815	695.302689	0.529690	0.280041	4.347820
2.524000	-64.908140	-3.408211	699.213135	0.089856	0.160217	-0.088455
2.525000	-65.552347	-3.447656	707.185532	0.089856	0.080411	1.497564
2.526000	-66.801083	-3.888627	712.660767	0.169746	0.200005	1.020380
2.527000	-68.976646	-5.090995	712.196716	0.089856	0.159987	0.544782
2.528000	-70.667946	-5.812504	715.796097	0.209545	0.159987	2.289409
2.529000	-71.594374	-6.012825	726.579666	-0.070217	-0.039872	-0.563817
2.530000	-73.567892	-6.694889	729.868927	0.448922	0.399176	4.188705
2.531000	-75.702560	-7.415955	732.060654	0.049472	0.039704	0.069258
2.532000	-77.554607	-8.178237	738.471313	0.448922	0.319140	4.664557
2.533000	-79.809938	-9.100511	741.758072	0.089270	0.079492	0.228282
2.534000	-81.259108	-9.221056	750.979355	0.169453	0.199087	1.971104
2.535000	-83.151640	-9.862350	757.859848	0.128776	0.158839	0.860936
2.536000	-85.971416	-11.225593	758.178268	-0.070803	0.118822	0.227462
2.537000	-88.065193	-11.947545	763.651749	0.288849	0.278434	3.079778
2.538000	-89.273840	-12.388516	775.214478	-0.110894	-0.081038	-0.565548
2.539000	-91.246143	-13.149912	781.317429	0.408245	0.318222	4.189196
2.540000	-93.260147	-13.830648	786.011093	-0.231168	-0.081267	-0.723261
2.541000	-95.031216	-14.792808	793.982529	0.527641	0.318222	4.664557
2.542000	-97.165482	-15.834741	798.363449	-0.111772	-0.041479	-0.406524
2.543000	-98.131187	-16.195053	811.022018	0.048301	0.078115	1.178584
2.544000	-99.540264	-16.835902	821.026535	0.088099	0.037868	0.543450
2.545000	-101.794788	-18.278035	823.689621	0.088099	0.197250	1.020380
2.546000	-103.243958	-19.039431	832.287140	0.007916	-0.041938	0.386814
2.547000	-104.169575	-19.800826	844.631485	-0.152157	-0.162221	-1.356665
2.548000	-105.457176	-20.561337	853.858566	0.367275	0.117444	3.239874
2.549000	-106.705101	-21.281961	860.738297	-0.192248	-0.202010	-1.514869
2.550000	-107.993523	-22.404112	870.116821	0.207495	0.076967	2.447867
2.551000	-109.564156	-23.645923	875.123291	-0.192541	-0.082874	-0.882705
2.552000	-110.007122	-23.925575	888.408234	-0.032468	-0.003068	0.543450
2.553000	-110.772804	-24.485322	899.192856	-0.112651	-0.082874	-0.724501
2.554000	-112.304165	-25.566701	902.639481	-0.032761	-0.043086	-0.248228
2.555000	-112.989670	-26.246994	912.174515	-0.033053	-0.083104	-0.089787
2.556000	-113.595005	-26.886515	922.958328	-0.232925	-0.163140	-1.197221
2.557000	-114.038776	-27.205613	932.963409	0.047129	-0.043086	1.494173
2.558000	-114.482960	-27.564151	941.563721	-0.232925	-0.203157	-1.198132
2.559000	-115.168869	-28.284332	949.379944	0.126727	-0.003298	1.494173
2.560000	-115.653545	-29.083843	955.788879	-0.232925	-0.163140	-1.514869
2.561000	-115.211380	-28.920754	968.604233	-0.112943	-0.202928	-0.248228
2.562000	-114.930374	-29.119304	979.387604	-0.033053	-0.083563	-0.089695
2.563000	-115.132420	-29.677279	984.238724	-0.152742	-0.123351	-0.880484
2.564000	-114.608875	-29.914828	994.239563	0.126727	-0.003528	1.338265
2.565000	-113.884495	-30.112937	1005.490158	-0.072852	-0.123581	-0.723590
2.566000	-112.998154	-29.988849	1016.587830	0.126727	-0.083563	1.020052
2.567000	-112.071728	-29.824873	1026.591095	-0.312815	-0.203387	-2.150004
2.568000	-111.467606	-30.222412	1034.716034	0.206617	-0.043316	2.129798
2.569000	-110.701923	-30.338975	1042.531662	-0.232925	-0.083563	-1.198132
2.570000	-109.090397	-29.894017	1057.528915	-0.112943	-0.163140	-0.247409
2.571000	-107.720596	-29.609052	1069.562073	-0.112943	-0.003528	-0.247409
2.572000	-106.954113	-29.524410	1076.442200	-0.033053	-0.003528	-0.249139
2.573000	-105.544224	-29.320105	1088.158463	-0.152742	-0.242946	-0.880484
2.574000	-104.295086	-29.155685	1098.938477	-0.313108	-0.203157	-1.992619
2.575000	-102.643066	-28.268869	1112.534729	0.206617	0.076508	2.604578
2.576000	-100.829891	-27.542049	1124.256073	-0.312815	-0.242946	-2.149675
2.577000	-99.902657	-27.297414	1133.005569	0.126727	-0.003298	1.496324
2.578000	-98.774586	-26.891899	1142.068390	-0.272724	-0.163140	-1.514379
2.579000	-96.840347	-26.085302	1155.817810	-0.033053	-0.003298	0.544690
2.580000	-95.107750	-25.198047	1169.257706	-0.112943	-0.202928	-0.723590
2.581000	-93.979279	-24.712763	1176.605576	-0.072852	-0.043316	-0.406853
2.582000	-92.246277	-24.026269	1188.948029	-0.033053	-0.083104	0.385246
2.583000	-91.077715	-23.821520	1198.793457	-0.152742	-0.163140	-0.883363
2.584000	-88.982319	-22.654612	1212.702423	-0.032761	-0.162680	0.544361
2.585000	-87.128252	-21.527149	1226.613251	-0.192541	-0.122892	-1.991471
2.586000	-85.879116	-21.041418	1235.833374	0.206909	0.036720	2.447118
2.587000	-84.387844	-20.355368	1246.148010	-0.072852	-0.003298	-0.406524
2.588000	-82.614355	-19.188021	1261.615234	0.087221	-0.042857	1.494502
2.589000	-80.599535	-17.859793	1276.308319	-0.032761	-0.043086	0.067926
2.590000	-79.229332	-16.932205	1286.782440	-0.112651	-0.082874	-0.407672
2.591000	-77.536417	-15.724081	1301.624359	-0.192541	-0.162680	-1.198132
2.592000	-76.206299	-14.796495	1312.405334	-0.032761	-0.042857	0.543871
2.593000	-73.910070	-12.946636	1330.375336	-0.072559	-0.162680	0.384917
2.594000	-71.975834	-11.095894	1347.095703	-0.192541	-0.162680	-1.672583
2.595000	-70.485369	-9.886442	1358.500946	0.206909	-0.002839	2.603920
2.596000	-68.995308	-8.396452	1372.720032	-0.072852	-0.043086	-0.248320
2.597000	-67.102369	-6.625925	1389.906006	0.047129	-0.042857	1.494502
2.598000	-65.170149	-4.734406	1406.779297	-0.112651	-0.083104	-0.406853
2.599000	-63.761881	-2.722343	1421.002380	-0.152742	-0.242257	-0.565386
2.600000	-62.151968	-1.031147	1436.779846	-0.272724	-0.122892	-1.198461
2.601000	-61.066408	0.499615	1449.590302	-0.072852	-0.122892	-0.723919
2.602000	-59.335831	2.672112	1468.650574	-0.032761	-0.122892	0.860608
2.603000	-57.645744	4.924824	1486.932434	-0.232925	-0.282734	-2.150004
2.604000	-56.962665	6.334599	1498.026581	0.286507	-0.003068	2.603920
2.605000	-55.996960	7.825031	1512.088654	-0.273016	-0.203157	-1.197221
2.606000	-54.870506	9.434681	1527.555145	0.086635	-0.003068	1.652216
2.607000	-53.783732	11.084663	1543.804779	-0.152742	-0.163140	-0.406853
2.608000	-52.575892	12.654869	1558.027313	-0.232925	-0.203157	-0.724501
2.609000	-51.569296	13.863434	1571.306763	0.007038	-0.003298	1.336206
2.610000	-50.965174	14.590256	1580.681763	-0.193126	-0.242946	-0.565386
2.611000	-49.393727	15.958817	1597.244934	-0.032761	-0.202928	0.859696
2.612000	-47.781796	17.447475	1612.560211	-0.312815	-0.282734	-1.514869
2.613000	-47.055394	17.893318	1620.375122	0.166525	-0.083104	2.604831
2.614000	-45.805447	18.739803	1632.249603	-0.312815	-0.282963	-1.991471
2.615000	-44.393540	19.425850	1643.343292	-0.072852	-0.202928	0.702075
2.616000	-42.618836	20.432327	1657.095215	-0.072852	-0.122892	-0.249139
2.617000	-40.804047	21.398911	1670.067413	-0.032761	-0.003298	0.701164
2.618000	-39.310755	21.843868	1679.286896	-0.112651	-0.122892	-0.565057
2.619000	-38.260837	21.848297	1685.067169	-0.033053	-0.043086	0.544690
2.620000	-36.203908	22.653122	1698.036041	-0.072559	-0.242027	0.861098
2.621000	-34.106092	23.739815	1710.383698	-0.352321	-0.282045	-2.467652
2.622000	-32.733865	24.104996	1716.635559	0.127312	-0.082186	2.763364
2.623000	-30.918267	24.670055	1725.540833	-0.272138	-0.242027	-1.356336
2.624000	-29.303907	24.994022	1732.726654	0.007624	-0.201780	1.334729
2.625000	-27.286262	25.799294	1742.727814	-0.072266	-0.082186	0.068838
2.626000	-25.107867	26.845211	1752.730591	-0.032175	-0.121974	0.860608
2.627000	-23.372846	27.169178	1758.669098	-0.071974	-0.001921	0.542959
2.628000	-21.959321	27.252491	1762.262024	0.047715	0.077885	1.018321
2.629000	-19.659455	27.936771	1771.011780	0.088099	-0.041479	1.652124
2.630000	-17.076964	29.022579	1781.951752	-0.071681	-0.001461	0.385995
2.631000	-15.139895	29.105896	1784.766357	0.168282	0.038786	3.238235
2.632000	-13.000777	29.589851	1791.484100	-0.151278	-0.041250	-0.089038
2.633000	-10.861661	29.953266	1795.545105	0.248465	0.119051	3.079449
2.634000	-8.199404	30.678314	1803.513367	0.208666	0.198857	2.447942
2.635000	-5.294607	31.763676	1811.795166	0.009087	-0.040331	1.336298
2.636000	-3.115000	32.247631	1815.232513	0.208666	0.119510	2.603597
2.637000	-1.138248	32.250732	1815.857910	0.049472	0.039934	2.286531
2.638000	1.444241	33.055119	1822.260498	0.009673	-0.039643	1.651633
2.639000	4.468889	34.140488	1831.479401	-0.070217	0.040163	0.068347
2.640000	6.607199	34.624443	1834.138336	0.289727	0.200235	3.870728
2.641000	8.866575	35.027740	1836.792633	-0.030126	0.001064	0.069258
2.642000	10.844133	35.350822	1839.131775	0.170039	0.001293	1.812571
2.643000	13.144000	35.954880	1843.819763	0.290020	0.240712	3.239222
2.644000	15.845940	37.080135	1850.539093	0.050643	0.001523	1.019561
2.645000	17.823094	37.403217	1851.787201	0.210423	0.081559	1.654367
2.646000	19.598605	37.365097	1850.538177	0.090734	0.041770	1.654695
2.647000	22.139395	37.929272	1854.753082	0.130826	0.122036	2.288169
2.648000	24.921913	38.893646	1862.563507	-0.108552	-0.117383	-0.406923
2.649000	27.099903	39.216726	1863.033997	0.251685	0.082706	3.555393
2.650000	29.278297	39.700241	1864.594025	-0.068167	-0.036888	0.386324
2.651000	31.335627	39.822119	1865.216736	0.211887	0.003359	2.762804
2.652000	33.876411	40.305632	1867.560760	0.172088	0.122954	1.970123
2.653000	36.739505	41.229679	1872.873169	0.012308	0.003589	1.972344
2.654000	38.876600	41.432657	1872.404266	0.132290	0.163431	2.128327
2.655000	40.812054	41.314322	1870.057770	0.012894	0.004278	1.653057
2.656000	43.192091	41.917053	1872.244507	0.172674	0.084313	2.445975
2.657000	46.174231	42.761768	1878.178162	0.013187	0.044525	0.385596
2.658000	48.310922	43.084408	1877.865509	0.212765	0.124790	3.078721
2.659000	50.407931	43.326382	1877.239380	-0.026612	0.004966	-0.247150
2.660000	52.342575	43.609135	1876.455170	0.213644	0.005655	3.237675
2.661000	54.921427	43.770899	1877.076324	0.213644	0.165038	2.603198
2.662000	57.180400	44.733942	1881.138275	0.093955	0.005885	1.812501
2.663000	59.315878	45.057022	1879.887512	0.213936	0.045903	1.653057
2.664000	60.767873	44.858030	1876.605469	0.214229	0.205974	3.080290
2.665000	63.025227	45.461212	1877.696350	0.054449	-0.113021	1.179754
2.666000	65.685061	46.384367	1882.068329	0.174138	0.126397	1.337560
2.667000	67.660598	46.666677	1881.442932	0.134632	0.007262	2.446067
2.668000	68.589853	47.268084	1880.504028	0.134632	0.126627	1.336977
2.669000	68.432745	48.189030	1877.689148	0.095126	-0.032526	1.812172
2.670000	75.472478	47.835798	1876.591095	0.294998	0.326716	3.556309
2.671000	75.602030	48.232450	1881.435883	0.095712	-0.032067	1.338541
2.672000	77.658956	47.510500	1879.874115	0.255492	0.087527	2.446395
2.673000	80.356043	47.553930	1876.277771	0.175602	0.128004	2.920846
2.674000	82.774954	47.755140	1875.963257	0.095712	0.008640	1.495273
2.675000	85.474064	48.518747	1879.708252	0.136096	0.048657	1.813250
2.676000	87.046314	48.559076	1878.148956	0.096297	-0.030919	2.129658
2.677000	89.585079	48.680071	1876.429230	0.176187	0.208499	1.495602
2.678000	91.156925	48.600296	1872.677277	0.136389	-0.030460	1.813412
2.679000	93.492836	48.561735	1871.114685	0.376644	0.288994	3.556309
2.680000	96.556364	49.524336	1873.925812	-0.022806	-0.109807	0.861379
2.681000	98.489388	49.124138	1870.490784	0.376937	0.169629	3.238424
2.682000	100.504608	48.563953	1865.177917	0.177359	0.050035	2.130569
2.683000	102.519022	48.564837	1863.612823	0.137560	0.090282	1.654717
2.684000	106.065599	48.925146	1865.642944	0.217450	0.250124	2.605441
2.685000	108.039928	49.006245	1864.082001	0.097761	-0.108889	2.289102
2.686000	110.175003	48.806810	1860.799652	0.097761	0.090512	0.861217
2.687000	111.505930	48.125637	1856.112061	0.138145	-0.108429	1.496184
2.688000	114.166969	47.683779	1852.829895	0.378108	0.290601	3.396957
2.689000	116.867296	48.205412	1856.268494	0.098347	-0.028394	1.177625
2.690000	118.478827	47.724548	1851.425293	0.297926	0.211024	2.922506
2.691000	119.971718	47.003040	1845.175232	0.218328	0.131218	2.606098
2.692000	122.149296	46.922825	1842.673584	0.058841	0.051871	1.178536
2.693000	124.528126	46.721180	1842.047058	0.138438	0.051871	1.812760
2.694000	126.383003	46.400307	1839.238556	0.098933	-0.067493	1.972694
2.695000	128.157303	46.199547	1835.016541	0.179115	0.251731	1.495602
2.696000	129.408058	45.356602	1827.985565	0.059134	-0.186858	1.179447
2.697000	131.262932	44.955078	1823.766083	0.338895	0.291978	2.606098
2.698000	133.641354	45.354832	1824.858154	0.259298	0.132596	2.764885
2.699000	135.093346	44.872646	1816.579071	0.139609	0.132596	2.130408
2.700000	136.464359	44.230469	1808.610229	0.299389	0.252419	3.397049
2.701000	138.238659	44.028824	1803.765228	0.179701	0.093037	1.813342
2.702000	140.253880	43.786842	1800.326447	0.259591	0.252649	2.288121
2.703000	141.947201	43.826286	1795.015869	0.060012	-0.106134	1.337980
2.704000	143.438473	43.423431	1788.298431	0.139902	0.133284	1.813999
2.705000	144.728497	42.699703	1777.673706	0.020506	-0.065886	1.178957
2.706000	146.582165	42.939026	1771.735474	0.419957	0.373391	3.714114
2.707000	148.675938	43.137577	1769.391693	0.100689	0.133973	1.973115
2.708000	149.562683	42.694393	1757.832184	0.460341	0.293585	3.874470
2.709000	150.932083	42.251209	1746.269562	0.300561	0.134203	2.448476
2.710000	152.059750	41.647144	1738.302277	0.060891	-0.025180	1.337980
2.711000	153.306862	41.484501	1729.862793	0.340652	0.374080	3.558552
2.712000	154.877098	41.321850	1721.272491	0.021092	-0.144545	1.179776
2.713000	155.682053	40.556911	1708.617126	0.181165	0.254256	1.497753
2.714000	156.164303	39.311115	1692.679871	-0.058505	-0.104527	0.068553
2.715000	157.049831	38.545734	1681.743164	0.500725	0.334980	3.871009
2.716000	158.176693	38.221329	1673.932037	0.061769	-0.104068	0.861799
2.717000	158.256454	37.054859	1656.436249	0.301439	0.215386	3.080312
2.718000	158.215561	35.567081	1639.406952	0.221549	0.215386	2.604621
2.719000	158.094093	34.518948	1623.626678	0.141952	0.016215	1.178957
2.720000	157.731297	33.270943	1608.784027	0.181750	0.175598	1.656706
2.721000	157.569736	32.183365	1593.162415	0.062062	-0.063361	1.654227
2.722000	156.843342	30.934460	1574.572235	0.221842	0.176057	1.181016
2.723000	155.432644	29.124493	1551.291443	-0.017535	-0.063361	0.545973
2.724000	154.747135	27.634502	1532.855835	0.461805	0.375687	3.241653
2.725000	154.141804	26.625370	1518.327515	0.222135	0.056692	2.131319
2.726000	152.247246	24.854843	1493.332764	0.422006	0.256322	3.873160
2.727000	150.232430	22.641571	1469.115601	0.262226	0.136498	1.971384
2.728000	148.096951	20.909607	1445.524414	0.262226	0.096710	2.289453
2.729000	146.163113	18.936100	1423.024963	0.382208	0.336128	3.399857
2.730000	143.745823	16.882381	1400.374222	0.062647	-0.062902	1.339220
2.731000	140.886368	14.827328	1373.973114	0.302024	0.256322	1.498173
2.732000	137.099674	12.451855	1343.035477	0.022849	-0.142478	0.705417
2.733000	133.878227	10.396362	1316.942856	0.422006	0.296340	2.764723
2.734000	130.696068	9.061932	1295.069962	0.182336	0.056922	1.655138
2.735000	125.903179	6.885452	1262.886459	0.382208	0.336358	3.399200
2.736000	120.869370	4.828190	1231.169312	0.422006	0.296110	3.400019
2.737000	115.794264	2.971691	1200.858093	0.182336	0.016675	1.496934
2.738000	110.436943	1.354069	1169.765274	0.302024	0.296110	2.764723
2.739000	104.757715	0.017872	1139.925430	0.022556	-0.063132	0.705326
2.740000	98.472748	-2.200714	1105.398483	0.341823	0.375228	2.130828
2.741000	91.502681	-4.739723	1067.122177	-0.017535	-0.183414	0.070612
2.742000	84.895001	-6.558104	1032.279755	0.541695	0.415016	4.509114
2.743000	77.481963	-7.254784	1002.281006	0.261640	0.175598	2.289943
2.744000	71.030187	-11.356470	962.443024	0.381329	0.335210	3.081131
2.745000	63.450743	-13.574610	921.351990	0.421420	0.334980	3.875381
2.746000	56.675045	-14.909920	883.230225	0.261640	0.215157	1.972295
2.747000	49.737383	-17.287611	842.607361	0.221256	0.294733	2.289361
2.748000	43.564590	-18.221836	804.013275	-0.177901	-0.064509	-0.562792
2.749000	36.867445	-19.797798	761.981705	0.341238	0.493904	2.448476
2.750000	30.127787	-20.330502	714.636971	-0.138395	-0.224121	-1.672539
2.751000	25.119107	-20.902202	673.063736	0.460926	0.454115	2.764723
2.752000	20.634784	-20.191765	635.395226	0.141366	0.015068	1.180687
2.753000	15.905497	-20.722252	589.760178	0.500725	0.414098	3.716266
2.754000	11.700563	-20.852540	546.149712	0.181458	0.334292	2.130828
2.755000	7.938195	-19.779574	505.658333	0.221256	0.134662	1.656378
2.756000	4.857695	-20.349061	465.942986	0.181165	0.333833	2.130828
2.757000	2.548937	-17.593313	430.287704	0.021385	-0.064968	-0.244816
2.758000	-0.490668	-16.238039	391.821091	0.221256	0.333833	1.655138
2.759000	-2.641912	-15.443841	351.634403	-0.058505	-0.024950	-0.244816
2.760000	-4.509319	-12.004257	318.942753	0.460633	0.493674	2.764723
2.761000	-6.013121	-8.886426	292.658653	-0.018707	-0.145004	-0.403348
2.762000	-7.356578	-5.927258	258.723959	0.460633	0.493444	3.716756
2.763000	-10.027729	-1.804723	228.065407	0.221256	0.214238	1.814582
2.764000	-13.456474	2.191509	199.597013	0.220963	0.253797	1.974516
2.765000	-17.776007	4.587389	171.601292	0.300561	0.333373	1.974354
2.766000	-23.102543	7.823995	149.700764	0.100689	0.013920	0.863530
2.767000	-26.577438	10.823051	122.798744	0.220378	0.333144	1.496934
2.768000	-28.164645	14.427054	96.990740	-0.099182	-0.026328	-1.671720
2.769000	-27.700993	18.277022	78.829500	0.460048	0.452738	2.925897
2.770000	-25.374380	19.554735	66.146000	0.100689	0.053708	1.339711
2.771000	-23.401267	19.626981	47.994795	0.340359	0.452738	2.289852
2.772000	-20.008969	16.931525	38.441736	0.380158	0.373162	2.607009
2.773000	-16.740165	14.800243	32.640233	0.340652	0.213549	2.131319
2.774000	-12.621872	11.582713	22.774567	0.420249	0.492756	2.607009
2.775000	-7.576746	8.445399	20.725847	-0.059091	-0.105445	-0.561553
2.776000	-4.151235	5.513720	13.520878	0.460341	0.532774	2.606190
2.777000	-2.614623	2.378621	2.564967	-0.138395	-0.145463	-0.878710
2.778000	0.408815	-0.031428	-0.731851	0.500432	0.532774	3.083611
2.779000	-0.158050	0.089119	3.175254	0.140781	0.094185	1.339220
2.780000	0.329451	0.769856	3.176139	0.580029	0.532774	4.191207
2.781000	0.085700	0.490203	0.208604	0.420542	0.293585	2.764885
2.782000	0.207171	0.089119	1.142412	0.340652	0.253797	1.815072
2.783000	-0.235393	0.208780	-1.514365	0.500139	0.453197	3.558552
2.784000	0.408006	0.530090	3.487942	-0.059091	-0.025868	-0.403348
2.785000	0.529477	0.610307	4.114913	0.420249	0.532774	2.607009
2.786000	-0.195711	0.208780	-1.197507	-0.178779	-0.265287	-1.989368
2.787000	0.167085	0.249996	0.362377	0.500139	0.652597	3.558552
2.788000	0.448901	0.489761	3.642600	0.020799	-0.025868	-0.560733
2.789000	0.086105	0.450316	2.551656	0.540231	0.572562	3.558223
2.790000	0.247662	0.530533	1.144811	0.380451	0.293585	2.290763
2.791000	0.046018	0.209666	0.988471	0.380451	0.253567	2.130499
2.792000	-0.155625	-0.031428	-0.887394	0.300561	0.373162	1.973934
2.793000	0.448901	0.570420	3.799746	0.060891	0.133514	1.022974
2.794000	0.368324	0.490203	3.644370	0.540231	0.612350	3.557733
2.795000	-0.075049	0.249996	-0.416756	-0.218871	-0.225269	-2.780976
2.796000	0.126999	0.409986	1.455897	0.500139	0.572562	3.716266
2.797000	0.247662	0.409986	3.486260	0.060598	0.093726	0.228816
2.798000	0.288152	0.490203	2.863539	0.500139	0.532774	3.558552
2.799000	0.288152	0.610750	2.865141	0.220378	0.213549	1.655138
2.800000	0.005932	0.209666	0.988471	0.460341	0.333373	3.083773
2.801000	-0.155221	-0.030985	-0.730249	0.300561	0.333144	1.814910
2.802000	0.569968	0.650637	5.205060	0.020799	0.013920	-0.243414
2.803000	0.368324	0.570420	3.802232	0.420249	0.572332	2.925897
2.804000	-0.034558	0.169779	0.521938	-0.059091	-0.065886	-1.039065
2.805000	0.207576	0.450316	2.081991	0.500139	0.612350	3.400019
2.806000	0.167085	0.209666	2.861857	0.140781	0.093726	1.022974
2.807000	0.448901	0.530533	3.333284	0.460341	0.572562	3.876200
2.808000	0.328642	0.610750	3.334974	0.340359	0.213549	2.132559
2.809000	-0.034558	0.249996	0.363907	0.220378	0.253567	1.972786
2.810000	-0.195711	0.008902	-1.510993	0.380451	0.452738	2.448805
2.811000	0.529073	0.650637	5.050402	-0.018999	0.013920	-0.243904
2.812000	0.247662	0.409986	2.552621	0.460341	0.572562	3.084430
2.813000	0.005528	0.329770	0.365678	-0.138688	-0.185481	-1.671391
2.814000	0.247662	0.450316	2.394679	0.500139	0.652597	3.717996
2.815000	0.046018	0.209666	0.986072	0.020799	0.013920	0.705326
2.816000	0.288152	0.490203	2.551656	0.500139	0.492756	3.400838
2.817000	0.449305	0.731297	3.803118	0.300561	0.293585	2.764885
2.818000	-0.034558	0.209666	0.051387	0.340359	0.293355	1.974026
2.819000	-0.275883	0.008902	-1.510913	0.340359	0.373162	1.655466
2.820000	0.529477	0.610307	4.737802	-0.018999	-0.025868	-0.561553
2.821000	0.247662	0.490203	2.864344	0.699718	0.812210	5.144808
2.822000	0.005932	0.370099	0.053874	-0.418449	-0.305304	-3.098624
2.823000	0.207576	0.450316	2.082796	0.699718	0.772192	4.666989
2.824000	0.005932	0.169779	0.519451	0.060891	0.013920	0.072833
2.825000	0.247662	0.490203	2.708801	0.420249	0.492756	2.764723
2.826000	0.489391	0.691410	3.958581	0.140781	0.253567	1.656868
2.827000	-0.155221	0.129892	-0.573104	0.460341	0.413179	3.558223
2.828000	-0.155221	0.049232	-1.353767	0.460341	0.532774	2.764885
2.829000	0.488987	0.530533	4.737802	0.060891	0.173761	0.388260
2.830000	0.207576	0.450316	2.396281	0.620121	0.652597	4.827160
2.831000	0.046018	0.410429	0.679155	-0.138981	-0.145463	-1.989368
2.832000	0.167085	0.370099	2.081991	0.620121	0.652597	4.666660
2.833000	-0.074644	0.009345	-0.104156	-0.019292	-0.105445	-1.039065
2.834000	0.327834	0.450316	2.551656	0.580029	0.572562	4.034733
2.835000	0.489391	0.731297	3.802232	0.140781	0.133973	0.863530
2.836000	-0.115135	0.169779	-0.572299	0.380451	0.333373	2.448476
2.837000	-0.195711	0.009345	-1.353767	0.340359	0.253567	1.814910
2.838000	0.408815	0.530533	3.798232	0.140781	0.173761	1.338891
2.839000	0.247662	0.409986	2.241623	0.500139	0.572562	4.192447
2.840000	0.207576	0.530533	1.617848	-0.218871	-0.185481	-1.989368
2.841000	0.207576	0.409986	1.612157	0.779608	0.732404	4.984637
2.842000	-0.235393	-0.030985	-1.200074	-0.059091	-0.025868	-1.196779
2.843000	0.408815	0.570863	2.865061	0.420542	0.492756	2.448805
2.844000	0.529477	0.731740	3.802232	0.300561	0.293585	2.447727
2.845000	-0.114730	0.049232	-0.572299	0.340652	0.333373	2.764885
2.846000	-0.114730	0.129892	-0.730241	0.340359	0.373162	1.972295
2.847000	0.368324	0.530533	4.111637	0.060891	0.053937	-0.244816
2.848000	0.288152	0.450759	2.084397	0.620121	0.692386	4.352381
2.849000	0.167489	0.450759	0.991763	-0.179072	-0.185481	-2.463819
2.850000	0.288152	0.450759	1.926536	0.739809	0.851998	6.251844
2.851000	-0.275883	-0.111202	-1.667253	-0.098889	-0.065886	-1.194299
2.852000	0.408815	0.530976	3.021401	0.460048	0.492756	2.448476
2.853000	0.529881	0.731740	4.583861	0.220378	0.173761	1.656539
2.854000	-0.034154	0.210109	-0.260416	0.380158	0.373391	2.448476
2.855000	-0.114730	0.170222	-0.415959	0.539938	0.572562	3.400019
2.856000	0.408815	0.450759	3.330885	0.060891	0.053708	0.230454
2.857000	0.328642	0.450759	2.083593	0.620121	0.692386	5.142588
2.858000	0.248066	0.491089	1.303646	-0.378944	-0.305304	-2.780976
2.859000	0.126999	0.290768	1.613847	0.739809	0.732404	6.093311
2.860000	-0.275479	-0.030542	-1.822796	-0.138981	-0.066116	-1.671720
2.861000	0.408815	0.530976	3.331682	0.580029	0.732174	4.033914
2.862000	0.569968	0.731740	5.051287	0.100689	0.133514	1.022974
2.863000	-0.074240	0.170222	-0.104156	0.380451	0.373162	2.449296
2.864000	-0.034154	0.210551	-0.573901	0.340359	0.373162	2.290763
2.865000	0.449305	0.570863	3.956891	0.180286	0.093726	1.497424
2.866000	0.328642	0.491089	2.708801	0.620121	0.612350	4.668299
2.867000	0.288556	0.571748	2.708801	-0.338852	-0.145922	-3.257157
2.868000	0.167489	0.290768	1.143217	0.899590	0.892016	7.044433
2.869000	-0.315565	-0.070429	-1.979941	-0.259255	-0.265516	-2.305286
2.870000	0.529881	0.611636	3.643485	0.460048	0.532544	2.922598
2.871000	0.651353	0.732182	5.209238	0.180286	0.093726	1.339220
2.872000	0.127403	0.290768	1.303646	0.580029	0.572562	4.666989
2.873000	0.087317	0.250881	0.519522	0.340359	0.333144	2.130828
2.874000	0.248066	0.250881	2.392024	0.060598	0.133514	0.388260
2.875000	0.248066	0.491089	2.083593	0.659626	0.612350	4.510095
2.876000	0.369133	0.651966	3.489632	-0.138981	-0.105904	-2.305614
2.877000	0.046827	0.210551	0.520327	0.699718	0.772192	5.617949
2.878000	-0.356056	-0.070429	-2.447367	-0.099182	-0.026328	-0.719520
2.879000	0.650948	0.771627	5.207548	0.539938	0.652597	3.875381
2.880000	0.610862	0.691853	4.581542	0.100689	0.133514	0.389898
2.881000	0.167894	0.250881	1.147306	0.380158	0.293355	3.084592
2.882000	0.086913	0.250881	0.990878	0.380158	0.373162	2.447565
2.883000	0.207980	0.210551	1.613767	0.180286	0.213549	1.656539
2.884000	0.409623	0.651966	3.803118	0.500139	0.612350	3.716756
2.885000	0.489795	0.651966	3.647574	-0.218871	-0.185481	-2.463819
2.886000	0.086913	0.210551	0.990161	0.859791	0.812210	5.933867
2.887000	-0.194903	0.090447	-1.354653	-0.138981	-0.105904	-1.829105
2.888000	0.529881	0.691853	4.114036	0.580029	0.572562	3.716266
2.889000	0.529881	0.611636	4.271181	0.220963	0.173761	1.497424
2.890000	0.207980	0.331098	1.148103	0.380451	0.373162	2.926059
2.891000	0.127403	0.291211	0.678198	0.340359	0.293355	1.973115
2.892000	-0.074240	0.050117	-0.105838	-0.019292	0.053708	0.705326
2.893000	0.369133	0.611636	3.334089	0.699718	0.732174	5.617038
2.894000	0.529881	0.732182	4.585471	-0.179072	-0.105904	-2.463819
2.895000	0.046827	0.210994	-0.416836	0.939681	0.971592	7.044433
2.896000	-0.234989	0.090447	-1.666536	-0.299054	-0.145922	-2.147082
2.897000	0.449305	0.571748	4.269571	0.659626	0.572562	4.349012
2.898000	0.489795	0.530976	3.491234	-0.019292	0.013690	0.545882
2.899000	0.127403	0.290768	0.522823	0.540231	0.492756	3.558223
2.900000	0.087317	0.291211	0.675871	0.380451	0.293126	2.447565
2.901000	-0.114730	-0.070429	-0.573901	0.060598	0.253338	0.705326
2.902000	0.449305	0.612078	3.645972	0.620121	0.692386	5.141930
2.903000	0.610862	0.772069	4.271181	-0.179072	-0.105904	-2.305614
2.904000	-0.034154	0.170664	-0.102466	0.739809	0.772192	6.094130
2.905000	-0.275479	0.010231	-1.979136	-0.178779	-0.105904	-1.987638
2.906000	0.449305	0.491089	3.487145	0.699718	0.732174	5.459087
2.907000	0.369133	0.571748	3.022286	-0.018999	-0.026098	-0.244816
2.908000	0.086913	0.290768	0.210134	0.420249	0.492756	2.923417
2.909000	0.127403	0.250881	0.520327	0.299975	0.333373	1.973115
2.910000	-0.114730	-0.029214	-1.041964	0.340359	0.213549	1.656868
2.911000	0.570776	0.651966	3.959378	0.580029	0.612350	3.716756
2.912000	0.610862	0.732182	4.115638	-0.138981	-0.026098	-1.671720
2.913000	0.006741	0.130777	-0.101749	0.739809	0.732174	6.250275
2.914000	-0.275479	0.050560	-1.821991	-0.299054	-0.105904	-2.463819
2.915000	0.369133	0.411315	3.175342	0.580029	0.732174	4.508127
2.916000	0.329047	0.411315	2.865061	-0.059091	-0.026098	-0.402529
2.917000	0.127403	0.331098	0.365678	0.420249	0.532544	3.081131
2.918000	0.127403	0.170664	0.521938	0.340359	0.173302	2.132559
2.919000	-0.234989	-0.069544	-1.041327	0.340359	0.333373	2.289943
2.920000	0.489795	0.691853	3.959378	0.620121	0.572562	4.033914
2.921000	0.610862	0.692295	5.209238	-0.179072	-0.066116	-1.830743
2.922000	-0.114730	0.090890	-0.885784	0.779608	0.772192	6.094130
2.923000	-0.234989	0.130777	-1.665651	-0.138981	-0.066116	-1.987966
2.924000	0.288556	0.411315	3.175262	0.580029	0.612350	4.193029
2.925000	0.409623	0.612078	3.647494	0.020799	0.013920	-0.085954
2.926000	0.288556	0.491975	0.991763	0.460048	0.452738	3.400019
2.927000	0.046827	0.210994	0.363907	0.380451	0.253338	2.132559
2.928000	-0.234989	0.050560	-1.510993	0.060598	0.093726	0.231037
2.929000	0.490604	0.651966	3.802232	0.620121	0.692386	4.350651
2.930000	0.610862	0.692295	4.738527	-0.099182	-0.066116	-1.514918
2.931000	-0.074240	0.130777	-0.886669	0.859791	0.771962	6.251094
2.932000	0.006741	0.211437	-1.042132	-0.299054	-0.145922	-2.463819
2.933000	0.288556	0.250881	2.394431	0.779608	0.771962	5.459087
2.934000	0.409623	0.612078	3.176944	-0.099182	-0.026098	-0.561973
2.935000	0.248470	0.491975	1.303566	0.380158	0.333144	2.131319
2.936000	0.087317	0.171107	0.050502	0.100689	0.133514	1.338891
2.937000	-0.275075	0.050560	-2.133882	0.220378	0.253338	1.973115
2.938000	0.610862	0.732625	4.737802	0.460048	0.452738	3.400838
2.939000	0.651353	0.651966	4.271181	-0.179072	-0.105904	-2.463819
2.940000	0.006741	0.130777	-0.104156	0.899590	0.811980	7.520706
2.941000	0.006741	0.250881	-0.416844	-0.138981	-0.105904	-2.147901
2.942000	0.207980	0.250881	2.238171	0.739517	0.772192	6.568252
2.943000	0.288556	0.411315	2.865141	-0.138981	-0.105904	-1.671391
2.944000	0.329047	0.652408	2.552461	0.460048	0.492526	3.399690
2.945000	0.087317	0.210994	0.363182	0.060598	0.093496	0.547121
2.946000	-0.154412	0.090890	-1.197507	0.299975	0.293355	2.289032
2.947000	0.529881	0.652408	4.580657	0.500139	0.452738	3.242305
2.948000	0.489795	0.571748	3.645892	-0.099182	-0.066116	-1.514006
2.949000	0.006741	0.251324	-0.727842	0.739517	0.732174	5.458505
2.950000	0.087317	0.251324	0.834618	-0.299054	-0.105904	-2.463819
2.951000	0.087317	0.210994	0.988391	0.699718	0.732174	4.983726
2.952000	0.409623	0.612078	3.490349	-0.139274	-0.066116	-1.671483
2.953000	0.570776	0.732625	3.959378	0.500139	0.532544	3.715937
2.954000	0.006741	0.211437	0.051387	0.299975	0.253338	1.973115
2.955000	-0.074240	0.131220	-1.040362	0.340359	0.253338	1.972786
2.956000	0.611266	0.652408	4.894062	0.420249	0.532315	3.558552
2.957000	0.328642	0.452087	3.489552	-0.099182	-0.026328	-0.720997
2.958000	0.006741	0.291654	0.210134	0.699425	0.732174	5.774423
2.959000	0.127807	0.291211	1.146421	-0.179072	-0.026328	-1.987966
2.960000	0.006741	0.130777	0.050502	0.859791	0.811980	6.410538
2.961000	0.490604	0.532305	3.959378	-0.019292	-0.026098	-0.721999
2.962000	0.570776	0.692738	3.803038	0.460048	0.412720	2.925240
2.963000	-0.154412	0.171107	-0.416039	0.100689	0.133514	0.705326
2.964000	-0.154412	0.090890	-0.728639	0.220378	0.133514	1.179539
2.965000	0.570776	0.692295	4.581382	0.420249	0.452508	3.400510
2.966000	0.329047	0.452087	2.865946	-0.139274	-0.106134	-1.989697
2.967000	0.127403	0.331541	0.679074	0.899590	0.971592	7.679239
2.968000	0.208384	0.412200	0.990878	-0.099182	-0.026328	-1.829924
2.969000	-0.114730	-0.069544	-0.886589	0.739517	0.652138	5.934686
2.970000	0.369537	0.452087	3.177749	-0.218871	-0.066116	-1.830345
2.971000	0.489795	0.652408	3.646778	0.460048	0.492526	3.399690
2.972000	0.006741	0.171107	-0.258089	0.020799	0.093496	-0.243085
2.973000	0.006741	0.211437	-0.259699	0.220378	0.173302	1.180687
2.974000	0.570776	0.491975	3.800550	0.500139	0.532544	4.035644
2.975000	0.248470	0.371428	2.865946	-0.099182	-0.066116	-1.989697
2.976000	0.087317	0.412200	0.211736	0.779608	0.732174	6.094130
2.977000	0.087317	0.251324	0.679083	-0.259255	-0.066116	-2.147901
2.978000	-0.234989	-0.029214	-1.510993	0.819407	0.851998	6.726456
2.979000	0.369133	0.532305	3.176944	-0.179072	-0.145922	-1.988549
2.980000	0.570776	0.692295	4.115638	0.580029	0.612350	4.509766
2.981000	-0.073432	0.171107	0.211736	0.220378	0.133514	0.863530
2.982000	0.006741	0.131220	-0.572299	0.340359	0.253338	1.498335
2.983000	0.369133	0.411315	3.956891	0.380158	0.452738	2.926059
2.984000	0.248470	0.331098	1.773311	-0.019292	0.053478	-1.036586
2.985000	0.167894	0.532305	1.461508	0.739809	0.612350	4.985947
2.986000	0.167894	0.291211	0.990878	-0.179072	-0.066116	-1.989368
2.987000	-0.234989	-0.029214	-1.509391	0.779608	0.732404	5.935597
2.988000	0.570776	0.532305	3.645892	-0.099182	-0.026328	-0.877891
2.989000	0.570776	0.732182	4.898151	0.580029	0.532544	4.192700
2.990000	-0.194498	0.131220	-1.353847	-0.059384	0.013690	-0.243668
2.991000	0.006741	0.251767	-0.259699	0.260176	0.253338	1.974026
2.992000	0.288556	0.331541	3.175262	0.420249	0.412720	2.926059
2.993000	0.329047	0.491975	2.239941	-0.099182	-0.066116	-0.878710
2.994000	0.208384	0.532747	1.461508	0.899590	0.851998	6.886229
2.995000	0.207980	0.331541	1.146421	-0.059384	-0.066116	-1.671720
2.996000	-0.275075	-0.109431	-1.824478	0.739809	0.652138	5.935597
2.997000	0.490604	0.652408	3.802232	-0.099182	0.013690	-1.039065
2.998000	0.369537	0.532305	3.490349	0.500139	0.572562	3.717338
2.999000	-0.073432	0.171107	-1.040362	0.020799	0.013690	-0.243668
3.000000	0.047231	0.291654	-0.259699	0.100689	0.173302	0.230056
3.001000	0.369133	0.371428	3.019799	0.580029	0.612350	4.510095
3.002000	0.208384	0.331541	1.927252	-0.099182	-0.066116	-1.352832
3.003000	0.329451	0.572634	1.773311	0.779608	0.772192	6.252006
3.004000	0.167894	0.291654	1.144827	-0.179072	-0.106134	-2.463819
3.005000	-0.275075	-0.108988	-1.822876	0.739517	0.732174	6.568252
3.006000	0.409623	0.651966	3.644290	-0.138981	-0.066116	-1.829924
3.007000	0.489795	0.532305	3.177749	0.539938	0.612350	4.508127
3.008000	0.047231	0.211437	-0.101749	0.100689	0.133514	0.864187
3.009000	0.248470	0.331541	0.988471	0.260176	0.293126	1.496605
3.010000	0.167894	0.170664	1.298672	0.420249	0.452738	3.081950
3.011000	0.208384	0.412200	1.302761	-0.099182	-0.066116	-1.513187
3.012000	0.329047	0.772955	2.709598	0.739517	0.732174	6.250275
3.013000	0.127403	0.331541	1.614652	-0.179072	-0.106134	-2.147082
3.014000	-0.275479	-0.069101	-2.136281	0.859205	0.811980	6.568252
3.015000	0.611266	0.692738	3.799746	-0.059384	-0.026328	-0.719687
3.016000	0.570776	0.572634	3.488747	0.779608	0.732174	6.093144
3.017000	0.006741	0.251324	0.055476	-0.179072	-0.106134	-2.147572
3.018000	0.288960	0.452087	1.770993	0.220085	0.173302	1.339220
3.019000	-0.074240	0.131220	-0.106643	0.260176	0.333373	2.290763
3.020000	0.248470	0.371428	2.082796	0.020799	0.013690	-1.036586
3.021000	0.611266	0.812842	3.803038	0.899590	0.732174	6.408808
3.022000	0.167894	0.291654	1.613847	-0.059091	0.013690	-0.720177
3.023000	-0.194498	-0.069101	-1.822876	0.699718	0.692386	5.776153
3.024000	0.610862	0.652408	5.050322	-0.099182	0.013690	-1.514006
3.025000	0.329047	0.331541	2.551656	0.619535	0.612350	4.667970
3.026000	0.127807	0.331541	0.679960	-0.099182	0.013690	-1.196121
3.027000	0.248470	0.331541	1.459826	0.180286	0.173302	0.864769
3.028000	-0.234585	-0.069101	-1.043814	0.420249	0.412720	2.131319
3.029000	0.329047	0.492417	2.707916	-0.059091	-0.026328	-0.246125
3.030000	0.691843	0.812842	5.052818	0.699718	0.612350	5.618440
3.031000	0.127807	0.251324	0.678198	-0.099182	0.013690	-1.036586
3.032000	-0.073432	0.131220	-0.416756	0.739517	0.652138	5.616709
3.033000	0.570776	0.532305	4.424237	-0.139274	-0.026328	-1.356293
3.034000	0.207980	0.331541	1.772346	0.540231	0.572332	4.665749
3.035000	0.167894	0.371428	0.367279	0.180286	0.173302	1.022720
3.036000	0.288960	0.532305	2.551656	0.180286	0.173302	1.656868
3.037000	-0.194498	0.050560	-0.573184	0.500139	0.413179	3.400510
3.038000	0.248470	0.331541	2.238171	-0.139274	-0.105904	-1.988457
3.039000	0.611266	0.812842	4.898151	0.699718	0.772192	5.935597
3.040000	-0.073432	0.171107	-0.101749	-0.138981	-0.026328	-1.514006
3.041000	-0.073432	0.171550	-0.729444	0.739517	0.732174	5.618440
3.042000	0.570776	0.572634	3.956891	-0.099182	0.053708	-1.352832
3.043000	0.329047	0.452087	2.395316	0.819407	0.732174	6.410210
3.044000	0.288556	0.492417	1.460711	-0.179072	-0.105904	-1.987309
3.045000	0.288960	0.492417	2.865946	0.220085	0.292667	1.655138
3.046000	-0.436228	-0.189205	-2.759967	0.340359	0.333144	2.289852
3.047000	0.329047	0.492417	3.177749	-0.138981	-0.066116	-1.829924
3.048000	0.651757	0.813285	5.054411	0.779608	0.772192	6.568743
3.049000	0.047231	0.131220	0.367279	0.020506	0.053478	-0.243668
3.050000	-0.073432	0.211437	-0.416039	0.899590	0.771962	6.727696
3.051000	0.369537	0.452087	3.019719	-0.179072	-0.066116	-2.463819
3.052000	0.208384	0.331541	1.461508	0.819407	0.772192	7.043614
3.053000	0.167894	0.452530	1.305168	-0.099182	-0.026328	-1.354325
3.054000	0.329451	0.412200	2.708801	0.380158	0.452508	2.131739
3.055000	-0.315565	-0.108988	-2.444960	0.260176	0.293126	2.130408
3.056000	0.369537	0.532747	3.020684	0.060598	0.133514	-0.404260
3.057000	0.731929	0.813285	5.990786	0.739517	0.612350	5.458996
3.058000	-0.032941	0.171550	0.054679	-0.019292	0.093496	-0.403112
3.059000	-0.194498	0.171550	-0.884987	0.739517	0.612121	5.299644
3.060000	0.208384	0.211437	2.238171	-0.139274	-0.026328	-1.831164
3.061000	0.168298	0.251324	0.991763	0.739517	0.732174	6.092562
3.062000	0.369537	0.692738	2.397086	-0.059384	0.053249	-0.877233
3.063000	0.369537	0.492417	3.177749	0.420249	0.412720	2.924421
3.064000	-0.355651	-0.148875	-2.914706	0.260176	0.213090	1.655957
3.065000	0.369537	0.412200	2.865061	-0.059384	-0.026328	-1.513187
3.066000	0.610862	0.772955	4.898151	0.699718	0.612350	5.301374
3.067000	-0.032941	0.251767	-0.569095	-0.019292	0.013460	-0.561973
3.068000	0.006741	0.211437	-0.727842	0.659626	0.612121	5.300883
3.069000	0.208384	0.291654	2.238171	-0.019292	0.053478	-0.085954
3.070000	0.167894	0.331541	0.990878	0.739517	0.732174	6.092562
3.071000	0.490604	0.733068	3.179351	-0.139274	-0.026557	-1.671391
3.072000	0.248470	0.412643	2.707916	0.299975	0.293126	2.288375
3.073000	-0.436228	-0.188762	-3.541516	0.380158	0.452508	2.449296
3.074000	0.369537	0.492417	2.863459	-0.139274	-0.026328	-1.989368
3.075000	0.651353	0.733068	4.740121	0.580029	0.612350	5.143170
3.076000	-0.032941	0.211880	-0.569892	-0.059384	0.053478	0.228233
3.077000	0.168298	0.332426	0.990878	0.899590	0.811980	6.727367
3.078000	-0.032941	0.051446	0.206046	-0.179072	-0.066346	-2.146170
3.079000	0.208384	0.372313	1.459826	0.739517	0.612350	5.776153
3.080000	0.491008	0.733068	3.647574	-0.138981	-0.026328	-2.147082
3.081000	0.248874	0.412200	2.239772	0.299975	0.293126	2.447819
3.082000	-0.275075	-0.108988	-2.914626	0.220378	0.293126	1.180924
3.083000	0.288960	0.492417	2.863459	-0.019292	0.093496	-0.878872
3.084000	0.651353	0.572634	4.114841	0.699718	0.652597	5.301374
3.085000	0.047231	0.291654	-0.258089	-0.019585	0.053708	-0.720177
3.086000	0.087721	0.251767	0.676587	0.739809	0.732174	5.935597
3.087000	-0.073432	0.011116	-0.417641	-0.059384	0.053478	-0.878710
3.088000	0.288960	0.452087	2.396918	0.779608	0.772192	6.409719
3.089000	0.691843	0.812842	4.427441	-0.099182	0.053478	-1.829595
3.090000	0.208788	0.372313	2.239772	0.539938	0.532544	4.352473
3.091000	-0.315161	-0.069101	-2.136281	0.140781	0.133514	0.706964
3.092000	0.410432	0.492417	3.331602	-0.019292	0.133284	-0.720997
3.093000	0.611266	0.772955	4.898151	0.580029	0.532544	4.826433
3.094000	0.087721	0.332426	0.211656	0.020799	0.213090	0.072250
3.095000	0.208384	0.412643	2.396113	0.699718	0.572562	4.984637
3.096000	-0.073432	0.011116	-0.417641	-0.019292	0.093496	-0.403020
3.097000	0.288960	0.452530	2.552461	0.779608	0.652597	6.409719
3.098000	0.812910	0.973719	6.772334	-0.138981	0.013460	-2.145842
3.099000	0.087317	0.251767	1.148023	0.420249	0.452738	3.399690
3.100000	-0.275479	0.011559	-2.446562	0.220378	0.173073	1.496842
3.101000	0.450518	0.492417	3.488747	-0.059384	0.093496	-0.720997
3.102000	0.531094	0.612964	3.802152	0.619535	0.413179	4.192118
3.103000	0.167894	0.372313	1.148908	0.060598	0.213090	0.705654
3.104000	0.208384	0.372313	1.928057	0.699718	0.532544	5.141930
3.105000	-0.234585	-0.028328	-1.510993	0.020506	0.053478	-0.244816
3.106000	0.248874	0.412200	1.927252	0.500139	0.572332	4.667970
3.107000	0.772419	0.933831	6.459646	-0.059384	0.053478	-1.036586
3.108000	0.087721	0.211437	0.207647	0.499846	0.452738	3.400019
3.109000	-0.113518	0.091776	-0.727842	0.220378	0.333144	2.132796
3.110000	0.409623	0.412200	3.331522	0.140195	0.133284	-0.087921
3.111000	0.369537	0.452530	3.334894	0.540231	0.532315	4.034404
3.112000	0.208384	0.452530	1.304451	-0.019585	0.053478	-1.036586
3.113000	0.288960	0.452530	2.396113	0.779608	0.612121	5.775496
3.114000	-0.234585	-0.068658	-1.509391	0.020506	0.093496	-0.244816
3.115000	0.369537	0.452530	2.865061	0.819407	0.732174	6.410210
3.116000	0.812505	0.813285	6.301704	-0.059384	0.013460	-1.036586
3.117000	0.047231	0.211880	0.053794	0.619535	0.492526	3.875871
3.118000	-0.234585	0.011559	-1.665651	0.060598	0.173073	0.388987
3.119000	0.248874	0.372313	2.708801	-0.019292	0.093266	-0.879529
3.120000	0.369537	0.452530	2.865946	0.420249	0.452738	3.242305
3.121000	0.288960	0.492860	1.773311	-0.019292	0.093496	-1.195118
3.122000	0.329451	0.412643	2.239941	0.659626	0.532544	4.983397
3.123000	-0.275075	-0.068658	-2.289337	0.060598	0.133514	0.073070
3.124000	0.369537	0.452530	2.865061	0.739517	0.692386	6.092654
3.125000	0.731929	0.772955	6.303306	-0.019292	0.093266	-1.036586
3.126000	-0.073027	0.171550	-0.256407	0.460048	0.452508	3.399690
3.127000	-0.274671	0.011559	-1.979136	0.140195	0.133284	0.705326
3.128000	0.329451	0.412643	2.862574	0.260176	0.372702	1.656049
3.129000	0.369537	0.452087	3.179431	0.380158	0.372702	3.558552
3.130000	0.369537	0.573077	2.554063	0.220085	0.213090	0.863858
3.131000	0.168298	0.372313	2.395316	0.659626	0.612350	5.141930
3.132000	-0.355651	-0.148875	-3.227394	-0.019292	0.053478	-0.560733
3.133000	0.288960	0.452530	2.865946	0.659626	0.452738	4.351233
3.134000	0.812505	0.813285	6.301704	0.020506	0.133284	-0.245398
3.135000	0.047231	0.251767	-0.100864	0.460048	0.293126	3.399690
3.136000	-0.113518	0.091776	-1.510187	0.260176	0.213090	1.181506
3.137000	0.208384	0.211880	1.770107	0.180286	0.293126	1.022974
3.138000	0.208384	0.412643	1.927252	0.299975	0.213090	1.973934
3.139000	0.369537	0.573077	3.023091	0.180286	0.292667	-0.244816
3.140000	0.288960	0.412643	2.396113	0.500139	0.452738	3.557894
3.141000	-0.355651	-0.108545	-3.071771	0.180286	0.173302	1.181506
3.142000	0.288960	0.452530	2.707916	0.620121	0.532544	4.983397
3.143000	0.732333	0.813285	5.831871	0.140195	0.173073	0.387677
3.144000	-0.073027	0.132106	-1.196702	0.380158	0.412720	2.922598
3.145000	-0.032941	0.132106	-1.353847	0.260176	0.412720	1.814582
3.146000	0.087721	0.211437	0.988471	0.140195	0.173073	0.705326
3.147000	0.369537	0.452530	1.927252	0.380158	0.333144	2.290180
3.148000	0.491008	0.653294	3.491234	0.060598	0.173302	0.230056
3.149000	0.168298	0.251767	1.146421	0.539938	0.492526	4.192608
3.150000	-0.315161	-0.068658	-2.758366	0.020506	0.133284	-0.243668
3.151000	0.329451	0.532747	3.331602	0.659626	0.532544	5.616963
3.152000	0.611266	0.612964	5.365498	-0.019292	0.133284	-0.560733
3.153000	-0.113518	0.091776	-0.257292	0.380158	0.293355	1.972786
3.154000	0.087721	0.292539	-0.104236	0.220085	0.213090	1.497753
3.155000	0.047231	0.171550	0.207647	0.260176	0.372702	2.131647
3.156000	0.329451	0.532747	2.865946	0.260176	0.293126	1.815401
3.157000	0.531498	0.653294	4.583861	0.140195	0.173073	0.705326
3.158000	-0.032941	0.091776	0.363907	0.380158	0.333144	3.081622
3.159000	-0.234585	0.011559	-1.979136	-0.059384	0.133284	-1.036586
3.160000	0.450518	0.573077	3.956891	0.540231	0.532544	4.666660
3.161000	0.611266	0.573077	4.738527	0.060598	0.173073	-0.402362
3.162000	0.168298	0.332869	0.367279	0.460048	0.372702	3.875871
3.163000	0.127807	0.372756	0.834618	0.180286	0.292667	1.022391
3.164000	-0.113114	0.011559	-0.885784	0.220378	0.293126	1.498664
3.165000	0.289365	0.412643	2.551656	0.260176	0.293126	1.497424
3.166000	0.692247	0.773398	5.054411	0.260176	0.372702	1.338891
3.167000	0.047231	0.091776	0.521858	0.260176	0.173302	1.973605
3.168000	-0.153604	0.011559	-1.196702	0.220085	0.372702	1.023302
3.169000	0.490604	0.532747	4.271181	0.659626	0.452738	5.300717
3.170000	0.369537	0.452530	3.645892	0.220085	0.292667	0.864187
3.171000	-0.032941	0.332426	0.054511	0.260176	0.173302	1.656049
3.172000	0.127807	0.332426	1.303566	0.299975	0.372702	2.131647
3.173000	-0.073432	0.011559	-0.731046	0.180286	0.133284	1.181506
3.174000	0.450518	0.532747	3.020604	0.180286	0.213090	0.863039
3.175000	0.531094	0.612964	4.741731	0.260176	0.452738	2.289032
3.176000	-0.073027	0.051889	-0.885784	0.220085	0.253338	1.498243
3.177000	-0.154412	0.132106	-1.665731	0.020506	0.173302	0.229473
3.178000	0.369537	0.492417	3.488747	0.420249	0.253338	3.083444
3.179000	0.490604	0.492417	3.176864	0.260176	0.292667	1.020661
3.180000	0.127807	0.372756	0.835343	0.260176	0.173761	1.497095
3.181000	0.208384	0.412643	1.614652	0.380158	0.452738	2.131319
3.182000	-0.153604	-0.068658	-1.665731	0.220085	0.293126	1.972786
3.183000	0.410432	0.492417	3.490349	0.420249	0.372702	2.131647
3.184000	0.691843	0.733068	5.051207	0.260176	0.372702	1.973115
3.185000	-0.113518	0.091776	-1.039726	0.260176	0.333144	2.290180
3.186000	-0.032941	0.171550	-1.041327	0.220085	0.293126	0.705326
3.187000	0.329451	0.291654	2.863459	0.340359	0.213549	3.083444
3.188000	0.248874	0.412200	3.177749	-0.019292	0.213090	-0.085954
3.189000	0.127807	0.372313	0.523539	0.340359	0.333373	2.925240
3.190000	0.127807	0.251767	1.146421	0.380158	0.452738	2.607009
3.191000	-0.194498	-0.068658	-1.978331	0.180286	0.213090	1.339220
3.192000	0.410432	0.532747	3.490269	0.420249	0.452738	2.289852
3.193000	0.731929	0.772955	5.521757	0.260176	0.293126	1.973115
3.194000	-0.113518	0.051889	-1.663332	0.220378	0.133514	1.655957
3.195000	-0.113518	0.132106	-1.195906	0.060598	0.213090	0.387769
3.196000	0.208384	0.211880	1.767540	0.380451	0.253338	3.241977
3.197000	0.288960	0.412643	2.396918	0.100689	0.292667	0.230783
3.198000	0.329451	0.613407	2.712978	0.260176	0.133514	1.814253
3.199000	0.127807	0.211880	1.302681	0.260176	0.412720	2.449296
3.200000	-0.275075	-0.108545	-1.822876	0.260176	0.253338	2.131319
3.201000	0.450518	0.452530	3.176059	0.220378	0.293126	1.815401
3.202000	0.369537	0.532747	3.802152	0.380158	0.412720	2.925897
3.203000	-0.073027	0.171550	-0.725435	0.140781	0.173302	1.497424
3.204000	-0.113518	0.292539	-0.572299	0.260176	0.333144	1.655138
3.205000	0.208384	0.291654	1.925651	0.260176	0.093726	1.656868
3.206000	0.369537	0.532747	3.022206	0.180286	0.372702	0.704414
3.207000	0.329451	0.533190	2.084397	0.180286	0.053708	1.179539
3.208000	0.168298	0.332426	1.148023	0.380158	0.492526	2.765542
3.209000	-0.275075	-0.028328	-1.979136	0.380158	0.293126	1.972786
3.210000	0.409623	0.452530	2.865061	0.380451	0.492526	2.449296
3.211000	0.531094	0.612964	4.427441	0.380158	0.412720	2.923417
3.212000	-0.073027	0.211880	-0.101749	0.260176	0.253338	1.813671
3.213000	0.128212	0.332426	0.366394	0.380158	0.492756	2.606190
3.214000	0.127807	0.171550	0.988391	0.100689	0.053708	1.022974
3.215000	0.208384	0.412643	2.551656	0.060598	0.173302	-0.402362
3.216000	0.410432	0.573077	2.709518	0.100689	0.133514	1.338983
3.217000	0.168298	0.372313	0.833741	0.500139	0.492526	3.400838
3.218000	-0.194498	0.051889	-0.884182	0.020799	0.093496	0.863530
3.219000	0.329451	0.492860	3.019719	0.460048	0.492526	3.242305
3.220000	0.329451	0.532747	3.645892	0.220378	0.213090	1.496934
3.221000	-0.032941	0.292539	-0.100952	0.380158	0.372702	2.131319
3.222000	0.168298	0.372756	0.834618	0.380158	0.492526	2.607009
3.223000	0.087721	0.091776	0.832847	0.340359	0.133514	1.974845
3.224000	0.450518	0.532747	3.490349	0.060598	0.173302	0.387677
3.225000	0.491008	0.613407	3.959298	0.060598	0.053708	1.338891
3.226000	0.087721	0.292539	0.523539	0.380158	0.492526	1.813671
3.227000	-0.234585	0.051889	-1.509391	0.060598	0.133284	0.705908
3.228000	0.531094	0.532747	4.267977	0.460048	0.492756	3.081131
3.229000	0.490604	0.492860	3.801436	0.299975	0.293126	2.131319
3.230000	0.087721	0.332869	0.836220	0.299975	0.293126	2.290763
3.231000	0.208788	0.332869	1.459906	0.220085	0.412491	1.814582
3.232000	-0.032941	0.051889	0.207647	0.180286	0.133284	1.814161
3.233000	0.289365	0.452973	2.707916	0.220085	0.332455	0.387677
3.234000	0.571584	0.693624	4.429928	0.300561	0.253338	2.606352
3.235000	0.048039	0.212765	0.210054	0.299975	0.492526	2.131647
3.236000	0.048039	0.212765	-0.260496	0.299975	0.293126	1.815072
3.237000	0.450518	0.452973	3.802152	0.419957	0.372702	2.448476
3.238000	0.208788	0.332869	2.550859	0.260176	0.213090	1.497424
3.239000	0.168702	0.373199	1.306053	0.180286	0.173073	1.180687
3.240000	0.168702	0.413086	1.616971	0.499846	0.452508	2.607009
3.241000	-0.113114	-0.028328	-0.885784	0.140195	0.093266	1.022974
3.242000	0.491008	0.533190	3.488747	0.259884	0.332455	1.021243
3.243000	0.732333	0.774283	5.835243	0.220085	0.053478	0.863621
3.244000	-0.113518	0.012002	-0.258089	0.419957	0.492297	2.291091
3.245000	-0.032537	0.212765	0.054591	0.060598	0.053478	0.072833
3.246000	0.410432	0.413086	3.019719	0.380158	0.412491	2.449296
3.247000	0.289365	0.372756	2.708721	0.499846	0.492526	3.717996
3.248000	0.249278	0.493303	1.774116	0.419957	0.372702	2.291091
3.249000	0.329451	0.493303	3.022206	0.499846	0.492297	2.923256
3.250000	-0.274671	-0.108102	-1.821991	0.220085	0.133284	1.497424
3.251000	0.329451	0.452973	3.489552	0.340359	0.452279	1.658108
3.252000	0.491008	0.734396	5.209238	0.020799	-0.026328	-0.403348
3.253000	-0.032537	0.092218	-0.100864	0.499846	0.572332	2.607828
3.254000	0.048039	0.212765	0.210939	0.260176	0.173302	1.656868
3.255000	0.329451	0.412643	3.332407	0.659626	0.572332	3.716266
3.256000	0.087721	0.292539	1.148031	0.180286	0.293126	1.655138
3.257000	0.249278	0.493303	2.087601	0.420249	0.412491	2.290763
3.258000	0.128212	0.332869	2.084397	0.340359	0.293126	1.973115
3.259000	-0.234585	-0.027885	-0.882412	0.180286	0.093496	1.021243
3.260000	0.450518	0.493303	3.957696	0.339774	0.532315	1.814582
3.261000	0.571584	0.653737	4.738527	0.060598	0.053708	1.022974
3.262000	-17.117109	-29.872178	110.403446	0.619242	2.013432	0.396890
3.263000	90.350378	-45.632020	153.521363	0.265447	-2.733994	2.771497
3.264000	24.017265	-35.603513	19.245416	0.662847	2.174192	7.509923
3.265000	54.232098	-32.348716	101.917331	1.180229	2.887396	0.556464
3.266000	27.118645	-5.542518	77.791638	-0.968018	-2.815866	1.503645
3.267000	60.539560	-5.516985	259.568453	1.019278	3.650490	1.497187
3.268000	174.486229	-11.276549	266.653025	0.783121	0.259536	1.176790
3.269000	81.517406	-27.479914	160.589415	0.147808	-1.374077	5.474717
3.270000	154.245110	-23.913248	228.948415	1.027769	-0.455734	-5.953424
3.271000	118.495617	-16.473821	199.099878	-0.253692	1.384167	5.623900
3.272000	196.421921	-14.621046	331.425063	0.228869	-2.048182	4.327617
3.273000	209.801643	-4.233957	366.044360	0.793955	3.338152	-0.867897
3.274000	253.146294	-16.735909	392.141315	-0.247543	-1.964243	8.951832
3.275000	288.430634	-5.765751	499.726488	1.117029	2.624259	-4.991364
3.276000	369.389847	-22.726526	581.666110	-1.001082	-0.122965	1.189366
3.277000	455.974808	-30.075596	787.733412	1.277101	0.359085	6.714484
3.278000	610.744507	-87.525156	1071.470320	-0.630597	1.642869	-0.241209
3.279000	807.304626	-111.208282	1575.565727	0.849857	0.813514	4.986034
3.280000	949.678925	-116.899321	2060.346321	0.458020	0.141706	0.236995
3.281000	1027.959473	-145.540207	2222.416260	0.101589	-0.972824	-3.404703
3.282000	988.759125	-108.756126	2060.242081	1.337103	-1.889332	8.938727
3.283000	856.855072	-83.256355	1689.702835	0.018478	-0.418774	3.085762
3.284000	695.889008	-45.654091	1346.711227	1.846872	0.692772	10.059908
3.285000	559.515945	-42.712152	1090.808533	0.047151	1.442550	5.618107
3.286000	478.083618	-32.118135	914.399670	0.322520	0.879546	-1.032240
3.287000	405.254349	-42.369476	815.286667	0.797761	0.317690	6.251559
3.288000	337.671204	-53.396342	746.414333	-0.161211	0.553435	-1.820646
3.289000	259.665062	-49.931485	719.926327	1.073424	0.910611	5.303968
3.290000	177.016365	-44.430210	715.772263	-0.246958	-0.489094	-2.466999
3.291000	122.556431	-34.556007	722.265900	0.351485	1.264114	3.715964
3.292000	93.263042	-31.132841	757.991138	0.108887	-0.173543	4.030146
3.293000	87.749413	-30.589516	802.458397	0.389235	1.301836	1.979239
3.294000	84.362707	-44.100964	849.578178	0.508630	0.264128	3.400041
3.295000	73.187702	-53.629504	871.168999	0.268082	0.183863	1.178979
3.296000	59.036627	-59.487105	885.695297	0.547550	0.662010	2.134057
3.297000	44.558797	-61.135315	890.980766	-0.013144	-0.217005	1.495716
3.298000	40.033985	-64.501327	896.903885	0.106838	0.580138	4.510116
3.299000	47.187839	-66.993803	925.034805	-0.532282	-0.177446	-0.879271
3.300000	64.847432	-68.593268	941.768913	0.187313	0.262291	3.873090
3.301000	84.661900	-68.115066	971.017929	-0.171167	0.183633	-0.242735
3.302000	107.209101	-67.628455	1001.998497	0.588228	0.264128	4.349853
3.303000	129.119370	-72.639574	1026.427711	0.389235	0.384870	2.135222
3.304000	258.766609	-240.774349	1385.539581	2.378872	6.844568	-4.493551
3.305000	164.906487	-176.303528	1409.722824	1.942552	-9.473128	-12.389072
3.306000	70.481778	-24.875446	1339.183563	-1.528126	-1.261370	16.314190
3.307000	15.079522	8.498203	1295.043823	-0.781029	14.896713	30.450003
3.308000	122.246313	-180.717781	1246.377281	-0.236710	-7.486012	-14.901101
3.309000	160.028275	-43.263968	1375.668503	0.644423	5.170018	-32.979538
3.310000	132.044905	-181.720242	1423.718872	-0.905988	-1.040620	-0.578755
3.311000	136.930855	-155.657467	1853.448761	2.649557	-0.611214	18.211276
3.312000	88.989529	-262.878044	2420.041016	-0.081907	4.481451	21.319480
3.313000	100.967403	-191.272652	3151.868042	1.086871	-3.697865	-0.853680
3.314000	-139.291726	-217.455894	3941.226807	0.568610	8.411763	-26.358342
3.315000	-237.506294	-229.508125	4556.019470	-1.922327	-2.940897	-11.669900
3.316000	-498.474625	-198.015778	5202.698608	2.556471	2.226064	9.553864
3.317000	-714.398239	-91.247746	5442.522339	-3.801081	-7.377750	13.202379
3.318000	-1021.375122	-20.140503	5627.339844	3.087592	3.017308	17.316463
3.319000	-1202.937622	107.453396	5610.233276	-4.034917	-5.175322	-6.303808
3.320000	-1401.572327	165.333292	5483.433777	-0.520341	1.912495	-0.253259
3.321000	-1488.517517	241.686985	5369.277893	-0.048321	-2.679222	3.548847
3.322000	-1603.953003	247.505226	5183.805237	-1.090404	2.066137	7.663915
3.323000	-1593.799622	266.883720	5121.894409	-0.091926	-2.800425	12.241247
3.324000	-1570.533997	237.400330	5029.963745	-1.209507	0.513018	-3.601983
3.325000	-1488.204407	203.644638	4971.460571	-0.685977	-0.202709	5.605521
3.326000	-1386.282837	168.563332	4921.498840	-0.522976	-1.636003	-4.858704
3.327000	-1255.527588	131.406466	4785.351196	-1.436587	0.685717	4.182283
3.328000	-1098.267120	98.191325	4644.630981	-0.151905	-1.380056	4.805218
3.329000	-938.684357	72.333493	4434.961670	-0.225354	0.026994	1.952433
3.330000	-781.027374	53.769230	4212.492004	-0.134045	-0.999924	6.554843
3.331000	-622.918488	44.716675	3980.332520	0.232048	-0.031003	2.274422
3.332000	-484.022003	29.892052	3731.150879	-0.277429	-0.060001	3.077092
3.333000	-351.133560	23.981277	3506.685547	-0.069359	-0.568754	3.389409
3.334000	-230.740559	18.913002	3283.189209	-0.302003	0.279425	2.758415
3.335000	-120.273105	10.592182	3093.951660	-0.414372	-0.429876	0.697055
3.336000	-9.382946	0.547359	2923.179565	0.230897	0.336431	7.036859
3.337000	97.597433	-15.784962	2771.781067	-0.360812	-0.333541	-2.147568
3.338000	207.074070	-30.227543	2635.209961	0.603724	0.232906	5.930104
3.339000	306.231659	-44.390909	2483.304749	-0.189320	-0.237436	-0.722679
3.340000	398.317574	-54.854565	2349.346893	0.575637	0.128693	3.079799
3.341000	474.062317	-61.903463	2221.792328	0.141366	-0.263909	-0.407720
3.342000	530.369110	-65.782694	2098.452271	0.585299	0.260913	0.072762
3.343000	571.382614	-69.496615	1986.830383	0.748300	0.305294	5.141041
3.344000	593.672791	-72.823620	1871.622406	-0.327141	-0.489553	-3.890281
3.345000	606.472000	-74.894651	1769.704239	0.913351	0.790098	5.300415
3.346000	613.938553	-74.937634	1683.420212	-0.363719	-0.365597	-2.301544
3.347000	616.779388	-76.548617	1611.529022	0.515950	0.712358	3.084145
3.348000	613.426788	-77.282076	1548.244644	0.117086	0.155093	1.972829
3.349000	606.773758	-77.817440	1493.555008	0.157470	0.235129	2.925941
3.350000	599.432816	-79.310522	1456.057343	0.277452	0.275377	1.974069
3.351000	590.281525	-78.317778	1427.937912	0.118257	-0.122965	1.974069
3.352000	578.297104	-76.515778	1413.879974	0.357927	0.555042	1.976457
3.353000	562.967773	-73.310200	1403.261032	0.157763	-0.283036	-1.038693
3.354000	547.346115	-70.781376	1396.079651	0.716700	0.674407	5.304134
3.355000	531.282272	-65.163536	1410.933990	-0.082786	-0.044766	-1.988176
3.356000	516.099533	-60.225113	1427.976776	0.635932	0.632552	5.461681
3.357000	499.389893	-56.249727	1449.559708	-0.004067	0.233063	0.234288
3.358000	483.807907	-51.671604	1482.231415	0.514486	0.431315	3.558504
3.359000	465.770966	-48.378731	1516.939590	0.074359	0.310803	3.718277
3.360000	447.572891	-44.524336	1561.338974	0.273352	0.270096	1.814205
3.361000	426.073181	-40.872477	1606.986404	0.512144	0.388772	5.302053
3.362000	401.833069	-38.945503	1649.981201	-0.207745	0.028612	-1.512745
3.363000	374.572342	-37.740921	1688.126953	1.069324	0.625895	7.836812
3.364000	347.033447	-36.859421	1732.831680	-0.330069	-0.213561	-2.147152
3.365000	318.283478	-36.258013	1774.569214	0.747422	0.781604	5.301396
3.366000	288.166107	-37.582699	1806.774963	-0.173216	-0.257482	0.864279
3.367000	258.128540	-38.063560	1842.565308	0.384550	0.299325	2.289453
3.368000	228.859055	-38.948599	1871.013336	0.103617	0.018281	1.814091
3.369000	199.711456	-39.553102	1901.802246	0.022556	-0.103149	1.814582
3.370000	172.740219	-39.154230	1931.340363	0.660798	0.533692	4.506634
3.371000	145.573421	-39.681622	1949.317413	-0.379529	-0.425358	-1.197598
3.372000	119.697048	-39.926254	1969.947754	0.897833	0.570725	5.933937
3.373000	95.920513	-39.132500	1992.763275	-0.341487	-0.468360	-2.782216
3.374000	73.716640	-39.380678	2010.738037	0.695912	0.648006	7.040552
3.375000	53.329578	-39.588968	2022.930389	-0.223556	-0.151202	-1.198110
3.376000	35.120502	-40.198786	2034.645691	0.414979	0.207351	3.555652
3.377000	18.768324	-40.446520	2041.672882	-0.025148	-0.113021	0.227554
3.378000	5.359413	-40.014847	2046.511688	0.013772	0.005885	1.811682
3.379000	-4.905398	-39.981604	2048.689789	0.213351	0.284402	3.714093
3.380000	-13.233952	-39.908913	2038.207581	-0.186685	-0.235370	-1.199350
3.381000	-18.821689	-39.955442	2025.846497	0.452142	0.323043	5.616359
3.382000	-20.219044	-39.078815	2016.604309	-0.427526	-0.435918	-2.784297
3.383000	-19.721841	-38.281958	1998.461243	0.731026	0.561772	6.250744
3.384000	-16.042879	-37.524546	1976.249054	-0.427526	-0.436148	-0.563817
3.385000	-10.428463	-36.728134	1951.851807	0.371081	0.162512	2.919606
3.386000	-3.044195	-36.611570	1921.518066	-0.028369	-0.076447	0.861686
3.387000	7.483366	-34.611465	1897.902130	0.172381	0.083625	2.605419
3.388000	18.692796	-32.731018	1871.789337	0.412637	0.243696	2.763132
3.389000	29.900609	-31.611965	1837.864716	-0.226191	-0.314028	-1.039906
3.390000	40.945652	-29.731075	1806.439850	0.733368	0.564757	6.248523
3.391000	51.825904	-27.688866	1780.641510	-0.305202	-0.272862	-1.516998
3.392000	61.173990	-25.447224	1752.191467	0.454485	0.446081	4.665145
3.393000	68.706069	-23.245020	1722.957458	-0.104745	-0.232386	-1.200261
3.394000	74.786967	-21.484236	1694.346710	0.254906	0.246680	3.238915
3.395000	78.046478	-20.164864	1662.459778	-0.024563	-0.072314	-0.247387
3.396000	80.860592	-17.962221	1639.939575	0.055328	0.087527	1.019583
3.397000	82.589148	-15.962112	1618.050323	0.334796	0.366734	4.032161
3.398000	81.252966	-15.204258	1586.315948	-0.024855	-0.192368	-1.041637
3.399000	79.515114	-14.207085	1559.890594	0.654356	0.565904	6.725944
3.400000	77.011581	-13.250237	1537.215302	-0.344708	-0.312421	-1.992268
3.401000	73.661393	-12.493711	1514.543976	0.693862	0.645252	6.091230
3.402000	70.030194	-11.617968	1492.182770	-0.464397	-0.312191	-2.148996
3.403000	65.433696	-11.464617	1467.632233	0.494283	0.365815	3.713036
3.404000	59.828174	-11.630806	1440.587830	-0.024855	-0.032756	1.023281
3.405000	55.434129	-10.876051	1423.383514	0.214522	0.006573	1.494524
3.406000	51.159131	-10.321619	1406.180878	0.414101	0.245992	2.446886
3.407000	45.677501	-10.929667	1379.607971	-0.345294	-0.153498	-1.198110
3.408000	40.518181	-10.856092	1356.934082	0.733368	0.564527	5.771102
3.409000	36.487334	-10.863174	1338.323822	-0.545751	-0.353587	-3.575156
3.410000	32.375912	-10.629612	1319.250336	0.692984	0.643644	6.725944
3.411000	28.990892	-10.235611	1299.546600	-0.266282	-0.274240	-1.988899
3.412000	24.757997	-10.482904	1277.967102	0.492819	0.364209	4.824514
3.413000	21.212632	-10.970846	1251.547348	-0.146301	-0.194663	-1.039087
3.414000	18.634588	-10.577290	1235.278046	0.093077	0.084543	1.970705
3.415000	16.738008	-10.101746	1216.040756	0.133168	0.124102	1.811261
3.416000	13.717402	-10.267935	1188.683380	-0.146593	-0.235370	-1.039906
3.417000	11.742268	-10.153585	1167.412430	0.651721	0.523132	6.884148
3.418000	10.452638	-9.758259	1147.393921	-0.307252	-0.195582	-1.991778
3.419000	9.203502	-9.283157	1128.004913	0.611630	0.402849	5.300441
3.420000	8.556869	-8.686178	1108.769623	-0.347050	-0.235599	-1.356735
3.421000	7.066000	-8.531502	1086.563553	0.651428	0.402849	5.457826
3.422000	6.057783	-8.577144	1061.078842	-0.227362	-0.156023	-1.199022
3.423000	5.935101	-7.498423	1045.592102	0.052400	0.003589	0.704975
3.424000	5.933887	-6.381142	1029.796234	0.292362	0.203219	1.655278
3.425000	4.683133	-6.225579	1005.096497	-0.227069	-0.116005	-0.721929
3.426000	4.117886	-5.749592	986.017914	0.651428	0.443096	5.139757
3.427000	3.834048	-4.912406	968.032608	-0.067289	0.003589	-0.563397
3.428000	3.267993	-3.834571	950.363312	0.492234	0.482885	5.775803
3.429000	3.024241	-2.756736	934.726151	-0.227069	-0.155793	-1.515268
3.430000	1.894149	-2.160201	913.460800	0.452142	0.443096	4.190365
3.431000	0.440540	-1.722773	890.165710	-0.066996	-0.116005	-0.722841
3.432000	0.114595	-0.564719	876.557571	0.132290	-0.075987	0.862689
3.433000	-0.129153	0.995304	862.169479	0.292362	0.283025	3.080689
3.434000	-1.906687	1.312186	838.875336	-0.107088	-0.076447	-1.040817
3.435000	-2.271100	2.269476	820.738022	0.651721	0.642267	5.934336
3.436000	-3.685837	3.068101	802.442017	-0.227362	-0.315635	-2.465409
3.437000	-4.374578	4.347587	786.333771	0.651721	0.522214	5.616849
3.438000	-4.941443	5.425865	771.480988	-0.306959	-0.196041	-1.355824
3.439000	-6.034277	5.904068	751.778091	0.771410	0.522673	5.455675
3.440000	-7.125093	6.140733	730.360703	-0.306959	-0.235599	-1.988242
3.441000	-7.532420	7.340443	718.314407	0.212472	0.203449	2.128909
3.442000	-7.858365	8.299504	705.333389	0.172674	0.163660	1.972344
3.443000	-9.392957	8.336733	685.949905	-0.306959	-0.195582	-1.674383
3.444000	-10.041206	8.935039	669.684616	0.691813	0.562690	5.616849
3.445000	-10.971677	9.052044	654.204224	-0.306666	-0.155793	-1.832916
3.446000	-11.257533	10.011548	642.473892	0.652014	0.523132	5.300112
3.447000	-11.905379	10.850503	631.212524	-0.266868	-0.235370	-2.465409
3.448000	-12.835041	11.088940	614.637909	0.731904	0.602938	6.251984
3.449000	-14.048135	11.086283	597.438889	-0.146886	-0.275158	-2.464752
3.450000	-14.333184	12.087002	589.769600	0.332747	0.363520	2.446067
3.451000	-14.739703	13.087277	581.011215	0.093077	0.084313	0.863508
3.452000	-15.951990	13.607138	565.222328	-0.066703	-0.075299	-1.199022
3.453000	-16.720498	14.326874	555.051331	0.492819	0.403538	4.032161
3.454000	-17.932379	14.806405	543.323570	-0.066703	-0.035740	-0.881373
3.455000	-18.338495	15.847453	536.909996	0.692105	0.602938	6.092540
3.456000	-18.865274	17.129153	529.088623	-0.066996	-0.075528	-0.406012
3.457000	-20.599892	17.086609	515.020126	0.572417	0.562920	5.618089
3.458000	-22.093587	17.566581	503.919441	-0.186685	-0.115776	-1.039578
3.459000	-22.862097	18.567300	498.752266	0.372545	0.243466	2.763715
3.460000	-23.952102	19.127047	493.591759	-0.066996	0.163660	0.229031
3.461000	-25.566461	19.205935	482.648994	-0.066703	0.044066	-0.723660
3.462000	-27.341166	19.123947	475.769691	0.572417	0.563150	5.300112
3.463000	-29.438174	18.600545	465.294975	-0.106795	-0.075528	-0.563725
3.464000	-30.688929	18.718434	460.914505	0.692105	0.563150	5.617270
3.465000	-31.616570	18.796881	458.098801	-0.106795	0.004278	-0.247479
3.466000	-33.953692	17.871951	445.905548	0.692105	0.563150	6.407638
3.467000	-35.847441	17.107456	437.464020	-0.226483	-0.115317	-1.674712
3.468000	-36.975513	16.704158	434.644081	0.412637	0.403538	3.714767
3.469000	-38.184159	16.541068	431.357025	0.053278	0.084084	0.071317
3.470000	-39.633728	16.097882	423.697769	-0.066996	0.004278	-0.881373
3.471000	-41.083701	15.734914	417.598404	0.532325	0.483114	5.618089
3.472000	-42.816297	14.970860	407.435600	-0.107088	-0.115776	-1.197291
3.473000	-43.218371	15.289957	404.148384	0.692105	0.602708	6.407967
3.474000	-43.540273	15.809817	402.425255	-0.186685	-0.195582	-1.514028
3.475000	-44.990652	15.246971	390.861206	0.692105	0.562920	6.093451
3.476000	-45.755117	15.004992	383.512070	-0.186685	-0.075528	-1.670923
3.477000	-46.036932	15.365304	380.536736	0.452435	0.443096	3.396790
3.478000	-46.519987	15.885606	376.625854	0.012894	0.123642	0.544949
3.479000	-47.204685	16.045597	370.844147	-0.107088	0.004048	-1.515176
3.480000	-47.929066	16.085041	364.276649	0.452435	0.403308	4.506774
3.481000	-49.056328	16.164372	355.836491	-0.106795	-0.075987	-1.039087
3.482000	-49.096415	16.805665	355.050610	0.691813	0.602708	6.567411
3.483000	-49.296844	17.606948	354.738556	-0.146886	-0.115776	-1.198531
3.484000	-50.707136	17.126090	344.582245	0.731611	0.562690	5.934007
3.485000	-51.674053	17.166420	338.953598	-0.227069	-0.155793	-1.830366
3.486000	-52.317856	17.045430	336.759995	0.492234	0.323272	4.031175
3.487000	-52.922384	17.085760	335.508221	-0.026905	0.004048	-0.563068
3.488000	-54.211205	17.126090	331.284897	-0.067289	0.004048	-0.881864
3.489000	-55.058670	16.485240	327.843208	0.532325	0.522902	4.981224
3.490000	-56.590839	16.044711	320.496742	-0.107088	-0.116005	-0.881373
3.491000	-56.793291	16.206474	321.114407	0.691813	0.562690	5.300112
3.492000	-57.197788	16.728991	322.203590	-0.146886	-0.036429	-0.721110
3.493000	-58.408459	16.088140	313.765450	0.651721	0.602708	5.616030
3.494000	-59.094770	16.129356	310.322880	-0.267160	-0.116005	-2.148343
3.495000	-59.580656	16.130685	309.223507	0.412344	0.402849	3.556142
3.496000	-60.065327	16.532655	308.439236	-0.067289	0.003589	-0.404864
3.497000	-60.390463	16.975397	307.497974	-0.067289	-0.075987	-0.564216
3.498000	-61.317701	16.775962	303.274746	0.492234	0.363061	3.238494
3.499000	-62.327129	16.817177	298.273876	-0.066996	-0.075987	-0.406012
3.500000	-62.489496	17.299364	298.421883	0.652014	0.402849	5.142399
3.501000	-62.530792	17.861767	301.232197	-0.107088	-0.036429	-0.722749
3.502000	-63.539413	17.863539	293.889885	0.611923	0.522214	5.299784
3.503000	-64.346390	18.305838	291.852711	-0.107088	-0.036429	-1.197291
3.504000	-64.629822	18.827912	292.004726	0.571831	0.323043	3.872717
3.505000	-65.557867	19.631409	291.689476	0.212180	0.203219	1.021550
3.506000	-65.921879	20.594897	291.844048	0.012308	0.003359	-0.564216
3.507000	-67.292889	21.077527	288.248413	0.452142	0.362831	3.715494
3.508000	-68.341192	21.318620	284.184719	-0.187270	-0.036429	-1.356735
3.509000	-68.744884	22.482871	286.367336	0.571831	0.522214	5.460376
3.510000	-68.906845	23.767227	290.584476	0.052400	0.083166	0.070169
3.511000	-70.115492	24.129309	286.053612	0.611630	0.522214	5.934007
3.512000	-70.761318	24.931921	284.175804	-0.187270	-0.076447	-1.197291
3.513000	-71.325352	25.775306	286.046623	0.451557	0.362831	4.347330
3.514000	-71.729446	26.859784	287.136692	-0.147472	-0.036888	-0.562577
3.515000	-72.132732	27.943819	289.168652	0.012308	0.043148	-0.880953
3.516000	-73.019882	28.546995	287.916309	0.292070	0.362602	3.557290
3.517000	-73.705391	29.110282	285.571335	-0.147472	0.003130	-1.197291
3.518000	-73.706604	30.274535	291.037533	0.611630	0.442178	4.506774
3.519000	-73.505764	31.358569	294.942871	-0.067875	0.003130	-0.405192
3.520000	-74.231358	31.841643	293.382813	0.691227	0.481966	5.934498
3.521000	-74.514389	32.444818	294.316696	-0.267453	-0.077135	-1.040817
3.522000	-74.474705	33.047552	296.816631	0.451557	0.401931	3.556142
3.523000	-74.072628	33.730945	301.659401	-0.028076	0.082706	0.228702
3.524000	-73.508595	34.454224	305.099159	0.091905	0.082706	0.227554
3.525000	-72.904472	34.374894	306.661533	0.451264	0.362142	2.923067
3.526000	-72.259460	34.416994	306.194904	0.091905	0.042689	0.070498
3.527000	-70.969833	34.618643	311.973862	0.611337	0.401931	4.031994
3.528000	-69.075676	35.060944	318.694019	-0.107966	-0.076906	-0.880554
3.529000	-67.825733	34.701075	318.230045	0.651428	0.521755	5.775965
3.530000	-66.052240	34.381092	321.510334	-0.068167	0.042689	-0.722350
3.531000	-64.117599	33.860789	324.324818	0.411466	0.202530	3.238985
3.532000	-61.819347	33.741128	330.107067	0.171795	0.122495	0.227791
3.533000	-59.400032	33.621467	334.484089	0.091905	0.082706	1.178116
3.534000	-57.745989	32.618978	334.643726	0.172088	0.122495	1.814139
3.535000	-56.172525	31.977686	335.114349	-0.148057	-0.116924	-0.882285
3.536000	-53.913553	31.656376	340.580631	0.571538	0.401931	4.664978
3.537000	-51.615303	31.415724	347.300861	0.131704	0.082706	0.547590
3.538000	-50.404232	30.773990	347.305668	0.491356	0.402160	4.664978
3.539000	-48.952236	30.012593	349.648792	0.011723	0.042689	-0.247479
3.540000	-48.023790	29.370860	350.430416	0.291777	0.162512	2.922248
3.541000	-46.773844	29.170538	355.899014	-0.028076	0.042689	0.069749
3.542000	-45.885885	28.849670	360.430691	-0.028076	0.002900	-0.088035
3.543000	-46.006144	28.008058	359.183220	0.291777	0.282107	2.289409
3.544000	-46.005739	27.487313	359.965565	-0.068167	0.082706	-0.089275
3.545000	-45.683836	27.287877	364.650040	0.570953	0.401931	4.507593
3.546000	-45.724327	27.208103	369.963264	0.051521	0.042689	-0.405192
3.547000	-46.611479	26.767574	370.122810	0.651136	0.441719	5.458317
3.548000	-47.296579	26.448036	372.934616	-0.148057	-0.037347	-1.038758
3.549000	-48.385372	25.926847	373.559814	0.411173	0.281877	3.556050
3.550000	-48.748169	26.088167	379.808445	0.251100	0.201612	1.338449
3.551000	-49.393185	26.048722	385.906406	0.051228	0.122036	1.496163
3.552000	-50.884052	25.407873	384.031155	0.170917	0.201612	1.814048
3.553000	-51.931547	25.047560	386.847130	-0.068753	0.081559	-0.247479
3.554000	-52.616245	24.846797	391.844379	0.450679	0.321206	3.715494
3.555000	-53.220367	24.727578	396.846424	-0.148643	-0.038265	-1.513629
3.556000	-54.145985	24.407154	399.659286	0.530276	0.440801	4.665797
3.557000	-54.871174	24.207277	404.037560	-0.028954	0.081099	-0.248390
3.558000	-56.079418	23.405551	404.037388	0.370496	0.121347	3.715494
3.559000	-56.320341	23.245117	411.380329	0.050643	0.041311	-0.246988
3.560000	-56.681923	23.286774	417.163136	0.130533	0.200694	1.179754
3.561000	-57.729420	22.484606	416.697224	0.090441	0.081099	1.019561
3.562000	-58.252155	22.245284	420.604145	0.050643	0.120429	-0.406923
3.563000	-58.614143	22.085294	425.759331	0.330112	0.200464	2.763623
3.564000	-58.855873	21.966074	431.540535	0.090149	0.160446	0.069258
3.565000	-59.218266	21.887628	434.823944	0.449507	0.200464	4.030755
3.566000	-59.822386	21.567646	437.324936	-0.229411	-0.039413	-1.355425
3.567000	-60.507488	21.127561	438.263451	0.369910	0.240023	3.713764
3.568000	-60.386423	21.329653	444.354912	0.050057	0.120199	-0.089367
3.569000	-60.347145	21.611518	451.699547	0.129947	0.120199	1.019561
3.570000	-61.112823	21.091659	450.766289	0.169746	0.159987	1.496982
3.571000	-61.032650	20.932554	454.670181	0.169746	0.239793	1.654949
3.572000	-60.992565	20.773006	458.421661	0.209837	0.160217	2.130548
3.573000	-60.590488	20.894437	464.361053	-0.070217	0.039934	-0.406104
3.574000	-60.147520	20.895767	469.050659	0.409416	0.200005	3.872459
3.575000	-59.864899	20.615671	471.707977	0.089856	0.119740	0.228610
3.576000	-59.502506	19.974821	472.961845	0.249636	0.199775	3.079449
3.577000	-58.494287	19.975265	479.211433	0.329233	0.319140	2.764350
3.578000	-57.365408	19.975265	486.245064	0.129654	0.079952	1.496163
3.579000	-57.041891	19.494849	485.781868	0.129654	0.119740	0.861847
3.580000	-56.315084	18.973218	489.066185	0.129654	0.119510	0.702495
3.581000	-55.548599	18.532245	492.970947	0.289727	0.319140	2.923466
3.582000	-54.621365	18.451587	497.817711	-0.070510	-0.000314	-0.565548
3.583000	-53.975134	18.451587	502.352745	0.449215	0.239564	4.188376
3.584000	-53.813171	17.890512	503.605721	0.049472	0.119510	0.703972
3.585000	-53.973921	17.249220	504.388931	0.089270	0.079492	2.445646
3.586000	-53.651211	17.249220	508.761940	0.289142	0.278893	1.972252
3.587000	-53.249945	17.449982	514.858482	0.169453	0.159069	1.655186
3.588000	-53.733805	17.210218	514.236465	0.289142	0.199087	1.813390
3.589000	-54.057728	17.090999	516.581985	0.169453	0.278893	1.812900
3.590000	-54.463037	16.851677	518.609291	0.368739	0.199087	2.605818
3.591000	-54.546444	17.253646	522.829071	-0.030711	0.039475	0.069258
3.592000	-54.750916	17.657388	526.269875	0.408830	0.199087	3.713597
3.593000	-55.318186	17.539054	526.895164	0.009380	0.118822	-0.089038
3.594000	-55.925945	17.421165	527.206070	0.169453	0.159069	1.972505
3.595000	-56.050650	17.583812	530.018303	0.328940	0.278893	2.921245
3.596000	-55.652214	18.187433	536.579781	0.168868	0.199087	2.130456
3.597000	-56.138905	18.229975	536.583786	0.089270	0.119051	1.338449
3.598000	-56.303698	18.192745	537.832840	0.328940	0.318681	3.079778
3.599000	-56.468082	17.993752	539.706200	0.049472	0.039475	1.336298
3.600000	-56.149010	18.236176	543.455460	0.009087	0.158839	-0.406104
3.601000	-55.667976	18.679360	547.521622	0.289142	0.199087	3.238235
3.602000	-55.710489	18.520698	548.930046	0.168868	0.238645	0.386324
3.603000	-55.591038	18.160828	548.773949	0.049179	-0.000543	0.859788
3.604000	-55.391012	18.041167	551.898712	0.368739	0.358469	3.079778
3.605000	-54.545969	18.323034	558.306343	0.168868	0.159069	1.177765
3.606000	-54.264559	18.203373	559.873680	0.049179	0.119051	0.704134
3.607000	-54.022423	18.003494	561.281471	0.408538	0.278663	3.714583
3.608000	-53.741013	17.562523	562.845558	0.288849	0.159069	2.764350
3.609000	-53.217064	17.402533	566.596466	0.128776	0.238645	0.861847
3.610000	-52.450577	17.603295	571.132401	-0.030711	-0.120367	0.227624
3.611000	-52.167953	17.202653	572.073662	0.208666	0.358240	1.814538
3.612000	-51.965502	16.721352	573.325096	0.049179	-0.080579	1.338120
3.613000	-51.481234	16.521032	575.823853	0.288849	0.318451	2.921245
3.614000	-50.553997	16.521032	582.701149	0.288849	0.119051	1.971104
3.615000	-50.109816	16.401371	585.207428	0.368739	0.318451	3.238893
3.616000	-49.786299	16.080503	586.146118	0.288849	0.158839	2.607057
3.617000	-49.583847	15.600087	587.553932	0.089270	0.079033	0.860936
3.618000	-49.179346	15.319106	591.306564	0.128776	0.238645	0.860608
3.619000	-48.251707	15.680304	597.088814	0.009380	-0.040331	0.702894
3.620000	-47.766630	15.359437	599.438774	0.288849	0.318451	1.495160
3.621000	-47.684437	14.918022	601.159966	-0.030711	-0.120367	0.386157
3.622000	-46.388342	14.079509	606.801682	0.448629	0.318451	3.555139
3.623000	-49.054642	15.249960	621.034599	0.088685	-0.000543	0.702075
3.624000	-47.396961	9.877643	624.492821	0.089270	-0.080579	1.652216
3.625000	-45.370829	11.196572	634.351295	0.248465	0.358240	3.078866
3.626000	-44.889795	12.284592	640.148079	0.049179	-0.120367	1.335969
3.627000	-44.806389	8.033541	645.929146	0.168868	0.318451	0.861519
3.628000	-41.765164	9.311698	662.031471	-0.030418	-0.080120	-0.879902
3.629000	-37.329820	11.760303	664.845856	0.128776	0.079492	1.653364
3.630000	-34.984209	9.953431	672.514343	-0.030418	-0.119908	0.069749
3.631000	-32.279441	10.714385	679.703247	0.289142	0.278893	3.079287
3.632000	-26.635852	10.713943	689.235519	0.169453	0.119510	3.080689
3.633000	-22.643072	8.908399	695.642868	0.089856	0.119740	1.654367
3.634000	-20.025347	9.631680	698.763962	0.329819	0.359158	2.289992
3.635000	-17.404792	8.588860	700.787537	0.089856	-0.039643	1.177436
3.636000	-15.147841	8.508200	701.567047	0.249929	0.359158	2.604836
3.637000	-12.327260	9.310369	710.631775	-0.149814	-0.238813	-1.514869
3.638000	-10.673623	9.149936	712.353271	0.209837	0.279581	2.604836
3.639000	-9.183564	8.349095	713.763809	0.050350	0.120429	0.543871
3.640000	-8.094770	8.149217	716.580658	0.329819	0.319829	3.080689
3.641000	-7.450159	7.548697	718.928391	0.130240	0.160446	1.812571
3.642000	-6.603096	7.710459	724.093231	0.290020	0.280270	3.080689
3.643000	-6.641969	7.871335	725.662628	0.250222	0.200464	2.447613
3.644000	-7.084129	7.269930	725.664001	-0.029540	-0.038724	-0.246988
3.645000	-7.284964	7.109496	727.542007	0.330112	0.440112	3.873445
3.646000	-7.164302	7.390036	732.543945	-0.229119	-0.278143	-1.355425
3.647000	-7.526693	7.028395	733.328323	0.410294	0.440341	3.396935
3.648000	-7.889085	6.947735	732.702026	-0.188734	-0.198107	-0.880883
3.649000	-8.050239	6.866189	732.388077	0.330112	0.400553	3.396935
3.650000	-8.172518	6.785973	733.323975	0.090734	0.001523	1.180407
3.651000	-7.488225	7.106397	736.762573	0.250514	0.241171	2.289992
3.652000	-6.964679	7.586813	737.074814	0.330697	0.281188	3.080689
3.653000	-7.046468	7.226058	734.729553	0.051228	0.041770	0.702986
3.654000	-6.765057	6.945521	734.730057	0.370789	0.321206	3.081017
3.655000	-5.960908	7.267275	740.042023	-0.347929	-0.357030	-2.150494
3.656000	-5.679901	6.986736	740.516357	0.410880	0.480818	4.030172
3.657000	-5.478662	6.706199	741.142258	-0.228240	-0.237206	-1.513958
3.658000	-5.116270	6.305557	741.456818	0.410880	0.321436	2.763132
3.659000	-5.035289	5.503389	741.771683	0.171795	0.082477	1.654367
3.660000	-4.027881	5.783484	745.993668	0.331283	0.281877	2.921827
3.661000	-3.664277	5.542390	747.248856	0.171503	0.202071	1.496163
3.662000	-3.501911	4.738893	745.219559	0.011723	0.042689	1.179916
3.663000	-3.056921	4.417139	744.594788	0.331283	0.361683	3.556379
3.664000	-1.524755	4.695907	750.065735	-0.227655	-0.276536	-1.831935
3.665000	-0.959103	4.414484	749.760040	0.530861	0.561543	4.190365
3.666000	-0.353364	4.092730	748.356140	-0.107966	-0.116694	-0.564636
3.667000	0.212288	3.529884	746.168976	0.251685	0.202530	1.972344
3.668000	0.817622	3.127471	745.860092	0.131997	0.083166	1.497074
3.669000	2.470451	3.727990	750.706665	0.331868	0.322584	3.555560
3.670000	3.358006	3.646888	750.709396	0.292070	0.322813	2.764280
3.671000	3.801782	2.844720	746.648880	0.052400	-0.036429	0.226643
3.672000	4.567460	2.563295	745.402008	0.492234	0.442637	3.714093
3.673000	5.856685	2.643069	748.992126	-0.306959	-0.275617	-1.988899
3.674000	6.662045	2.562854	747.590714	0.611923	0.602708	4.823020
3.675000	7.346743	2.282759	745.560532	-0.306666	-0.275158	-1.988899
3.676000	8.272362	1.721683	744.465073	0.412344	0.562920	4.031250
3.677000	8.875271	1.120277	741.027222	0.172674	0.004507	1.813811
3.678000	10.566165	1.522247	744.779144	0.332747	0.323732	2.922576
3.679000	11.531466	1.241711	743.841614	0.292948	0.323732	2.605839
3.680000	11.933136	0.319881	737.902557	0.053278	0.044525	0.546771
3.681000	12.616621	-0.160977	735.088272	0.492819	0.483573	3.873537
3.682000	14.024891	-0.080317	737.743530	-0.266282	-0.274240	-2.785278
3.683000	14.788952	-0.400743	735.398987	0.732782	0.683433	6.408878
3.684000	15.352179	-0.681281	732.430740	-0.146008	-0.233993	-1.039578
3.685000	15.512523	-1.242799	728.208572	0.493112	0.364438	3.238003
3.686000	15.592291	-1.924863	723.050171	0.013772	-0.034363	0.704975
3.687000	16.557997	-1.323459	726.329132	0.453314	0.444703	3.874448
3.688000	16.718341	-1.444004	723.515381	0.173845	0.205056	1.180665
3.689000	16.153902	-2.086182	716.169312	0.093955	0.005655	0.546771
3.690000	16.153497	-2.005965	713.669067	0.733075	0.683892	5.774892
3.691000	16.112199	-1.886747	713.822220	-0.385385	-0.273781	-3.259238
3.692000	15.990728	-1.766643	709.915115	0.613387	0.604315	4.981224
3.693000	15.708509	-1.726756	707.256119	-0.305202	-0.273092	-1.988899
3.694000	15.063089	-1.847746	703.504562	0.373716	0.444933	3.397447
3.695000	14.418476	-1.968736	697.876175	0.054156	0.006114	0.546442
3.696000	14.861041	-1.126680	701.934891	0.414101	0.285550	3.080290
3.697000	14.376773	-0.966246	699.591614	0.214229	0.205515	1.971034
3.698000	13.449537	-1.167452	692.244598	-0.065240	-0.073692	-0.247387
3.699000	12.966078	-0.927244	690.053650	0.454192	0.445162	3.873537
3.700000	12.885098	-0.687037	689.894104	-0.265111	-0.153498	-1.989627
3.701000	12.642964	-0.125075	688.488083	0.733661	0.564986	5.775803
3.702000	12.441321	0.235236	687.081070	-0.225020	-0.233074	-1.197291
3.703000	11.755814	0.074802	682.391541	0.453899	0.445162	3.555652
3.704000	11.191779	0.034472	677.390060	0.134339	0.006344	0.546771
3.705000	11.675238	1.036963	681.761368	0.174431	0.125938	1.813412
3.706000	11.554170	1.237284	680.200592	0.294119	0.285550	2.446395
3.707000	10.789705	0.996633	673.951813	0.054449	0.046132	0.546442
3.708000	10.547571	1.356944	672.699646	0.653771	0.524968	5.300441
3.709000	10.306650	1.276284	670.980133	-0.345001	-0.273092	-2.306946
3.710000	10.226882	1.757585	671.293610	0.574173	0.684810	6.407967
3.711000	10.146709	2.078011	670.825470	-0.225020	-0.153498	-1.039578
3.712000	9.261176	1.555494	665.825592	0.493991	0.445162	3.555652
3.713000	8.496711	1.234183	660.514053	-0.025148	-0.033444	0.388567
3.714000	9.020660	2.035466	666.606400	0.334503	0.245992	2.289102
3.715000	8.538009	1.915363	664.421967	0.334503	0.245992	2.288682
3.716000	7.692967	1.633496	659.736511	-0.105038	-0.113021	-0.564216
3.717000	7.048759	1.432733	658.016098	0.654356	0.645022	6.408878
3.718000	6.445042	1.191196	655.670578	-0.264818	-0.233074	-2.306946
3.719000	6.405360	1.591396	657.390808	0.733953	0.645022	5.616359
3.720000	6.204929	1.992037	659.268387	-0.265111	-0.193056	-2.306946
3.721000	5.037177	1.109208	652.390198	0.693862	0.564986	4.983467
3.722000	4.353287	0.988219	649.264725	-0.064947	-0.033444	-0.404772
3.723000	4.756574	1.468635	655.046906	0.174431	0.245992	1.812501
3.724000	4.193346	1.388417	653.014877	0.254321	0.245992	2.129658
3.725000	3.630119	1.347646	648.953827	-0.225020	-0.193056	-1.515176
3.726000	3.509053	1.387533	649.421173	0.614265	0.645022	5.777043
3.727000	3.106978	1.106109	646.763840	-0.065240	-0.073462	-1.356315
3.728000	3.388794	1.747401	649.576813	0.733661	0.685040	6.407148
3.729000	3.630928	2.148486	651.139359	-0.344708	-0.272862	-3.098554
3.730000	2.946229	1.506751	645.358871	0.574173	0.525198	4.666310
3.731000	2.865249	1.546638	642.700745	-0.225020	-0.153039	-1.515101
3.732000	3.831763	2.108156	648.480621	0.254321	0.245992	2.129658
3.733000	3.871445	2.148486	647.075470	0.214522	0.245992	1.498642
3.734000	3.911531	2.028382	644.888611	-0.025148	-0.113021	-0.563305
3.735000	4.153260	2.027939	645.043610	0.534375	0.525657	5.457826
3.736000	3.991704	1.506751	640.352386	-0.304910	-0.153039	-2.781817
3.737000	5.119370	2.188816	645.193573	0.614265	0.645252	5.617270
3.738000	5.763577	2.308477	647.070404	-0.104745	-0.192827	-1.672890
3.739000	5.360695	1.666742	640.351151	0.534668	0.525887	5.300533
3.740000	5.602425	1.626412	638.784775	-0.104453	-0.152809	-0.881045
3.741000	6.488766	1.986723	642.533310	0.174723	0.047050	1.022132
3.742000	6.810668	1.906507	640.657608	0.294998	0.206433	2.605839
3.743000	6.931735	1.986281	638.783340	-0.304617	-0.232386	-1.673380
3.744000	7.133782	1.945951	637.840668	0.614558	0.605922	6.092470
3.745000	6.851563	1.543982	632.994781	-0.104745	-0.072544	-0.563305
3.746000	7.778799	2.345707	637.991409	0.734539	0.566134	5.459066
3.747000	8.181277	2.826122	639.865601	-0.144251	-0.152579	-1.038666
3.748000	7.255253	2.103728	631.895676	0.774630	0.566134	6.566592
3.749000	7.215167	2.263719	629.704819	-0.263940	-0.232156	-1.831348
3.750000	7.658540	2.744577	633.292908	-0.024563	0.047280	0.703175
3.751000	7.618454	2.984343	632.825592	0.375180	0.326716	2.922576
3.752000	7.458109	3.344654	632.198608	-0.184343	-0.152120	-1.356315
3.753000	7.135803	3.344654	630.475815	0.734832	0.566134	6.250345
3.754000	6.451105	2.983014	625.788742	-0.184343	-0.112332	-1.038666
3.755000	6.894073	3.785183	630.628052	0.814722	0.725746	6.726036
3.756000	7.015141	4.225712	632.657074	-0.304031	-0.272174	-2.624174
3.757000	5.887474	3.704523	625.156921	0.654942	0.526346	5.773253
3.758000	5.806898	3.904844	624.997375	-0.104453	-0.072314	-0.879805
3.759000	6.089521	4.385702	628.430649	0.294998	0.167104	1.972856
3.760000	6.008540	4.706571	628.898895	0.135510	0.087298	1.180665
3.761000	6.049436	5.107212	629.054352	-0.064361	-0.072544	-0.880624
3.762000	5.646553	5.027438	627.176163	0.734832	0.566134	6.092141
3.763000	5.123007	4.947221	622.957092	-0.144251	-0.032526	-1.196871
3.764000	6.009349	5.789277	629.046249	0.734832	0.605922	6.567411
3.765000	6.372550	6.390682	631.391174	-0.024563	0.007262	-0.404772
3.766000	5.768833	5.949709	625.922424	0.654942	0.526346	5.776714
3.767000	5.849813	6.350795	625.763672	-0.224434	-0.112332	-2.148085
3.768000	6.051860	6.470899	626.387268	0.215400	0.167104	2.130241
3.769000	6.293591	6.952200	627.790924	0.215693	0.047510	1.022461
3.770000	6.898924	7.553605	630.134140	-0.144251	-0.112332	-1.356315
3.771000	6.577023	7.433058	627.477356	0.574759	0.526346	5.141089
3.772000	6.255121	7.192409	622.945770	-0.024270	-0.032526	-0.247058
3.773000	6.900136	7.994576	627.788269	0.694740	0.446540	5.141089
3.774000	7.263338	8.435105	629.974258	-0.144251	-0.112103	-1.515667
3.775000	6.699706	8.234784	623.568405	0.654942	0.486557	5.458737
3.776000	6.781495	8.475878	624.191299	-0.144251	-0.112332	-1.197782
3.777000	6.741813	8.635868	624.658401	0.215400	0.247140	1.812593
3.778000	7.024033	8.956294	625.595490	0.335089	0.326716	2.923234
3.779000	7.145504	9.518253	627.469681	-0.263940	-0.152120	-1.831094
3.780000	6.460806	9.397707	624.029755	0.495162	0.486328	4.983375
3.781000	5.978155	9.317491	620.124878	-0.223848	-0.112103	-1.513936
3.782000	6.340951	9.999112	624.339783	0.694740	0.645940	6.249434
3.783000	6.502105	10.640404	627.933411	-0.104453	-0.032296	-0.880953
3.784000	5.697148	10.600516	622.935272	0.694740	0.526346	5.459066
3.785000	5.495910	10.921828	623.558716	-0.064361	-0.032526	-0.880134
3.786000	4.931873	10.881942	621.994736	0.215400	0.087298	1.339452
3.787000	4.811615	11.483346	624.339462	0.135510	0.127086	1.022461
3.788000	4.771934	12.125524	626.995178	-0.304031	-0.192368	-2.624923
3.789000	3.885996	11.884430	624.340897	0.614558	0.526346	5.458737
3.790000	3.120722	11.884872	621.842300	-0.144251	-0.072544	-1.832824
3.791000	3.161212	12.366174	625.745178	0.654356	0.526116	5.932697
3.792000	2.879801	12.727371	628.402573	-0.184343	-0.112332	-1.356315
3.793000	1.993863	12.687928	625.122375	0.694740	0.526116	5.776714
3.794000	1.631876	12.888249	625.903030	-0.343830	-0.192368	-2.785278
3.795000	0.907091	12.767702	624.965942	0.374888	0.286469	2.922668
3.796000	0.746747	13.128455	627.619980	0.175309	0.087068	1.021550
3.797000	0.707065	13.730304	630.902664	-0.144544	-0.152579	-1.673380
3.798000	-0.259449	13.449323	626.528946	0.494869	0.406522	4.192188
3.799000	-0.983424	13.449323	624.654694	-0.064654	-0.072544	-0.088854
3.800000	-0.861954	13.970512	628.401291	0.534668	0.526116	5.300533
3.801000	-0.901636	14.330823	631.213516	-0.144544	-0.112791	-1.196871
3.802000	-1.545035	14.531588	628.873428	0.654356	0.486099	5.932697
3.803000	-1.785955	14.691578	628.716278	-0.224434	-0.152579	-1.356315
3.804000	-2.470249	14.571031	626.684891	0.374888	0.366504	2.764135
3.805000	-2.590508	14.891455	628.244781	0.095126	0.087068	1.022369
3.806000	-2.428143	15.652852	632.464645	-0.104745	-0.032756	-0.880953
3.807000	-3.354165	15.372315	627.779022	0.494576	0.326257	4.032161
3.808000	-3.877306	15.371871	626.216644	-0.064947	-0.032756	-0.880134
3.809000	-3.957479	15.772071	628.403442	0.614265	0.525887	5.615960
3.810000	-4.158314	16.052608	631.059967	-0.104745	-0.112791	-0.564216
3.811000	-4.640965	16.173155	629.813370	0.574466	0.366045	4.666967
3.812000	-5.043443	16.212598	629.811768	-0.144544	-0.032756	-1.197782
3.813000	-5.888889	15.931619	626.841690	0.334796	0.206662	2.763224
3.814000	-5.888889	16.212598	629.185608	-0.024855	0.086609	0.386744
3.815000	-5.687246	16.813561	633.405487	-0.064654	-0.152809	-1.198019
3.816000	-6.774826	16.372591	628.720032	0.534668	0.366045	4.666967
3.817000	-7.056643	16.372591	628.564560	-0.184635	-0.192827	-1.198110
3.818000	-7.258286	16.372147	630.282394	0.494576	0.406292	4.825500
3.819000	-7.258286	16.492693	632.781158	-0.064654	0.007033	0.230034
3.820000	-7.419438	16.572911	633.097137	0.614265	0.525887	5.775474
3.821000	-7.661572	16.452806	632.785339	-0.304617	-0.113021	-2.306946
3.822000	-8.145436	16.011394	630.440598	0.454485	0.326257	3.715096
3.823000	-7.983878	16.051723	633.251968	0.055328	0.126627	0.228212
3.824000	-7.460333	16.492693	637.940063	-0.184635	-0.113021	-1.673709
3.825000	-8.064859	16.051723	633.568115	0.414686	0.366045	3.081201
3.826000	-8.064859	15.811072	633.724365	-0.104745	0.007033	-0.564706
3.827000	-7.742554	15.651081	636.066940	0.574466	0.486099	5.932697
3.828000	-7.420246	15.731298	638.566483	-0.064947	-0.073003	-0.879222
3.829000	-7.259094	15.651081	639.349808	0.654356	0.486099	6.091813
3.830000	-7.178517	15.410430	639.037292	-0.144544	-0.032756	-1.197782
3.831000	-7.419843	14.769138	636.068146	0.414686	0.246451	2.922668
3.832000	-7.057450	14.848913	638.878723	-0.104745	0.007033	-0.881864
3.833000	-6.211599	15.289884	643.566818	0.055035	0.166645	0.703175
3.834000	-6.493415	14.769138	640.445450	0.374888	0.246680	2.605839
3.835000	-6.331858	14.528487	640.442322	-0.184343	-0.032756	-1.039157
3.836000	-6.210792	14.327724	640.909668	0.534668	0.406292	4.983467
3.837000	-5.969871	14.287395	643.252258	-0.024563	0.047050	0.230853
3.838000	-5.566988	14.408383	644.971161	0.534668	0.446310	4.983375
3.839000	-5.486411	14.247950	645.126709	-0.224434	-0.152579	-1.989880
3.840000	-5.688054	13.887195	643.564499	0.494869	0.326716	3.873300
3.841000	-5.326066	13.927082	645.433960	-0.024563	0.047050	-0.246239
3.842000	-4.520302	14.288723	650.589478	0.055328	0.047280	0.229215
3.843000	-4.722754	13.928411	647.779129	0.215400	0.246680	2.130478
3.844000	-4.481833	13.848193	647.620544	-0.144544	0.007262	-0.880953
3.845000	-3.998777	13.808306	648.867203	0.414979	0.246680	3.556563
3.846000	-3.516531	13.928853	651.366867	0.055328	0.087068	0.230853
3.847000	-2.953304	14.170389	652.928772	0.574759	0.406751	5.299293
3.848000	-2.430163	14.170833	652.928070	-0.024270	0.087298	0.227392
3.849000	-2.270224	13.850851	651.521484	0.375180	0.247140	2.764955
3.850000	-1.707400	13.931510	652.926086	0.015529	0.087298	0.227392
3.851000	-0.459476	14.453141	658.861572	0.095712	0.127316	1.653149
3.852000	-0.218959	14.253706	656.519577	0.175894	0.127316	1.498642
3.853000	0.384759	14.294479	656.830841	-0.104160	-0.032296	-0.723239
3.854000	1.068649	14.334808	658.391800	0.695033	0.486787	5.459977
3.855000	1.631471	14.214705	659.485413	-0.183757	-0.032067	-0.722420
3.856000	2.476918	14.455799	661.360794	0.575345	0.407211	5.298895
3.857000	2.838502	14.376025	661.361786	-0.143665	0.007951	-0.721509
3.858000	3.200894	14.055599	659.486160	0.335675	0.287616	3.556563
3.859000	3.845101	14.015712	660.891663	0.056206	0.128004	-0.247058
3.860000	4.972364	14.416354	665.732895	0.215986	0.207810	1.497004
3.861000	5.133113	14.296250	664.644699	0.255785	0.207810	2.447635
3.862000	5.535592	14.016155	663.238037	-0.183464	-0.111643	-1.989789
3.863000	5.897579	13.775948	663.393677	0.535546	0.367652	4.349901
3.864000	6.420316	13.775948	664.330994	-0.143665	-0.111414	-0.880953
3.865000	7.225677	14.016155	666.989563	0.695619	0.447688	6.091813
3.866000	7.588069	13.815835	665.897079	-0.063483	0.008640	-0.563887
3.867000	7.628155	13.454638	664.335754	0.615729	0.487705	5.774164
3.868000	7.909566	13.174098	663.555832	-0.063190	-0.031378	-0.247058
3.869000	8.795099	13.494524	668.555893	0.096297	0.088446	1.179356
3.870000	8.956252	13.294645	666.841431	0.176187	0.168481	1.654625
3.871000	9.197577	13.093883	665.748260	0.056206	0.048657	-0.405591
3.872000	9.358326	12.853674	666.372025	0.416150	0.248058	3.081201
3.873000	9.679824	12.693241	666.685669	-0.063190	0.048657	-0.405262
3.874000	10.283541	12.933449	669.343353	0.735710	0.527723	6.567503
3.875000	10.484780	12.572694	668.409622	-0.103281	-0.031148	-0.722420
3.876000	10.524866	12.211939	666.224518	0.456241	0.288535	3.556563
3.877000	10.726106	12.011176	666.849091	0.096297	0.128464	0.546280
3.878000	11.490571	12.011176	670.442261	0.216279	0.168711	1.813250
3.879000	11.772791	11.971289	670.447388	0.056792	0.008869	0.546280
3.880000	11.933944	11.690752	669.355728	0.176480	0.248058	1.022063
3.881000	11.973626	11.169562	668.575775	0.416443	0.288535	3.238915
3.882000	12.295932	10.888582	668.888565	-0.022806	0.048887	-0.089345
3.883000	13.061206	11.169562	672.171509	0.416443	0.288764	4.507777
3.884000	13.181869	10.768921	671.550461	0.056792	0.088905	0.388076
3.885000	13.302532	10.408166	670.456390	0.496333	0.288764	4.191369
3.886000	13.544665	10.006639	670.143875	0.057084	0.128923	0.388895
3.887000	14.067401	10.006639	673.113281	0.176480	0.088905	1.813412
3.888000	14.309534	9.726101	672.963593	0.216571	0.168711	1.495602
3.889000	14.510775	9.485451	672.340149	0.096883	0.168711	0.704086
3.890000	14.470284	8.844159	671.402252	0.376644	0.208958	2.288941
3.891000	14.792589	8.603065	671.715820	0.056792	0.009328	0.071830
3.892000	15.477692	8.763943	674.686081	0.496333	0.368570	4.349901
3.893000	15.437201	8.162094	673.751404	-0.023098	0.049117	-0.722420
3.894000	15.356626	7.801339	672.347122	0.416443	0.328782	3.239826
3.895000	15.517778	7.400255	671.878265	0.096883	0.128923	1.021151
3.896000	15.799189	7.159605	673.596985	0.096883	0.169170	1.496093
3.897000	16.040919	7.119719	674.381973	0.296754	0.248976	2.130478
3.898000	16.121496	6.718635	673.759262	0.136974	0.208958	1.496513
3.899000	15.799189	6.076899	671.728043	0.336846	0.209188	2.763553
3.900000	15.799189	5.675815	671.104446	-0.142787	0.009099	-1.355565
3.901000	16.322735	5.836248	675.325089	0.576516	0.408818	5.618181
3.902000	16.322735	5.555710	673.921555	-0.023098	0.049346	-0.244088
3.903000	16.201669	5.034523	672.205490	0.416736	0.249206	3.874960
3.904000	16.242158	4.553221	672.049942	0.336846	0.288764	2.289922
3.905000	16.241755	4.152137	672.362640	0.217157	0.248976	2.131227
3.906000	16.564465	4.152137	673.617386	0.057084	0.049346	0.387747
3.907000	16.564465	3.951816	673.308060	0.097176	0.169170	1.180267
3.908000	16.282649	3.230307	670.964920	0.336846	0.209188	2.765283
3.909000	16.282649	2.869109	670.184280	0.016993	0.049346	0.071830
3.910000	17.048731	3.069430	675.030151	0.496626	0.289223	4.191369
3.911000	17.089222	2.749005	673.624283	0.057084	0.169399	0.229872
3.912000	17.008644	2.347478	671.595352	0.456827	0.329241	4.349082
3.913000	17.049136	1.946836	670.813080	0.057377	0.169170	0.229543
3.914000	17.008644	1.545309	669.874344	0.257249	0.169399	2.287372
3.915000	17.653257	1.906507	672.531815	0.217157	0.209417	1.179356
3.916000	17.814006	1.786404	671.752762	0.217157	0.249206	2.448546
3.917000	17.532190	1.184999	668.470947	0.217450	0.169629	1.495602
3.918000	17.289652	0.944347	665.814331	0.097176	0.209188	1.021151
3.919000	17.853284	1.225327	669.562607	0.417029	0.249435	3.716918
3.920000	17.933052	1.185440	668.625702	0.017286	0.129611	-0.086374
3.921000	17.811580	1.185440	666.751617	0.496919	0.329700	3.874631
3.922000	17.690109	1.025007	665.341492	0.177359	0.249435	1.497332
3.923000	17.528148	0.744470	663.307602	0.137560	0.169629	1.814161
3.924000	17.970712	1.305987	665.965103	0.177359	0.249435	1.497332
3.925000	17.888924	1.467307	665.183533	0.257249	0.289223	1.972694
3.926000	17.485233	1.065779	661.277161	0.217450	0.209417	1.815309
3.927000	17.444339	1.106109	660.494003	0.097176	0.169399	0.703175
3.928000	17.967480	1.547081	663.617081	0.417029	0.289453	3.875122
3.929000	17.885690	1.586968	662.213531	0.177359	0.209417	1.179684
3.930000	17.522488	1.547081	660.651138	0.297633	0.130070	2.605441
3.931000	17.320037	1.426977	658.772171	0.257541	0.249435	1.814980
3.932000	16.997326	1.106109	655.960800	0.137560	0.130070	1.337980
3.933000	17.520064	1.747844	660.023361	0.417029	0.409277	2.922997
3.934000	17.600640	1.948607	660.648834	0.257249	0.249435	1.971875
3.935000	16.955624	1.427420	656.117249	0.337431	0.249665	2.606168
3.936000	16.793664	1.387090	654.709595	0.057377	0.090053	0.703175
3.937000	17.075883	1.667185	657.989014	0.337431	0.289453	3.398030
3.938000	16.954816	1.667185	656.741714	-0.102110	0.050035	-0.722911
3.939000	16.833750	1.747401	655.492020	0.577101	0.369489	4.032836
3.940000	16.793259	1.626855	654.707993	0.137560	0.249435	1.180595
3.941000	16.390781	1.185884	651.427704	0.257541	0.209647	1.972694
3.942000	17.115969	1.867063	656.272141	0.377523	0.369489	2.922997
3.943000	17.196141	1.906949	656.583145	0.177651	0.130070	1.655046
3.944000	16.712278	1.425649	651.738861	0.217743	0.209647	2.130316
3.945000	16.551126	1.345431	650.802658	0.017578	0.090053	1.022063
3.946000	16.953200	1.545753	653.767792	0.337431	0.170088	3.716427
3.947000	17.033776	1.826290	653.299713	-0.062312	0.050035	-0.880624
3.948000	16.993286	1.786404	652.676102	0.377523	0.329700	3.239826
3.949000	16.751557	1.505423	651.266632	0.177651	0.289223	1.496513
3.950000	16.066455	1.024121	646.265274	0.097761	0.090053	1.337980
3.951000	16.709854	1.705300	651.889603	0.217450	0.289453	1.972694
3.952000	16.709854	1.906064	652.982941	0.337431	0.369489	2.606260
3.953000	16.064837	1.504979	648.294136	0.177651	0.090282	1.655046
3.954000	15.823108	1.625084	647.825172	0.297340	0.409277	1.655628
3.955000	15.781809	1.704858	649.071671	0.457120	0.369489	3.717737
3.956000	15.540080	1.905622	648.602737	0.097761	0.130070	0.546280
3.957000	15.539675	2.226488	649.228806	0.297633	0.090282	2.448218
3.958000	14.894659	1.945951	646.880699	0.177651	0.249665	1.497332
3.959000	14.249239	1.704414	643.599625	0.217743	0.090282	1.654717
3.960000	14.812466	2.627131	649.535812	0.417029	0.329241	2.606260
3.961000	14.610419	2.667017	649.691345	0.257541	0.130070	1.496513
3.962000	13.804653	2.386037	645.472290	0.177651	0.209647	2.131227
3.963000	13.562115	2.507027	645.000854	0.177651	0.130070	1.338891
3.964000	13.319578	2.466697	645.934563	0.137853	0.050494	1.654717
3.965000	13.238597	2.827452	646.872528	0.097761	0.249435	0.706053
3.966000	13.197298	3.268866	648.279526	0.257541	0.130070	2.605931
3.967000	12.592773	2.907668	646.245644	0.337431	0.369489	2.447473
3.968000	11.746922	2.466697	642.181305	0.137853	0.209647	1.178865
3.969000	12.188678	3.148318	646.869156	0.417029	0.409277	2.764464
3.970000	12.107697	3.268422	648.587082	0.097761	0.130070	1.179356
3.971000	11.181269	2.827452	643.743698	0.177651	0.209647	1.338800
3.972000	11.180461	3.068101	644.835426	0.177651	0.249665	1.180267
3.973000	10.736684	2.787122	644.521080	0.337431	0.249665	3.239826
3.974000	10.937519	3.349082	646.866760	0.017578	0.090053	-0.405262
3.975000	10.776770	3.629621	647.802963	0.217450	0.010247	2.129750
3.976000	10.212331	3.148318	645.301880	0.217743	0.289453	1.497332
3.977000	9.526824	2.747234	641.707306	0.137853	0.209647	1.337560
3.978000	10.130946	3.508631	647.797256	0.257541	0.249665	2.129658
3.979000	10.090051	3.669507	649.051132	0.376937	0.289453	2.289102
3.980000	9.405353	3.268866	644.520187	0.257541	0.249665	2.606260
3.981000	9.405353	3.388969	645.300186	0.257541	0.289453	1.654227
3.982000	8.881403	3.107988	643.110863	0.217743	0.050264	1.971126
3.983000	9.162815	3.589291	646.393555	0.017578	0.129611	-0.404934
3.984000	9.363650	4.150807	648.891510	0.257541	0.050264	1.972037
3.985000	8.638865	3.388969	645.141373	0.257541	0.249435	1.497332
3.986000	8.155407	3.228536	641.549271	0.257541	0.130070	2.129750
3.987000	8.678952	3.789610	647.014740	0.217450	0.209647	2.288283
3.988000	8.598375	3.829941	646.861694	0.217450	0.249435	1.814490
3.989000	7.954168	3.589291	643.425865	0.097761	0.090053	0.863600
3.990000	7.833101	3.749723	644.204987	0.297340	0.289453	2.606260
3.991000	7.430622	3.308310	641.393570	0.257541	0.090053	2.448546
3.992000	7.792610	3.789610	645.142792	0.137853	0.249435	1.179684
3.993000	8.115320	4.270469	648.112976	0.257249	0.050264	2.129750
3.994000	7.228979	3.548517	642.800484	0.217450	0.329241	1.656776
3.995000	6.705435	3.307866	639.831970	-0.062312	0.010247	0.229215
3.996000	7.350450	3.868942	645.610779	0.417029	0.409277	2.447635
3.997000	7.189297	3.989490	645.767914	0.336846	0.249435	2.130408
3.998000	6.907886	3.828612	643.426468	0.137560	0.050035	1.655957
3.999000	6.827714	3.868942	644.206329	0.177359	0.329241	1.814161
4.000000	6.103333	3.266652	640.143616	0.177651	0.050035	1.813412
4.001000	6.667773	3.908830	644.986374	0.057377	0.169629	0.229872
4.002000	7.111146	4.430017	648.893478	0.177651	0.050264	1.180267
4.003000	6.386766	3.787840	643.112106	0.456827	0.449065	3.873957
4.004000	6.105355	3.667293	641.392502	0.057377	0.090053	1.020823
4.005000	6.548727	4.108706	646.234299	0.257249	0.289453	1.972694
4.006000	6.549132	4.268699	646.390640	0.137560	0.169629	1.654717
4.007000	6.428874	4.228811	644.517365	0.217450	0.209647	1.497004
4.008000	6.429278	4.308586	645.609100	0.057377	0.169629	0.863530
4.009000	5.905733	3.827284	641.545563	0.257249	0.010247	2.130569
4.010000	6.469768	4.508906	646.544510	0.057377	0.169629	0.703503
4.011000	6.953631	4.950319	649.825607	0.137560	-0.029771	1.179938
4.012000	6.187952	4.308586	642.950714	0.257249	0.289223	1.813250
4.013000	5.986713	4.428689	641.855606	0.257541	0.169629	1.814161
4.014000	6.470172	4.829773	646.228546	0.376937	0.369030	2.922997
4.015000	6.751988	5.150640	646.853027	0.257249	0.249435	1.972694
4.016000	6.671815	5.231300	645.760315	0.097176	0.050035	1.180267
4.017000	6.591239	5.230859	646.067322	0.376937	0.289223	1.971875
4.018000	5.946223	4.829773	640.913544	0.177651	0.010247	1.180267
4.019000	6.630516	5.431622	645.910980	-0.062312	0.129382	-0.563467
4.020000	7.194552	5.953253	649.817368	0.177359	0.010247	1.179938
4.021000	6.308210	5.431622	643.412308	0.376937	0.329241	2.447635
4.022000	6.388788	5.471951	642.940948	0.137560	0.050035	1.496184
4.023000	6.670603	5.792377	646.064911	0.417029	0.329241	2.922997
4.024000	6.831756	5.912924	645.908493	0.337431	0.249435	2.922997
4.025000	6.872246	6.193017	646.690125	0.177651	0.169629	1.337980
4.026000	6.912736	6.073356	646.062347	0.376937	0.329241	2.764793
4.027000	6.268124	5.551724	641.376007	0.057377	-0.029542	1.497004
4.028000	7.033804	6.313563	646.997757	0.177359	0.289223	0.865168
4.029000	7.356109	6.834752	649.810623	-0.102403	-0.229172	-0.245565
4.030000	6.469768	6.112801	642.781097	0.417029	0.449065	2.766361
4.031000	6.389596	6.192575	642.779404	0.137560	0.090053	1.180267
4.032000	6.671815	6.433225	645.120911	0.376937	0.289453	2.289852
4.033000	6.872650	6.633546	646.369904	0.257249	0.249435	2.289102
4.034000	6.994122	6.954413	646.837158	0.257249	0.169629	1.814161
4.035000	6.672220	6.833867	645.741318	0.297340	0.329241	3.081039
4.036000	6.068099	6.352565	640.743744	-0.022220	-0.029771	0.705724
4.037000	6.672220	7.114404	646.050476	0.097176	0.209188	0.547520
4.038000	7.075102	7.635592	649.019775	-0.102403	-0.149595	-0.722657
4.039000	6.309423	7.114404	643.552597	0.417029	0.329241	2.764793
4.040000	6.189165	7.314725	642.611267	0.137560	0.090053	1.020823
4.041000	6.309423	7.554933	645.421799	0.417029	0.369030	3.398359
4.042000	6.349509	7.795585	645.734329	0.257249	0.249435	1.971126
4.043000	6.430086	8.236998	647.139481	0.217450	0.129611	1.338800
4.044000	6.068099	8.196669	645.416672	0.217450	0.209417	1.813250
4.045000	5.544149	7.995904	641.042145	0.177359	0.050264	1.338800
4.046000	5.986713	8.637640	645.882965	0.217157	0.249206	1.180595
4.047000	6.349509	9.239044	649.629807	-0.022806	-0.109807	-0.086703
4.048000	5.422678	8.958508	643.538162	0.416736	0.408818	3.081039
4.049000	5.261525	9.118498	643.691925	0.057377	0.050035	1.020823
4.050000	5.382592	9.519582	645.094681	0.336846	0.249206	2.130569
4.051000	5.342101	9.920668	646.812485	0.257249	0.249206	1.814161
4.052000	5.422678	10.361195	648.217743	0.217157	0.209417	1.814161
4.053000	5.180948	10.401525	647.120926	0.336846	0.288994	2.288941
4.054000	4.416078	10.200761	642.433640	0.097176	-0.070019	1.497004
4.055000	4.778470	10.922271	647.897430	0.136974	0.288994	1.180267
4.056000	5.060690	11.523675	651.488022	-0.142494	-0.189842	-1.040305
4.057000	4.335906	11.363241	646.644455	0.416736	0.369030	2.288941
4.058000	4.254925	11.683224	647.267258	0.097176	0.089594	1.338471
4.059000	4.054090	11.884430	648.982697	0.336846	0.209188	2.130408
4.060000	4.174753	12.285072	651.326538	0.336846	0.289223	2.922178
4.061000	4.254925	12.886919	653.826187	0.177359	0.209188	1.654717
4.062000	3.852447	12.766372	652.262115	0.336846	0.288994	2.445905
4.063000	3.207431	12.646269	648.667511	-0.102696	-0.189842	-0.563305
4.064000	3.650399	13.207345	653.037979	0.456534	0.488165	2.924237
4.065000	4.093772	13.848637	657.569717	-0.062897	-0.189842	-1.038575
4.066000	3.489246	13.728532	653.193588	0.456534	0.448606	3.398687
4.067000	3.448756	13.888966	654.287018	0.097176	-0.030460	0.387747
4.068000	3.407457	14.009513	654.128387	0.416736	0.329012	2.922997
4.069000	3.609101	14.369824	656.313538	0.216571	0.209188	1.971126
4.070000	3.850830	14.891455	659.127472	0.136974	0.129382	1.654717
4.071000	3.689273	14.851126	657.409546	0.416736	0.408588	2.923326
4.072000	3.245496	14.610032	653.814255	-0.022806	-0.189613	-0.405591
4.073000	3.527312	15.011560	657.092941	0.376644	0.368800	2.288283
4.074000	4.050857	15.411758	661.623886	-0.422256	-0.309437	-2.306035
4.075000	3.526907	15.211881	656.938293	0.456827	0.408588	4.031671
4.076000	3.566589	15.210995	657.720795	-0.102696	-0.110036	-0.245565
4.077000	3.445927	15.210995	657.875534	0.456534	0.368800	3.398687
4.078000	3.566185	15.170664	659.123703	0.336846	0.249206	2.606260
4.079000	3.767020	15.491090	661.314667	0.376937	0.248976	2.764464
4.080000	3.364137	15.090006	658.189194	0.177359	0.209188	1.655046
4.081000	2.839783	14.688920	655.222458	-0.062604	-0.109807	-0.880370
4.082000	3.242667	14.808582	658.343201	0.496626	0.448606	3.240154
4.083000	3.644740	14.968574	662.407623	-0.182586	-0.229631	-1.673380
4.084000	3.201366	14.808140	659.284454	0.376644	0.448606	3.082770
4.085000	3.080300	14.487272	658.971848	0.257249	0.169399	1.654879
4.086000	2.798080	14.045415	657.566605	0.336846	0.249206	2.606260
4.087000	2.958829	14.005086	658.971939	0.257249	0.209417	2.289102
4.088000	3.361307	14.205405	662.099167	0.336846	0.209188	2.447727
4.089000	2.877849	13.724547	659.133408	0.336846	0.288994	1.972694
4.090000	2.596033	13.362908	656.477432	-0.062604	-0.150054	-0.722657
4.091000	2.837358	13.282248	658.506424	0.417029	0.528642	4.350559
4.092000	3.118365	13.322135	661.007584	-0.342073	-0.309437	-2.465970
4.093000	2.917934	13.001267	659.135880	0.336846	0.368800	2.764793
4.094000	2.796463	12.719845	658.041641	0.057377	0.089594	0.864839
4.095000	2.716291	12.358646	657.103668	0.416736	0.329012	3.398687
4.096000	2.877444	12.197770	658.197983	0.297340	0.329012	3.079891
4.097000	3.320817	12.478307	661.167206	0.217157	0.089594	1.497004
4.098000	2.877444	11.916348	657.576050	0.376937	0.329012	2.447635
4.099000	2.636119	11.595923	655.547928	-0.182293	-0.189613	-1.355312
4.100000	2.918339	11.474933	657.263382	0.576516	0.648236	4.668207
4.101000	3.200155	11.474491	659.918381	-0.342073	-0.309437	-2.940021
4.102000	3.119174	11.233397	658.360184	0.496626	0.448606	4.033493
4.103000	3.200559	11.112850	658.360977	-0.022513	-0.109807	0.388659
4.104000	2.717100	10.551332	655.861404	0.297340	0.369030	2.763973
4.105000	2.878253	10.390898	656.327942	0.217450	0.249206	2.607079
4.106000	3.563356	10.831427	660.549423	0.217450	0.129382	1.971126
4.107000	3.241049	10.430343	657.426361	0.376937	0.369030	2.289102
4.108000	2.918743	10.029259	656.177383	-0.102403	-0.189842	-1.038575
4.109000	3.079896	9.908268	656.956512	0.816186	0.728042	6.726364
4.110000	3.241049	9.827609	658.831573	-0.462054	-0.349225	-3.575646
4.111000	3.321625	9.787722	658.209564	0.456827	0.488853	3.079891
4.112000	3.241453	9.547513	657.116150	-0.022513	-0.109807	0.229215
4.113000	2.918743	8.945223	655.241959	0.456827	0.369030	3.398687
4.114000	3.079896	8.945223	656.179138	0.376644	0.289223	2.446816
4.115000	3.644336	9.305978	661.022522	0.376937	0.289453	3.239826
4.116000	3.281539	8.824677	657.743896	0.376937	0.329012	2.764793
4.117000	3.080300	8.463037	656.026077	-0.142494	-0.229631	-1.831164
4.118000	3.080300	8.182500	656.338669	0.736589	0.648236	4.984125
4.119000	3.322030	8.182500	658.368393	-0.182293	-0.189613	-2.147502
4.120000	3.604250	8.222829	659.465195	0.496919	0.488853	4.033164
4.121000	3.403415	7.941406	658.372574	-0.062604	0.010017	0.230945
4.122000	3.201772	7.500435	656.655518	0.416736	0.369030	3.714605
4.123000	3.201772	7.259783	655.872269	0.177359	0.249435	1.656448
4.124000	3.926960	7.620096	660.871292	0.217157	0.169629	1.655628
4.125000	3.846788	7.459662	659.156693	0.456827	0.488853	3.398687
4.126000	3.725721	7.179124	657.282501	-0.182293	-0.189613	-1.356223
4.127000	4.048027	7.098464	658.529877	0.656699	0.608677	5.302101
4.128000	4.249266	6.898144	658.842545	-0.301982	-0.269189	-2.148085
4.129000	4.531486	7.179124	659.626663	0.496919	0.528642	3.872319
4.130000	4.691831	6.978360	658.691254	0.017578	-0.109807	-0.086611
4.131000	4.611255	6.697823	656.658340	0.257249	0.289453	2.605349
4.132000	4.772003	6.456730	655.563309	0.376937	0.329241	2.763973
4.133000	5.617854	6.977918	660.874832	0.257249	0.249435	2.129330
4.134000	5.536873	6.736825	659.005630	0.417029	0.449065	2.922506
4.135000	5.415806	6.496616	656.660919	-0.142202	-0.149595	-1.356223
4.136000	5.536469	6.336183	656.816452	0.816771	0.768060	6.727275
4.137000	5.576555	6.174863	656.659302	-0.421670	-0.349225	-3.256759
4.138000	6.019523	6.415956	658.380585	0.616900	0.528871	4.191697
4.139000	6.140186	6.376070	658.069595	-0.022513	0.010247	0.229215
4.140000	5.776985	5.854439	655.101883	0.417029	0.409277	3.398359
4.141000	5.655919	5.573458	653.694244	0.097761	0.050035	1.181576
4.142000	6.300126	6.013987	657.912506	0.137560	0.090053	1.339711
4.143000	6.138165	5.733449	656.040726	0.457120	0.449065	3.873467
4.144000	6.098078	5.532686	654.010208	-0.261890	-0.189613	-1.988878
4.145000	6.097674	5.411696	654.476746	0.936167	0.768289	7.201236
4.146000	5.895627	5.050941	652.915268	-0.301689	-0.309207	-1.989789
4.147000	6.338595	5.411696	655.416321	0.616900	0.489083	4.667059
4.148000	6.378681	5.411254	655.416397	-0.261890	-0.149595	-1.196779
4.149000	5.894819	4.889623	651.983047	0.337431	0.369489	3.080710
4.150000	5.813838	4.729189	650.261917	0.257541	0.130070	1.338471
4.151000	6.457642	5.009284	655.105301	0.217450	0.249665	1.815072
4.152000	6.256402	4.889180	653.233597	0.337431	0.289453	2.921595
4.153000	6.054759	4.768633	651.359512	-0.102110	-0.069559	-1.198019
4.154000	6.054355	4.527540	650.732529	0.736881	0.728271	6.567831
4.155000	5.610982	4.126012	648.859070	-0.301689	-0.269419	-2.781887
4.156000	6.054355	4.406550	651.048416	0.577101	0.529101	4.508855
4.157000	6.375852	4.606872	653.392334	0.137853	0.050264	0.863928
4.158000	5.811816	4.165013	649.329681	0.417029	0.409277	3.080710
4.159000	5.569684	3.924363	647.300751	0.137560	0.130070	1.654717
4.160000	5.892394	4.044024	650.421417	0.217450	0.130070	2.130569
4.161000	5.811413	4.044024	649.176529	0.457120	0.449065	3.558040
4.162000	5.569684	3.923921	648.083984	-0.182293	-0.189383	-1.674200
4.163000	5.569279	3.843261	648.863907	0.776680	0.768289	6.567831
4.164000	5.045329	3.401847	645.426468	-0.221799	-0.229401	-2.306035
4.165000	5.448212	3.842375	648.709885	0.496919	0.489083	3.874141
4.166000	5.608961	3.962479	650.896835	0.017578	-0.069559	0.546280
4.167000	5.044925	3.561395	646.369232	0.417029	0.409277	2.764793
4.168000	4.682533	3.400518	644.805069	0.297340	0.249665	2.448546
4.169000	4.963944	3.359745	647.302231	0.137560	0.090053	1.338800
4.170000	4.842877	3.480292	647.307907	0.577101	0.528871	4.668207
4.171000	4.923858	3.640284	647.308716	-0.261890	-0.229172	-2.306854
4.172000	4.761897	3.239200	646.994339	0.856277	0.728271	6.725545
4.173000	4.037113	2.757897	642.931671	-0.301982	-0.229631	-2.306035
4.174000	4.600744	3.238756	646.838776	0.696790	0.648695	5.933118
4.175000	4.680916	3.278644	648.402740	-0.142494	-0.189613	-1.196871
4.176000	4.076794	2.957333	644.812225	0.376937	0.289453	3.081622
4.177000	3.835065	2.877116	643.716232	0.217450	0.249665	1.814161
4.178000	3.875151	2.715797	645.119873	0.097176	0.090053	1.498243
4.179000	3.995410	2.956890	646.842590	0.616900	0.449065	4.191697
4.180000	3.875151	3.037107	646.219788	-0.182293	-0.189613	-1.832075
4.181000	3.471864	2.595250	645.280197	0.696790	0.648695	6.410118
4.182000	2.948319	2.314270	642.625977	-0.462054	-0.349454	-3.731209
4.183000	3.391288	2.634694	646.686142	0.736589	0.648695	6.250766
4.184000	3.391288	2.795128	648.719849	-0.102403	-0.109807	-0.721509
4.185000	2.908234	2.594808	645.753754	0.456827	0.369030	3.239826
4.186000	2.585927	2.354157	645.438660	-0.022513	0.010017	0.387747
4.187000	2.343794	2.192838	645.593231	0.137560	0.169399	1.654717
4.188000	2.545437	2.634252	648.251465	0.416736	0.368800	3.398359
4.189000	2.626014	2.834129	649.813812	-0.142494	-0.229631	-2.148322
4.190000	2.142150	2.433045	648.252136	0.816186	0.728042	6.726036
4.191000	1.578115	2.232282	645.439194	-0.182586	-0.269649	-1.830183
4.192000	1.900421	2.512819	649.186035	0.656699	0.528642	4.667059
4.193000	1.900017	2.793799	651.221283	-0.142494	-0.149825	-1.038338
4.194000	1.578115	2.753028	649.035187	0.416736	0.328782	3.080710
4.195000	1.416558	2.713140	649.501022	0.097176	0.129382	1.180267
4.196000	1.093443	2.472489	648.248657	0.016993	-0.070019	0.547191
4.197000	1.254596	2.873573	651.220200	0.536717	0.528182	4.666967
4.198000	1.576902	3.394763	654.656052	-0.182586	-0.189842	-1.672469
4.199000	0.811224	2.832802	651.218597	0.576516	0.528182	5.299552
4.200000	0.448428	2.712698	648.718140	-0.342659	-0.229860	-2.782216
4.201000	0.730243	3.113338	652.153015	0.776094	0.608218	5.933937
4.202000	0.931482	3.474537	654.965088	-0.062604	-0.150054	-0.406502
4.203000	0.528600	3.555196	653.249649	0.336846	0.248976	2.290013
4.204000	0.448428	3.594641	653.716003	0.136974	0.128923	1.497004
4.205000	-0.236675	3.113338	650.590302	0.016993	-0.070478	-0.086703
4.206000	0.085631	3.714744	654.964905	0.576516	0.528182	4.984944
4.207000	0.367447	4.236376	658.248322	-0.102696	-0.070707	-1.673380
4.208000	-0.236675	3.754631	654.809998	0.695912	0.727583	6.407568
4.209000	-0.518895	3.835291	653.246719	-0.302860	-0.270108	-2.623683
4.210000	-0.437914	4.035169	656.058762	0.735710	0.648006	6.091651
4.211000	-0.397828	4.316150	657.777435	-0.142787	-0.190072	-0.880624
4.212000	-0.518490	4.516470	657.621887	0.336553	0.328552	2.605931
4.213000	-0.719326	4.396366	657.933685	0.057084	0.009099	0.388076
4.214000	-1.242870	4.035169	654.807144	0.096883	0.128923	1.179356
4.215000	-0.839584	4.676904	659.338745	0.496626	0.368570	4.508763
4.216000	-0.476383	5.198534	663.715775	-0.302860	-0.270108	-2.623683
4.217000	-1.120996	4.797450	660.120392	0.695912	0.607759	5.933937
4.218000	-1.322234	4.757120	659.026062	-0.342951	-0.190531	-2.623683
4.219000	-1.160677	4.956999	661.368454	0.695912	0.647547	5.933937
4.220000	-0.757795	5.478629	664.023376	-0.182878	-0.150513	-1.038338
4.221000	-0.556555	5.719280	665.586563	0.655820	0.527723	4.984125
4.222000	-0.637132	5.760054	665.116180	-0.023098	-0.070937	0.071830
4.223000	-0.959438	5.278751	661.676971	-0.023098	0.009099	0.230034
4.224000	-0.315230	5.920486	666.364197	0.496333	0.447917	4.508763
4.225000	0.329381	6.482005	669.958786	-0.222677	-0.150513	-1.831913
4.226000	-0.114396	6.121693	665.426392	0.576223	0.408129	4.666477
4.227000	-0.034223	6.121693	665.112976	-0.222677	-0.150743	-2.307765
4.228000	0.368659	6.362344	667.298187	0.735710	0.607759	6.408059
4.229000	0.931886	6.643324	669.954056	-0.142787	-0.150513	-1.196871
4.230000	1.374855	7.125068	671.518127	0.456241	0.288535	2.921849
4.231000	1.253384	6.684097	669.173386	0.056792	0.049117	0.546280
4.232000	0.809607	6.283012	665.734360	0.016993	0.009099	-0.247878
4.233000	1.454218	6.764314	669.482803	0.496333	0.408129	3.873957
4.234000	2.098426	7.326274	673.701981	-0.222677	-0.110496	-1.513936
4.235000	1.816611	6.804644	669.171814	0.695912	0.687795	5.459066
4.236000	1.856697	6.764757	669.013962	0.016993	0.009099	-0.244907
4.237000	1.816207	6.724427	668.544205	0.536424	0.488165	4.824681
4.238000	2.178195	6.925189	670.731155	-0.142787	-0.110496	-0.880624
4.239000	2.540991	7.366161	672.608551	0.416443	0.288535	2.763645
4.240000	2.339751	7.085624	670.886688	0.057084	0.009099	0.230034
4.241000	1.815803	6.444332	666.199478	-0.023098	-0.030689	-0.405591
4.242000	2.178195	7.004964	669.791687	0.695912	0.567971	5.300533
4.243000	2.742230	7.366161	673.699661	-0.342659	-0.230090	-2.147502
4.244000	2.057127	6.845416	668.389542	0.776094	0.607759	5.933026
4.245000	2.056724	6.764314	667.762024	-0.182878	-0.110496	-2.148322
4.246000	1.936060	6.644210	667.606476	0.776094	0.648006	5.933937
4.247000	2.096810	6.925189	669.636215	-0.302860	-0.190072	-2.307765
4.248000	2.419115	7.285501	671.668411	0.496040	0.488165	3.874631
4.249000	1.976147	7.004964	669.167267	-0.062897	0.009099	0.071830
4.250000	1.250555	6.283012	664.168320	-0.062897	0.009328	-1.040305
4.251000	1.613351	6.764314	667.604248	0.536424	0.488165	4.824681
4.252000	2.097214	7.164955	670.887665	-0.182878	-0.150513	-1.514756
4.253000	1.532774	6.804201	667.140839	0.616314	0.567971	5.774493
4.254000	1.492688	6.723541	666.512421	-0.262476	-0.230090	-2.465479
4.255000	1.331535	6.563550	665.104797	0.776094	0.687795	6.567503
4.256000	1.533178	6.803315	667.294861	-0.342659	-0.349684	-2.941331
4.257000	1.936060	7.164512	669.796188	0.456534	0.408588	3.716099
4.258000	1.533178	6.883532	667.139404	-0.142787	-0.070707	-0.563795
4.259000	0.969143	6.362344	662.295197	0.136974	0.089134	0.388659
4.260000	1.412516	6.762985	665.576401	0.536424	0.448606	4.033984
4.261000	1.814994	7.203514	669.327240	-0.142787	-0.030460	-1.039157
4.262000	1.331535	6.762985	665.110748	0.776094	0.608218	6.251585
4.263000	1.170786	6.641995	664.172043	-0.222384	-0.110496	-1.673380
4.264000	0.969143	6.361458	662.766800	0.656699	0.567971	5.775404
4.265000	1.170382	6.481562	665.110092	-0.142787	-0.110496	-1.513279
4.266000	1.573669	6.962863	667.769104	0.496626	0.408588	4.190549
4.267000	1.090210	6.521007	664.018265	-0.022806	0.009328	0.072158
4.268000	0.606751	5.999817	660.426956	0.016993	0.049346	0.071010
4.269000	0.888566	6.200139	663.081161	0.536424	0.488165	4.824681
4.270000	1.130701	6.560451	666.363251	-0.262476	-0.269878	-1.673380
4.271000	0.848480	6.159366	662.928284	0.536424	0.528182	5.300533
4.272000	0.687327	6.119037	662.771927	-0.022806	-0.070478	-0.562976
4.273000	0.445598	5.717509	660.896866	0.616314	0.608218	5.933937
4.274000	0.566665	5.837613	662.928360	-0.142494	-0.110496	-1.196871
4.275000	0.929057	6.158038	664.805099	0.376644	0.328782	2.921849
4.276000	0.446002	5.676294	661.838104	-0.062897	0.049117	-0.247969
4.277000	-0.037457	5.275652	658.246033	-0.102696	-0.030460	-1.039065
4.278000	0.204273	5.355426	660.431442	0.536424	0.528182	4.191697
4.279000	0.607155	5.635964	664.181412	-0.222677	-0.190072	-1.672469
4.280000	0.244763	5.355426	661.685226	0.695912	0.648006	5.617529
4.281000	0.043119	5.154221	660.590195	-0.222677	-0.230090	-2.306035
4.282000	-0.400253	4.672918	657.778046	0.576223	0.648006	5.933937
4.283000	-0.118033	4.993787	660.590271	-0.102696	-0.070478	-1.356223
4.284000	0.285254	5.273881	662.935806	0.496333	0.288764	3.874631
4.285000	-0.118033	4.832467	660.747406	0.016993	0.089134	0.230363
4.286000	-0.641983	4.310836	656.844238	0.096883	0.049346	0.229215
4.287000	-0.601088	4.310836	657.781296	0.376644	0.288764	3.238915
4.288000	-0.238696	4.671591	662.623276	-0.262476	-0.230090	-2.623683
4.289000	-0.359359	4.430940	660.593460	0.816186	0.608218	6.250345
4.290000	-0.641578	4.189846	659.500122	-0.142494	-0.070478	-1.356223
4.291000	-1.004779	3.829092	656.844238	0.816186	0.608218	6.092141
4.292000	-0.722559	3.828650	659.031174	-0.142787	-0.070478	-1.831164
4.293000	-0.359359	4.269620	662.626633	0.616314	0.528182	5.616543
4.294000	-0.843222	3.747990	659.034439	-0.142494	-0.110496	-1.039157
4.295000	-1.488238	3.226801	656.221573	-0.063190	0.049117	-0.247878
4.296000	-1.206018	3.426680	657.628403	0.496626	0.368570	4.191697
4.297000	-0.763050	3.546341	662.002930	-0.102696	-0.070707	-1.355732
4.298000	-0.964693	3.466566	660.911270	0.616314	0.528182	5.774493
4.299000	-1.166336	3.225472	659.036118	-0.142787	-0.030689	-0.722749
4.300000	-1.730371	2.663955	656.069382	0.696497	0.567971	5.932207
4.301000	-1.529132	2.623625	658.567963	-0.342659	-0.110496	-2.623683
4.302000	-1.045674	3.184700	663.256866	0.696497	0.648006	6.250766
4.303000	-1.409278	2.623182	659.198135	-0.062897	-0.110496	-0.879805
4.304000	-1.851842	2.101551	657.166092	-0.062897	-0.030689	-0.403769
4.305000	-1.972909	1.900787	657.321625	0.416736	0.368570	3.398359
4.306000	-1.449769	2.061221	661.541428	0.016993	0.009328	0.071830
4.307000	-1.852651	1.779799	660.764023	0.456534	0.408588	4.191697
4.308000	-1.933632	1.539591	659.670578	-0.062897	0.009328	-0.721509
4.309000	-2.376196	0.817638	656.858444	0.776094	0.567971	5.933608
4.310000	-2.215852	0.857526	658.579483	-0.142787	0.009328	-0.721509
4.311000	-1.611730	1.218280	663.735733	0.576223	0.408588	4.507615
4.312000	-2.255938	0.456883	659.363678	-0.143080	0.009328	-0.722091
4.313000	-2.417091	0.015027	657.176727	0.016993	0.049117	0.386438
4.314000	-2.416282	-0.145407	658.424957	0.376644	0.368570	3.872809
4.315000	-1.973718	-0.064747	661.396591	-0.142787	-0.110496	-1.832075
4.316000	-1.852247	-0.185737	661.711853	0.616314	0.528182	5.458737
4.317000	-2.013400	-0.466274	660.462082	-0.022806	0.009328	-0.247058
4.318000	-2.416282	-1.188669	656.087524	0.616314	0.567971	4.983467
4.319000	-2.053486	-1.148782	658.432434	-0.142787	-0.030689	-0.722420
4.320000	-1.328298	-0.667480	663.743164	0.576223	0.408588	4.032836
4.321000	-1.489450	-1.108452	660.308304	-0.062604	0.049117	0.230363
4.322000	-1.731584	-1.469207	658.121429	-0.023098	0.049117	-0.564943
4.323000	-1.489855	-1.429319	658.747513	0.536424	0.368570	3.874960
4.324000	-1.127867	-1.509978	661.088318	-0.182878	-0.150054	-1.989789
4.325000	-0.926628	-1.349103	661.403397	0.616314	0.648006	5.615960
4.326000	-0.845647	-1.669970	660.310928	-0.102696	0.009328	-0.563795
4.327000	-1.168762	-2.070612	656.561691	0.855985	0.648006	6.883749
4.328000	-0.806773	-1.950508	658.278732	-0.142787	-0.070478	-1.830927
4.329000	0.039482	-1.388989	664.216599	0.696497	0.528182	5.616543
4.330000	-0.364613	-1.789631	659.842087	-0.102696	0.009328	-0.562976
4.331000	-0.646429	-2.150386	657.343430	0.017286	0.009328	0.386438
4.332000	-0.285250	-2.029839	658.436920	0.336846	0.288764	2.764464
4.333000	-0.003434	-2.069726	659.684219	-0.022806	-0.030460	-0.721180
4.334000	0.318468	-1.908849	660.781006	0.576516	0.408588	4.983467
4.335000	0.318064	-1.868962	659.222748	0.016993	0.009558	0.071830
4.336000	-0.125309	-2.389709	655.001251	0.776094	0.608218	6.249855
4.337000	0.237083	-2.309491	656.249344	-0.142787	-0.030460	-1.989789
4.338000	1.042039	-1.707644	661.561859	0.456827	0.368800	4.191369
4.339000	0.760223	-1.907965	657.656265	-0.062604	-0.030460	-0.722420
4.340000	0.558580	-2.068398	655.782166	0.057084	0.169399	0.862290
4.341000	0.840396	-1.987739	655.780579	0.336846	0.209188	2.446816
4.342000	1.001145	-1.907965	656.091583	-0.142494	-0.030460	-1.354492
4.343000	1.323046	-1.426220	658.593536	0.496626	0.488853	4.984125
4.344000	1.524690	-1.346445	656.717758	0.017286	0.089594	0.388987
4.345000	1.120999	-1.786975	653.748550	0.776094	0.568659	6.409789
4.346000	1.523477	-1.465665	654.527679	-0.102696	-0.149825	-1.513279
4.347000	2.409819	-0.663939	660.307556	0.616900	0.449065	4.983467
4.348000	2.207771	-0.784042	656.402039	-0.022513	0.089594	0.070007
4.349000	2.247857	-0.784042	654.372406	0.057084	0.009558	-0.881680
4.350000	2.489182	-0.623166	654.212067	0.417029	0.368800	3.399178
4.351000	2.931343	-0.422402	654.992111	-0.142202	0.010017	-0.563795
4.352000	3.455292	0.139116	657.805939	0.656699	0.488853	5.615960
4.353000	3.575146	0.219776	656.868774	-0.062604	0.050035	-0.244907
4.354000	3.292926	-0.101092	652.181015	0.656699	0.528871	6.091322
4.355000	3.614828	0.019455	652.178688	-0.102403	-0.110036	-1.197852
4.356000	4.702004	0.941728	658.113831	0.297340	0.329241	3.556891
4.357000	4.540447	0.861954	654.990044	0.097176	0.169629	0.388076
4.358000	4.378890	0.701962	652.646935	0.057377	0.169629	0.862290
4.359000	4.660302	0.862396	653.113564	0.417029	0.249435	3.556891
4.360000	4.699983	0.822066	652.020035	-0.142494	-0.109807	-1.989789
4.361000	5.223529	1.343698	654.675049	0.536717	0.449295	5.143569
4.362000	5.344191	1.463801	653.738052	-0.022220	-0.070019	-0.722657
4.363000	4.900414	1.022388	649.208878	0.656991	0.569118	6.093052
4.364000	5.101653	1.303368	649.986481	-0.102110	0.010017	-0.405262
4.365000	5.785947	1.663679	653.890396	0.496919	0.409506	4.350812
4.366000	5.504131	1.463801	650.768280	-0.102403	0.010247	-0.246730
4.367000	5.302084	1.383584	647.643463	0.217450	0.249435	1.021243
4.368000	5.422746	1.583905	648.267143	0.257541	0.209647	2.289102
4.369000	5.341766	1.383584	646.547539	-0.182293	-0.149595	-1.515667
4.370000	5.825225	1.904773	650.455597	0.656991	0.489083	4.983467
4.371000	5.824821	1.905658	649.830498	-0.062312	0.089594	0.389478
4.372000	5.341361	1.423914	645.299606	0.736881	0.568889	6.567503
4.373000	5.300871	1.544461	644.986130	-0.261890	-0.029771	-2.147993
4.374000	5.944675	1.905215	649.672554	0.577101	0.449295	4.349082
4.375000	5.662859	1.905215	647.330215	-0.022513	0.010247	-0.563305
4.376000	5.501302	1.785554	645.298088	0.137560	0.130070	1.179447
4.377000	5.783521	1.945545	646.390724	0.417029	0.249665	3.556309
4.378000	5.380235	1.625120	643.892143	-0.102403	0.050035	-0.086703
4.379000	6.024847	2.226526	647.484161	0.457120	0.369489	4.033164
4.380000	6.065337	2.386959	647.642914	-0.022220	0.090053	0.387747
4.381000	5.662051	1.986318	642.643181	0.697083	0.529101	6.408970
4.382000	5.783117	2.146752	643.424011	0.017578	0.050264	-0.563467
4.383000	6.226086	2.427289	647.638901	0.457120	0.369489	3.714276
4.384000	6.145914	2.467619	645.455330	0.057963	0.050264	-0.086374
4.385000	5.904588	2.467619	643.112305	0.097761	0.249665	1.179447
4.386000	6.145914	2.628496	644.203239	0.257541	0.250124	2.606917
4.387000	5.784330	2.467619	642.017181	-0.022220	0.090282	-0.405262
4.388000	6.348365	3.109797	645.921959	0.657284	0.489312	5.142911
4.389000	6.509518	3.270230	647.174164	0.017578	0.050264	0.388987
4.390000	5.704158	2.788930	641.394310	0.736881	0.529330	5.933608
4.391000	5.865311	2.989249	642.329788	-0.022220	-0.069559	-0.405262
4.392000	6.228107	3.310118	645.609116	0.457120	0.369489	3.716918
4.393000	6.107040	3.350448	643.736710	0.137560	0.050264	-0.247549
4.394000	5.986782	3.390778	643.581078	0.137560	0.170088	1.020332
4.395000	5.745052	3.270230	642.798744	0.337431	0.329700	3.081530
4.396000	5.504131	3.069909	640.297508	-0.261597	-0.069559	-2.148322
4.397000	5.947504	3.671314	645.141060	0.457706	0.409506	3.872480
4.398000	6.068167	3.751532	645.768761	0.017578	0.050264	-0.247549
4.399000	5.504535	3.310118	641.550667	0.656991	0.569118	5.775404
4.400000	5.545026	3.470551	642.799454	-0.102110	-0.069559	-1.515667
4.401000	5.907418	3.550325	645.769554	0.457706	0.489312	4.507615
4.402000	5.626006	3.550769	644.990417	-0.022220	0.050264	0.230363
4.403000	5.626006	3.711202	644.677719	0.217450	0.130070	0.862619
4.404000	5.384682	3.350448	644.366005	0.217743	0.249665	2.449204
4.405000	5.264423	3.230344	642.805237	0.017578	0.050035	0.071010
4.406000	5.788372	3.590655	647.178970	0.377523	0.329700	4.033984
4.407000	5.788372	3.671314	647.963783	-0.062312	0.050264	-0.563795
4.408000	5.266040	3.190014	643.902748	0.697083	0.489312	5.775404
4.409000	5.306126	3.310118	645.464249	-0.102110	0.050035	-0.563467
4.410000	5.467279	3.149684	646.871078	0.457120	0.369489	3.397539
4.411000	5.428001	3.310118	647.184639	-0.062312	0.050035	-0.880624
4.412000	5.630049	3.470109	648.280479	0.337431	0.170088	2.605020
4.413000	5.469300	3.149684	647.813850	0.297340	0.209647	1.971783
4.414000	4.986245	2.748600	645.313507	-0.062312	0.010247	-0.563795
4.415000	5.671347	3.229900	650.781471	0.417029	0.369489	2.922178
4.416000	5.551089	3.149684	650.627609	-0.102403	0.050035	0.071010
4.417000	5.108525	2.788930	647.035416	0.496919	0.369489	4.824934
4.418000	5.310572	2.948919	649.380959	0.137560	0.249206	0.388076
4.419000	5.109333	2.628053	648.595947	0.457120	0.289453	4.349901
4.420000	5.231209	2.748600	649.849899	-0.062312	0.129611	-0.563795
4.421000	5.231613	2.909033	650.789406	0.137560	0.010247	1.338800
4.422000	4.909711	2.628053	649.226135	0.217450	0.209647	1.972112
4.423000	4.588213	2.307185	647.196220	-0.022513	0.010017	-0.880861
4.424000	5.192739	2.788930	652.817970	0.496919	0.369489	3.714605
4.425000	4.910923	2.668383	651.258797	0.017578	0.129611	0.231274
4.426000	4.468359	2.387845	648.760933	0.616900	0.489083	5.933608
4.427000	4.508849	2.427732	650.164490	-0.102403	0.010247	-0.880953
4.428000	4.186948	2.027091	648.755066	0.417029	0.289453	3.397539
4.429000	4.550148	2.468505	651.259346	0.057377	0.209417	0.705724
4.430000	4.631129	2.588609	653.136009	0.137560	0.169629	1.178536
4.431000	4.228246	2.147636	650.479240	0.297340	0.289453	2.289760
4.432000	3.866259	1.907430	647.198128	-0.022513	0.050035	-0.403769
4.433000	4.390208	2.227854	652.039932	0.417029	0.329241	3.239826
4.434000	4.310036	2.107750	651.728836	-0.102403	-0.110036	-1.356223
4.435000	3.948452	2.067863	648.765228	0.736589	0.608677	6.409298
4.436000	4.109200	1.988531	651.105865	0.017578	-0.070019	-0.247058
4.437000	3.747213	1.626892	648.135689	0.456827	0.369030	4.190878
4.438000	3.989347	1.948201	650.636856	-0.062312	0.009558	-0.562976
4.439000	4.150904	2.149408	652.513359	0.217450	0.249206	1.970964
4.440000	3.788916	1.748323	649.699585	0.137560	0.209188	1.655537
4.441000	3.506696	1.467343	647.980774	-0.022513	0.009558	-1.196779
4.442000	3.910387	1.828097	652.198090	0.456827	0.289223	3.875779
4.443000	3.910387	1.868871	651.576004	-0.062604	-0.070019	-0.721509
4.444000	3.628975	1.668550	649.077332	0.616900	0.488853	5.457099
4.445000	3.628975	1.788653	651.105377	-0.062604	0.089594	-0.563467
4.446000	3.307074	1.347682	648.291443	0.536717	0.408818	4.983467
4.447000	3.831023	1.868871	652.041489	-0.022513	0.089594	-0.405262
4.448000	4.314482	2.190181	654.383911	0.376937	0.289223	2.446816
4.449000	3.629784	1.789539	650.948959	0.217157	0.169399	1.653806
4.450000	3.549207	1.629106	649.226952	-0.022513	0.129382	0.388659
4.451000	3.952090	2.030190	652.974426	0.257249	0.169399	2.289102
4.452000	4.072752	2.070077	653.132462	-0.022513	0.169399	0.229543
4.453000	4.153329	2.191066	651.727936	0.656699	0.408818	5.618181
4.454000	4.354972	2.312056	653.286316	0.057377	0.089594	-0.563795
4.455000	3.951685	1.830755	649.379929	0.496626	0.369030	4.823042
4.456000	4.475231	2.392273	652.817276	0.057084	0.209188	-0.405262
4.457000	4.877709	2.672811	655.627914	0.097176	0.129611	1.178536
4.458000	4.515317	2.392715	651.877792	0.017286	0.169399	0.705724
4.459000	4.474826	2.352829	650.782700	0.097176	0.169170	1.020823
4.460000	4.796728	2.433045	653.592346	0.376937	0.169399	2.922997
4.461000	4.957881	2.633367	653.909119	-0.022806	0.009558	-0.405591
4.462000	4.917391	2.874459	652.972031	0.456827	0.329012	4.034075
4.463000	4.997563	2.793799	653.748688	-0.022513	0.129382	0.229543
4.464000	4.595085	2.392715	650.312943	0.456827	0.329012	4.350812
4.465000	5.118226	2.834129	653.592346	0.017286	0.129382	0.072158
4.466000	5.481426	3.195328	657.186142	0.217157	0.169399	2.288283
4.467000	4.796324	2.633367	652.032455	0.217157	0.249206	1.655537
4.468000	4.756238	2.593037	650.780273	-0.062312	0.009558	0.386438
4.469000	4.957072	2.713140	652.809845	0.376937	0.249206	2.289102
4.470000	5.199611	3.034008	654.687454	-0.022513	0.129382	0.071830
4.471000	5.199206	3.194442	654.375565	0.576516	0.408818	4.824023
4.472000	5.199611	3.034008	654.527832	-0.102696	0.089594	-0.722420
4.473000	4.554999	2.552707	649.997040	0.496919	0.369030	3.871990
4.474000	5.119034	2.993678	653.902542	0.017578	0.169170	0.071830
4.475000	5.642579	3.474979	657.340790	0.057377	0.169399	1.020823
4.476000	5.038053	2.993678	653.592346	0.336846	0.249206	2.448546
4.477000	5.038053	3.073009	652.810089	0.296754	0.209188	1.814161
4.478000	5.118226	2.952463	654.057281	0.217450	0.129611	1.813250
4.479000	5.239697	3.273773	654.839706	-0.022806	0.049346	-1.040305
4.480000	5.481426	3.473651	655.780975	0.536717	0.329241	4.667221
4.481000	5.400446	3.233000	655.463486	-0.102403	0.009558	-0.721180
4.482000	4.997563	2.832359	651.089767	0.536424	0.369030	4.824934
4.483000	5.521108	3.273330	655.618225	0.097176	0.209188	0.704813
4.484000	5.803328	3.713859	658.431992	0.336846	0.209188	1.971875
4.485000	5.400446	3.392991	654.216110	0.217157	0.249206	1.814161
4.486000	5.360359	3.432878	653.901276	0.257249	0.329012	1.814161
4.487000	5.279379	3.232557	654.212173	0.297340	0.249435	2.289102
4.488000	5.681857	3.552982	656.399857	-0.022806	0.169170	-0.247058
4.489000	5.964077	3.954066	658.120972	0.456827	0.249206	3.875451
4.490000	5.601280	3.552539	655.930984	-0.102403	0.049346	-0.562976
4.491000	5.077735	3.191342	651.711914	0.376937	0.209417	3.081293
4.492000	5.439723	3.472322	655.304001	0.057084	0.209188	0.230363
4.493000	6.003759	3.913294	659.055740	0.136974	0.169399	1.813250
4.494000	5.318656	3.632756	655.306519	0.216571	0.248976	1.496513
4.495000	5.439723	3.552096	655.304810	0.217157	0.169399	1.498243
4.496000	4.996351	3.231229	653.427429	0.097176	0.089594	1.022461
4.497000	5.237675	3.672200	656.085648	0.057084	0.169170	0.861379
4.498000	5.519896	3.832634	658.428848	0.257249	0.249206	2.764464
4.499000	5.076523	3.591540	656.084854	-0.022513	0.129382	-0.405262
4.500000	4.552978	3.190899	652.179245	0.336846	0.249206	3.397211
4.501000	5.117013	3.631870	655.769684	0.456534	0.368800	3.081530
4.502000	5.237675	3.872521	658.427963	0.177359	0.209188	1.020823
4.503000	4.955860	3.792304	655.617493	0.336846	0.249206	1.972694
4.504000	4.754621	3.631870	654.833374	0.217157	0.288994	2.446816
4.505000	4.512487	3.351334	653.271896	0.177359	0.089594	1.022461
4.506000	5.076927	3.832191	657.022720	0.097176	0.248976	0.862619
4.507000	5.358742	4.313492	659.521408	0.416736	0.249435	3.238586
4.508000	4.956669	3.992183	656.397369	-0.022806	0.129382	-0.405262
4.509000	4.594276	3.671758	653.584564	0.257249	0.089594	2.446487
4.510000	4.836410	3.992183	656.240219	0.217157	0.368800	2.131227
4.511000	5.239293	4.192946	658.741379	0.177359	0.169399	1.337980
4.512000	5.159120	4.233275	657.491776	0.257249	0.249206	1.813250
4.513000	4.917391	4.192946	657.490952	0.177359	0.169399	1.972694
4.514000	4.635171	3.791862	654.524689	0.336846	0.288994	2.921757
4.515000	5.119034	4.273162	658.272430	-0.062604	0.169170	0.388659
4.516000	5.401254	4.634360	661.399673	0.257249	0.169399	2.764464
4.517000	4.837623	4.112729	656.868896	0.017286	0.169399	0.072158
4.518000	4.555807	3.872521	655.151672	0.336846	0.169399	2.606422
4.519000	4.918603	4.232833	658.741379	0.376937	0.329012	2.289102
4.520000	4.998776	4.393709	660.150696	0.136974	0.209188	2.289102
4.521000	4.958689	4.434039	659.681839	0.336846	0.249206	1.655537
4.522000	4.716960	4.313492	659.057343	0.336846	0.249206	2.287372
4.523000	4.273587	3.832191	655.305618	0.057377	0.009558	1.179356
4.524000	4.797536	4.393709	660.307037	0.336846	0.368800	2.131319
4.525000	5.119843	4.754464	662.651779	0.217157	0.169399	2.606750
4.526000	4.395059	4.193388	658.277313	-0.102696	0.049117	-1.355565
4.527000	4.113243	4.073727	657.029297	0.257249	0.129611	2.446487
4.528000	4.435549	4.193831	659.215118	0.336846	0.368800	2.131227
4.529000	4.677278	4.514699	661.245743	0.136974	0.129382	1.496513
4.530000	4.677278	4.635246	661.247345	0.376644	0.368800	2.923326
4.531000	4.516125	4.474812	659.840500	0.336846	0.288994	3.081201
4.532000	3.912004	3.792747	655.153275	0.097176	0.009558	1.179356
4.533000	4.556616	4.314378	660.153900	0.136974	0.248976	1.180267
4.534000	4.999988	4.835566	662.967682	0.257249	0.209417	2.290013
4.535000	4.315290	4.234161	657.811493	0.096883	0.248976	0.862036
4.536000	4.194628	4.154387	656.406265	0.097176	0.010017	1.338471
4.537000	4.275204	4.274491	657.653442	0.336846	0.368800	2.606168
4.538000	4.678087	4.555471	659.215836	0.017286	0.129382	1.179027
4.539000	4.758663	4.796565	659.373871	0.376644	0.368800	2.605349
4.540000	4.678087	4.636130	658.279556	0.097176	0.249206	1.497424
4.541000	4.073965	4.114943	653.903336	0.336553	0.209417	2.130569
4.542000	4.678087	4.716790	658.434143	0.296754	0.288994	2.130569
4.543000	4.959498	4.997329	660.779037	0.177359	0.009558	2.130569
4.544000	4.234714	4.475698	655.156326	-0.022806	0.208958	0.230363
4.545000	4.274800	4.475698	654.527756	0.177359	-0.070019	1.179938
4.546000	4.315290	4.476141	655.152222	0.336846	0.329012	2.447635
4.547000	4.637192	4.837337	657.808060	0.217157	0.209188	1.813250
4.548000	4.878922	4.957885	658.278702	0.496626	0.408818	3.715096
4.549000	4.395463	4.676904	655.775848	0.136974	0.209188	1.654717
4.550000	3.992176	4.196046	650.933975	0.217157	0.249206	1.814161
4.551000	4.596297	4.757564	655.775848	0.336553	0.368800	2.446816
4.552000	4.999180	5.078874	658.743469	0.097176	0.129382	2.607079
4.553000	4.515721	4.637460	653.590652	0.017286	0.169170	0.388076
4.554000	4.434740	4.517355	652.181274	0.217450	0.129382	1.972037
4.555000	4.353760	4.477468	652.806534	0.416736	0.408588	3.239243
4.556000	4.796728	4.758006	654.526062	0.136974	0.129382	0.705395
4.557000	4.997563	4.999099	656.557465	0.336846	0.288994	2.448546
4.558000	4.715748	4.718120	653.744537	0.336846	0.328782	2.924237
4.559000	4.231884	4.236818	649.682587	0.336846	0.209188	2.446816
4.560000	4.755429	4.638345	654.211761	0.136974	0.288994	1.972203
4.561000	5.157908	4.959212	656.241516	0.136974	0.010017	2.289102
4.562000	4.593468	4.518241	651.556778	0.136974	0.248976	0.547520
4.563000	4.472805	4.398137	650.772827	0.177359	0.089594	1.338471
4.564000	4.472401	4.397695	650.615677	0.296754	0.328782	2.131227
4.565000	4.753812	4.598458	652.960419	0.217157	0.209188	1.496184
4.566000	5.196781	4.919325	654.991730	0.376937	0.288994	2.448384
4.567000	4.713322	4.438025	651.552689	0.217157	0.248976	2.287372
4.568000	4.310036	4.077271	647.333801	0.097176	0.169399	1.338800
4.569000	4.954243	4.598458	652.488251	0.416736	0.408818	3.240154
4.570000	5.356721	4.838666	655.613892	0.057377	-0.110036	0.863928
4.571000	4.832368	4.478354	650.771301	0.296754	0.448606	1.813579
4.572000	4.913349	4.478354	649.988876	-0.022513	-0.070019	0.388659
4.573000	4.791473	4.357807	649.672974	0.336846	0.368800	2.448384
4.574000	5.234442	4.598458	651.862167	0.057377	-0.070019	0.546863
4.575000	5.556344	4.999542	653.268295	0.496919	0.448606	3.714605
4.576000	5.234038	4.558571	651.236252	0.376937	0.368800	2.763973
4.577000	4.951414	4.318363	647.017975	0.296754	0.209188	1.496513
4.578000	5.434469	4.598901	650.608475	0.376937	0.369030	3.398687
4.579000	5.715880	4.879438	652.796936	0.017578	0.089594	1.338800
4.580000	5.353083	4.679118	649.360382	0.017286	0.169399	0.071339
4.581000	5.353083	4.638788	649.358780	0.017286	0.089594	0.546863
4.582000	5.232017	4.518684	648.108139	0.456827	0.408818	3.398687
4.583000	5.715072	4.759777	650.763229	0.057084	0.089594	1.180267
4.584000	5.875820	5.160419	652.795349	0.416736	0.288994	3.398687
4.585000	5.472534	4.638788	649.357178	0.217157	0.289223	2.922178
4.586000	5.069651	4.558571	645.918953	0.257249	0.169399	2.446487
4.587000	5.593196	4.919325	649.976837	0.376937	0.329012	2.289102
4.588000	5.874203	5.159976	652.166046	0.257249	0.129611	1.972694
4.589000	5.632070	5.039872	648.886627	0.177359	0.289223	1.339128
4.590000	5.470917	5.039872	648.727875	0.057377	0.010017	0.862290
4.591000	5.309764	4.719005	646.852814	0.257249	0.368800	1.972694
4.592000	5.631261	5.039429	649.194336	0.177359	0.169399	1.497915
4.593000	5.953972	5.561060	652.006592	0.257249	0.329241	2.289102
4.594000	5.630857	5.159976	647.633667	0.217157	0.249206	1.813250
4.595000	5.348637	4.959655	646.069756	0.336846	0.289223	3.080710
4.596000	5.711029	5.280523	648.879410	0.376937	0.329012	3.239243
4.597000	5.870970	5.440071	650.753693	-0.062312	-0.109807	0.229543
4.598000	5.749903	5.480844	648.101059	0.057377	0.248976	1.021151
4.599000	5.750307	5.440071	648.566895	0.017286	-0.029771	0.546863
4.600000	5.467279	5.119646	646.066566	0.257249	0.249206	1.655046
4.601000	5.830075	5.479959	649.346771	0.017286	0.090053	1.020823
4.602000	6.272640	6.002032	652.002579	0.417029	0.329012	2.922506
4.603000	5.547451	5.359854	646.535500	0.257249	0.329241	2.764464
4.604000	5.466470	5.359854	645.284912	0.177359	0.010017	1.338471
4.605000	5.707796	5.600505	648.563507	0.376937	0.329241	2.764793
4.606000	5.828054	5.680279	649.657837	0.177359	0.010017	1.179356
4.607000	5.667306	5.720608	648.410553	0.336846	0.448606	2.130408
4.608000	5.545834	5.760495	648.409821	-0.182293	-0.309437	-1.356223
4.609000	5.183038	5.359411	645.751526	0.416736	0.528642	3.398687
4.610000	5.303701	5.479515	647.937576	-0.062312	-0.149825	0.229797
4.611000	5.867736	6.000703	652.159073	0.257249	0.329012	2.607079
4.612000	5.102057	5.479515	647.159973	0.376937	0.209417	2.606260
4.613000	5.021077	5.399299	646.379288	0.257249	0.249206	2.287372
4.614000	5.141739	5.599619	648.719269	0.257249	0.169399	2.289102
4.615000	5.261998	5.760054	649.969711	-0.142202	0.010017	-0.722166
4.616000	5.221911	5.880157	650.284866	0.456827	0.528642	3.240154
4.617000	5.101249	5.840269	650.442810	-0.062604	-0.149595	-0.721509
4.618000	4.536809	5.318639	646.846642	0.416736	0.368800	2.289852
4.619000	4.899201	5.639064	650.126923	0.097761	-0.070019	0.862290
4.620000	5.221507	6.039704	653.879395	0.417029	0.329012	3.398359
4.621000	4.496319	5.558846	648.412292	0.257249	0.209417	1.654717
4.622000	4.375252	5.518959	648.255142	0.217450	0.249206	2.289102
4.623000	4.616981	5.678950	650.909348	0.257249	0.329241	2.289102
4.624000	4.616981	5.678950	652.003586	0.057377	-0.070019	0.547191
4.625000	4.657068	5.920043	652.317871	0.376937	0.408588	2.290013
4.626000	4.496319	5.839828	652.475800	-0.102403	-0.149825	-0.721509
4.627000	4.133523	5.478629	648.724869	0.416736	0.329012	2.922997
4.628000	4.294676	5.639064	651.536224	-0.022513	-0.070019	-0.722657
4.629000	4.818221	6.160252	656.694000	0.416736	0.408818	3.397447
4.630000	4.214099	5.719280	651.695877	0.257249	0.209188	2.289102
4.631000	4.133523	5.558846	651.227539	0.136974	0.169399	1.338800
4.632000	4.214099	5.759168	653.257431	0.217157	0.288994	1.653806
4.633000	4.254185	5.839828	654.038101	0.017286	-0.109807	0.229797
4.634000	4.375252	6.080034	655.914856	0.336846	0.368800	2.447635
4.635000	4.335166	6.040147	656.383789	-0.142494	-0.229631	-1.673380
4.636000	3.730640	5.558846	652.009232	0.416443	0.408818	3.240483
4.637000	4.052946	5.678950	654.350861	-0.022513	-0.070019	0.547191
4.638000	4.415338	6.200582	659.038788	0.177359	0.209188	1.495273
4.639000	3.851303	5.839828	654.667480	0.336846	0.288994	2.605020
4.640000	3.932284	5.999817	655.446671	0.376937	0.249206	2.288283
4.641000	4.052946	6.080034	657.008270	0.376644	0.368800	2.923326
4.642000	3.851303	5.879714	657.319992	-0.142494	-0.189842	-0.880370
4.643000	4.093032	6.321128	658.882523	0.536717	0.528182	3.556891
4.644000	4.012456	6.240469	659.040482	-0.342073	-0.229860	-2.465479
4.645000	3.609169	5.879714	655.760971	0.456534	0.448606	3.240483
4.646000	3.730236	6.040147	657.004257	-0.022513	-0.070019	0.230945
4.647000	4.293867	6.641553	662.004791	0.336846	0.368800	3.081950
4.648000	3.850494	6.321128	658.570740	0.136974	0.209188	1.813250
4.649000	3.729832	6.200582	658.257248	0.296754	0.209188	2.447727
4.650000	3.769513	6.200582	658.880920	0.376644	0.248976	1.972694
4.651000	3.648043	6.120364	659.037979	-0.062897	-0.150054	-0.720015
4.652000	3.930666	6.521007	660.913116	0.576516	0.648006	4.508763
4.653000	3.890176	6.441232	660.914001	-0.422256	-0.309666	-2.623354
4.654000	3.204670	5.920043	657.006744	0.536424	0.528182	4.033984
4.655000	3.285650	5.959488	658.255630	-0.142494	-0.150054	-1.038575
4.656000	3.768301	6.240026	662.160324	0.416736	0.368800	2.763553
4.657000	3.365823	6.119922	659.663406	0.136974	0.209188	2.447727
4.658000	3.244756	6.040147	659.352325	0.376644	0.209188	2.289102
4.659000	3.204265	5.878829	659.507004	0.136974	0.209188	1.497332
4.660000	3.002622	5.638178	659.036438	-0.102403	-0.110036	-0.722657
4.661000	3.284438	6.119479	661.068649	0.536424	0.608218	4.189875
4.662000	3.203457	6.039263	661.226608	-0.502146	-0.349684	-3.733360
4.663000	2.800575	5.598290	658.101028	0.576516	0.648006	4.351141
4.664000	2.599335	5.517631	658.099426	-0.022806	-0.150054	-0.086703
4.665000	3.122881	5.878386	663.099991	0.376644	0.249206	2.606260
4.666000	2.800171	5.757839	660.289505	0.096883	0.049346	1.337560
4.667000	2.598931	5.678065	659.821274	0.376644	0.209188	2.922668
4.668000	2.598931	5.557518	660.132370	0.296754	0.248747	2.289102
4.669000	2.356798	5.396642	658.880081	-0.142494	-0.150054	-0.723239
4.670000	2.759680	5.797726	662.476273	0.616314	0.648006	4.983214
4.671000	2.719190	5.877943	662.476379	-0.262476	-0.269878	-1.989789
4.672000	2.195240	5.356312	658.257370	0.496333	0.408588	4.032674
4.673000	2.074174	5.316425	658.099503	0.016993	0.009328	0.229543
4.674000	2.597315	5.717066	663.099075	0.376644	0.368570	2.446816
4.675000	2.275413	5.677179	661.226578	0.217157	0.169170	1.497004
4.676000	2.234518	5.717066	660.288666	0.217157	0.169170	2.130569
4.677000	2.073365	5.476416	660.129959	0.376644	0.328782	2.922997
4.678000	1.751059	5.276095	658.880981	-0.062604	-0.189842	-1.356551
4.679000	2.354777	5.877500	662.630203	0.616314	0.648006	4.825009
4.680000	2.233710	5.797283	662.008118	-0.422256	-0.269649	-3.099864
4.681000	1.749847	5.315539	659.038116	0.776094	0.648006	5.933118
4.682000	1.709761	5.395756	659.191971	-0.102696	-0.149825	-0.721509
4.683000	2.071748	5.635964	662.784058	0.336846	0.328782	2.448546
4.684000	1.870509	5.756953	661.695602	0.296754	0.129382	2.606260
4.685000	1.749847	5.596077	660.444214	0.296754	0.209188	1.814161
4.686000	1.427137	5.355426	659.660965	0.336846	0.328782	2.131227
4.687000	1.225493	5.114776	659.036499	-0.102696	-0.190072	-1.038575
4.688000	1.870105	5.675851	663.098343	0.855985	0.688024	6.408387
4.689000	1.708952	5.716181	663.413437	-0.422256	-0.269878	-2.623683
4.690000	1.144512	5.315539	659.351471	0.695912	0.687795	5.775404
4.691000	1.023850	5.275209	659.348282	-0.102696	-0.070478	-0.562976
4.692000	1.225493	5.315096	662.160355	0.376644	0.328782	2.922178
4.693000	1.305665	5.595634	662.475540	0.216571	0.129382	1.656448
4.694000	1.063936	5.555305	662.319992	0.336553	0.248976	2.922997
4.695000	0.862293	5.194550	660.444122	0.376644	0.328552	2.922506
4.696000	0.539987	4.953899	658.411118	-0.262476	-0.190072	-1.831913
4.697000	1.063936	5.554862	664.034698	0.576516	0.648006	5.142658
4.698000	1.144108	5.595191	664.350601	-0.342659	-0.269878	-3.097643
4.699000	0.742034	5.314210	661.225845	0.695912	0.688024	5.933937
4.700000	0.620563	5.113891	660.756805	-0.142787	-0.229860	-1.038666
4.701000	0.740822	5.153778	662.161148	0.416443	0.328782	3.080382
4.702000	0.861888	5.393985	662.945251	-0.062897	-0.030689	-0.086703
4.703000	0.942465	5.514532	663.571442	0.216571	0.169170	1.972037
4.704000	0.620159	5.113891	661.380478	0.416736	0.368570	2.922506
4.705000	0.418515	4.952571	659.350769	-0.142787	-0.070478	-0.882101
4.706000	1.063128	5.514532	665.756699	0.695912	0.567971	5.143569
4.707000	1.062723	5.514532	665.288544	-0.342073	-0.230090	-2.623683
4.708000	0.659437	5.153778	662.162979	0.776094	0.687795	5.775404
4.709000	0.498688	5.233552	662.944550	-0.102696	-0.150054	-1.356315
4.710000	0.659032	5.113448	663.254730	0.336846	0.288764	2.606260
4.711000	0.860676	5.554862	665.601334	0.216571	0.128923	1.497004
4.712000	0.980934	5.594748	666.070984	0.216571	0.089134	2.130569
4.713000	0.416899	5.073561	662.475769	0.416736	0.328782	2.289102
4.714000	0.215660	4.912683	661.225967	-0.142787	-0.110496	-1.198019
4.715000	1.101597	5.595191	667.162811	0.935875	0.727812	6.408387
4.716000	0.940444	5.514532	666.696442	-0.182586	-0.110496	-1.513936
4.717000	0.659032	5.314210	664.354843	0.776094	0.648006	6.092470
4.718000	0.497475	5.074003	663.884216	-0.102696	-0.190072	-0.246730
4.719000	0.457389	4.872797	663.413574	0.336846	0.288764	2.288774
4.720000	0.980934	5.474645	666.699738	0.096883	0.209188	1.338800
4.721000	1.142491	5.514532	667.481369	0.136974	0.128923	1.338471
4.722000	0.618946	5.033673	663.730423	0.496333	0.488165	4.033984
4.723000	0.377217	4.792580	662.011795	-0.262476	-0.229860	-2.148322
4.724000	1.182982	5.273438	667.010834	0.975966	0.807618	7.517973
4.725000	1.142491	5.273881	667.014908	-0.342659	-0.269878	-2.465058
4.726000	0.861080	5.033673	664.047287	0.816186	0.687795	6.408387
4.727000	0.901166	4.872797	664.202835	-0.182586	-0.269878	-1.513279
4.728000	0.820590	4.672032	663.420380	0.616314	0.648006	4.983467
4.729000	1.344943	5.193222	667.172104	0.057084	-0.030689	0.229215
4.730000	1.344943	5.273881	667.484802	0.057084	0.049346	0.862619
4.731000	0.982551	4.551929	663.581635	0.416736	0.527953	3.556891
4.732000	0.821802	4.551929	661.392426	-0.062897	-0.030689	-0.722420
4.733000	1.466010	4.952571	667.015076	0.695912	0.648006	6.092470
4.734000	1.627163	5.113448	666.862900	-0.182586	-0.190072	-1.988878
4.735000	1.224685	4.872797	663.424744	0.616314	0.648006	6.566101
4.736000	1.264367	4.712362	663.580185	-0.182878	-0.190072	-1.196871
4.737000	1.063936	4.351166	661.239456	0.456534	0.368570	3.555253
4.738000	1.747826	5.033673	665.770432	-0.062897	0.049346	-0.247058
4.739000	1.989959	5.153778	666.550461	0.296754	0.129382	1.337980
4.740000	1.506905	4.471713	661.864838	0.496626	0.368570	3.556891
4.741000	1.224685	4.431826	659.834320	-0.062897	0.009328	-0.721509
4.742000	1.989959	4.792137	665.299805	0.695912	0.567971	6.091651
4.743000	1.990363	4.872354	664.366089	-0.222677	-0.190072	-2.147502
4.744000	1.789124	4.752692	661.867416	0.816186	0.687795	6.567831
4.745000	1.909787	4.671591	662.177704	-0.062897	-0.030689	-0.722420
4.746000	1.506905	4.230618	659.212494	0.496626	0.368800	4.191789
4.747000	2.232093	4.872354	663.742493	-0.062897	-0.030460	-0.246730
4.748000	2.434141	4.952571	665.149414	0.096883	0.169170	1.021151
4.749000	1.749038	4.351166	659.524384	0.536424	0.528182	4.349411
4.750000	1.628780	4.230618	658.431763	-0.222677	-0.229860	-1.672469
4.751000	2.232901	4.591373	663.273544	0.776094	0.648006	6.091651
4.752000	2.313478	4.671591	662.808746	-0.102696	-0.150054	-0.880953
4.753000	2.031258	4.511600	659.998215	0.576516	0.528182	5.142658
4.754000	1.870509	4.350723	659.057022	-0.222384	-0.230090	-1.831913
4.755000	1.629588	3.949639	657.026520	0.576223	0.528182	4.667059
4.756000	2.354373	4.751365	662.027924	0.057084	0.089134	0.706053
4.757000	2.556016	4.751365	662.808746	0.016993	0.009328	-0.244907
4.758000	1.952298	4.149959	657.966820	0.576223	0.528182	4.826411
4.759000	1.710569	4.149959	655.936455	-0.182586	-0.110496	-1.357463
4.760000	2.314690	4.389724	660.620361	0.816186	0.688024	6.883749
4.761000	2.516334	4.550601	660.936264	-0.142787	-0.150054	-1.830345
4.762000	2.314690	4.470384	658.751015	0.896076	0.727812	7.201397
4.763000	2.153942	4.109187	658.280373	-0.142787	-0.150054	-1.356223
4.764000	1.872530	3.908423	654.998474	0.616314	0.648006	4.983467
4.765000	2.556824	4.469941	659.843567	-0.142494	-0.070478	-0.722420
4.766000	2.758467	4.550159	661.717804	0.057084	0.089134	0.704086
4.767000	2.114260	4.109187	656.094315	0.536424	0.368800	4.508763
4.768000	2.195240	4.028970	655.470634	-0.102696	-0.030689	-1.198509
4.769000	2.436970	4.148631	658.904785	0.696497	0.648006	6.409298
4.770000	2.678295	4.430054	659.531769	-0.222677	-0.150054	-1.832075
4.771000	2.437374	4.389724	657.813843	0.696497	0.608218	5.933937
4.772000	2.356798	4.028527	656.562546	-0.102696	-0.070478	-1.198601
4.773000	2.195240	3.908423	654.689072	0.696497	0.608218	5.615960
4.774000	2.961324	4.549715	659.999985	-0.142494	-0.070478	-1.038338
4.775000	2.920833	4.469499	660.627670	0.097176	0.169170	0.862619
4.776000	2.357202	4.028527	655.784111	0.576516	0.528182	4.984125
4.777000	2.357202	3.948310	655.158035	-0.182586	-0.149825	-1.830345
4.778000	2.639421	4.148631	658.281181	0.576516	0.528642	4.984125
4.779000	2.961728	4.469499	659.533371	0.057084	0.009328	0.229543
4.780000	2.881555	4.469499	657.813858	0.696497	0.448606	5.618510
4.781000	2.478673	4.028527	656.564957	-0.262476	-0.150054	-2.147993
4.782000	2.236944	3.868093	653.909843	0.576516	0.448606	5.458996
4.783000	3.083199	4.509385	659.844284	-0.022806	0.009328	-0.722091
4.784000	3.042708	4.469499	660.001434	-0.022806	0.049346	0.231274
4.785000	2.559654	4.148631	655.784920	0.576516	0.528182	4.826411
4.786000	2.439395	4.108745	655.470551	-0.102696	-0.070478	-0.563795
4.787000	2.600144	4.228405	657.656532	0.536424	0.488165	4.984125
4.788000	2.842278	4.509385	659.063446	-0.102696	0.009328	-0.880861
4.789000	2.802192	4.549715	658.439774	0.616314	0.608218	5.459977
4.790000	2.399309	4.148631	656.094864	-0.102988	-0.030689	-0.880953
4.791000	2.198070	4.028527	654.065079	0.576516	0.328782	4.507615
4.792000	2.802596	4.589602	659.686890	0.057084	0.089134	0.388895
4.793000	2.722019	4.549715	659.376694	0.056792	0.009328	-0.246055
4.794000	1.956745	4.148631	654.223007	0.456534	0.408588	4.032161
4.795000	2.238965	4.268735	655.313156	-0.102696	-0.110496	-1.989789
4.796000	2.118302	4.108301	655.939156	0.616314	0.567971	5.775404
4.797000	2.561675	4.589602	659.221146	-0.062604	-0.070478	-0.563795
4.798000	2.400522	4.589602	658.128510	0.616314	0.488165	4.825754
4.799000	1.997639	4.147745	655.313866	-0.182586	-0.070478	-1.513936
4.800000	1.675738	3.947867	653.127014	0.576223	0.488165	4.507615
4.801000	2.521589	4.548830	659.687592	-0.142787	-0.030689	-0.721601
4.802000	2.360435	4.549273	658.440216	0.056792	0.128923	0.704086
4.803000	1.877785	4.147745	654.536407	0.456534	0.368570	4.508763
4.804000	1.918276	4.227962	655.161522	-0.302860	-0.110496	-1.830345
4.805000	1.837295	3.987311	654.690895	0.616314	0.528182	5.458996
4.806000	2.361244	4.468171	658.754501	-0.102696	0.049117	-0.563795
4.807000	2.361244	4.668933	658.287262	0.815893	0.567971	6.567503
4.808000	1.837699	4.067085	654.692581	-0.182878	-0.110496	-1.515009
4.809000	1.717036	3.986425	653.131790	0.576223	0.527953	5.775404
4.810000	2.240177	4.547502	658.598083	-0.062897	0.009099	-0.564378
4.811000	2.079428	4.307294	656.723892	0.016993	0.049117	0.545224
4.812000	1.757123	4.146860	654.070572	0.376644	0.288535	2.922997
4.813000	1.918679	4.227077	655.474998	-0.023098	0.009099	-0.722420
4.814000	1.595969	3.785663	653.286453	0.536132	0.488165	4.984125
4.815000	2.240986	4.426955	657.195313	0.057084	0.009099	-0.247058
4.816000	2.281072	4.547502	657.508011	0.616314	0.488165	5.615960
4.817000	1.636055	3.985983	652.977844	-0.142787	0.009099	-1.039157
4.818000	1.515393	3.945654	652.196365	0.456241	0.328552	3.398359
4.819000	2.200091	4.426512	657.350037	-0.063190	0.088675	-0.246730
4.820000	2.119515	4.265635	656.101891	0.176480	0.128923	1.180267
4.821000	1.717036	4.105644	653.447762	0.336553	0.288535	2.447635
4.822000	1.837699	4.105644	653.447662	-0.143080	-0.070937	-1.039157
4.823000	1.555479	3.744004	651.728943	0.536132	0.408129	4.349411
4.824000	2.119515	4.265192	656.570900	0.016993	0.048887	0.389478
4.825000	2.281072	4.505843	657.510376	0.576223	0.448147	4.667059
4.826000	1.515393	3.904438	652.355026	-0.023098	0.009099	-0.564706
4.827000	1.514989	3.904438	651.259987	0.496333	0.448147	4.033164
4.828000	1.958766	4.184533	655.321053	-0.062897	0.048887	0.069679
4.829000	1.797613	4.144646	654.541992	0.056792	0.049117	0.388659
4.830000	1.717036	4.144203	653.293816	0.496333	0.328552	3.873957
4.831000	1.797613	4.224421	653.916702	-0.102988	0.009099	-1.038575
4.832000	1.354644	3.662902	650.479233	0.496333	0.328552	3.556072
4.833000	2.039747	4.304194	655.478188	-0.023098	0.009099	-0.563305
4.834000	2.240986	4.424740	656.104271	0.695912	0.567971	5.933608
4.835000	1.757526	3.983326	651.417152	-0.142787	-0.030689	-0.722420
4.836000	1.798017	4.103873	652.042503	0.336553	0.248747	2.763553
4.837000	2.240177	4.384411	655.320496	0.216279	0.248747	1.655537
4.838000	2.321158	4.304194	653.915268	0.057084	0.048887	1.020823
4.839000	2.321562	4.464186	652.979774	0.216571	0.168711	1.655865
4.840000	2.442225	4.384411	653.290695	-0.063190	0.048887	-0.247878
4.841000	2.160005	4.023213	650.635773	0.576223	0.527953	4.350812
4.842000	2.925279	4.664505	654.851563	-0.102988	-0.070707	-1.039157
4.843000	3.167009	4.825382	655.789597	0.616314	0.448147	5.615960
4.844000	2.562483	4.223978	650.323959	-0.023098	0.009099	-0.721509
4.845000	2.683146	4.183648	650.479507	0.296754	0.128923	2.130569
4.846000	3.086028	4.543960	653.601044	0.176480	0.168711	0.548922
4.847000	3.206691	4.463300	653.289429	0.336553	0.288535	2.446816
4.848000	3.166605	4.583847	652.979935	0.336553	0.168711	1.972602
4.849000	3.166605	4.423413	652.509392	0.016700	0.208499	0.547191
4.850000	2.602165	3.901782	648.135658	0.296754	0.208958	3.240645
4.851000	3.206691	4.382197	652.976814	-0.062897	0.048887	-1.039157
4.852000	3.488910	4.543074	654.697037	0.456534	0.328552	4.508526
4.853000	2.763722	4.061772	649.544250	0.016993	0.049117	0.069188
4.854000	2.925279	4.061772	650.325096	0.416443	0.328552	3.239826
4.855000	3.086028	4.101217	651.727036	0.056792	0.088905	0.546280
4.856000	3.045942	4.141104	651.105919	0.136389	0.128923	1.337560
4.857000	3.166605	4.301537	651.730324	0.216279	0.128693	2.131227
4.858000	3.166605	4.100331	651.887474	0.136389	0.208499	0.704086
4.859000	2.602973	3.579585	647.669350	0.336553	0.128923	2.448546
4.860000	3.086028	4.060001	652.354004	0.016700	0.088905	0.230034
4.861000	3.247586	4.260765	653.762604	0.456241	0.288764	3.713948
4.862000	2.602973	3.578701	647.984444	-0.023098	0.048887	0.230363
4.863000	2.724444	3.739576	649.702278	0.216571	0.128923	2.288774
4.864000	2.845107	3.578258	650.636971	0.416443	0.368111	2.445905
4.865000	2.885597	3.578258	651.264748	0.136389	0.088905	1.338800
4.866000	2.966174	3.899125	651.733696	0.096883	0.088675	1.179356
4.867000	2.805021	3.657589	651.108459	0.216279	0.368111	1.496184
4.868000	2.241390	3.176730	646.891708	0.256370	0.128693	2.605349
4.869000	2.845511	3.617259	652.046364	-0.023098	0.048887	-1.039157
4.870000	3.007069	3.818023	653.922943	0.496040	0.288535	4.191369
4.871000	2.362457	3.336721	649.394562	0.176480	0.168481	0.548011
4.872000	2.524014	3.417381	650.017372	0.176480	0.009099	1.654717
4.873000	2.322370	3.175845	650.330040	0.136389	0.208499	1.496093
4.874000	2.402947	3.215732	650.955322	0.176480	0.128693	1.023372
4.875000	2.685571	3.617259	653.769882	0.216279	0.128693	2.131227
4.876000	2.605399	3.376165	652.675728	0.136389	0.128693	0.547191
4.877000	1.840124	2.774760	648.145660	0.336553	0.208499	3.081530
4.878000	2.202517	3.095185	651.894814	-0.023391	0.088675	0.072158
4.879000	2.565313	3.295949	654.083282	0.456241	0.128923	2.922760
4.880000	2.001277	2.894421	650.491264	-0.063190	0.128464	0.071830
4.881000	2.203729	3.135072	651.740150	0.376351	0.168711	2.764464
4.882000	1.961595	2.733987	651.740150	0.296169	0.368111	2.922997
4.883000	1.962000	2.813761	651.740074	0.176187	0.088675	1.179684
4.884000	2.284305	3.215289	655.181671	0.176187	0.168481	1.972694
4.885000	2.042980	2.933866	652.836067	0.256077	0.288076	1.496513
4.886000	1.600011	2.492894	650.180885	0.216279	0.208499	2.446395
4.887000	1.921913	2.612998	653.616714	0.016700	0.048657	0.229543
4.888000	2.042980	2.853648	655.807503	0.456241	0.288535	3.555743
4.889000	1.640502	2.612998	652.528191	0.136389	0.208040	0.546280
4.890000	1.680992	2.573112	653.933411	0.136389	0.088675	1.179027
4.891000	1.318196	2.291688	652.214684	0.376351	0.208499	2.923816
4.892000	1.479753	2.251801	654.245209	0.256077	0.208499	1.972694
4.893000	1.963212	2.692772	656.903412	0.136389	0.088675	1.497332
4.894000	1.439667	2.291688	654.092056	0.256370	0.288076	2.289102
4.895000	0.996294	1.810829	650.965698	0.136389	-0.030919	1.337560
4.896000	1.278918	1.970820	654.091179	-0.063483	0.168481	-0.089345
4.897000	1.480157	2.171142	656.436783	0.256370	0.048887	2.288774
4.898000	1.278918	2.050594	655.033951	0.136389	0.327864	1.814980
4.899000	1.238832	1.970820	655.187088	0.056792	0.008869	1.179027
4.900000	0.835950	1.449190	653.626152	0.256077	0.288076	2.131227
4.901000	0.916930	1.528964	654.250626	0.176480	0.088446	1.496093
4.902000	1.319813	2.050594	658.315842	0.215986	0.248058	1.813250
4.903000	0.916930	1.609179	656.286026	0.296169	0.248058	2.289102
4.904000	0.474366	1.127879	653.159683	0.216279	0.168481	2.132046
4.905000	0.675605	1.288755	654.721870	0.136389	0.208040	0.861707
4.906000	0.796672	1.408860	657.379379	0.176187	0.048657	1.812593
4.907000	0.796672	1.449190	656.757385	0.096297	0.208040	0.388076
4.908000	0.555347	1.368973	657.223900	0.176187	0.048657	1.972856
4.909000	0.031802	0.927116	654.098091	0.416150	0.367652	2.923326
4.910000	0.192550	0.847342	655.505829	0.136096	0.048428	0.705395
4.911000	0.515665	1.328643	659.101189	0.176187	0.247828	1.813250
4.912000	0.072292	0.967445	656.135193	0.256077	0.248058	2.446816
4.913000	-0.209523	0.606248	653.791008	0.176187	0.088446	1.655537
4.914000	-0.128947	0.646578	655.819931	0.096004	0.128004	-0.089345
4.915000	0.032206	0.927116	658.320992	0.335675	0.208040	2.448218
4.916000	-0.007880	1.007332	657.854538	0.136096	0.048428	0.705724
4.917000	-0.088457	0.767125	657.384689	0.056206	0.008640	0.071501
4.918000	-0.652492	0.205164	653.791733	0.375766	0.287846	3.079799
4.919000	-0.732664	0.124948	655.042290	0.136096	0.247828	1.337069
4.920000	-0.047966	0.927116	660.041946	0.215986	0.048428	0.705395
4.921000	-0.450040	0.485702	658.013908	0.335675	0.407440	3.239734
4.922000	-0.852923	0.084618	655.046204	0.176187	0.048428	1.654625
4.923000	-0.812836	0.004400	655.824463	0.135803	0.207810	0.229215
4.924000	-0.691770	0.164392	658.170166	0.056206	-0.031378	0.705395
4.925000	-0.610789	0.405484	658.797043	0.215986	0.287387	1.023701
4.926000	-0.731856	0.405484	658.952515	0.096004	0.048428	1.179027
4.927000	-1.255401	-0.196807	655.669724	0.295876	0.207810	2.447635
4.928000	-1.335573	-0.236693	656.139458	0.295876	0.327405	2.763553
4.929000	-0.650875	0.404599	662.077255	0.175894	0.127775	1.179356
4.930000	-0.972777	0.124062	659.423737	0.335675	0.407211	3.397447
4.931000	-1.335978	-0.156919	657.232979	0.175894	-0.071625	1.022132
4.932000	-1.174420	-0.156919	658.483521	0.215693	0.327405	1.813412
4.933000	-1.053758	-0.117032	660.203781	0.096004	-0.191449	0.704156
4.934000	-0.731856	0.124062	661.452759	0.295583	0.446769	1.498642
4.935000	-0.812432	0.083732	660.985397	0.096004	0.087987	0.863600
4.936000	-1.295487	-0.477786	658.016190	0.215693	0.327405	2.447635
4.937000	-1.215315	-0.357682	657.701904	0.175894	0.207581	1.337560
4.938000	-0.288887	0.324383	664.266510	0.295583	0.247599	2.129658
4.939000	-0.530213	0.043402	661.922668	0.335675	0.367422	3.398687
4.940000	-0.933903	-0.277466	659.423111	0.136096	-0.071625	0.545952
4.941000	-0.732664	-0.357682	659.736588	0.135803	0.367193	1.496513
4.942000	-0.612001	-0.277466	660.828354	0.016114	-0.191220	-0.247387
4.943000	-0.329782	0.003514	663.173309	0.335675	0.407211	1.972694
4.944000	-0.329782	-0.117032	661.924255	0.016114	-0.111414	0.071501
4.945000	-0.813241	-0.759210	658.954254	0.415272	0.526805	3.398687
4.946000	-0.893817	-0.799097	658.017876	0.295876	0.327405	2.763553
4.947000	-0.047966	-0.238021	664.892670	0.136096	0.207581	1.495273
4.948000	-0.369868	-0.398456	662.394867	0.295583	0.287387	2.287372
4.949000	-0.732664	-0.799540	659.424881	0.215693	0.128004	2.605839
4.950000	-0.692174	-0.839869	659.893021	0.255785	0.367193	1.337560
4.951000	-0.692174	-0.920528	660.517334	0.016114	-0.231238	0.071501
4.952000	-0.248801	-0.559775	662.081390	0.335675	0.486787	3.082770
4.953000	-0.409954	-0.639992	660.988754	0.175894	-0.111414	0.545952
4.954000	-0.893009	-1.201509	657.080780	0.255785	0.367422	2.607079
4.955000	-1.175229	-1.402272	655.676331	0.215986	0.247599	1.813250
4.956000	-0.208311	-0.640434	663.018478	0.215693	0.167793	1.340109
4.957000	-0.409550	-0.881084	660.988754	0.415272	0.367193	3.238424
4.958000	-0.933095	-1.241838	657.709351	-0.024270	-0.151432	0.388238
4.959000	-0.852519	-1.162065	657.708458	0.215693	0.446769	1.655537
4.960000	-0.973586	-1.363272	657.083092	-0.064068	-0.271255	0.229215
4.961000	-0.489722	-1.002073	660.208633	0.255785	0.367193	2.132046
4.962000	-0.570299	-0.881970	659.896912	0.215693	0.007951	1.813412
4.963000	-1.133930	-1.644251	655.054253	0.295876	0.367193	3.081201
4.964000	-1.376064	-1.724468	653.802780	0.335675	0.207581	2.605839
4.965000	-0.449232	-0.962629	661.144913	0.215693	0.327405	1.971945
4.966000	-0.972777	-1.243610	658.023476	0.295583	0.327175	3.080710
4.967000	-1.133526	-1.564477	655.834991	0.135803	-0.111643	0.387747
4.968000	-1.052949	-1.363714	656.615738	0.335675	0.446769	3.081530
4.969000	-1.415745	-1.765241	655.052567	-0.223556	-0.271255	-1.198019
4.970000	-1.012863	-1.364156	658.020889	0.335675	0.486787	2.923326
4.971000	-1.012863	-1.123949	658.022583	0.055913	-0.151432	0.388238
4.972000	-1.616985	-1.845458	653.336151	0.415272	0.446769	3.081530
4.973000	-1.616985	-1.685467	652.866318	0.295876	0.247599	3.081201
4.974000	-0.891392	-1.284382	658.957077	0.215693	0.207581	1.970214
4.975000	-1.253784	-1.525476	656.461708	0.215693	0.247369	1.971783
4.976000	-1.616580	-1.645580	653.804367	0.055913	-0.032067	0.387747
4.977000	-1.536004	-1.645580	653.958862	0.415272	0.446769	2.606260
4.978000	-1.938482	-2.006777	652.554428	-0.263647	-0.191449	-1.990538
4.979000	-1.133121	-1.405372	656.772537	0.455070	0.446769	4.031671
4.980000	-1.293870	-1.405372	657.085312	0.135803	0.047739	0.863600
4.981000	-2.019059	-1.887116	651.461716	0.415272	0.367193	3.081530
4.982000	-2.140126	-2.007219	650.523895	0.215693	0.247369	2.289102
4.983000	-1.414533	-1.566249	656.927277	0.295583	0.247369	2.445576
4.984000	-1.576090	-1.566249	655.056305	0.335089	0.287387	1.655537
4.985000	-1.938078	-1.847229	652.087799	-0.104160	-0.111643	-0.405591
4.986000	-1.857906	-1.807342	653.024872	0.495162	0.526575	3.397447
4.987000	-2.340960	-2.248756	649.900909	-0.263647	-0.271255	-1.990538
4.988000	-1.777329	-1.727125	654.429222	0.295583	0.327175	2.445905
4.989000	-1.535196	-1.406258	656.305176	0.135803	0.127775	0.863600
4.990000	-2.340556	-2.168539	650.216019	0.495162	0.446769	3.872717
4.991000	-2.300470	-2.208426	650.214241	0.215693	0.167793	2.447635
4.992000	-1.897588	-1.767898	655.210785	0.175602	0.167563	1.813412
4.993000	-2.018250	-1.847672	653.183624	0.375180	0.327175	2.922086
4.994000	-2.380643	-2.088765	650.998199	-0.064068	-0.151661	-0.880699
4.995000	-2.138509	-1.847672	652.870850	0.455070	0.526575	3.081530
4.996000	-2.621968	-2.369746	649.591431	-0.183757	-0.231467	-0.722420
4.997000	-2.057932	-1.767898	653.965004	0.415272	0.446769	2.447635
4.998000	-1.976952	-1.527690	655.840836	0.055913	0.047739	0.863600
4.999000	-2.782717	-2.249198	649.906349	0.335675	0.327175	3.239734
5.000000	-2.661649	-2.129095	650.529236	0.335675	0.327175	2.605349
5.001000	-2.218681	-1.808228	654.589294	0.255492	0.127775	1.813412
5.002000	-2.419516	-2.008991	653.186470	0.295583	0.327175	2.445905
5.003000	-2.661246	-2.048878	651.936081	-0.223848	-0.072085	-1.198019
5.004000	-2.540179	-2.009433	652.561203	0.495162	0.526346	4.508763
5.005000	-2.982743	-2.410075	649.594376	-0.343537	-0.351521	-2.939110
5.006000	-2.499688	-1.929217	654.279099	0.414979	0.446540	3.081530
5.007000	-2.338131	-1.688566	656.156479	-0.024270	0.047739	0.546771
5.008000	-3.022829	-2.250084	650.220375	0.375180	0.446769	3.081201
5.009000	-3.143087	-2.209754	650.375130	0.215400	0.167563	2.447307
5.010000	-2.820781	-2.169868	653.185501	0.255492	0.127316	1.971126
5.011000	-2.941849	-2.049763	653.031639	0.375180	0.327175	2.447635
5.012000	-3.022021	-1.969103	652.407875	-0.144251	-0.231697	-1.513936
5.013000	-3.102597	-2.209754	652.875313	0.734832	0.646170	5.617599
5.014000	-3.585652	-2.570952	649.908417	-0.343830	-0.351521	-1.989880
5.015000	-3.183174	-2.129981	653.499619	0.414979	0.406751	3.238915
5.016000	-2.941040	-2.009877	655.530121	0.095712	-0.032296	0.071501
5.017000	-3.626142	-2.410075	649.595627	0.455070	0.446540	4.351049
5.018000	-3.544757	-2.370188	651.157997	0.215693	0.087527	2.129658
5.019000	-3.384413	-2.331187	653.343094	0.255492	0.207351	2.447307
5.020000	-3.424094	-2.250527	652.875824	0.255492	0.406751	2.605839
5.021000	-3.423690	-2.129981	653.345657	-0.144251	-0.231697	-1.356223
5.022000	-3.625738	-2.290414	652.720291	0.694740	0.606381	4.825500
5.023000	-4.068302	-2.611282	648.969284	-0.263940	-0.311732	-1.989880
5.024000	-3.504671	-2.250084	653.811951	0.615143	0.526346	3.715096
5.025000	-3.463777	-2.050207	655.218887	-0.064361	-0.112103	0.230034
5.026000	-4.068302	-2.531065	650.065926	0.414979	0.366734	2.921266
5.027000	-4.067898	-2.490735	650.532455	0.175602	0.247140	1.813412
5.028000	-4.027812	-2.531065	651.778854	0.215400	0.087527	1.812593
5.029000	-3.907150	-2.250527	653.344528	0.255492	0.326716	2.132046
5.030000	-3.745188	-2.090093	654.126068	-0.024270	-0.072085	-0.247387
5.031000	-3.946831	-2.450848	653.186493	0.574759	0.566134	4.509582
5.032000	-4.470376	-2.892705	649.282600	-0.383628	-0.431327	-2.622373
5.033000	-3.946831	-2.531065	653.810974	0.414979	0.486328	2.605349
5.034000	-3.664207	-2.250527	656.312943	0.095712	0.007492	1.497004
5.035000	-4.268733	-2.771716	651.628113	0.414979	0.327175	2.607079
5.036000	-4.228243	-2.691498	652.252594	0.175602	0.127316	1.653806
5.037000	-4.388992	-3.012809	652.092163	0.175602	0.127316	2.130569
5.038000	-4.228243	-2.691942	653.812408	0.335089	0.207351	2.289102
5.039000	-3.905533	-2.411404	655.689072	-0.263940	-0.311732	-1.673709
5.040000	-4.227838	-2.812046	654.126709	0.534960	0.606152	5.141746
5.041000	-4.630721	-3.173243	651.158997	-0.343830	-0.231697	-2.622373
5.042000	-4.308011	-2.933035	654.436813	0.455070	0.406751	3.239734
5.043000	-4.146858	-2.691942	656.783142	-0.024270	-0.072085	-0.405101
5.044000	-4.468760	-3.012809	652.723877	0.375180	0.406522	2.763553
5.045000	-4.387779	-2.892705	655.220856	0.335089	0.207351	2.606750
5.046000	-4.669999	-3.253459	653.499557	0.255492	0.207351	1.337560
5.047000	-4.629508	-3.093026	655.220779	0.414979	0.326716	2.922086
5.048000	-4.387779	-2.731828	656.938583	-0.223848	-0.231697	-1.515995
5.049000	-4.589018	-3.132913	655.377121	0.574759	0.566134	5.300441
5.050000	-4.871238	-3.253016	653.502747	-0.424013	-0.351750	-2.940021
5.051000	-4.508442	-3.093026	656.469559	0.574759	0.566134	4.508763
5.052000	-4.306394	-2.892705	657.719360	-0.104160	-0.152120	-0.563305
5.053000	-4.589018	-3.052696	655.692108	0.375180	0.366504	2.604928
5.054000	-4.467547	-3.052696	656.940186	0.255492	0.247140	2.289102
5.055000	-4.830343	-3.413893	654.595398	0.374888	0.167104	2.605839
5.056000	-4.427461	-3.172800	657.252792	0.215400	0.366504	2.446724
5.057000	-4.064665	-2.851490	659.440628	-0.024563	-0.032526	-0.246568
5.058000	-4.587805	-3.292904	656.317307	0.574759	0.566134	4.825500
5.059000	-4.708872	-3.413007	654.599472	-0.343830	-0.351750	-2.943482
5.060000	-4.386566	-3.413893	656.784653	0.494576	0.446310	3.397447
5.061000	-4.225413	-3.172800	658.191483	-0.024563	-0.072314	0.389057
5.062000	-4.265500	-3.132470	657.724228	0.454778	0.486328	3.714513
5.063000	-4.265095	-3.213130	658.193253	0.055328	0.007492	1.178116
5.064000	-4.667978	-3.774205	654.912796	0.295583	0.326716	2.764464
5.065000	-4.264691	-3.413893	657.254333	0.335089	0.326716	1.814069
5.066000	-3.901895	-3.172800	660.848999	-0.104453	-0.191679	-1.355732
5.067000	-4.303969	-3.533555	656.787842	0.574759	0.526116	4.825500
5.068000	-4.506016	-3.693988	656.319717	-0.263940	-0.232156	-1.515759
5.069000	-4.465526	-3.734318	656.942596	0.374888	0.446081	3.080710
5.070000	-4.263882	-3.573884	658.972946	-0.064361	-0.072544	-0.722749
5.071000	-4.102730	-3.413007	659.132584	0.374888	0.366734	2.606750
5.072000	-4.182902	-3.533555	659.600723	0.294998	0.127086	2.129658
5.073000	-4.626275	-3.974525	656.161682	0.335089	0.167104	2.447307
5.074000	-4.303565	-3.774205	657.410675	0.335089	0.286469	1.814069
5.075000	-3.860192	-3.413007	660.537033	-0.104453	-0.072544	-1.198019
5.076000	-4.222584	-3.774205	657.256729	0.534668	0.526116	4.189875
5.077000	-4.263074	-3.733875	657.099579	-0.263940	-0.351750	-3.098554
5.078000	-4.222584	-3.934196	656.940735	0.574466	0.565904	4.508855
5.079000	-4.101921	-3.734318	658.347672	-0.064361	-0.072314	-0.721018
5.080000	-3.859787	-3.413007	660.068893	0.255492	0.206662	1.655537
5.081000	-3.900278	-3.653658	658.349274	0.294998	0.167104	2.288774
5.082000	-4.343651	-4.054300	655.068985	0.294998	0.127316	2.129330
5.083000	-4.021749	-3.934196	657.097092	0.374888	0.326716	2.606168
5.084000	-3.497800	-3.533555	660.848831	-0.144251	-0.112332	-1.199258
5.085000	-3.860192	-3.774205	657.255951	0.694740	0.565904	5.617599
5.086000	-3.939960	-3.934196	656.474304	-0.463811	-0.351750	-3.256268
5.087000	-4.061431	-4.134960	656.003662	0.574759	0.605922	4.824681
5.088000	-3.779211	-3.894309	657.253448	-0.064361	-0.072314	-0.246568
5.089000	-3.456501	-3.452895	659.755402	0.454778	0.486328	3.397447
5.090000	-3.577972	-3.734318	658.034988	0.055328	-0.032296	1.338471
5.091000	-4.141603	-4.215176	654.910248	0.414979	0.406522	3.081530
5.092000	-3.980450	-4.095072	655.846527	0.255492	0.127086	1.971945
5.093000	-3.416010	-3.493667	660.066315	-0.104453	0.007492	-0.405101
5.094000	-3.617249	-3.654100	658.350098	0.774630	0.526116	5.458155
5.095000	-3.657336	-3.774205	656.159943	-0.424013	-0.351750	-3.098554
5.096000	-4.060218	-3.934639	654.909363	0.534668	0.486328	4.031013
5.097000	-3.738317	-3.814535	656.940613	-0.304031	-0.272174	-2.306946
5.098000	-3.415202	-3.292904	658.971283	0.375180	0.366504	2.922997
5.099000	-3.495778	-3.493667	658.034912	0.175309	0.047510	1.971945
5.100000	-3.978833	-3.814535	655.065613	0.374888	0.366504	3.715004
5.101000	-3.817276	-3.774205	655.221161	0.135510	0.127086	1.337888
5.102000	-3.173069	-3.253016	659.439346	-0.064361	-0.032526	0.230034
5.103000	-3.333817	-3.252574	658.503876	0.414979	0.446310	3.715096
5.104000	-3.454884	-3.493667	657.096161	-0.304031	-0.232156	-3.098554
5.105000	-3.575546	-3.613771	655.999512	0.734539	0.566134	5.618510
5.106000	-3.333817	-3.533555	657.561813	-0.144251	-0.072544	-0.880462
5.107000	-3.011107	-2.891377	659.750366	0.335089	0.286469	2.287863
5.108000	-3.132174	-3.132470	658.187988	0.055328	0.167104	1.337560
5.109000	-3.535056	-3.372678	655.532074	0.335089	0.167104	2.288774
5.110000	-3.413585	-3.333233	655.843170	0.374888	0.446310	2.922086
5.111000	-2.688801	-2.691498	660.840439	-0.064361	-0.112332	-0.880953
5.112000	-2.809464	-2.771716	659.125000	0.614558	0.645710	4.983214
5.113000	-3.171855	-2.931707	657.561020	-0.424013	-0.431786	-2.780906
5.114000	-3.292114	-3.172800	655.996063	0.614558	0.605922	4.824681
5.115000	-3.050385	-2.931707	657.715591	0.015529	-0.032526	-0.404772
5.116000	-2.566926	-2.450848	660.841248	0.335089	0.406522	2.763553
5.117000	-2.808251	-2.570952	659.435913	0.294998	0.087298	1.971126
5.118000	-3.291710	-2.931707	655.997696	0.215400	0.246680	2.289593
5.119000	-3.210729	-2.931707	654.903366	0.374888	0.366504	3.397447
5.120000	-2.526031	-2.290414	660.838669	-0.104453	-0.152120	-1.039814
5.121000	-2.606204	-2.370188	660.057144	0.614558	0.526116	5.143477
5.122000	-2.766952	-2.370188	657.714706	-0.343830	-0.192368	-2.940350
5.123000	-3.089258	-2.651168	655.993530	0.574759	0.526116	5.459066
5.124000	-3.049172	-2.651168	656.305328	-0.184343	-0.192368	-1.515759
5.125000	-2.484732	-2.049763	660.525192	0.294998	0.286469	2.605349
5.126000	-2.525223	-2.009433	660.212585	0.175309	0.127086	1.813412
5.127000	-2.927297	-2.371074	656.462387	0.335089	0.167104	2.289102
5.128000	-3.007469	-2.450848	655.211075	0.294998	0.406292	2.605839
5.129000	-2.403752	-1.969547	660.366364	-0.144544	-0.192368	-1.357463
5.130000	-2.483924	-1.808670	659.586258	0.574466	0.645940	4.825500
5.131000	-2.645077	-1.969547	657.398666	-0.463811	-0.391768	-3.891893
5.132000	-2.805826	-2.089651	656.772507	0.694740	0.685728	6.250674
5.133000	-2.805826	-2.049763	656.458206	-0.104453	-0.232156	-0.880134
5.134000	-2.321963	-1.448359	660.365570	0.374888	0.486099	3.397447
5.135000	-2.362453	-1.488245	659.583862	0.015529	0.007262	0.706215
5.136000	-2.885593	-1.889329	656.302658	0.374888	0.446310	3.239405
5.137000	-2.885593	-1.889329	655.208450	0.334796	0.206662	2.606168
5.138000	-2.240982	-1.368142	660.361221	-0.104453	-0.112332	-0.563305
5.139000	-2.240578	-1.207708	659.894791	0.654356	0.565904	5.774164
5.140000	-2.441412	-1.408029	657.395218	-0.384214	-0.232386	-3.257087
5.141000	-2.643056	-1.568462	655.831970	0.574466	0.526116	4.825500
5.142000	-2.562479	-1.488245	655.673935	-0.064361	-0.072544	-0.563397
5.143000	-1.957550	-0.846511	660.675537	0.454778	0.366504	3.082441
5.144000	-1.917463	-0.805738	660.205795	0.055328	0.087068	1.337560
5.145000	-2.319942	-1.127048	655.986633	0.294998	0.246680	2.287863
5.146000	-2.400518	-1.206822	654.579712	0.454778	0.446310	3.398596
5.147000	-1.755906	-0.725522	659.732605	-0.064654	-0.032296	-0.247058
5.148000	-1.634031	-0.525643	659.265259	0.614558	0.605922	5.141746
5.149000	-1.876164	-0.565087	657.080063	-0.184343	-0.232156	-2.148322
5.150000	-1.956741	-0.765851	655.513611	0.534668	0.645940	5.933026
5.151000	-2.036105	-0.845625	654.107407	-0.144251	-0.232156	-1.037847
5.152000	-1.150167	-0.163561	659.419922	0.334796	0.366504	2.447307
5.153000	-0.989015	0.036317	660.199936	0.254906	0.087298	1.497004
5.154000	-1.472070	-0.364324	655.356384	0.215400	0.127086	1.496093
5.155000	-1.552646	-0.324437	654.262161	0.215400	0.366504	2.763553
5.156000	-0.988610	0.036317	658.320816	-0.184343	-0.112332	-1.357463
5.157000	-0.867139	0.237523	658.637512	0.694740	0.605922	6.250674
5.158000	-0.867139	0.277853	657.387726	-0.343830	-0.272174	-2.940350
5.159000	-0.947312	0.036760	655.665802	0.774630	0.645940	6.408878
5.160000	-1.229127	-0.083344	653.791550	-0.304031	-0.152120	-1.196962
5.161000	-0.342786	0.638608	659.103256	0.454778	0.486099	3.397447
5.162000	-0.302296	0.678495	658.791382	0.055328	0.007492	0.230034
5.163000	-0.825841	0.318183	654.884979	0.255492	0.286469	2.605839
5.164000	-0.623793	0.358070	654.416046	0.374888	0.406522	3.081530
5.165000	-0.382064	0.557948	657.539047	-0.224434	-0.152120	-1.515667
5.166000	-0.059758	0.799485	658.008942	0.695033	0.605922	6.408387
5.167000	-0.099440	0.879701	656.292725	-0.304031	-0.351750	-3.098554
5.168000	-0.421745	0.639050	654.570694	0.694740	0.645940	6.091230
5.169000	-0.542408	0.398400	653.008316	-0.104160	-0.112332	-0.721601
5.170000	0.183185	1.080465	658.319168	0.534668	0.526116	4.188727
5.171000	0.303847	0.999805	658.944458	0.055328	-0.032526	-0.088854
5.172000	-0.300274	0.679380	653.946228	0.175309	0.167104	1.813412
5.173000	-0.219294	0.759598	653.946228	0.454778	0.406522	3.239734
5.174000	0.062118	0.839814	656.599548	-0.144251	-0.072314	-0.723239
5.175000	0.425318	1.240899	657.695404	0.894319	0.685958	6.884568
5.176000	0.385232	1.201455	656.602051	-0.263940	-0.192368	-1.832824
5.177000	0.022840	0.839814	654.412766	0.574759	0.486328	5.142819
5.178000	-0.138313	0.719710	652.382889	-0.263940	-0.072544	-0.879805
5.179000	0.506703	1.280786	657.535858	0.374888	0.406522	2.764464
5.180000	0.626962	1.321115	658.006500	0.135510	0.167104	0.863600
5.181000	0.104225	1.000690	653.475616	0.175602	0.047510	1.971126
5.182000	0.144311	1.000690	653.788208	0.375180	0.446310	2.923816
5.183000	0.264973	0.920031	655.035431	-0.104453	-0.192368	-1.038666
5.184000	0.507107	1.321115	656.912964	0.694740	0.566134	5.299622
5.185000	0.668260	1.522322	657.070114	-0.343830	-0.351750	-2.940350
5.186000	0.507107	1.201455	655.349731	0.734539	0.606152	6.091230
5.187000	0.104629	1.000690	653.005798	-0.104453	-0.192368	-0.722420
5.188000	0.909990	1.602539	658.785568	0.334796	0.247140	2.763553
5.189000	0.749645	1.522322	658.004807	0.175309	0.087298	0.864748
5.190000	0.266186	1.201455	653.632782	0.175602	0.127316	1.653968
5.191000	0.467425	1.441663	654.880875	0.454778	0.486328	4.032161
5.192000	0.548002	1.401333	655.501968	-0.104453	-0.152120	-0.880953
5.193000	0.869904	1.723085	657.847763	0.774630	0.725746	6.725125
5.194000	0.990971	1.963737	658.004013	-0.223848	-0.152120	-1.990538
5.195000	0.507511	1.522322	654.879272	0.654942	0.566134	5.458155
5.196000	0.426935	1.522764	653.316788	-0.184343	-0.232156	-1.356315
5.197000	1.071547	2.043510	658.782272	0.494869	0.526346	4.031013
5.198000	1.111633	2.164056	659.094971	0.095126	0.047510	0.388238
5.199000	0.628174	1.883962	654.879349	-0.024563	0.087298	0.071501
5.200000	0.869904	2.043953	655.502884	0.414979	0.406522	3.556891
5.201000	0.668260	1.803302	655.657623	-0.064654	-0.072314	-0.721509
5.202000	1.030653	2.244716	657.531891	0.614558	0.566134	5.615049
5.203000	1.353767	2.565584	658.625244	-0.263940	-0.112332	-2.149233
5.204000	0.788923	2.164499	656.126556	0.894319	0.725746	7.200486
5.205000	0.627769	2.044395	653.469879	-0.263940	-0.311732	-1.989880
5.206000	1.111633	2.485367	657.528595	0.454778	0.486328	4.191369
5.207000	1.071143	2.485367	657.530289	-0.064361	-0.072314	-0.564216
5.208000	0.950480	2.324933	654.719757	0.255492	0.127086	2.129658
5.209000	0.950480	2.485367	655.968704	0.335089	0.247140	3.082020
5.210000	0.668260	2.204829	654.248322	-0.104160	-0.072544	-1.356223
5.211000	1.071547	2.605471	657.215912	0.574759	0.566134	5.618510
5.212000	1.232296	2.926781	658.779984	-0.343830	-0.152120	-2.939110
5.213000	0.668260	2.404707	653.935715	0.574759	0.526116	4.824681
5.214000	0.627769	2.485367	653.625427	-0.144251	-0.112332	-0.722420
5.215000	1.031056	2.726017	657.215210	0.494869	0.486328	4.191369
5.216000	1.192210	2.765904	657.526993	-0.024270	0.007492	-0.564216
5.217000	0.909990	2.806234	655.187973	0.254906	0.167104	1.655537
5.218000	0.909990	2.846121	655.967026	0.375180	0.366504	2.605839
5.219000	0.507107	2.485367	652.996124	-0.304031	-0.112332	-1.673380
5.220000	0.990162	2.886894	656.275620	0.694740	0.606152	5.459066
5.221000	1.232296	3.287093	658.934647	-0.184343	-0.152120	-1.198110
5.222000	0.627769	2.765904	654.090454	0.614558	0.566134	5.459066
5.223000	0.627769	2.726017	653.465958	-0.223848	-0.192368	-1.673472
5.224000	0.829009	2.926781	655.337753	0.414979	0.406522	3.556234
5.225000	0.909181	3.086772	656.432861	0.015529	0.047280	-0.088854
5.226000	1.030653	3.247649	655.498108	-0.024563	-0.072314	-0.088854
5.227000	1.111229	3.247206	656.589920	0.734832	0.605922	5.619329
5.228000	0.506299	2.806234	652.681946	-0.184343	-0.192368	-2.147502
5.229000	0.868691	3.166546	655.493301	0.534668	0.526346	5.460634
5.230000	1.231487	3.568073	658.151657	-0.144251	-0.112332	-2.307765
5.231000	0.707538	3.127102	653.933319	0.814722	0.605922	6.726364
5.232000	0.748433	3.247206	654.089737	-0.263940	-0.152120	-1.198110
5.233000	0.748028	3.166989	654.711746	0.534668	0.406522	3.713128
5.234000	0.828605	3.287093	655.805084	-0.144251	-0.072314	-0.563305
5.235000	0.909181	3.487414	655.964737	-0.024563	-0.032526	-0.405101
5.236000	0.869095	3.568073	655.806778	0.494869	0.446540	3.874448
5.237000	0.426126	3.046442	652.681137	-0.224434	-0.152120	-1.673380
5.238000	0.869095	3.366867	655.491592	0.934411	0.606152	7.043684
5.239000	1.070739	3.728507	657.525482	-0.384214	-0.232156	-2.622373
5.240000	0.506703	3.247206	653.463562	0.774630	0.566134	6.250345
5.241000	0.587279	3.327423	653.618301	-0.144544	-0.072314	-1.040397
5.242000	0.667452	3.327423	654.397461	0.494869	0.446310	4.507777
5.243000	0.788519	3.527301	655.334442	-0.104453	-0.192368	-1.199022
5.244000	0.869095	3.768837	656.274033	0.055328	0.087298	0.546280
5.245000	0.748028	3.687734	656.118484	0.494869	0.366734	3.715096
5.246000	0.264569	3.247206	652.523193	-0.104453	-0.032526	-1.198110
5.247000	0.626962	3.528186	655.020157	0.695033	0.486328	5.300533
5.248000	0.990162	4.089705	658.460815	-0.024270	0.007492	-0.248298
5.249000	0.587279	3.768837	654.867126	0.774630	0.606152	6.725125
5.250000	0.546789	3.728507	654.241119	-0.144544	-0.112332	-1.356315
5.251000	0.305059	3.568516	653.614944	0.454778	0.486328	4.033655
5.252000	0.506703	3.648733	654.708282	-0.104453	-0.112332	-0.879314
5.253000	0.788923	4.130034	657.053970	-0.024563	0.007262	-0.405591
5.254000	0.627769	3.970044	656.273071	0.574759	0.526346	5.141908
5.255000	0.144311	3.568516	652.835632	-0.104453	-0.072314	-0.879222
5.256000	0.345954	3.689506	654.394791	0.534960	0.486328	4.666967
5.257000	0.909990	4.170364	658.145645	-0.144251	-0.072314	-0.880953
5.258000	0.426531	3.849497	654.866959	0.695033	0.566134	5.774493
5.259000	0.426531	3.930157	654.866150	-0.184343	-0.152120	-2.305965
5.260000	0.426935	3.809610	654.396408	0.494869	0.406522	3.875122
5.261000	0.467021	3.930157	655.489044	0.015529	0.047280	0.231182
5.262000	0.789731	4.290911	657.680710	-0.104453	-0.072544	-0.880953
5.263000	0.507511	4.130919	656.116821	0.455070	0.406522	3.715096
5.264000	0.225696	3.769723	652.991989	-0.184343	-0.112332	-1.356315
5.265000	0.387253	4.010816	654.552673	0.694740	0.526346	5.618510
5.266000	0.910394	4.492117	658.772629	-0.144251	-0.152120	-1.514028
5.267000	0.668664	4.251909	655.960480	0.614558	0.566134	5.617270
5.268000	0.588492	4.251909	655.962173	-0.184343	-0.192368	-1.356315
5.269000	0.507511	4.051589	654.554352	0.414979	0.366504	3.715096
5.270000	0.588088	4.051146	655.490662	-0.064361	-0.072314	-0.563887
5.271000	1.071547	4.652993	659.085251	-0.104453	0.007262	-0.880953
5.272000	1.071951	4.693766	658.305283	0.654942	0.486328	4.666967
5.273000	0.507915	4.212465	654.240952	-0.263940	-0.152120	-1.672723
5.274000	0.588492	4.212465	654.709091	0.614558	0.606152	5.617270
5.275000	1.233104	4.773983	659.865280	-0.144251	-0.072314	-1.198019
5.276000	1.233508	4.814313	658.304504	0.734832	0.606152	6.090901
5.277000	1.233508	4.734096	657.991806	-0.144251	-0.192368	-2.149233
5.278000	1.112846	4.534218	656.897644	0.494869	0.526346	4.349901
5.279000	0.991374	4.413671	656.897644	-0.064361	0.007492	-0.405354
5.280000	1.595496	5.055849	660.804932	-0.064361	0.007492	-1.039814
5.281000	1.757053	5.175953	660.335205	0.414979	0.366734	3.555652
5.282000	1.273190	4.574548	656.897751	-0.024270	0.007492	-0.406502
5.283000	1.233508	4.534661	656.271652	0.574759	0.486557	5.458737
5.284000	1.918206	5.136509	661.582581	-0.104160	-0.032526	-0.880134
5.285000	1.757053	5.016405	660.180466	0.614558	0.526346	6.251585
5.286000	1.797140	5.096622	659.397308	-0.263940	-0.032526	-1.832167
5.287000	1.595092	4.936631	658.770416	0.454778	0.287157	3.556563
5.288000	1.595092	4.736310	658.770325	0.055328	0.007492	0.547100
5.289000	2.119041	5.417932	662.209549	0.015529	0.087298	0.071501
5.290000	2.119041	5.377603	661.585068	0.255492	0.207351	2.922997
5.291000	1.676072	4.856856	657.833405	-0.144251	-0.072314	-1.039157
5.292000	1.716158	4.856856	657.364471	0.694740	0.566364	6.092141
5.293000	2.359962	5.417932	662.519043	-0.064361	0.007492	-0.085884
5.294000	2.199213	5.458261	661.739105	0.455070	0.406751	4.191369
5.295000	2.158723	5.298270	660.646469	-0.064361	0.007492	-0.562976
5.296000	1.997571	5.137394	659.239609	0.335089	0.287157	2.764464
5.297000	1.957484	4.976961	658.145416	-0.064068	0.087298	0.070007
5.298000	2.763249	5.699355	662.834213	-0.064361	0.047510	-0.723239
5.299000	2.843018	5.779572	663.301743	0.534960	0.406751	4.032161
5.300000	2.359558	5.298270	659.396149	-0.064361	-0.032526	-0.880953
5.301000	2.278981	5.178167	658.145569	0.654942	0.566364	5.932697
5.302000	2.923190	5.578808	662.518417	-0.064361	-0.072314	-0.563305
5.303000	2.842613	5.578808	661.740158	0.615143	0.486557	4.666310
5.304000	2.922786	5.539807	660.801544	-0.104160	-0.072085	-0.880624
5.305000	2.922786	5.378488	660.331787	0.415272	0.287157	3.081201
5.306000	2.559585	5.178167	657.831543	0.095712	0.087298	0.863837
5.307000	3.405840	5.819902	662.832169	-0.064068	-0.032296	-0.880953
5.308000	3.486417	5.900119	663.144852	0.414979	0.406751	3.238915
5.309000	2.962064	5.338600	658.925079	-0.064361	-0.032296	-0.879222
5.310000	2.800910	5.258826	657.518219	0.734832	0.526346	5.933608
5.311000	3.485205	5.779572	662.517227	-0.064361	-0.072314	-0.722420
5.312000	3.364137	5.780015	661.738098	0.615143	0.486557	5.933608
5.313000	3.243475	5.699798	660.332214	-0.104453	0.007492	-0.880624
5.314000	3.162495	5.538478	658.925140	0.255492	0.247140	2.446395
5.315000	2.880273	5.218054	656.423355	0.135803	0.087527	1.180994
5.316000	3.806702	6.019780	662.516678	0.095712	0.087527	0.230034
5.317000	3.887278	6.140326	663.299042	0.335675	0.207581	2.923488
5.318000	3.161685	5.378488	658.299225	-0.064361	0.047510	-0.564706
5.319000	3.000936	5.498591	656.893265	0.695033	0.486557	5.618181
5.320000	3.483992	5.819459	660.639221	-0.104160	-0.072085	-1.198110
5.321000	3.644740	5.859346	660.484558	0.534960	0.367193	4.824023
5.322000	3.524078	6.019780	660.174377	-0.064068	0.007721	-0.722420
5.323000	3.362925	5.618695	658.296906	0.215693	0.207351	1.971126
5.324000	2.879466	5.297829	654.392105	0.175602	0.087527	1.496421
5.325000	3.684826	6.059667	660.483841	-0.104160	0.087527	-0.721509
5.326000	3.845980	6.099555	662.202484	0.375180	0.327175	3.556563
5.327000	3.201366	5.578365	656.579071	-0.024270	0.087527	-0.248298
5.328000	3.201366	5.618252	656.267273	0.534960	0.367193	4.666310
5.329000	3.523270	5.698470	658.920609	-0.024270	0.047510	-0.247058
5.330000	3.563760	5.939120	659.234970	0.415272	0.247599	2.922668
5.331000	3.644336	6.019337	658.922455	-0.104160	0.007721	-1.196871
5.332000	3.362116	5.738357	657.983673	0.215693	0.207351	2.446816
5.333000	2.999724	5.457819	654.234329	0.295583	0.406751	3.081438
5.334000	3.805085	6.139441	660.638672	-0.024270	-0.032067	0.071010
5.335000	3.845575	6.179328	661.264755	0.455363	0.327175	3.081201
5.336000	3.079896	5.617810	655.016052	-0.064361	0.007721	-0.404772
5.337000	3.241049	5.698027	655.484924	0.615436	0.526805	4.824023
5.338000	3.523270	5.858017	657.982864	-0.104160	-0.032067	-1.038338
5.339000	3.603846	6.059225	659.077820	0.455363	0.287387	3.556563
5.340000	3.684422	6.179328	658.765305	0.175894	0.167563	1.022461
5.341000	3.200963	5.737471	656.420486	0.055913	0.047739	0.387747
5.342000	2.918743	5.497263	652.985443	0.255785	0.247369	2.446724
5.343000	3.724508	6.178885	659.857910	0.016114	0.007721	-0.405591
5.344000	3.885257	6.298547	660.795013	0.455363	0.287616	3.557053
5.345000	3.200963	5.777801	655.173279	-0.024270	0.007721	-0.406502
5.346000	3.160876	5.777358	655.172394	0.735125	0.526575	5.932369
5.347000	3.241049	5.777358	656.264938	-0.143665	-0.032296	-1.039157
5.348000	3.482375	6.058339	657.983765	0.295583	0.247369	3.081201
5.349000	3.724508	6.258660	658.296356	0.135510	0.167563	0.546280
5.350000	3.281539	5.897462	656.422165	0.295583	0.247369	2.922086
5.351000	2.878253	5.456491	652.984726	0.175894	0.207581	1.339198
5.352000	3.643932	6.178000	658.920044	0.015529	0.087527	-0.405591
5.353000	3.724508	6.258217	659.078796	0.495162	0.367193	3.715096
5.354000	3.079896	5.817245	654.548798	0.015529	0.087527	0.387747
5.355000	3.160472	5.937792	655.641510	0.534960	0.367193	4.507777
5.356000	3.200963	5.817245	655.638855	0.175602	0.247369	0.864257
5.357000	3.281539	6.058339	657.047379	0.295583	0.207581	2.923488
5.358000	3.603846	6.338434	658.453491	-0.024270	0.047739	0.072649
5.359000	3.160876	5.857132	655.484924	0.215693	0.247369	2.288191
5.360000	2.798484	5.696699	652.829987	0.255785	0.207581	1.972602
5.361000	3.604250	6.258217	658.452621	0.175602	0.247369	1.020823
5.362000	3.604250	6.258217	658.766098	0.255785	0.127775	2.446816
5.363000	2.919552	5.817245	653.770355	0.095712	0.087527	0.071830
5.364000	3.080704	5.897462	655.329529	0.535546	0.327405	4.665490
5.365000	3.000532	5.737028	654.861313	-0.024270	0.127316	-0.404443
5.366000	3.363329	6.058339	657.048096	0.255492	0.167563	2.447307
5.367000	3.645549	6.419093	659.391312	0.295583	0.247140	1.973513
5.368000	3.041022	5.817688	655.956345	0.175602	0.087527	0.863928
5.369000	2.678226	5.537151	652.206223	0.055913	0.167563	1.180994
5.370000	3.444309	6.058339	657.985992	0.095712	0.247369	1.179027
5.371000	3.524886	6.178885	659.394501	0.335675	0.207581	3.397938
5.372000	3.041427	5.858017	654.709061	0.095712	0.127775	0.069679
5.373000	3.162899	5.979007	656.112595	0.575345	0.367193	4.349901
5.374000	2.921169	5.617367	654.239136	0.096004	0.087527	0.388076
5.375000	3.283157	5.818130	656.582275	0.135803	0.087527	1.179027
5.376000	3.646761	6.219215	659.707169	0.215693	0.247369	1.655537
5.377000	3.082726	5.698027	655.491318	0.255492	0.207351	2.129658
5.378000	2.760419	5.336830	653.303635	0.215693	0.207581	2.764372
5.379000	3.364946	5.818130	657.519440	0.095712	0.167563	0.389149
5.380000	3.364946	5.858017	658.616165	0.335675	0.247369	3.239734
5.381000	3.082726	5.538035	655.024063	-0.104160	0.007721	-0.880953
5.382000	3.324860	5.658582	656.428497	0.455363	0.367193	4.191369
5.383000	3.002554	5.296943	653.928940	0.095712	0.127316	0.388567
5.384000	3.445927	5.538035	657.210922	0.215693	0.087527	2.445576
5.385000	3.808319	5.939120	659.397720	0.175894	0.247369	1.179356
5.386000	3.123216	5.297829	653.932220	0.055913	0.127316	1.022461
5.387000	3.083130	5.137394	652.993561	0.175894	0.127316	1.497332
5.388000	3.647570	5.458261	656.896637	0.175602	0.207351	1.495273
5.389000	3.727742	5.538478	657.525299	0.295583	0.167563	2.605839
5.390000	3.647165	5.458261	655.182907	-0.064068	0.007721	-0.246730
5.391000	3.647165	5.378930	655.651031	0.415272	0.247599	4.033655
5.392000	3.405840	4.937516	652.838974	0.015529	0.087527	0.388567
5.393000	3.808319	5.298270	656.431808	0.215693	0.167563	2.288191
5.394000	4.372354	5.739685	659.089371	0.255492	0.247369	2.289102
5.395000	3.647165	5.057621	653.465942	0.255785	0.247369	2.447635
5.396000	3.526099	4.897629	651.746414	0.055913	0.047739	0.230034
5.397000	3.888491	5.218496	655.025024	0.215400	0.327175	1.813250
5.398000	4.130221	5.298713	656.119354	0.295583	0.127775	2.605511
5.399000	4.210797	5.379373	655.497269	-0.024270	0.087527	-0.722420
5.400000	4.250883	5.299156	655.808441	0.215400	0.127775	2.288774
5.401000	3.727337	4.817855	651.591766	0.295583	0.327175	1.812339
5.402000	4.089326	5.058506	654.402267	-0.024270	0.007951	0.071501
5.403000	4.612871	5.580137	657.370911	0.255785	0.287387	1.971783
5.404000	4.048836	5.018619	652.685287	0.375180	0.327175	3.239734
5.405000	4.088922	4.978732	652.060898	0.135803	0.207581	1.655537
5.406000	4.411228	5.058948	653.933472	0.175894	0.207581	1.338800
5.407000	4.571976	5.098835	654.556366	0.175894	0.127775	2.131389
5.408000	4.491400	5.099278	653.778824	0.055913	0.207351	-0.088525
5.409000	4.612062	5.099278	654.247040	0.215693	0.167793	2.288283
5.410000	4.168690	4.738081	650.341431	0.295583	0.327175	1.973023
5.411000	4.531082	4.938845	652.996384	0.215693	0.167563	1.971126
5.412000	4.933560	5.420146	656.591064	0.255785	0.207581	2.129658
5.413000	4.288949	4.898958	650.966919	0.096004	0.207581	1.497004
5.414000	4.288949	4.698637	650.653427	0.255492	0.247369	1.971945
5.415000	4.530273	4.858185	652.372147	0.255492	0.287387	1.814161
5.416000	4.651340	4.978732	653.152893	0.255785	0.207810	2.447307
5.417000	4.852580	5.139608	653.623520	0.016114	0.087527	0.069188
5.418000	4.691427	5.059391	653.154663	0.255785	0.167793	2.922668
5.419000	4.167477	4.497873	648.779343	0.255785	0.247369	1.497332
5.420000	4.529465	4.738081	651.433548	0.096004	0.047739	0.545952
5.421000	5.214162	5.299599	655.965225	0.295583	0.287387	2.605349
5.422000	4.569551	4.818298	650.497345	0.255785	0.247599	2.447307
5.423000	4.529060	4.778411	650.341064	0.135803	0.087987	1.179356
5.424000	4.770386	4.778411	651.747910	0.136096	0.207581	1.336740
5.425000	4.850558	4.777968	651.591568	0.175894	0.167793	2.287863
5.426000	5.132374	5.099278	652.686691	0.055913	0.047739	-0.721180
5.427000	5.212950	5.019061	653.311279	0.175894	0.008410	1.813412
5.428000	4.729087	4.578090	649.247833	0.415272	0.367193	3.081530
5.429000	4.970412	4.698637	650.808678	0.175894	0.168022	1.337560
5.430000	5.413785	5.059391	654.873810	0.175894	0.207581	1.496093
5.431000	5.010499	4.778411	649.717651	0.375180	0.327405	3.081530
5.432000	5.050585	4.898958	650.656410	0.175894	0.167793	1.971945
5.433000	5.171247	4.818298	651.122169	0.215693	0.327175	1.337069
5.434000	5.171247	4.738081	651.121361	0.215986	0.128004	1.972856
5.435000	5.453063	5.019061	653.155243	0.135803	0.287387	0.864257
5.436000	5.251015	4.938845	652.687202	0.136096	0.007951	1.338471
5.437000	4.767961	4.457543	648.157120	0.335675	0.327405	2.765283
5.438000	5.049776	4.697751	650.652496	0.255785	0.247599	2.446816
5.439000	5.573322	5.058506	654.560654	0.255785	0.287616	2.288941
5.440000	5.049372	4.697751	650.501305	0.255492	0.247599	1.972694
5.441000	4.969199	4.697751	650.813095	0.175894	0.168022	1.655537
5.442000	4.888219	4.657421	650.967758	0.136096	0.247599	1.338800
5.443000	4.887814	4.576761	650.811417	0.136096	-0.031378	0.863600
5.444000	5.250206	4.937959	653.157112	0.175894	0.287387	1.654625
5.445000	5.169630	4.977846	652.689758	0.136096	0.168022	1.813412
5.446000	4.605595	4.496102	648.626213	0.455363	0.327405	3.079799
5.447000	4.524614	4.576761	649.560181	0.016114	0.008410	1.020823
5.448000	5.088245	5.017291	654.404549	0.255785	0.247599	1.971945
5.449000	4.604786	4.816969	651.127464	0.335675	0.367422	3.081530
5.450000	4.484123	4.776639	650.969521	0.136096	0.128004	1.181576
5.451000	4.524209	4.736753	651.594727	0.135803	0.247599	0.705724
5.452000	4.322566	4.535990	650.656029	0.136096	0.168022	2.447307
5.453000	4.564295	5.017291	653.155579	0.055913	0.167793	0.388567
5.454000	4.443633	4.976961	652.220963	0.016114	-0.071625	0.705395
5.455000	3.959770	4.575877	648.940659	0.455363	0.407211	3.081530
5.456000	4.080837	4.615764	650.498962	0.215693	0.167793	1.655537
5.457000	4.563891	5.056735	655.187790	0.175894	0.167793	1.497004
5.458000	4.120923	4.776196	652.534454	0.335675	0.287616	3.081530
5.459000	3.959770	4.776196	651.752022	0.136096	0.087987	1.022132
5.460000	4.000260	4.615321	652.063019	0.136096	0.167793	0.071501
5.461000	3.839107	4.535104	651.752022	0.256077	0.128004	2.447307
5.462000	4.161413	4.936631	654.408638	0.215986	0.287387	1.337888
5.463000	4.080837	4.896301	653.941284	0.136096	-0.031378	1.495435
5.464000	3.557292	4.374670	651.128403	0.256077	0.287387	2.447635
5.465000	3.516801	4.334783	650.971176	0.215986	0.247599	2.289102
5.466000	4.120923	4.775312	656.127350	0.175894	0.207810	1.338800
5.467000	3.879597	4.655208	654.256546	0.335675	0.327405	3.556800
5.468000	3.678359	4.535104	653.473236	0.175894	0.167793	1.496093
5.469000	3.597378	4.414557	653.471619	0.215693	0.207581	1.496513
5.470000	3.436225	4.134019	652.377388	0.096004	-0.071625	1.179027
5.471000	3.879597	4.535104	656.441711	0.096004	0.247369	0.864257
5.472000	3.799021	4.575434	655.974373	0.056206	-0.071625	0.387419
5.473000	3.235390	4.013916	652.692467	0.375766	0.367193	3.873957
5.474000	3.275880	3.933256	652.691658	0.215693	0.167793	1.338800
5.475000	3.799021	4.414557	658.003189	0.176187	0.167793	1.496093
5.476000	3.436629	4.134019	655.508614	0.255785	0.247599	2.129658
5.477000	3.396543	4.134019	654.881744	0.136096	0.087987	1.179356
5.478000	3.235390	3.893369	655.191948	0.135803	0.247599	0.704086
5.479000	3.033747	3.572501	653.316879	0.096004	-0.111414	0.705395
5.480000	3.477119	4.134019	657.069382	0.215986	0.287387	1.655865
5.481000	3.436629	4.053803	657.070190	0.096004	0.008410	0.068859
5.482000	2.913084	3.572501	653.790787	0.415272	0.447229	3.080710
5.483000	2.752335	3.451954	653.163010	0.136096	0.167793	1.497004
5.484000	3.356053	3.772379	658.005768	0.215693	0.207810	1.655537
5.485000	3.154813	3.732492	656.134789	0.295876	0.247599	2.287372
5.486000	3.074641	3.572501	656.134789	0.176187	0.168022	1.813412
5.487000	2.953574	3.411625	655.664955	0.135803	0.207581	0.705395
5.488000	2.591183	3.010983	653.007561	0.056206	-0.111414	0.071501
5.489000	3.235794	3.612388	657.855118	0.295876	0.327405	1.814069
5.490000	3.235390	3.692162	658.322540	0.136096	0.048428	0.705395
5.491000	2.631269	3.170974	654.418549	0.295876	0.367422	2.605349
5.492000	2.591183	2.970653	653.791595	0.295876	0.207810	2.605020
5.493000	3.115132	3.250748	657.695480	0.215986	0.247599	1.655537
5.494000	2.872998	3.210861	656.449074	0.335675	0.367193	2.288941
5.495000	2.913488	3.251191	656.296021	0.175894	0.128004	1.337560
5.496000	2.671759	2.970653	655.669037	0.215693	0.327405	1.496184
5.497000	2.389539	2.649343	653.325119	0.056206	-0.111414	0.705395
5.498000	3.034555	3.250748	658.170181	0.175894	0.287387	0.864257
5.499000	3.074641	3.251191	658.171799	0.136096	0.008410	0.863600
5.500000	2.390347	2.729560	653.795662	0.295876	0.327405	2.922997
5.501000	2.470520	2.770332	653.483047	0.215986	0.207810	1.972694
5.502000	2.953574	2.970210	657.856796	0.295876	0.287616	2.131389
5.503000	2.833316	2.970653	656.453949	0.415272	0.327405	3.081201
5.504000	2.752739	2.970653	655.361328	-0.063483	-0.071625	0.388238
5.505000	2.632077	2.689673	654.890686	0.215693	0.327405	1.337069
5.506000	2.390347	2.369248	652.390434	-0.023391	-0.111414	0.071501
5.507000	3.115536	3.091200	657.703819	0.335675	0.407211	2.446724
5.508000	3.236198	3.091200	658.172699	0.055913	-0.071625	0.389149
5.509000	2.632077	2.569569	653.486328	0.375766	0.367422	3.240645
5.510000	2.551500	2.489795	653.172043	0.255785	0.287616	2.921757
5.511000	2.994469	2.649343	655.828766	0.136096	0.167793	1.338471
5.512000	2.994469	2.810219	655.048721	0.295583	0.287616	2.447635
5.513000	3.075046	2.930766	655.363815	0.175894	0.048428	1.179027
5.514000	2.833316	2.569569	654.580589	0.175894	0.287387	1.654717
5.515000	2.350261	2.248701	650.517853	-0.183464	-0.231238	-1.197528
5.516000	3.195708	2.890436	656.296814	0.295583	0.407211	2.922086
5.517000	3.276284	2.930766	657.080849	0.016114	-0.151432	-0.881190
5.518000	2.672163	2.449465	652.549347	0.335675	0.287616	2.922997
5.519000	2.752739	2.449465	652.703842	0.255785	0.287387	2.289102
5.520000	2.994469	2.449022	654.421822	0.215693	0.207581	1.971945
5.521000	2.913488	2.529682	654.268784	0.175894	0.207581	2.129658
5.522000	3.075046	2.770332	654.580589	0.096004	-0.071625	0.705395
5.523000	2.913488	2.449465	653.329926	0.255785	0.367193	2.447307
5.524000	2.511010	2.208814	650.048904	0.016114	-0.151432	0.071830
5.525000	3.316370	2.850549	656.140640	0.335675	0.327405	2.131227
5.526000	3.276284	2.850549	656.610306	0.096004	0.087987	1.020823
5.527000	2.752739	2.409578	652.079613	0.375766	0.327405	2.763553
5.528000	2.792826	2.409578	651.920761	0.175894	0.207581	1.971126
5.529000	3.114727	2.449465	653.950516	0.215986	0.207581	1.971945
5.530000	3.356053	2.770332	654.734619	0.295583	0.407211	2.923326
5.531000	3.517206	2.931209	655.516144	0.096004	-0.071625	0.863600
5.532000	3.194900	2.449465	652.858681	0.215693	0.247369	1.179356
5.533000	2.752335	2.048380	648.951561	-0.183464	-0.191220	-0.880370
5.534000	3.799021	2.850106	655.825653	0.295583	0.327405	2.447635
5.535000	3.879597	2.890879	656.765060	0.096004	0.087987	0.705395
5.536000	3.436629	2.489795	652.233643	0.255785	0.327405	3.239152
5.537000	3.436225	2.449908	652.232750	0.295583	0.247828	2.447307
5.538000	3.516801	2.328918	653.168159	0.175894	0.127775	0.863928
5.539000	3.758531	2.609899	653.950661	0.255785	0.327405	2.131227
5.540000	3.919683	2.890436	655.513931	0.016114	-0.071625	0.071501
5.541000	3.677550	2.449022	653.950661	0.375766	0.407211	2.446816
5.542000	3.235390	2.008493	649.888832	-0.143665	-0.111414	-0.405591
5.543000	4.081241	2.689230	655.981186	0.375766	0.407211	3.079799
5.544000	4.000260	2.689230	655.982063	0.056206	-0.071625	0.229705
5.545000	3.517206	2.368805	651.608337	0.375766	0.327405	2.764464
5.546000	3.557292	2.328918	652.699379	0.295876	0.247599	2.606750
5.547000	3.517206	2.167599	651.918533	0.255785	0.207810	2.129658
5.548000	3.759339	2.609014	653.950661	0.255785	0.247599	2.129658
5.549000	4.081241	2.849221	656.450310	-0.143665	-0.151432	-1.039814
5.550000	3.517206	2.247816	652.388283	0.455363	0.407211	2.764793
5.551000	3.114727	2.007165	649.264320	-0.303446	-0.271255	-2.306946
5.552000	4.000664	2.648458	656.449417	0.415272	0.407211	3.715753
5.553000	4.001068	2.728674	656.606651	0.175894	0.128004	1.497004
5.554000	3.518014	2.408249	652.076569	0.415272	0.327405	3.398687
5.555000	3.558100	2.408249	652.699379	0.175894	0.168022	1.337560
5.556000	3.235794	2.086940	651.450394	0.255785	0.207810	1.653806
5.557000	3.799830	2.608571	655.044983	0.455363	0.367193	2.923326
5.558000	4.163030	2.928553	657.231049	0.096004	-0.071625	0.545952
5.559000	3.518014	2.367034	652.700272	0.295583	0.407211	2.446816
5.560000	3.155622	2.006722	649.262817	-0.223556	-0.231238	-1.513936
5.561000	3.800234	2.487138	655.513054	0.375766	0.367193	2.763882
5.562000	3.880810	2.648015	655.982063	0.055913	0.048428	0.546863
5.563000	3.519227	2.367034	652.233643	0.415272	0.287387	3.081039
5.564000	3.599803	2.326705	653.794319	0.335675	0.327405	3.239734
5.565000	3.317987	1.965950	651.449524	0.175894	0.168022	1.813412
5.566000	3.882023	2.447251	655.046570	0.255785	0.327405	1.971783
5.567000	4.043176	2.808006	657.076324	-0.143665	-0.231238	-1.038575
5.568000	3.398968	2.126384	652.075684	0.455363	0.486787	3.398359
5.569000	3.157643	1.925620	649.889702	-0.303446	-0.231238	-1.831094
5.570000	3.963408	2.446808	656.449341	0.455363	0.446769	3.873957
5.571000	3.963408	2.527025	655.982872	0.175894	0.087987	2.130569
5.572000	3.560930	2.206601	652.546227	0.255785	0.247599	1.972694
5.573000	3.601824	2.286375	653.949783	0.215986	0.247599	1.813250
5.574000	3.198942	1.805073	650.825027	0.215986	0.207810	2.288774
5.575000	3.884045	2.447251	655.513779	0.455363	0.447229	3.398596
5.576000	4.246841	2.767676	658.481468	-0.263354	-0.271255	-2.466298
5.577000	3.441075	2.005837	653.013580	0.695033	0.766453	6.093381
5.578000	3.038597	1.885733	650.669479	-0.343244	-0.311273	-2.465150
5.579000	3.682805	2.326705	655.666931	0.455363	0.486787	3.239243
5.580000	3.884853	2.446808	656.452393	0.055913	0.007951	0.705395
5.581000	3.481970	2.367034	653.952194	0.415272	0.407211	3.715096
5.582000	3.522461	2.166714	654.261513	0.215693	0.207581	2.288191
5.583000	3.119982	1.845846	650.982895	0.055913	0.047739	0.705395
5.584000	3.643932	2.367034	655.669235	0.335675	0.406751	2.923326
5.585000	4.127391	2.688344	659.107468	-0.303738	-0.231697	-2.464568
5.586000	3.362116	2.126827	653.483170	0.774923	0.686417	6.250674
5.587000	3.200963	2.006722	651.919983	-0.263647	-0.151661	-1.197782
5.588000	3.724913	2.287703	656.134819	0.495162	0.446769	3.872809
5.589000	3.765403	2.327590	656.293655	-0.024270	0.007721	0.545952
5.590000	3.604250	2.368362	654.732864	0.295583	0.327175	2.446816
5.591000	3.725317	2.247373	655.200211	0.255492	0.247369	1.813250
5.592000	3.161281	1.766515	651.294617	0.255492	0.207351	2.447307
5.593000	3.725317	2.287703	656.605370	0.415272	0.446540	3.556800
5.594000	4.168285	2.648901	658.792297	-0.263940	-0.191679	-1.989627
5.595000	3.363329	1.927392	653.326752	0.654942	0.606152	5.459066
5.596000	3.322839	1.847617	651.919823	-0.303738	-0.351521	-1.514028
5.597000	3.805894	2.207929	656.291954	0.414979	0.446540	2.922997
5.598000	3.805894	2.288589	656.606987	0.095712	0.047510	0.705886
5.599000	3.765808	2.368805	655.200043	0.335089	0.247140	2.764044
5.600000	3.605058	2.127711	655.200043	0.175894	0.127316	1.655537
5.601000	3.041022	1.687626	651.138924	0.095712	0.087298	0.704156
5.602000	3.725721	2.248701	656.291878	0.455070	0.526346	4.032161
5.603000	4.168690	2.569569	659.262711	-0.343830	-0.271485	-3.098883
5.604000	3.403819	1.848061	653.326668	0.574759	0.646170	5.460634
5.605000	3.282753	1.807731	652.543373	-0.223848	-0.152120	-0.880134
5.606000	3.605058	1.968163	655.822784	0.375180	0.406751	2.447307
5.607000	3.725721	2.048380	656.295807	0.055913	-0.032296	0.388238
5.608000	3.846788	2.249144	655.982399	0.455070	0.406751	3.239734
5.609000	3.725721	2.008493	656.138657	0.375180	0.366734	2.922576
5.610000	3.242667	1.606966	651.919678	0.095712	0.047739	0.389968
5.611000	3.725721	2.008493	656.604385	0.615143	0.566364	4.667786
5.612000	4.048027	2.369691	658.949112	-0.383628	-0.351521	-2.941660
5.613000	3.363329	1.808615	653.327393	0.814722	0.806011	6.726036
5.614000	3.403819	1.808615	653.169357	-0.343537	-0.231697	-2.462929
5.615000	3.605058	1.888390	655.824371	0.455070	0.486557	3.556891
5.616000	3.846788	2.129483	657.231293	0.095712	0.047739	1.023044
5.617000	3.725721	2.089596	655.668732	0.255492	0.247369	2.605020
5.618000	3.524482	1.928720	655.510185	0.175602	0.167104	2.288191
5.619000	3.041022	1.608295	652.232277	-0.024270	-0.032067	-0.405591
5.620000	3.725317	2.129483	657.073166	0.615143	0.526575	4.509582
5.621000	4.168690	2.410021	659.728271	-0.343537	-0.271485	-3.256268
5.622000	3.322839	1.848945	654.419853	0.734832	0.646170	6.884568
5.623000	3.362925	1.849831	653.480270	-0.343537	-0.271485	-1.830436
5.624000	3.644336	1.929605	655.353638	0.455070	0.486557	3.398359
5.625000	3.845980	2.129926	657.229691	0.135510	0.087527	0.389478
5.626000	4.087305	2.290360	658.011246	0.375180	0.287157	3.081201
5.627000	3.845575	2.050152	657.073166	0.215693	0.247140	1.496093
5.628000	3.321625	1.689397	652.386139	0.055913	-0.032296	0.230034
5.629000	4.006324	2.090039	657.072296	0.575345	0.566364	4.666967
5.630000	4.408802	2.411349	659.726685	-0.343830	-0.231697	-3.097643
5.631000	3.684018	1.969934	654.416649	0.695033	0.726205	6.092141
5.632000	3.885257	2.010264	654.884789	-0.144251	-0.072085	-0.563887
5.633000	3.925343	2.090482	656.912827	0.414979	0.406751	2.922997
5.634000	4.046006	2.210586	657.539001	0.095712	0.007951	0.545952
5.635000	4.327822	2.411349	658.477783	0.375180	0.287157	3.239405
5.636000	4.046006	2.170699	656.914612	0.295583	0.287157	2.447635
5.637000	3.763786	2.010264	653.476288	0.015529	-0.072085	-0.722657
5.638000	4.246841	2.330690	657.847595	0.654942	0.606152	5.299622
5.639000	4.569147	2.571340	660.504944	-0.343537	-0.351521	-2.780906
5.640000	3.884449	2.210586	654.726143	0.774923	0.646170	6.250674
5.641000	3.964621	2.170699	654.880791	-0.223848	-0.112103	-1.673472
5.642000	4.205946	2.170699	656.441559	0.455070	0.486557	3.238915
5.643000	4.407186	2.451679	658.629242	0.215400	0.047739	1.497004
5.644000	4.608424	2.611670	659.097458	0.135510	0.207351	1.497004
5.645000	4.286119	2.250473	657.066772	0.375180	0.446540	3.556800
5.646000	3.883236	2.050594	653.628632	-0.104160	-0.151661	-1.039814
5.647000	4.527444	2.411349	658.001556	0.734832	0.765994	6.092470
5.648000	4.929921	2.731774	660.970856	-0.383628	-0.271485	-3.256597
5.649000	4.365887	2.371904	655.660118	0.854813	0.726205	7.042282
5.650000	4.365887	2.211029	655.346527	-0.263647	-0.191679	-1.355495
5.651000	4.446059	2.210586	656.593903	0.375180	0.486557	3.238915
5.652000	4.607211	2.451679	657.844482	0.096004	0.007721	0.547191
5.653000	4.848941	2.732217	659.406952	0.295583	0.287387	2.448546
5.654000	4.607211	2.451679	658.000824	0.295583	0.287387	2.764372
5.655000	4.203925	2.130369	654.095261	-0.144251	-0.151661	-1.355732
5.656000	4.566721	2.290803	657.529312	0.734832	0.606381	6.410118
5.657000	4.929113	2.651557	660.655762	-0.463226	-0.431327	-3.734179
5.658000	4.365482	2.250916	655.345818	0.695033	0.606381	5.932697
5.659000	4.486145	2.411349	656.279709	-0.223848	-0.151661	-1.197782
5.660000	4.445655	2.410464	656.436050	0.495162	0.486557	3.872809
5.661000	4.566721	2.450351	658.310226	-0.104160	-0.032067	-0.404772
5.662000	4.808047	2.731774	659.248123	0.375180	0.287387	2.764464
5.663000	4.446059	2.411349	656.748718	0.295583	0.287157	2.131389
5.664000	4.284906	2.170256	654.562599	-0.104160	-0.072085	-1.039814
5.665000	4.566721	2.571340	658.308533	0.655235	0.566593	5.774493
5.666000	4.808047	2.731331	660.496140	-0.303738	-0.271485	-1.990538
5.667000	4.324992	2.491123	655.967819	0.695033	0.606381	5.932697
5.668000	4.365887	2.531010	655.964615	-0.303738	-0.351521	-2.780577
5.669000	4.163434	2.210143	655.494781	0.415272	0.446540	3.396628
5.670000	4.405972	2.450351	658.151489	0.095712	0.087527	0.546771
5.671000	4.687788	2.891322	659.245636	0.255492	0.127775	1.337560
5.672000	4.324992	2.490238	656.434357	0.295583	0.366734	2.447635
5.673000	3.922109	2.129926	653.934013	-0.223848	-0.112103	-1.515176
5.674000	4.083262	2.329804	656.119095	0.495162	0.526575	4.666967
5.675000	4.445655	2.610784	658.932159	-0.423427	-0.271485	-3.414472
5.676000	4.042772	2.530125	655.966217	0.695033	0.646170	5.458085
5.677000	4.163434	2.570897	656.276245	-0.064068	-0.151661	-0.721601
5.678000	3.881619	2.289474	655.182007	0.295583	0.406751	2.764464
5.679000	4.042772	2.329361	656.275436	0.055913	0.087527	0.547191
5.680000	4.244011	2.850992	658.619537	0.015529	-0.032067	0.545952
5.681000	3.881619	2.449908	655.651840	0.455363	0.406751	3.081201
5.682000	3.599803	2.329804	653.621330	-0.223848	-0.191679	-2.307765
5.683000	3.882023	2.329361	655.335953	0.774923	0.646170	6.410118
5.684000	4.163434	2.609899	657.837021	-0.383336	-0.351521	-2.939439
5.685000	3.841937	2.449908	654.715454	0.695033	0.566364	5.458085
5.686000	3.841937	2.489795	655.337555	-0.183757	-0.151661	-1.038338
5.687000	3.559313	2.329361	653.618843	0.455070	0.406751	3.238915
5.688000	3.801447	2.449908	655.181213	0.095712	0.047739	-0.247058
5.689000	4.123753	2.850992	656.743408	0.095712	0.087527	0.704156
5.690000	3.600207	2.449908	654.401978	0.575345	0.446769	4.349901
5.691000	3.439054	2.409578	652.839607	-0.343537	-0.231697	-2.307765
5.692000	3.519631	2.529682	653.929657	0.695033	0.606381	6.248944
5.693000	3.922513	2.850549	656.586273	-0.104160	-0.072085	-1.196871
5.694000	3.681188	2.850549	655.027100	0.735125	0.646170	6.568322
5.695000	3.600207	2.810662	654.400284	-0.343244	-0.231467	-1.989880
5.696000	3.358074	2.449465	652.055328	0.455070	0.367193	3.715096
5.697000	3.479141	2.609899	653.929657	0.096004	0.047739	0.388567
5.698000	3.882023	3.091200	656.273514	0.016114	-0.111643	0.071501
5.699000	3.479141	2.810662	653.775726	0.455363	0.486787	4.351049
5.700000	3.317987	2.609899	652.056931	-0.183757	-0.151661	-1.039157
5.701000	3.358478	2.690558	653.304291	0.575345	0.486787	4.984125
5.702000	3.559717	2.890436	655.490189	-0.263647	-0.231467	-2.465479
5.703000	3.439054	3.051313	654.557175	0.735125	0.566593	6.092141
5.704000	3.439054	3.051313	654.399231	-0.263647	-0.111643	-1.198693
5.705000	3.157239	2.810662	652.366241	0.455949	0.367193	3.239497
5.706000	3.277901	2.850549	653.615936	0.055913	0.167793	0.863017
5.707000	3.681188	3.372180	656.586029	0.016114	-0.071625	0.387747
5.708000	3.197729	3.091200	653.149307	0.495162	0.407211	3.556563
5.709000	3.157239	2.971096	652.054352	-0.263647	-0.191220	-2.148322
5.710000	3.077067	3.011426	652.677872	0.695326	0.646629	5.459066
5.711000	3.439054	3.291964	655.645477	-0.183757	-0.111643	-1.196871
5.712000	3.479545	3.452840	654.708557	0.695326	0.526805	5.615960
5.713000	3.358478	3.412510	654.396606	-0.223556	-0.111643	-0.722420
5.714000	2.995681	3.091643	652.052582	0.255785	0.287616	2.605020
5.715000	3.076258	3.332293	653.457825	0.136096	0.087987	0.705724
5.716000	3.640293	3.854368	656.896851	-0.064068	-0.111414	-1.356223
5.717000	3.317987	3.653604	653.615692	0.695326	0.447229	5.774493
5.718000	3.237411	3.613717	652.676987	-0.263354	-0.231238	-1.673380
5.719000	3.035768	3.452840	652.830917	0.615436	0.606841	5.774493
5.720000	3.438650	3.733821	655.797745	-0.263354	-0.191220	-1.988878
5.721000	3.559717	4.014801	656.269897	0.735418	0.646858	5.933608
5.722000	3.559717	4.095460	655.956482	-0.223556	-0.151432	-1.513279
5.723000	3.156430	3.693933	652.517441	0.255785	0.287616	2.446487
5.724000	3.358074	3.774593	654.392349	0.136096	0.168022	0.863928
5.725000	3.801447	4.336112	658.299622	-0.263354	-0.191220	-1.989789
5.726000	3.398160	4.176120	654.862198	0.735418	0.567282	6.092141
5.727000	3.358074	4.216007	654.860580	-0.063483	-0.111414	-0.404772
5.728000	3.358074	4.135790	654.703430	0.735418	0.726664	6.726036
5.729000	3.559313	4.336112	657.357574	-0.263354	-0.190990	-2.307765
5.730000	3.599803	4.576761	657.048248	0.695619	0.646858	6.092141
5.731000	3.639485	4.657421	657.045853	-0.303153	-0.151202	-2.148085
5.732000	3.317584	4.256337	654.546295	0.455363	0.367652	3.555743
5.733000	3.398160	4.336555	655.167572	0.136389	0.088446	0.705724
5.734000	3.800638	4.817855	659.231827	-0.143665	-0.071166	-1.357463
5.735000	3.478332	4.697751	656.107971	0.575637	0.527494	4.825754
5.736000	3.316775	4.577647	655.169968	-0.223263	-0.151202	-1.989789
5.737000	3.316775	4.497430	655.323044	0.695619	0.527494	5.615960
5.738000	3.598590	4.738081	657.352768	-0.063483	-0.071166	-0.880953
5.739000	3.719657	5.058948	658.293137	0.615729	0.567282	5.459977
5.740000	3.719657	5.058948	658.136093	-0.263061	-0.190990	-1.832167
5.741000	3.155218	4.578090	655.169174	0.216279	0.208040	1.972037
5.742000	3.235794	4.738081	655.477692	0.096297	0.088446	0.547100
5.743000	3.840320	5.380259	660.633865	-0.223263	-0.071166	-1.832075
5.744000	3.638677	5.219825	657.980453	0.695619	0.487705	5.933937
5.745000	3.437034	5.179938	657.041687	-0.103281	-0.031148	-0.563795
5.746000	3.275880	5.019061	656.102982	0.536132	0.487705	4.509345
5.747000	3.396543	5.058948	657.820114	-0.143080	-0.071166	-1.038575
5.748000	3.638273	5.500363	658.915970	0.695619	0.567511	6.092141
5.749000	3.598186	5.500363	658.758896	-0.223263	-0.110955	-1.672723
5.750000	3.114727	5.019061	655.163498	0.176187	0.128693	1.812593
5.751000	2.993257	5.099278	655.632446	0.376351	0.407899	2.923816
5.752000	3.557292	5.620467	660.006088	-0.303153	-0.110955	-2.307765
5.753000	3.275072	5.540250	657.977264	0.536132	0.487705	3.872809
5.754000	2.992852	5.339486	656.413910	-0.103281	-0.030919	-1.356223
5.755000	3.033342	5.299599	655.942734	0.695912	0.567741	5.933608
5.756000	3.073429	5.379373	657.504135	-0.263061	-0.230778	-1.513936
5.757000	3.355649	5.740571	658.600861	0.576223	0.487935	5.615960
5.758000	3.113919	5.620467	657.818512	-0.263061	-0.150513	-1.354746
5.759000	2.831699	5.218939	654.692856	0.096883	0.168711	1.020586
5.760000	2.751122	5.259269	654.535721	0.216571	0.248747	2.289102
5.761000	3.435821	5.900561	660.316284	-0.143080	-0.070707	-1.832075
5.762000	3.153601	5.780458	658.600143	0.616314	0.527953	5.458339
5.763000	2.831699	5.539807	656.254364	-0.142787	-0.070707	-1.672631
5.764000	2.710228	5.419260	655.471207	0.616314	0.567971	5.300533
5.765000	2.750314	5.459147	656.408310	-0.182878	-0.150513	-1.513936
5.766000	2.951958	5.820345	658.129425	0.776094	0.687795	6.409789
5.767000	3.072620	5.860232	658.129425	-0.262476	-0.070707	-1.354746
5.768000	2.549075	5.418818	654.848328	0.296754	0.208958	2.130241
5.769000	2.387922	5.298713	653.751587	0.336846	0.248976	2.448546
5.770000	3.072620	5.900119	659.533051	-0.182878	-0.030689	-1.989789
5.771000	2.871381	5.819902	657.816025	0.576516	0.608218	5.142911
5.772000	2.588757	5.659468	656.409897	0.057084	0.089134	0.387747
5.773000	2.548671	5.498591	655.468796	0.696497	0.608218	5.777625
5.774000	2.548671	5.498591	656.251877	-0.102696	-0.070478	-1.039157
5.775000	2.588757	5.780015	657.816025	0.576516	0.448606	4.983467
5.776000	2.709824	5.859789	658.284180	-0.182586	-0.150054	-1.672723
5.777000	2.185874	5.338600	654.377762	0.097176	0.169170	0.861799
5.778000	2.145384	5.338600	653.907928	0.376644	0.328782	2.922506
5.779000	2.789996	5.899676	659.687714	-0.102696	0.009558	-0.881443
5.780000	2.709419	5.779572	658.284973	0.496919	0.368800	4.349901
5.781000	2.346623	5.578808	656.096420	-0.062604	0.049346	-0.405591
5.782000	2.306133	5.338158	655.156998	0.656699	0.568659	5.298895
5.783000	2.386305	5.378488	655.937668	-0.102696	0.049346	-0.560825
5.784000	2.870169	5.819902	658.594437	0.456827	0.329241	4.191697
5.785000	2.829678	5.900119	658.907837	-0.062604	0.089594	-0.404443
5.786000	2.346219	5.378488	655.469589	-0.062604	0.010017	-0.086611
5.787000	2.104894	5.258826	653.438263	0.376937	0.289223	2.606260
5.788000	2.869764	5.859789	659.686096	-0.182293	-0.070019	-1.989789
5.789000	2.909850	5.860232	659.689392	0.696790	0.568889	5.141930
5.790000	2.507372	5.619581	657.501007	-0.062604	0.010017	-0.405591
5.791000	2.385901	5.459147	656.249557	0.656699	0.528871	5.459977
5.792000	2.426392	5.378930	656.563858	-0.062312	0.010247	-0.721509
5.793000	2.829274	5.860232	658.749908	0.457120	0.329241	3.875451
5.794000	2.869764	5.900561	659.844131	-0.022513	0.169399	0.072158
5.795000	2.385901	5.419260	655.468796	0.017286	0.169629	-0.086611
5.796000	2.184662	5.339043	654.219025	0.496919	0.409277	3.717247
5.797000	3.030513	5.940448	660.466064	-0.261890	-0.109807	-1.989789
5.798000	2.829274	5.900561	658.907059	0.616900	0.529101	5.459977
5.799000	2.506968	5.740571	656.719299	-0.062312	0.010247	-0.244907
5.800000	2.425987	5.580137	655.934372	0.736881	0.568889	6.093052
5.801000	2.506564	5.539807	655.779739	-0.182293	-0.069559	-1.988549
5.802000	2.949936	6.061438	659.531464	0.617193	0.529101	5.619421
5.803000	2.909446	6.141655	659.686096	-0.181707	0.010247	-0.404443
5.804000	2.304921	5.580580	655.468002	-0.062312	0.010247	-1.039394
5.805000	2.143767	5.540250	653.749191	0.537303	0.449295	3.875779
5.806000	3.110281	6.101325	660.309723	-0.102110	-0.029542	-0.879713
5.807000	2.949533	6.101768	659.374329	0.736881	0.569118	6.250766
5.808000	2.626822	5.861117	657.031906	0.017578	0.050264	-0.089345
5.809000	2.466074	5.660797	655.309250	0.697376	0.569118	6.408970
5.810000	2.345006	5.540250	655.466248	-0.102110	-0.029542	-1.196779
5.811000	2.868956	6.102211	659.216370	0.537303	0.369718	4.032674
5.812000	3.110281	6.222315	660.154282	0.017578	0.090282	0.706053
5.813000	2.385497	5.620910	654.998978	-0.022220	0.050494	-0.086611
5.814000	2.223940	5.540693	653.903137	0.337724	0.250124	2.446816
5.815000	2.909042	6.061881	659.839981	-0.102110	-0.029542	-0.879713
5.816000	2.787975	6.061881	658.591812	0.657284	0.569348	5.775404
5.817000	2.506564	5.901890	656.248657	0.018164	0.050494	0.230783
5.818000	2.546246	5.821230	655.933578	0.657284	0.489542	5.301374
5.819000	2.385497	5.540250	654.840225	-0.062019	-0.069330	-0.721180
5.820000	3.070195	6.182428	658.746460	0.377523	0.369718	3.716427
5.821000	3.029705	6.262645	659.840790	0.018164	0.130070	0.072158
5.822000	2.385497	5.620910	654.527634	-0.022220	0.050264	-0.723147
5.823000	2.345006	5.701126	654.058685	0.497797	0.409736	4.351141
5.824000	3.069790	6.182428	660.150986	-0.181707	-0.029542	-1.196779
5.825000	3.069790	6.182428	658.746552	0.697083	0.489542	5.459977
5.826000	2.707398	5.982107	655.934479	0.138145	0.090512	0.863928
5.827000	2.666908	5.821230	655.620087	0.657284	0.529560	5.775404
5.828000	2.465265	5.620910	653.902283	-0.261597	-0.029312	-1.672631
5.829000	3.109877	6.222758	659.057556	0.337724	0.330159	2.922178
5.830000	3.271030	6.382749	660.463684	0.177944	0.090512	1.497332
5.831000	2.626418	5.982107	655.465347	-0.062019	0.010706	-0.881680
5.832000	2.505755	5.741456	653.745224	0.417907	0.330159	4.033984
5.833000	3.069386	6.182428	659.366150	-0.181415	0.010476	-1.356223
5.834000	2.988406	6.222315	658.901306	0.697376	0.529560	5.298895
5.835000	2.787571	6.021994	656.870041	-0.062019	-0.029083	0.071010
5.836000	2.867743	6.022437	656.868286	0.737174	0.569578	6.250766
5.837000	2.585927	5.661239	654.837830	-0.221506	-0.029083	-1.039157
5.838000	3.230135	6.382749	660.306534	0.457706	0.290371	3.398359
5.839000	3.390884	6.422636	660.931107	0.098054	0.090512	0.864257
5.840000	2.544629	5.822116	655.930466	-0.141616	0.010706	-0.880861
5.841000	2.625610	5.822116	654.836243	0.297926	0.250353	2.764464
5.842000	3.269817	6.222758	660.458069	-0.141616	0.010706	-0.721999
5.843000	3.309903	6.302975	660.148666	0.657577	0.529789	5.775986
5.844000	3.028087	6.142983	657.336594	-0.061433	-0.029083	-0.561973
5.845000	2.947107	5.982550	657.180252	0.697376	0.489772	5.775496
5.846000	2.785954	5.661682	655.148911	-0.141616	0.010935	-1.672631
5.847000	3.430566	6.263088	660.773239	0.457998	0.330389	3.716427
5.848000	3.590910	6.383634	661.866684	0.058255	0.010935	-0.404443
5.849000	2.947107	5.862446	656.711288	0.058255	0.170547	0.228816
5.850000	2.906616	5.942220	656.086014	0.537888	0.370407	4.191697
5.851000	3.349181	6.062767	659.677399	0.058255	0.170547	0.230783
5.852000	3.349181	6.183313	659.680756	0.617486	0.450213	5.298895
5.853000	3.309095	6.142983	658.273041	0.138145	0.130989	0.388987
5.854000	3.147538	5.942220	657.646881	0.617486	0.410425	5.458339
5.855000	2.906212	5.661682	655.460892	-0.101232	-0.028853	-1.039157
5.856000	3.630996	6.222758	660.772507	0.457998	0.290601	4.033493
5.857000	3.630592	6.182870	660.929657	-0.021342	0.090971	-0.405262
5.858000	3.026471	5.701569	655.774384	0.018164	0.010935	-0.881190
5.859000	3.066961	5.701569	655.772766	0.378108	0.330389	3.240154
5.860000	3.388458	5.941777	659.052185	-0.021342	0.051183	-0.721999
5.861000	3.469439	6.062324	659.680756	0.697668	0.530249	5.774164
5.862000	3.267796	6.062324	658.116699	-0.021342	-0.028853	-0.244907
5.863000	2.985576	5.620910	656.554398	0.537888	0.410425	5.302355
5.864000	2.824423	5.501249	654.992813	-0.021342	0.130759	-0.563795
5.865000	3.428545	6.062324	659.520508	0.378108	0.250813	2.763973
5.866000	3.468631	6.102211	660.304520	0.138438	0.170777	0.864257
5.867000	2.864509	5.540693	655.774460	0.018750	0.090971	-0.562792
5.868000	2.783529	5.541136	655.461044	0.418200	0.330619	3.240154
5.869000	3.024854	5.620910	657.958939	-0.221213	-0.148218	-1.990608
5.870000	3.186007	5.741456	658.743759	0.697668	0.530249	5.934848
5.871000	3.065344	5.822116	657.651215	-0.021342	0.051183	-0.086703
5.872000	2.783124	5.340815	656.243484	0.657577	0.609825	6.092562
5.873000	2.501308	5.179938	654.371613	-0.181415	-0.028853	-1.513187
5.874000	3.145516	5.581023	659.523773	0.418200	0.330619	3.558223
5.875000	2.984364	5.581023	659.370651	-0.061140	0.051183	-0.563467
5.876000	2.541799	5.140051	654.997787	-0.061433	0.010935	-0.404260
5.877000	2.581481	5.179938	655.933273	0.537888	0.370407	3.874960
5.878000	2.823210	5.179938	657.336914	-0.181415	-0.028853	-1.672631
5.879000	2.903787	5.380259	657.965576	0.537888	0.410425	4.508855
5.880000	2.863701	5.381145	657.810837	-0.101232	0.051183	-0.880861
5.881000	2.540991	4.939730	655.777817	0.737467	0.530249	6.250766
5.882000	2.420328	4.819626	654.373459	-0.221213	-0.108429	-1.832075
5.883000	3.024854	5.381145	660.151550	0.657577	0.530249	5.141930
5.884000	2.943873	5.300928	659.527863	0.058841	0.090971	0.547520
5.885000	2.460818	4.939730	655.157501	0.138145	0.130989	-0.086611
5.886000	2.460818	4.859956	655.312256	0.378108	0.370407	3.081622
5.887000	2.581077	4.819626	656.715805	0.058255	0.170777	0.548431
5.888000	2.903787	5.180824	658.905930	0.697668	0.530249	5.616543
5.889000	2.984364	5.180824	658.594223	0.018750	0.051183	-0.563795
5.890000	2.581077	4.739852	656.249329	0.618071	0.609825	5.775986
5.891000	2.379838	4.539089	654.375961	-0.221213	-0.148447	-2.147993
5.892000	3.064131	4.859956	659.061478	0.258127	0.250813	2.764885
5.893000	2.983555	4.860399	659.062286	-0.021342	0.130759	-0.405262
5.894000	2.580673	4.659636	655.314728	0.178237	0.091200	0.704086
5.895000	2.701335	4.459315	656.408081	0.338310	0.250813	2.922997
5.896000	2.620759	4.258994	655.625732	-0.261012	-0.108429	-1.672631
5.897000	2.862084	4.619749	658.282410	0.537888	0.410425	4.823953
5.898000	2.942661	4.660078	658.909302	0.018750	0.051183	-0.402529
5.899000	2.580268	4.178777	655.783768	0.577980	0.370636	4.508855
5.900000	2.459201	4.138447	654.848282	0.018750	0.170777	0.071339
5.901000	2.942256	4.379098	659.377457	0.417907	0.211024	3.239335
5.902000	2.861276	4.258994	658.284912	-0.021049	0.051183	-0.244579
5.903000	2.498883	3.978456	655.318176	-0.101232	0.051183	-0.720997
5.904000	2.539374	4.018785	656.254379	0.418200	0.330619	3.717247
5.905000	2.458393	3.697476	655.784637	-0.101232	0.051183	-1.196779
5.906000	2.861276	4.098560	658.442047	0.577980	0.490460	4.508855
5.907000	2.820785	4.138890	658.756348	-0.061140	-0.028394	-0.244907
5.908000	2.297240	3.657589	655.161835	0.697668	0.570266	5.458339
5.909000	2.175769	3.577815	654.380295	-0.261012	-0.108429	-2.624174
5.910000	2.779891	3.938569	659.379135	0.418200	0.410425	3.716427
5.911000	2.698910	3.818023	658.287384	0.178237	0.171006	1.497661
5.912000	2.377008	3.658474	655.165039	-0.021342	0.051183	-1.039394
5.913000	2.296027	3.497598	655.787933	0.338310	0.330619	3.240154
5.914000	2.134875	3.256947	654.065994	-0.100939	-0.028394	-1.197598
5.915000	2.497267	3.618145	656.567856	0.498090	0.490460	4.983397
5.916000	2.698506	3.939012	659.068222	-0.021342	-0.028394	-1.038575
5.917000	2.134066	3.337606	654.069214	0.777558	0.650302	6.884660
5.918000	1.972913	3.337606	653.287659	-0.181415	-0.148218	-1.831164
5.919000	2.617525	3.578258	657.972214	0.418200	0.330848	3.555743
5.920000	2.334901	3.538371	656.256058	-0.100939	0.051183	-0.722911
5.921000	2.254325	3.458596	654.227219	0.058841	0.131218	0.388260
5.922000	2.254325	3.498041	655.474518	0.378401	0.211024	2.765704
5.923000	1.932019	3.057069	652.973373	0.018750	0.091200	-0.563795
5.924000	2.495245	3.578258	656.567139	0.697668	0.450672	5.458339
5.925000	2.575822	3.618587	657.663788	-0.101232	-0.108429	-0.560825
5.926000	1.930806	3.217946	653.133003	0.538181	0.370636	4.349082
5.927000	1.970892	3.258276	653.288452	-0.061140	-0.028394	-1.039157
5.928000	2.494842	3.538814	657.347092	0.498383	0.450672	4.190878
5.929000	2.372966	3.498926	656.257828	0.058841	0.131218	0.547520
5.930000	2.211813	3.418709	653.915436	-0.141030	0.051183	-0.404260
5.931000	2.252304	3.579585	655.005737	0.378401	0.290830	2.764464
5.932000	1.849017	2.937407	652.194305	-0.061140	0.051183	-0.721999
5.933000	2.412648	3.579585	655.942749	0.498383	0.370636	4.350322
5.934000	2.613887	3.779906	657.506088	0.058841	0.171236	0.388987
5.935000	2.049852	3.339378	653.601311	0.538181	0.370636	4.667059
5.936000	2.130428	3.459039	653.288628	-0.021049	0.091200	-0.244907
5.937000	2.412244	3.459039	655.941925	0.218328	0.131218	2.131319
5.938000	2.371753	3.619915	655.632721	0.138438	0.250813	1.338309
5.939000	2.371753	3.700575	654.694038	0.018750	0.091200	-0.246055
5.940000	2.492012	3.620358	655.473969	0.378401	0.330619	3.398687
5.941000	2.089129	3.299491	652.505569	-0.100939	0.011624	-0.244325
5.942000	2.572184	3.700575	656.256393	0.538181	0.450672	5.142911
5.943000	2.854000	3.981556	657.661728	-0.100939	-0.028394	-1.038408
5.944000	2.370136	3.620358	653.915054	0.538181	0.450672	4.824282
5.945000	2.450713	3.660688	653.442032	0.138438	0.211024	1.338309
5.946000	2.691634	3.780792	656.094543	0.298511	0.291060	2.130408
5.947000	2.691634	3.740462	655.942375	0.338310	0.290830	2.288941
5.948000	2.651144	3.941669	654.224380	0.018750	0.131218	0.070283
5.949000	2.610653	3.780792	655.004402	0.458584	0.450672	4.034895
5.950000	2.409010	3.540584	652.191528	0.018750	0.091200	-0.406082
5.951000	2.731316	3.821122	655.783638	0.857741	0.610284	6.567503
5.952000	3.093708	4.062215	657.660370	0.058841	0.171236	0.229543
5.953000	2.529269	3.740905	653.131111	0.538181	0.450672	4.508526
5.954000	2.489182	3.621244	652.816116	-0.021049	0.131218	-0.245398
5.955000	2.649931	3.740905	654.531464	0.338310	0.290830	2.923417
5.956000	2.811084	3.821122	655.316544	0.218328	0.251042	1.972694
5.957000	2.810680	3.981998	654.224709	0.058841	0.171006	0.863530
5.958000	2.730103	3.740905	653.908012	0.418493	0.330848	4.191697
5.959000	2.166068	3.219717	650.316628	-0.061140	0.011853	-1.039065
5.960000	2.730103	3.821122	654.534187	0.418493	0.410884	3.557894
5.961000	2.971429	3.981556	656.254425	-0.141030	-0.068182	-1.829434
5.962000	2.487970	3.620358	651.724510	0.578273	0.450902	4.508526
5.963000	2.528460	3.740462	652.036400	0.018750	0.011624	-0.086374
5.964000	2.568142	3.500254	653.127197	0.298511	0.251272	2.131319
5.965000	2.648719	3.740462	653.442352	0.178530	0.091660	1.655466
5.966000	2.809872	3.861009	653.756638	0.058841	0.131218	0.228816
5.967000	2.688805	3.740462	653.441559	0.338603	0.251042	2.447565
5.968000	2.245028	3.379265	650.161240	0.058841	0.051642	-0.089345
5.969000	2.728487	3.740462	653.909698	0.458291	0.371096	4.190549
5.970000	2.890044	3.900896	655.629318	-0.061140	0.011853	-0.086374
5.971000	2.446671	3.619915	651.257248	0.418493	0.411113	3.557894
5.972000	2.527248	3.660245	651.566666	0.098933	0.251042	0.704414
5.973000	2.487161	3.459924	651.877663	0.258713	0.171236	1.813671
5.974000	2.607824	3.619915	652.971970	0.178530	0.211254	1.496842
5.975000	2.688401	3.900896	653.287857	0.019042	0.131218	0.545882
5.976000	2.486757	3.580028	652.660164	0.378694	0.171695	2.605441
5.977000	2.083874	3.299048	649.223518	-0.060848	0.131218	-0.403112
5.978000	2.567334	3.700132	652.816422	0.538181	0.410884	4.508526
5.979000	2.768573	3.820236	655.629387	0.138438	0.171236	1.180595
5.980000	2.325200	3.580028	650.631340	0.378401	0.171695	2.763645
5.981000	2.204537	3.379265	650.943855	0.138438	0.211024	0.388987
5.982000	2.043384	3.138615	650.472420	0.058841	0.131677	0.863530
5.983000	2.526843	3.579585	652.661781	0.338603	0.251272	2.131647
5.984000	2.728487	3.860566	654.539398	-0.021049	0.171236	-0.246055
5.985000	2.486757	3.459039	652.661781	0.378694	0.371096	3.559042
5.986000	1.962808	2.977737	649.069656	-0.060848	0.051642	-0.403112
5.987000	2.405777	3.418709	652.505508	0.498383	0.371096	4.032345
5.988000	2.687996	3.498926	655.163002	-0.021049	0.131677	-1.038408
5.989000	2.284710	3.258718	651.105232	0.458291	0.411113	3.716427
5.990000	2.365690	3.218831	651.102760	0.139317	0.171236	0.706635
5.991000	2.164451	2.817746	651.101158	0.258713	0.211254	1.498243
5.992000	2.526843	3.218831	653.135773	0.298511	0.251272	1.814161
5.993000	2.728487	3.379265	654.698219	0.058841	0.211254	0.863530
5.994000	2.486757	3.058397	653.135773	0.298804	0.211254	2.447727
5.995000	2.043384	2.657313	649.385704	-0.060848	0.091660	-1.039065
5.996000	2.567334	2.977737	653.602310	0.738346	0.491149	5.775986
5.997000	2.768573	3.178945	654.699028	-0.100646	0.011853	-1.355565
5.998000	2.365690	2.777860	651.733818	0.338603	0.171695	3.239335
5.999000	2.486757	2.818190	652.043999	0.179115	0.211254	1.180595
6.000000	2.204537	2.496880	650.950577	0.179115	0.211254	1.497424
6.001000	2.567334	2.817746	653.923080	0.098933	0.171236	1.022063
6.002000	3.010302	3.218831	656.108429	0.298804	0.371096	1.971875
6.003000	2.526843	2.536766	652.982689	0.298804	0.171695	2.290013
6.004000	2.164451	2.216341	650.015892	-0.060848	0.091660	-0.245398
6.005000	2.607420	2.617426	654.075333	0.538474	0.331307	4.349993
6.006000	2.809063	2.737531	655.640297	0.019042	0.051871	-0.244907
6.007000	2.607420	2.577096	653.144905	0.298804	0.171695	2.606352
6.008000	2.607420	2.417106	653.766808	0.258713	0.291060	1.496842
6.009000	2.204537	2.055907	651.733887	0.098933	0.171695	1.496513
6.010000	2.728487	2.417106	654.705597	0.179115	0.171695	1.813671
6.011000	3.131369	2.777860	657.675842	0.258713	0.131677	0.863530
6.012000	2.566929	2.216784	653.768578	0.298804	0.171695	2.131319
6.013000	2.325200	2.016021	652.050652	0.098933	0.131677	0.704414
6.014000	2.808254	2.296558	655.484024	0.458584	0.371325	3.555743
6.015000	2.969004	2.457436	656.424400	0.098933	0.131677	0.865497
6.016000	2.888831	2.377218	655.021568	0.258713	0.171695	2.289943
6.017000	2.687592	2.136567	654.864403	0.258713	0.371096	1.814490
6.018000	2.445458	1.816143	652.206993	0.098933	0.091660	1.020332
6.019000	2.969004	2.377661	656.113403	0.298804	0.171695	1.971875
6.020000	3.411972	2.698528	658.927223	0.178530	0.171695	1.656539
6.021000	2.847937	1.977019	653.925728	0.258713	0.171695	2.447727
6.022000	2.605803	1.936689	652.832291	0.059134	0.171236	-0.087194
6.023000	2.888023	2.096681	655.331757	0.418785	0.251731	3.874631
6.024000	3.169434	2.378104	656.894218	-0.020756	0.091889	-0.563795
6.025000	3.129348	2.338217	656.116684	0.338603	0.211943	1.972786
6.026000	3.048771	2.217670	655.957222	0.258713	0.331307	1.973605
6.027000	2.565313	1.736369	652.676018	0.219207	0.371325	1.971875
6.028000	3.008281	2.258000	656.582413	0.098933	0.131677	1.655957
6.029000	3.491336	2.538537	659.396973	0.098933	0.171695	1.179447
6.030000	2.806638	2.017349	654.707436	0.538767	0.411113	3.717247
6.031000	2.685975	1.856915	653.457657	0.058841	0.091889	-0.087194
6.032000	3.008281	2.017349	656.114182	0.538767	0.451131	5.459249
6.033000	3.128944	2.217670	657.521187	0.059134	0.171695	0.862947
6.034000	3.007877	2.258000	656.273094	0.378694	0.171695	2.289032
6.035000	2.966983	2.057236	656.271408	0.179115	0.251272	1.022063
6.036000	2.524014	1.496161	652.521278	0.298804	0.331307	2.131319
6.037000	3.088049	2.098009	656.895096	0.258713	0.251272	1.814490
6.038000	3.531422	2.498650	660.492012	0.219207	0.291060	2.131319
6.039000	2.846320	1.776698	654.553505	0.378694	0.251731	3.081039
6.040000	2.685167	1.616708	653.460861	0.058841	0.131677	0.071339
6.041000	3.007069	1.817028	656.115051	0.498383	0.411343	4.981829
6.042000	3.288884	2.057236	657.678322	0.179115	0.291060	0.862947
6.043000	3.329374	2.297887	657.991730	0.458584	0.331307	3.397049
6.044000	3.087241	2.017349	656.426941	0.338895	0.371325	1.973605
6.045000	2.603378	1.496161	652.522148	0.179115	0.251272	1.972694
6.046000	3.248394	2.017349	657.364037	0.219207	0.251272	1.656286
6.047000	3.650872	2.418434	660.021530	0.258713	0.371325	1.971875
6.048000	3.006260	1.856915	654.867043	0.378987	0.371325	2.449296
6.049000	2.966174	1.776698	654.553635	0.258713	0.291060	1.339549
6.050000	3.167009	1.816586	655.957901	0.458584	0.371325	4.190479
6.051000	3.408738	1.977019	657.207695	0.059134	0.331307	0.863858
6.052000	3.609977	2.217670	657.678406	0.179115	0.131907	1.180687
6.053000	3.368652	1.977019	656.738022	0.378694	0.451131	2.606098
6.054000	2.925279	1.535605	652.834846	0.298804	0.171695	2.131319
6.055000	3.569487	2.137011	657.675926	0.298804	0.171695	1.655957
6.056000	3.932284	2.377661	660.021530	0.179115	0.371096	1.655138
6.057000	3.166605	1.816143	654.552048	0.378694	0.371325	3.558714
6.058000	3.206691	1.776257	653.927544	-0.020756	0.091889	-0.564286
6.059000	3.528997	1.936689	655.956398	0.458877	0.291749	3.400181
6.060000	3.770726	2.216784	657.990211	0.179115	0.171695	1.497753
6.061000	3.770726	2.377661	658.302895	0.219207	0.131907	1.497424
6.062000	3.488102	2.136567	656.269875	0.219207	0.251731	1.657197
6.063000	3.005047	1.614937	651.895424	0.179408	0.171695	1.022063
6.064000	3.730236	2.216341	657.518051	0.338603	0.251731	1.972694
6.065000	4.173609	2.617426	660.643616	0.179408	0.131907	0.863530
6.066000	3.488102	2.096237	655.176521	0.378987	0.291749	3.240154
6.067000	3.488910	2.016021	654.082283	-0.060555	0.091889	-0.086865
6.068000	3.609573	2.055466	655.642891	0.418785	0.251960	3.400181
6.069000	3.810813	2.336446	657.831543	0.219207	0.371325	1.180105
6.070000	3.851303	2.577096	657.987091	0.219207	0.131907	1.814582
6.071000	3.770726	2.296116	657.049103	0.378987	0.291749	2.289032
6.072000	3.126114	1.734597	651.736687	0.219207	0.251731	1.972694
6.073000	3.931475	2.456106	657.829857	0.179408	0.131907	1.338800
6.074000	4.133118	2.697201	659.703217	0.179115	0.331307	1.496605
6.075000	3.448016	2.095352	654.082283	0.378694	0.092119	2.289194
6.076000	3.609573	2.175569	653.923546	0.019042	0.051871	-0.721999
6.077000	3.649660	2.335560	654.860542	0.418785	0.251960	3.239006
6.078000	3.810813	2.455221	657.362503	0.179115	0.251731	1.022063
6.079000	4.012456	2.656427	657.517258	0.019335	0.052101	1.022063
6.080000	3.650064	2.375004	655.484947	0.219207	0.211943	1.654227
6.081000	3.206691	1.973920	651.266838	0.338895	0.291749	2.607171
6.082000	4.012456	2.535881	657.828255	0.139317	0.091889	0.545882
6.083000	4.254590	2.856306	660.015091	0.338895	0.371325	1.655138
6.084000	3.529401	2.334675	654.080597	0.259298	0.211943	2.288283
6.085000	3.569891	2.375004	653.766312	-0.060555	0.092119	-0.086865
6.086000	3.569891	2.214128	654.546257	0.219207	0.012313	1.656539
6.087000	3.892601	2.534552	657.203667	0.338895	0.371325	1.973934
6.088000	4.013264	2.855863	657.672707	0.099518	0.052330	0.863530
6.089000	3.771939	2.454778	656.108551	0.338895	0.411343	2.449296
6.090000	3.328566	2.133468	652.517235	0.378694	0.371325	2.922506
6.091000	3.892601	2.574439	656.731354	0.139317	0.131907	1.496513
6.092000	4.053754	2.854977	659.076157	0.059134	0.131907	0.862290
6.093000	3.489719	2.413563	654.235176	0.179408	0.131907	2.447727
6.094000	3.490124	2.333789	653.765327	0.019335	0.131907	-0.085954
6.095000	3.490528	2.373233	654.701538	0.259298	0.172154	2.764885
6.096000	3.731853	2.654213	656.577408	0.059134	0.251731	1.338309
6.097000	3.933496	2.814647	657.826378	0.139317	0.092119	1.337980
6.098000	3.530614	2.613884	655.483170	0.338895	0.371325	2.131319
6.099000	3.128135	2.213243	652.358315	0.179115	0.251731	1.496513
6.100000	3.772343	2.694100	657.201721	0.298804	0.092119	1.970964
6.101000	4.054563	2.934308	659.231522	0.179115	0.171695	1.497424
6.102000	3.369865	2.453450	653.919899	0.378987	0.212172	2.764885
6.103000	3.410355	2.613884	654.858673	-0.020756	0.052101	-0.561806
6.104000	3.369865	2.413120	654.388031	0.418785	0.291978	3.716427
6.105000	3.692575	2.694100	657.045395	0.378694	0.451131	2.606098
6.106000	4.015285	3.014525	658.763374	0.219207	0.251731	1.973115
6.107000	3.531826	2.573112	656.107544	0.378987	0.291749	2.288121
6.108000	3.088858	2.172469	652.201988	0.338895	0.291749	2.923417
6.109000	3.652893	2.612998	656.731873	0.139317	0.172154	1.180267
6.110000	4.015285	2.893536	658.762497	0.139317	0.251731	0.705326
6.111000	3.532635	2.573112	655.015732	0.418785	0.291978	3.081622
6.112000	3.653298	2.532782	655.483879	0.019335	0.171695	0.071339
6.113000	3.492144	2.332018	654.700554	0.179115	0.052330	1.654809
6.114000	3.895431	2.612998	657.201630	0.139317	0.331307	1.814490
6.115000	4.056584	2.893978	658.763374	0.179115	0.132366	1.655628
6.116000	3.855345	2.532339	656.577217	0.259298	0.331307	1.496513
6.117000	3.452867	2.292130	652.670753	0.378987	0.291749	2.131319
6.118000	3.976412	2.492009	657.201614	0.219207	0.131907	1.971875
6.119000	4.298718	2.732659	659.544128	0.179408	0.291749	1.021243
6.120000	3.735086	2.452122	655.170303	0.099518	-0.027476	1.021734
6.121000	3.855749	2.411792	655.170372	0.059134	0.331307	0.862947
6.122000	3.695000	2.211029	654.545006	0.219207	0.052330	1.180030
6.123000	4.016902	2.451679	657.515106	0.338895	0.291749	2.290671
6.124000	4.379294	2.732659	658.921158	0.099518	0.052330	0.704086
6.125000	3.855749	2.331574	656.109779	0.378987	0.411343	3.240154
6.126000	3.533443	1.970820	652.984146	0.259298	0.211943	1.814161
6.127000	4.056988	2.371904	656.419174	0.139317	0.131907	0.862619
6.128000	4.379294	2.651999	659.232239	0.219207	0.291749	1.180687
6.129000	4.016902	2.371904	656.111382	0.338895	0.212172	2.763645
6.130000	3.976816	2.371904	655.799652	0.059134	0.251731	0.704743
6.131000	3.775577	2.050594	654.390266	0.139317	0.052330	1.497095
6.132000	4.057392	2.331574	656.888847	0.418785	0.411113	3.081950
6.133000	4.419785	2.652442	658.453796	-0.020463	0.052101	0.545882
6.134000	3.976816	2.211029	655.797806	0.179408	0.291749	1.973115
6.135000	3.695000	1.970820	653.609421	0.378987	0.411343	2.924237
6.136000	3.977220	2.130812	655.796288	0.219207	0.092119	1.972694
6.137000	4.379699	2.371462	659.389122	0.019335	0.091889	0.070612
6.138000	4.057392	2.250916	656.109619	0.259298	0.172154	2.765375
6.139000	3.976816	2.250916	655.328072	0.019335	0.171695	0.862947
6.140000	3.855749	2.050594	654.701897	0.179408	0.091889	1.497424
6.141000	4.218545	2.211029	657.200638	0.338895	0.291749	2.289852
6.142000	4.460275	2.571783	658.766235	0.139317	0.131907	1.813671
6.143000	4.016498	2.291688	655.797729	0.179408	0.091889	1.497424
6.144000	3.694596	2.050594	653.453789	0.298804	0.251731	2.289852
6.145000	3.936326	2.170699	655.483521	0.179408	0.131907	1.814490
6.146000	4.499957	2.571783	659.389091	0.219207	0.331307	1.021572
6.147000	4.217737	2.571783	657.202240	0.219207	0.132366	2.289194
6.148000	4.137565	2.411792	656.109604	0.139317	0.291749	0.547520
6.149000	3.935922	2.090482	654.701881	0.259298	0.211943	2.130499
6.150000	4.096266	2.250916	655.950768	0.338895	0.371325	2.289852
6.151000	4.459466	2.611670	658.294769	0.219207	0.331307	1.973605
6.152000	4.096266	2.411349	655.483521	0.378694	0.291749	2.288121
6.153000	3.854941	2.090482	653.141022	0.419078	0.451131	3.240154
6.154000	3.935517	2.210586	654.231239	0.179408	0.092119	1.656776
6.155000	4.297505	2.531453	658.137634	0.059134	0.291749	1.339220
6.156000	4.096266	2.290803	655.952469	0.259298	0.132366	2.447398
6.157000	3.975603	2.290803	654.704277	0.099518	0.171695	0.862947
6.158000	3.733470	2.009822	653.451294	0.059134	0.012313	1.021243
6.159000	3.935113	2.130369	655.168335	0.458584	0.451131	3.397868
6.160000	4.337591	2.571340	657.514023	0.139317	0.131907	1.655628
6.161000	3.893814	2.210143	654.547142	0.179115	0.131907	1.337980
6.162000	3.612403	2.009822	652.517410	0.338895	0.251731	2.129917
6.163000	3.652489	2.129926	653.140198	0.219207	0.092119	1.972694
6.164000	4.176034	2.329804	657.513840	0.099518	0.131907	-0.244816
6.165000	3.974391	2.290360	655.954750	0.378987	0.212172	2.605112
6.166000	3.733065	2.210143	654.078896	0.179408	0.291749	1.496513
6.167000	3.571912	1.848945	653.140198	0.099518	0.052101	0.704086
6.168000	3.611998	1.888832	653.607460	0.338895	0.371325	2.447565
6.169000	4.014477	2.369691	657.045792	0.219207	0.211943	1.654227
6.170000	3.853324	2.129483	655.798409	0.259298	0.211943	2.131647
6.171000	3.571508	1.888390	652.673569	0.179408	0.211943	1.339220
6.172000	3.450441	1.848502	653.452866	0.338895	0.211943	2.289852
6.173000	3.852920	2.089153	655.952179	-0.020756	0.131907	-0.564286
6.174000	3.692171	2.089153	655.328491	0.219207	0.132366	1.971217
6.175000	3.571508	2.129483	654.237534	0.098933	0.291749	1.022391
6.176000	3.571508	1.888390	653.610550	0.219207	0.092119	1.655628
6.177000	3.490528	1.848061	653.766022	0.378694	0.291749	2.605441
6.178000	3.933496	2.289474	657.046318	0.179115	0.211943	1.337980
6.179000	3.611594	2.089153	654.704002	0.139317	0.131907	1.179776
6.180000	3.369461	1.848502	653.298676	0.338895	0.251731	1.973605
6.181000	3.409951	1.888390	653.452530	0.179115	0.052330	1.655537
6.182000	3.651680	2.008493	656.577293	0.098933	0.171695	0.545299
6.183000	3.611594	2.089153	656.109940	0.298804	0.092119	2.605602
6.184000	3.409951	2.049266	654.081100	0.258713	0.251731	1.180595
6.185000	3.288884	1.808173	653.296982	0.139317	0.131907	1.496184
6.186000	3.208712	1.687626	652.983490	0.378694	0.371325	2.607009
6.187000	3.692171	2.249144	657.357925	0.378694	0.411343	3.081950
6.188000	3.570700	2.089153	656.578804	0.219207	0.131907	1.655957
6.189000	3.208712	1.808173	653.766632	0.458584	0.491149	3.558552
6.190000	3.208712	1.848502	654.078445	0.259298	0.131907	2.131319
6.191000	3.409951	1.848061	655.637550	0.019335	0.171695	-0.086865
6.192000	3.409951	2.129040	656.578720	0.259298	0.211943	2.129750
6.193000	3.450441	2.289474	655.954956	0.538474	0.570955	3.875289
6.194000	3.168626	1.928276	654.233810	0.139317	0.092119	0.862619
6.195000	2.966983	1.727956	653.608444	0.418785	0.291749	2.289852
6.196000	3.611594	2.329361	658.139313	0.338895	0.371325	2.447565
6.197000	3.409951	2.248701	656.888641	0.139317	0.131907	1.337980
6.198000	3.329374	2.169370	655.328674	0.298804	0.291749	2.130499
6.199000	3.249202	2.129483	655.482620	0.219207	0.092119	1.497424
6.200000	3.208712	1.968606	655.793442	0.019335	0.091889	-0.089016
6.201000	3.530614	2.369691	657.357666	0.139317	0.052330	1.497095
6.202000	3.490528	2.489795	657.357666	0.338895	0.451131	2.289852
6.203000	3.249202	2.169370	655.795212	0.179408	0.131907	1.338309
6.204000	3.007069	2.089153	654.387497	0.458877	0.371325	3.242305
6.205000	3.772343	2.570012	659.542587	0.219207	0.211943	1.655957
6.206000	3.490528	2.449908	658.605515	0.219207	0.131907	2.131319
6.207000	3.329374	2.410021	655.795029	0.219207	0.251731	1.337980
6.208000	3.289693	2.449908	656.887650	0.179408	0.052330	2.289194
6.209000	3.329374	2.329361	657.040726	-0.020756	0.091889	-1.038408
6.210000	3.652085	2.810662	659.073669	0.378694	0.212172	3.080802
6.211000	3.732661	2.931209	659.387848	0.418785	0.451131	3.558552
6.212000	3.209116	2.449908	657.196991	0.019335	0.012313	1.497424
6.213000	3.088049	2.409578	655.635315	0.418785	0.371325	2.131647
6.214000	3.611998	2.890436	660.321655	0.338895	0.371325	2.449296
6.215000	3.490528	2.810662	659.385376	0.139317	0.092119	1.338800
6.216000	3.491336	2.930766	658.292740	0.219207	0.331307	1.654227
6.217000	3.491336	2.890436	659.229019	0.338895	0.131907	3.081622
6.218000	3.088454	2.529682	657.039581	0.059134	0.171695	0.229872
6.219000	3.571912	3.130644	659.853424	0.059134	0.012313	0.862872
6.220000	3.692575	3.331851	661.729996	0.338895	0.411343	2.606260
6.221000	3.290097	2.890436	658.291046	0.219207	0.131907	1.655628
6.222000	3.088858	2.810219	657.353073	0.179115	0.171695	1.655957
6.223000	3.652893	3.291078	661.882248	0.338895	0.371325	2.447565
6.224000	3.451654	3.250748	660.634872	0.059134	0.131907	1.497424
6.225000	3.371482	3.291078	659.230545	0.179115	0.171695	1.022483
6.226000	3.492144	3.330965	660.008789	0.019335	-0.027476	1.021734
6.227000	3.089262	2.929880	658.131332	0.179408	0.331307	1.339128
6.228000	3.693788	3.491399	661.727509	0.179115	0.092119	1.337652
6.229000	3.855345	3.731606	663.447830	0.338895	0.411113	2.606260
6.230000	3.331800	3.250305	659.072510	0.139317	0.092119	1.021734
6.231000	3.251223	3.209975	657.977386	0.338895	0.411343	2.606260
6.232000	3.694596	3.571173	661.882004	0.298804	0.251731	2.129750
6.233000	3.654510	3.611060	661.259293	0.219207	0.131907	1.656776
6.234000	3.493357	3.611060	660.480118	0.298804	0.411113	1.972786
6.235000	3.574338	3.650948	661.259293	0.259298	0.211943	1.971875
6.236000	3.131369	3.129315	657.038605	0.059134	0.171695	0.389316
6.237000	3.655318	3.610175	661.414734	0.298804	0.171695	2.446908
6.238000	3.978029	4.011259	663.915894	0.498675	0.530937	4.192447
6.239000	3.494165	3.449740	659.384109	0.179115	0.171695	1.655957
6.240000	3.252840	3.369081	658.290756	0.338895	0.371325	2.448384
6.241000	3.655722	3.609732	661.569214	0.178530	0.251731	1.971875
6.242000	3.655722	3.529515	660.948105	0.298804	0.171695	2.449296
6.243000	3.736299	3.850383	661.104538	0.098933	0.131677	0.545882
6.244000	3.656127	3.689506	661.102036	0.378694	0.251731	3.081622
6.245000	3.212754	3.127545	656.727432	0.098933	0.171695	0.706964
6.246000	3.736299	3.649176	661.101883	-0.020756	0.012083	1.021734
6.247000	4.018923	3.970044	663.603897	0.378694	0.450902	2.922506
6.248000	3.374311	3.488742	658.447739	0.258713	0.251272	1.814161
6.249000	3.334225	3.367753	657.977097	0.219207	0.251731	1.497424
6.250000	3.575955	3.528186	660.163971	0.418493	0.371325	3.239664
6.251000	3.656127	3.648290	660.634445	0.378694	0.131907	2.922178
6.252000	3.697426	3.808724	660.166367	0.019042	0.251272	0.545882
6.253000	3.535869	3.607960	660.164780	0.258713	0.091889	2.129750
6.254000	2.972237	3.126659	655.633087	0.098933	0.211254	1.339128
6.255000	3.575955	3.607075	660.789185	0.258713	0.091889	1.813342
6.256000	3.939155	4.048489	662.508698	0.338603	0.331307	2.446816
6.257000	3.374716	3.527301	657.980209	0.378694	0.331307	2.447565
6.258000	3.334629	3.527301	657.665039	0.179115	0.251272	1.496513
6.259000	3.334629	3.446641	658.599823	0.338895	0.371096	2.765704
6.260000	3.455696	3.687734	659.381287	0.059134	0.091889	1.180595
6.261000	3.858579	4.048046	661.101776	0.258713	0.371096	1.497753
6.262000	3.738320	3.927499	660.163712	0.258713	0.052101	2.131481
6.263000	3.053218	3.326095	655.320236	0.179115	0.291060	1.338638
6.264000	3.617253	3.847282	659.536743	0.298804	0.131907	1.971055
6.265000	3.939155	4.087934	661.880829	0.458584	0.411113	3.239335
6.266000	3.415610	3.686407	657.352371	0.139317	0.091889	1.337980
6.267000	3.496186	3.847282	657.350677	0.298511	0.371325	1.655957
6.268000	3.456100	3.726294	658.127335	0.418785	0.411343	3.717575
6.269000	3.657340	3.846397	658.443390	0.139317	0.052101	1.337980
6.270000	3.899069	4.287811	660.474640	0.019042	0.171695	0.704414
6.271000	3.697830	3.966944	659.535858	0.219207	0.211943	1.972037
6.272000	3.093708	3.445313	654.067886	0.219207	0.251272	1.498243
6.273000	3.697830	3.886285	659.066025	0.059134	-0.027705	-0.086611
6.274000	3.939559	4.367586	661.254562	0.418785	0.371325	2.922178
6.275000	3.456100	3.886285	657.037903	0.179115	0.211943	1.655138
6.276000	3.335438	3.966059	657.192627	0.259298	0.251731	1.814161
6.277000	3.375928	3.845955	657.032272	0.338895	0.251731	2.289032
6.278000	3.617657	4.126492	658.754227	0.418785	0.331766	3.559042
6.279000	3.939559	4.487247	660.629196	0.019042	0.091889	-0.245398
6.280000	3.617657	4.246596	659.378632	0.179115	0.052101	2.131481
6.281000	3.013536	3.725408	654.535858	0.219207	0.251272	1.655046
6.282000	3.537081	4.126492	657.970810	0.179115	0.131677	1.337980
6.283000	3.859387	4.567021	660.785355	0.298804	0.251731	1.973115
6.284000	3.335438	4.166378	656.879791	0.258713	0.251731	1.813671
6.285000	3.295756	4.206266	657.346313	0.338895	0.251272	2.289852
6.286000	3.174689	3.965616	655.781387	0.219207	0.251272	2.131319
6.287000	3.375928	4.206266	657.658127	0.179408	0.092119	1.655957
6.288000	3.738724	4.607351	660.470184	-0.020756	0.131677	-0.086865
6.289000	3.577571	4.446474	658.752274	0.259298	0.092119	2.605112
6.290000	2.771806	3.884956	653.596909	0.179115	0.251272	0.862947
6.291000	3.295756	4.325927	657.812698	0.098933	0.052101	1.180267
6.292000	3.658148	4.606908	660.469315	0.298804	0.331307	2.447565
6.293000	3.174689	4.325927	656.409775	0.219207	0.171695	1.498243
6.294000	3.174689	4.366257	656.874725	0.139317	0.091889	0.704086
6.295000	2.933363	4.085277	655.781189	0.498675	0.530937	3.558223
6.296000	3.215179	4.406144	657.499130	0.338895	0.092119	2.448546
6.297000	3.577571	4.846673	660.624664	0.019042	0.131677	-0.087194
6.298000	3.134603	4.566578	657.967194	0.338603	0.131907	2.605931
6.299000	2.570972	4.044947	653.748917	0.418493	0.450902	2.448384
6.300000	3.054026	4.485918	657.498138	0.059134	0.051871	1.021734
6.301000	3.537890	4.927333	661.091049	0.378694	0.451131	3.081950
6.302000	2.933363	4.486361	657.030899	0.378694	0.251731	2.923417
6.303000	2.973854	4.606465	657.186264	0.179115	0.251272	1.655957
6.304000	2.731720	4.365814	655.465057	0.298804	0.371325	1.814161
6.305000	3.013536	4.606465	657.653534	0.219207	0.171695	1.814161
6.306000	3.416823	5.167983	661.248093	0.258713	0.251272	1.179776
6.307000	3.134603	4.806786	658.747833	0.179115	0.052101	1.497095
6.308000	2.610653	4.446474	654.215271	0.338603	0.411113	1.973023
6.309000	2.771806	4.686682	657.025742	0.098933	0.091889	1.339711
6.310000	3.214775	5.047436	660.307632	0.298804	0.331307	2.447727
6.311000	3.013536	4.927333	657.652710	0.179115	0.171695	1.337980
6.312000	3.013536	4.927333	657.962830	0.338895	0.371325	2.763973
6.313000	2.610249	4.646352	655.931427	0.338603	0.371096	2.289032
6.314000	2.811893	4.766456	657.336578	0.219207	0.091889	1.814161
6.315000	3.134199	5.408634	660.775711	-0.060848	0.051871	-0.243668
6.316000	2.771402	5.087766	657.961945	0.219207	0.131907	2.289194
6.317000	2.328029	4.646352	654.368073	0.298804	0.371096	1.972694
6.318000	2.570163	4.886560	656.398575	0.179115	0.091889	1.021734
6.319000	2.892065	5.287644	659.523346	0.378694	0.371096	3.081622
6.320000	2.650336	5.127653	657.806229	0.179115	0.171695	1.655957
6.321000	2.529673	5.167097	656.868332	0.098933	0.091660	0.863530
6.322000	2.166876	4.846673	654.990784	0.298804	0.331307	1.655138
6.323000	2.489182	5.046994	657.334793	0.378694	0.131677	2.288283
6.324000	2.932151	5.608512	660.617401	0.019042	0.091660	-0.561806
6.325000	2.489182	5.247314	657.806046	0.378694	0.251731	3.080802
6.326000	2.005723	4.806343	653.898880	0.258713	0.371096	1.655957
6.327000	2.166876	4.966334	655.303375	0.059134	0.131907	1.179447
6.328000	2.649931	5.447635	659.677032	0.258713	0.251272	1.813671
6.329000	2.448288	5.367418	658.428940	0.378694	0.371096	2.606260
6.330000	2.247049	5.287201	656.866455	0.219207	0.171695	1.497424
6.331000	1.803676	4.886117	654.677994	0.338603	0.411113	2.290763
6.332000	1.884252	4.885674	655.301529	0.139317	0.091889	1.338471
6.333000	2.447884	5.567296	659.210403	0.098933	0.251272	0.704414
6.334000	2.206558	5.286758	656.865585	0.258713	0.092119	1.815072
6.335000	1.602437	4.805900	653.271790	0.378401	0.371096	1.973934
6.336000	1.682609	4.885674	653.740723	0.179115	0.051871	1.337980
6.337000	2.206558	5.326645	658.739670	0.378694	0.331307	2.289852
6.338000	2.085088	5.206542	657.021835	0.179115	0.251272	1.655957
6.339000	1.763186	5.085995	655.616440	0.179115	0.131677	1.020332
6.340000	1.561946	4.805457	653.739853	0.338603	0.411113	2.606352
6.341000	1.682609	4.884789	654.833984	0.179115	0.091889	1.655628
6.342000	2.166068	5.446306	658.428589	-0.021049	0.091660	0.071339
6.343000	1.763186	5.045222	655.929916	0.179115	0.051871	1.972786
6.344000	1.400794	4.765127	652.960541	0.338895	0.371096	2.289852
6.345000	1.400389	4.805014	653.583496	0.098933	0.051871	1.022063
6.346000	1.923934	5.045222	658.115005	0.418493	0.371096	3.081622
6.347000	1.802868	5.085552	657.180328	0.258713	0.131677	1.813342
6.348000	1.642118	5.005335	654.991135	0.179115	0.051871	1.021734
6.349000	1.359899	4.563921	652.647842	0.178530	0.251272	1.021243
6.350000	1.399985	4.604251	653.897614	0.338895	0.171695	2.923089
6.351000	2.004107	5.245543	658.583954	0.098933	0.211254	0.072579
6.352000	1.560734	4.965005	655.928131	0.179115	0.091660	1.813342
6.353000	1.157851	4.563921	652.960526	0.258713	0.371096	1.972203
6.354000	1.157851	4.483705	652.802399	0.019335	0.011853	1.022063
6.355000	1.640906	4.884789	656.863525	0.179115	0.251272	1.338309
6.356000	1.561138	4.884789	657.023056	0.298804	0.331307	2.447565
6.357000	1.439667	4.764684	654.990875	0.258713	0.171695	2.446816
6.358000	1.036784	4.443375	652.959457	0.178530	0.211254	1.021243
6.359000	0.956208	4.283383	652.491318	0.179115	0.091889	2.131319
6.360000	1.640906	5.004892	658.271164	-0.060848	0.091660	-1.039065
6.361000	1.439263	4.763800	656.240463	0.219207	0.091889	1.971217
6.362000	0.915718	4.403488	653.115707	0.258713	0.291060	1.496513
6.363000	0.875227	4.443375	653.115707	0.418493	0.371096	2.606260
6.364000	1.197533	4.563478	657.176682	0.258713	0.211254	1.654227
6.365000	1.116957	4.643695	656.554672	0.179115	0.211254	1.971875
6.366000	0.996294	4.603365	655.146133	0.098933	0.091889	0.862619
6.367000	0.633498	4.243053	653.271164	0.298804	0.371096	1.972786
6.368000	0.512835	4.201838	652.956879	0.179115	0.051871	1.972037
6.369000	1.358282	4.964119	659.051651	0.098933	0.211024	0.388076
6.370000	1.076062	4.683140	656.863251	0.179115	0.091889	1.655628
6.371000	0.512431	4.242168	652.959274	0.338603	0.410884	2.130408
6.372000	0.632689	4.362715	653.425797	0.059134	0.091660	1.180267
6.373000	0.954591	4.563035	656.705231	0.298804	0.371096	1.655957
6.374000	1.115744	4.683140	657.331406	0.338603	0.251272	2.606260
6.375000	0.873610	4.603365	655.925980	0.059134	0.091889	1.655046
6.376000	0.510814	4.081735	652.644089	0.059134	0.171236	1.021572
6.377000	0.470324	4.081735	652.644073	0.258713	0.131677	2.448218
6.378000	1.316579	4.964119	659.203796	-0.021049	0.131677	0.071339
6.379000	0.993869	4.723027	657.486771	0.059134	0.012083	0.863530
6.380000	0.631073	4.241725	653.892975	0.458584	0.490690	3.240483
6.381000	0.590582	4.321942	654.361115	0.258713	0.131677	1.813671
6.382000	0.872398	4.321942	656.547028	0.338603	0.291060	1.813671
6.383000	0.993061	4.522706	657.174881	0.258713	0.171236	1.496513
6.384000	0.872398	4.642810	656.394135	0.258713	0.171695	1.496513
6.385000	0.429025	4.121179	653.892883	0.179115	0.211254	1.021243
6.386000	0.187295	3.961188	652.955795	0.298511	0.091660	2.449457
6.387000	1.033147	4.722584	659.672638	-0.020756	0.171236	-0.086374
6.388000	0.750927	4.481490	657.642929	0.179115	0.051642	1.656539
6.389000	0.186892	4.121179	654.049149	0.298804	0.371096	2.606260
6.390000	0.348044	4.241283	655.453644	0.098933	0.131677	1.655957
6.391000	0.307554	4.120736	656.079575	0.338603	0.291060	1.972203
6.392000	0.508389	4.361386	658.268127	0.258713	0.251272	1.812760
6.393000	0.428216	4.481490	657.797501	0.258713	0.171236	1.655046
6.394000	-0.055647	3.959859	654.204590	0.098933	0.251042	1.021243
6.395000	-0.216395	3.959859	653.578568	0.298804	0.171695	2.765375
6.396000	0.709628	4.561264	660.922241	-0.021049	0.051642	-0.405753
6.397000	0.226169	4.321057	658.578247	0.258713	0.131677	2.287464
6.398000	-0.096137	4.039633	655.454269	0.258713	0.251272	2.447565
6.399000	-0.096541	4.079963	656.390564	0.098933	0.131677	1.179447
6.400000	0.024122	4.039633	657.013443	0.179115	0.131677	1.337980
6.401000	0.346023	4.400388	659.046387	0.378401	0.291060	3.240154
6.402000	0.225765	4.481047	659.046387	0.098933	0.051871	1.180267
6.403000	-0.298993	3.959416	655.607407	0.178530	0.251042	0.863858
6.404000	-0.459742	3.798541	654.357620	0.338603	0.211254	2.605931
6.405000	0.386109	4.480605	660.762680	0.058841	0.171236	0.547520
6.406000	0.184062	4.360058	659.201904	0.019042	-0.027935	0.704668
6.407000	-0.258907	4.039190	656.545303	0.378694	0.330848	2.289852
6.408000	-0.259311	4.119407	657.325241	0.258713	0.171695	1.813342
6.409000	-0.339887	3.918644	656.387253	0.178530	0.211254	1.496513
6.410000	-0.017986	4.360058	659.356567	0.338603	0.251042	2.606260
6.411000	0.103081	4.480162	659.669968	0.178530	0.211254	1.655957
6.412000	-0.541935	3.878314	655.762787	0.098933	0.211254	1.020332
6.413000	-0.662193	3.878314	655.293823	0.098933	0.051871	1.497095
6.414000	0.062186	4.520050	661.854431	0.179115	0.291060	1.339128
6.415000	-0.260119	4.198739	659.042984	0.098933	0.011853	1.020003
6.416000	-0.622511	3.958531	656.232498	0.338603	0.410884	2.289852
6.417000	-0.420868	4.158409	657.636932	0.258713	0.251272	1.814490
6.418000	-0.743174	3.837542	656.541092	0.338603	0.371096	2.605931
6.419000	-0.340696	4.278512	659.666672	0.298804	0.171695	2.289852
6.420000	-0.260119	4.438947	660.918137	0.258713	0.131677	2.288941
6.421000	-0.904731	3.837542	655.762573	0.019042	0.211254	0.704414
6.422000	-1.186143	3.756882	655.135849	0.298804	0.131677	2.289194
6.423000	-0.300610	4.318400	661.697189	0.058841	0.171236	0.071339
6.424000	-0.542743	4.197854	659.353180	0.258713	0.051871	1.497424
6.425000	-1.026202	3.957203	656.231598	0.458291	0.450902	3.239664
6.426000	-0.784473	3.997090	657.637650	0.179115	0.211254	1.338800
6.427000	-1.227442	3.636335	655.290421	0.098933	0.211254	1.496513
6.428000	-0.623320	4.157524	659.510315	0.298511	0.291060	2.288121
6.429000	-0.502657	4.277628	660.604446	0.298804	0.211254	2.289852
6.430000	-1.227846	3.595563	655.135681	-0.021049	0.051642	-0.721999
6.431000	-1.429085	3.555233	654.822281	0.418493	0.171695	3.081293
6.432000	-0.704301	4.076421	660.446426	-0.021049	0.171236	0.071339
6.433000	-1.067097	3.835770	658.260529	0.098933	0.091660	1.654809
6.434000	-1.308826	3.635450	655.918121	0.338603	0.291060	2.289852
6.435000	-1.227846	3.715224	657.012268	0.338603	0.291060	2.923417
6.436000	-1.590642	3.354469	655.134872	0.258713	0.171695	1.497424
6.437000	-0.866262	3.955874	659.665741	0.418493	0.330848	2.922506
6.438000	-0.785281	4.076421	660.448090	0.178530	0.131677	1.656776
6.439000	-1.631132	3.394356	655.292007	0.058841	0.171236	-0.404260
6.440000	-1.711709	3.434243	654.824585	0.298804	0.091889	2.289685
6.441000	-1.107587	3.915544	659.976578	0.178530	0.251042	1.022391
6.442000	-1.188568	3.674451	658.261215	0.258713	0.091889	2.446908
6.443000	-1.390211	3.634564	656.544113	0.378694	0.371096	2.131319
6.444000	-1.429893	3.634564	657.478790	0.098933	0.091660	1.337980
6.445000	-1.913756	3.153263	653.885025	0.258713	0.251042	1.655957
6.446000	-1.108396	3.794998	659.821915	0.418493	0.291060	2.921266
6.447000	-0.866262	4.035648	661.386703	0.178530	0.091660	1.813250
6.448000	-1.711709	3.354026	655.606049	0.178530	0.211254	0.704414
6.449000	-1.711709	3.313253	654.822891	0.179115	0.091889	2.130241
6.450000	-1.228654	3.674451	659.821121	0.058841	0.211254	0.862947
6.451000	-1.309231	3.474130	658.261139	0.058841	0.051642	1.021734
6.452000	-1.349721	3.634121	657.480392	0.498383	0.450902	4.033493
6.453000	-1.309231	3.674451	658.417480	0.298804	0.211254	2.289852
6.454000	-1.832776	3.152821	654.353958	0.298511	0.211254	1.814161
6.455000	-1.147673	3.674451	659.823441	0.298804	0.330848	2.606260
6.456000	-0.866262	3.915544	661.699371	0.298804	0.211254	2.604529
6.457000	-1.550556	3.193150	655.450668	0.019042	0.171236	-0.403112
6.458000	-1.510066	3.354026	656.388458	0.338603	0.251272	2.605112
6.459000	-1.067097	3.634121	659.978180	0.258127	0.370636	1.972203
6.460000	-0.986925	3.553905	659.042603	0.178530	0.091660	1.497424
6.461000	-1.107183	3.594234	658.263535	0.338603	0.211254	2.448384
6.462000	-1.187760	3.393913	658.261932	0.178530	0.211254	1.337980
6.463000	-1.590642	2.952499	654.825272	0.338603	0.211254	1.815072
6.464000	-0.785281	3.553905	660.135239	0.298511	0.291060	2.446816
6.465000	-0.624128	3.714338	662.168228	0.298511	0.131677	2.924237
6.466000	-1.349317	3.152821	656.390869	0.138438	0.171236	0.545882
6.467000	-1.227846	3.233037	657.325546	0.378694	0.251272	2.764556
6.468000	-0.986116	3.272923	659.353592	0.059134	0.251042	0.862947
6.469000	-0.986925	3.272923	658.730896	0.178530	0.211254	1.655628
6.470000	-0.825367	3.432915	659.043411	0.258713	0.291060	2.923417
6.471000	-0.825367	3.353140	659.667892	0.298511	0.211254	1.814161
6.472000	-1.429085	2.872283	654.980820	0.298804	0.251042	1.973605
6.473000	-0.744387	3.232594	659.510742	0.378401	0.291060	2.447565
6.474000	-0.543148	3.593791	661.542923	0.059134	0.011853	1.338800
6.475000	-1.147269	2.991944	656.232925	0.019042	0.171236	-0.244907
6.476000	-0.945626	3.112491	656.855728	0.418493	0.171695	3.874631
6.477000	-0.623320	3.192708	659.040909	0.178530	0.211254	0.706964
6.478000	-0.745195	3.112491	658.261856	0.098933	0.091660	0.704668
6.479000	-0.502657	3.513575	659.510742	0.338603	0.450902	2.763973
6.480000	-0.543148	3.312810	659.041794	0.298804	0.291060	2.447727
6.481000	-1.026607	2.791623	654.823685	0.139317	0.131677	1.181506
6.482000	-0.422889	3.192708	658.882980	0.378694	0.411113	3.397868
6.483000	-0.060093	3.553462	661.227051	0.219207	0.131677	2.289102
6.484000	-0.785281	3.032274	655.605148	0.058841	0.091660	0.546210
6.485000	-0.503062	3.152821	657.010468	0.179115	0.052101	1.497095
6.486000	-0.543552	2.992829	657.319794	0.179115	0.371096	1.655957
6.487000	-0.342313	3.112491	657.632477	0.179115	0.131677	1.337980
6.488000	-0.060901	3.553462	659.820938	0.418493	0.490690	3.081950
6.489000	-0.221246	3.272481	658.416428	0.258713	0.251272	2.131319
6.490000	-0.825772	2.912169	654.196548	0.298804	0.371096	2.446816
6.491000	-0.382803	3.151935	657.006302	0.378694	0.291060	1.973605
6.492000	-0.060093	3.432915	660.131149	0.258713	0.091889	1.812431
6.493000	-0.543552	3.152821	654.977386	0.058841	0.171695	0.544970
6.494000	-0.382399	3.232594	656.851639	0.418493	0.131907	2.606842
6.495000	-0.543148	3.031831	656.068390	0.178530	0.251272	1.022391
6.496000	-0.503062	3.072161	656.223068	0.098933	0.051871	1.495694
6.497000	-0.181159	3.553462	657.944183	0.338603	0.291060	2.289852
6.498000	-0.302227	3.353140	657.319000	0.178530	0.171695	1.178536
6.499000	-0.745195	2.991944	652.630966	0.298804	0.251272	1.971875
6.500000	-0.422081	3.152378	655.911987	0.338603	0.371096	2.763973
6.501000	-0.060093	3.472802	658.098862	0.219207	0.051871	1.814161
6.502000	-0.543552	3.272481	654.350494	-0.140738	0.091889	-1.355474
6.503000	-0.342313	3.392585	655.285995	0.378694	0.171695	2.763316
6.504000	-0.503062	3.191822	654.501877	0.098933	0.251272	0.862619
6.505000	-0.382803	3.232152	654.813766	0.179115	0.131677	1.338891
6.506000	-0.019603	3.633235	657.160065	0.338603	0.291060	2.289852
6.507000	-0.221246	3.553462	655.597794	0.378694	0.410884	3.080710
6.508000	-0.705109	3.112048	651.377914	0.059134	0.051871	0.388659
6.509000	-0.302227	3.352256	654.344009	0.338603	0.371096	2.131319
6.510000	0.181232	3.713453	657.625839	0.298804	0.131907	2.606260
6.511000	-0.060093	3.593349	654.503555	-0.020756	0.091889	0.228233
6.512000	-0.019603	3.593349	654.501160	0.219207	0.131907	2.606842
6.513000	-0.262140	3.432472	653.717834	0.298511	0.410884	1.814490
6.514000	0.060165	3.432472	653.718643	0.139317	0.012313	1.021734
6.515000	0.462644	3.954103	657.156097	0.258713	0.251272	1.655957
6.516000	0.342386	3.834000	655.438339	0.219207	0.331307	1.814161
6.517000	0.060165	3.512689	652.468216	0.219207	0.251731	2.131319
6.518000	0.181232	3.593349	653.560776	0.338603	0.371325	2.447727
6.519000	0.623393	3.913774	656.997345	0.139317	0.052101	1.338800
6.520000	0.382472	3.834000	654.498764	0.059134	0.131677	0.387677
6.521000	0.584115	3.953660	654.655029	0.219207	0.092119	1.971217
6.522000	0.462644	3.713453	654.183670	0.338895	0.371325	1.496513
6.523000	0.503134	3.673123	654.182068	0.059134	0.052101	1.496513
6.524000	0.906421	4.194754	657.309418	0.378694	0.371325	2.923417
6.525000	0.704777	3.913774	655.277908	0.099518	0.091889	1.339220
6.526000	0.301895	3.633235	652.465851	0.179115	0.131907	1.496513
6.527000	0.624201	3.793670	653.870193	0.338895	0.331307	2.130499
6.528000	0.946507	4.194754	657.463989	0.219207	0.172154	1.814161
6.529000	0.825845	4.154867	655.590683	0.019335	0.091889	-0.244907
6.530000	0.906421	4.074208	655.277206	0.298804	0.052101	2.129750
6.531000	0.624201	3.834000	653.713852	0.298804	0.291749	1.655957
6.532000	0.624201	3.873444	653.869476	0.059134	0.052101	1.020823
6.533000	1.269217	4.555509	658.088486	0.378694	0.371325	2.289852
6.534000	0.906421	4.235084	655.746933	0.298804	0.171695	2.131319
6.535000	0.705182	3.953660	653.089371	0.338895	0.211943	1.655628
6.536000	0.745672	3.993990	653.867065	0.298804	0.291749	1.337980
6.537000	1.148150	4.274971	656.054672	0.259298	0.211943	2.763973
6.538000	1.027892	4.435404	654.963715	0.059134	0.131907	0.388006
6.539000	1.068382	4.515622	655.275513	0.099518	-0.027476	1.497095
6.540000	0.907229	4.194754	654.024948	0.259298	0.251731	1.814490
6.541000	0.867143	4.034320	652.617310	0.219207	0.211943	1.815072
6.542000	1.310112	4.716385	656.366562	0.139317	0.131907	1.338309
6.543000	1.149363	4.636168	655.745285	0.298804	0.291749	2.131319
6.544000	0.827057	4.275414	652.930634	0.219207	0.211943	1.815401
6.545000	0.867547	4.315300	652.617310	0.378694	0.411343	2.763973
6.546000	1.270834	4.716385	656.364807	0.179115	0.092119	1.814161
6.547000	1.270834	4.796601	655.117523	0.059134	0.251731	0.071339
6.548000	1.270834	4.797044	654.177933	0.179408	0.052330	2.129750
6.549000	0.948528	4.596282	652.771881	0.179408	0.251731	1.180595
6.550000	0.908038	4.556394	651.363388	0.139609	0.052330	1.337980
6.551000	1.512563	5.197686	656.832062	0.378987	0.371325	3.239335
6.552000	1.391901	5.198129	656.052048	0.219207	0.251731	1.971875
6.553000	0.988614	4.716827	652.614685	0.019335	0.052330	0.071010
6.554000	0.989018	4.877261	652.298798	0.219207	0.411343	1.972786
6.555000	1.391901	5.198129	655.424347	0.219499	0.172154	1.972037
6.556000	1.472073	5.358562	654.800018	0.139317	0.171695	0.548760
6.557000	1.553054	5.398892	654.487335	0.219499	0.092119	2.289194
6.558000	1.271238	5.198572	652.612289	0.418785	0.491149	3.398687
6.559000	0.868356	4.877704	650.110321	0.179408	0.211943	1.497424
6.560000	1.674121	5.680316	655.577423	0.378987	0.411343	2.923256
6.561000	1.754697	5.799977	655.734558	0.259298	0.251960	1.973115
6.562000	1.231152	5.359005	651.360031	0.179408	0.251960	1.497753
6.563000	1.392305	5.479552	652.294724	0.298804	0.291749	1.813671
6.564000	1.593140	5.559769	653.854782	0.219499	0.172154	2.289194
6.565000	1.674121	5.680316	653.704132	0.139317	0.251731	0.230783
6.566000	1.755101	6.001183	653.859589	0.099518	0.012542	1.021734
6.567000	1.392305	5.600099	651.826584	0.378987	0.331766	2.131647
6.568000	1.150980	5.439665	649.327118	0.219499	0.212172	1.971875
6.569000	1.956341	6.161617	655.418686	0.338895	0.371325	2.923417
6.570000	1.916255	6.281721	656.044769	0.219207	0.251960	1.654717
6.571000	1.432795	5.760976	651.357635	0.219207	0.251960	2.288283
6.572000	1.392709	5.840750	651.512222	0.179408	0.291749	1.655138
6.573000	1.715015	5.961296	653.072998	0.139609	0.052330	1.656448
6.574000	1.876572	6.281721	653.857117	0.139317	0.131907	0.071010
6.575000	1.916658	6.522815	654.325348	0.179408	0.172384	2.129750
6.576000	1.594757	6.081843	652.293045	0.299389	0.291749	1.973934
6.577000	1.111702	5.760976	648.388260	0.139609	0.012313	0.863530
6.578000	2.038534	6.563144	655.105225	0.299389	0.291749	1.971875
6.579000	2.038129	6.643361	655.574875	0.338895	0.331766	2.923417
6.580000	1.635652	6.362381	651.824921	0.179408	0.132366	1.337980
6.581000	1.636055	6.362381	652.446915	0.219207	0.331766	1.972203
6.582000	1.595565	6.242277	653.386490	0.179408	0.172384	1.655628
6.583000	1.877785	6.603474	654.325104	-0.020756	0.172154	-0.563795
6.584000	2.038938	6.844567	655.262268	0.099518	0.012542	1.337161
6.585000	1.595969	6.482927	653.385696	0.378987	0.371784	2.606098
6.586000	1.314558	6.242720	650.261581	0.259298	0.212172	1.497424
6.587000	2.160005	6.924784	656.508835	0.219207	0.212172	1.496513
6.588000	2.119919	7.004558	656.198563	0.299389	0.331996	3.081622
6.589000	1.636864	6.643804	651.981979	0.139317	0.132366	1.022063
6.590000	1.757931	6.763907	653.385696	0.338895	0.331766	2.131319
6.591000	1.636864	6.483369	652.133362	0.099518	0.092578	1.180267
6.592000	1.919084	7.044888	654.793243	0.179408	0.251960	0.704414
6.593000	2.321966	7.285538	657.291916	-0.020463	-0.067034	0.862382
6.594000	1.677354	6.683691	653.073822	0.259298	0.411343	2.447727
6.595000	1.314962	6.483369	650.104507	0.059719	0.052330	0.071010
6.596000	2.241390	7.245208	657.290314	0.378987	0.331766	2.763973
6.597000	2.161217	7.245208	656.511169	0.219499	0.212172	1.497424
6.598000	1.717845	6.965114	653.856171	0.139609	0.172384	1.337980
6.599000	1.798421	7.004558	654.478973	0.259298	0.291978	1.813671
6.600000	1.395539	6.684134	651.665283	0.099518	0.092578	1.497424
6.601000	2.000469	7.245651	655.885880	0.099518	0.172154	0.386766
6.602000	2.402947	7.686623	659.478867	0.219499	0.092578	1.971055
6.603000	1.718653	7.085218	654.167984	0.498675	0.451361	3.400838
6.604000	1.355453	6.845010	651.198761	0.059719	0.132366	1.179776
6.605000	2.081045	7.406085	657.133896	0.339481	0.411802	3.081131
6.606000	2.081045	7.485859	656.666718	0.338895	0.371784	2.923417
6.607000	1.798826	7.366198	654.793259	0.259591	0.291978	2.131319
6.608000	1.798826	7.366198	655.261307	0.418785	0.451361	2.607009
6.609000	1.436837	6.884897	652.134964	0.259298	0.172384	1.972037
6.610000	2.040959	7.446415	656.354019	0.099518	0.172154	0.229872
6.611000	2.282689	7.927716	659.480469	0.099518	0.013001	1.020003
6.612000	1.597990	7.205321	654.480667	0.378987	0.451361	2.764723
6.613000	1.396751	7.205321	652.449341	0.179408	0.212172	1.497424
6.614000	2.000873	7.606406	657.291122	0.299389	0.212172	1.814161
6.615000	1.960383	7.606406	657.137344	0.299389	0.291978	2.923417
6.616000	1.718653	7.566519	654.951309	0.179408	0.212172	1.815072
6.617000	1.759143	7.566519	655.573303	0.259298	0.371784	1.813671
6.618000	1.436837	7.165434	651.980377	0.139609	0.132596	1.179447
6.619000	2.162026	7.847499	656.666718	0.219207	0.331766	1.496513
6.620000	2.524418	8.207811	659.792358	0.099518	-0.067034	0.862382
6.621000	1.719057	7.486745	653.699036	0.299389	0.331996	2.447565
6.622000	1.598395	7.446858	651.979675	0.179408	0.212172	1.655628
6.623000	2.121940	7.807612	656.196960	0.219499	0.291978	1.813671
6.624000	2.323583	7.927716	656.823944	0.299389	0.331766	2.763973
6.625000	2.363669	8.088593	656.355820	0.219499	0.172384	1.497424
6.626000	2.363669	7.968046	656.041534	0.419078	0.411802	3.242305
6.627000	1.678567	7.446858	651.198044	0.099811	-0.067034	1.180267
6.628000	2.443841	7.967603	655.883591	0.099518	0.251960	0.072579
6.629000	2.926896	8.489234	659.166367	0.139609	0.092578	1.179776
6.630000	2.202112	7.887829	653.073914	0.419078	0.491379	3.558223
6.631000	2.040959	7.767725	652.135223	0.139609	0.092578	1.497424
6.632000	2.524418	7.968046	654.946503	0.299389	0.291978	2.130408
6.633000	2.645081	8.208697	655.886078	0.259298	0.252190	2.923417
6.634000	2.766147	8.449347	656.510559	0.179408	0.172384	1.338891
6.635000	2.725657	8.369131	655.727325	0.378987	0.372014	2.289032
6.636000	2.040959	7.687066	650.260330	0.099811	0.132596	1.340039
6.637000	2.645081	8.168367	654.789444	0.259298	0.331766	1.497753
6.638000	3.169030	8.689555	658.695816	-0.060262	-0.107052	0.228816
6.639000	2.362861	8.048263	651.823441	0.579444	0.451820	3.717085
6.640000	2.443841	8.008376	651.353668	0.179701	0.292437	1.972786
6.641000	2.604994	8.207811	653.227066	0.339774	0.332455	2.763973
6.642000	2.846320	8.409018	654.320587	0.299975	0.372702	2.765704
6.643000	2.966983	8.649225	655.102859	0.219792	0.292667	1.972786
6.644000	2.766147	8.448905	654.165833	0.219792	0.292437	1.179776
6.645000	2.121536	7.887829	649.008957	0.180286	0.053249	1.180267
6.646000	2.766147	8.328358	653.695282	0.179994	0.412491	1.338309
6.647000	3.290097	8.970093	657.758820	0.180286	0.013690	0.546464
6.648000	2.524418	8.248584	651.355286	0.419957	0.452738	2.923417
6.649000	2.362861	8.167924	649.791397	0.140195	0.093496	1.021243
6.650000	2.604994	8.248141	651.821014	0.340359	0.373162	2.605441
6.651000	2.766147	8.568566	653.539749	0.380158	0.452738	2.764885
6.652000	3.008281	8.809216	654.948364	0.180286	0.133514	1.338891
6.653000	2.806638	8.608895	653.539749	0.340359	0.452738	2.290763
6.654000	2.081450	7.927273	648.073380	0.140781	0.133973	1.497424
6.655000	2.685571	8.487906	652.601059	0.340359	0.492756	1.972203
6.656000	3.048367	8.849103	656.037613	0.060891	0.094185	1.497424
6.657000	2.484332	8.368245	650.573746	0.380451	0.532774	2.607009
6.658000	2.404160	8.288028	650.572128	0.140781	0.173991	1.972295
6.659000	2.444650	8.368245	651.663803	0.300561	0.253797	1.973115
6.660000	2.605399	8.568566	653.384201	0.460341	0.413409	3.718486
6.661000	2.726466	8.809216	654.322189	0.021092	0.094185	0.863039
6.662000	2.565313	8.488792	652.757309	0.100982	0.253797	1.021243
6.663000	1.961595	8.127594	648.073303	0.020799	-0.065427	1.178957
6.664000	2.445054	8.527793	652.600891	0.340359	0.413409	2.131647
6.665000	3.089262	9.089754	656.664505	0.060891	-0.065427	0.704178
6.666000	2.283497	8.487906	651.041809	0.540231	0.652827	4.351890
6.667000	2.203325	8.367802	649.945160	0.300561	0.293815	2.605441
6.668000	2.283901	8.288028	651.196457	0.380451	0.333833	2.607009
6.669000	2.445054	8.608453	653.226974	0.420249	0.373391	2.290763
6.670000	2.646293	8.808773	654.790253	0.140781	0.213779	1.972786
6.671000	2.404968	8.568566	653.070648	0.260176	0.413179	1.973115
6.672000	1.760356	8.087707	648.227966	-0.019292	-0.105445	0.071593
6.673000	2.243815	8.327915	651.193893	0.380158	0.452738	1.973115
6.674000	2.807851	8.928877	656.349243	0.100689	0.093726	0.863621
6.675000	2.203325	8.487906	650.886185	0.460048	0.413179	3.400019
6.676000	2.042980	8.368245	650.726547	0.220378	0.213549	1.813671
6.677000	2.083066	8.287585	650.726547	0.420249	0.373162	3.081131
6.678000	2.123557	8.487906	651.977936	0.380158	0.333144	2.764723
6.679000	2.364882	8.808773	653.385468	0.140195	0.053478	1.337980
6.680000	2.123557	8.408132	651.978714	0.220085	0.253338	1.339220
6.681000	1.640502	8.087264	647.760544	0.100689	0.013920	0.862290
6.682000	2.002894	8.247255	650.570923	0.220085	0.372702	1.813999
6.683000	2.566929	8.808773	655.102676	-0.019292	0.013690	0.863530
6.684000	2.002894	8.487906	650.417145	0.460048	0.452738	3.081131
6.685000	1.922721	8.247698	649.479965	0.220085	0.173302	1.812851
6.686000	1.881827	8.207368	649.478287	0.220085	0.173302	1.813671
6.687000	2.123961	8.407246	651.039932	0.419957	0.452738	3.239664
6.688000	2.486757	8.728556	653.229935	0.260176	0.253338	1.973605
6.689000	2.083874	8.327472	651.199493	0.180286	0.333144	0.863858
6.690000	1.479349	7.926388	646.668686	0.020799	0.013690	0.704086
6.691000	1.801655	8.167038	649.323532	0.380158	0.492526	2.131647
6.692000	2.486757	8.648340	654.167084	0.020799	0.093726	1.179447
6.693000	2.083874	8.327472	650.419464	0.420249	0.333144	2.764723
6.694000	1.922721	8.167481	649.169052	0.420249	0.373162	3.397539
6.695000	1.801655	8.086821	649.168076	0.180286	0.213549	1.972295
6.696000	1.962808	8.126709	649.948914	0.340359	0.293585	2.131319
6.697000	2.325200	8.527793	652.606415	0.060891	0.133973	1.021243
6.698000	2.043384	8.207368	650.107712	0.380451	0.413179	1.971384
6.699000	1.680992	7.886058	647.139236	-0.018707	-0.025180	0.387020
6.700000	1.962808	7.966275	648.699219	0.500139	0.533233	3.084430
6.701000	2.566929	8.407246	653.699753	0.061183	0.094185	1.179447
6.702000	2.123961	8.127151	649.952179	0.420542	0.453656	2.764723
6.703000	2.083471	8.087264	649.484116	0.100982	0.174221	1.021243
6.704000	2.043384	7.926388	649.013504	0.301146	0.413868	2.289032
6.705000	2.123557	8.046934	649.950500	0.420835	0.374080	2.923417
6.706000	2.566929	8.327472	652.764420	0.181165	0.054856	1.338891
6.707000	2.204537	8.046934	650.421936	0.220963	0.333833	1.022483
6.708000	1.760760	7.645850	647.140900	-0.018707	-0.104756	-0.089161
6.709000	2.083471	7.806284	648.702484	0.420542	0.493674	2.765052
6.710000	2.566121	8.206925	653.232574	-0.058798	0.014838	-0.087010
6.711000	2.364882	8.046934	651.048111	0.580615	0.533921	4.192118
6.712000	2.244219	7.925946	649.956177	0.261055	0.374080	2.290272
6.713000	2.083066	7.726067	649.017563	0.261055	0.374080	2.132230
6.714000	2.203729	7.685737	649.173828	0.301146	0.333833	2.449296
6.715000	2.526035	8.207368	652.611282	0.061183	0.054856	1.339220
6.716000	2.284305	7.926388	650.738693	0.101568	0.214238	0.228325
6.717000	2.163238	7.605520	648.238419	0.141366	0.054856	1.497845
6.718000	2.243815	7.765954	649.800797	0.420542	0.533692	2.606190
6.719000	2.727274	8.167038	654.329193	0.101568	0.094874	0.545973
6.720000	2.404564	7.966275	651.208450	0.301146	0.333833	2.289032
6.721000	2.163238	7.765954	650.113495	0.261055	0.294044	2.289032
6.722000	2.163238	7.685737	649.800003	0.261055	0.254256	1.814582
6.723000	2.323987	7.645407	650.894165	0.380744	0.413868	2.765542
6.724000	2.646293	8.167038	654.176224	0.021385	0.054856	1.022063
6.725000	2.283901	7.766397	651.364792	0.181165	0.333833	1.496934
6.726000	2.041767	7.524861	648.709045	-0.018707	-0.064968	0.070612
6.727000	2.163238	7.685295	650.270615	0.301146	0.374080	1.973115
6.728000	2.646293	7.925946	655.114838	0.181165	0.134892	1.656378
6.729000	2.364478	7.806284	652.303558	0.341238	0.374310	2.607009
6.730000	2.283901	7.806284	651.678268	0.301146	0.374310	2.925078
6.731000	2.041767	7.524861	651.366379	0.221549	0.334292	1.972295
6.732000	2.041767	7.484973	651.833710	0.341238	0.454115	2.764723
6.733000	2.525631	8.005720	654.958557	0.061769	0.015297	0.072250
6.734000	2.323987	7.886058	653.554199	0.301146	0.453886	1.656378
6.735000	1.881019	7.484973	650.899185	-0.058213	-0.144085	-0.088250
6.736000	1.962000	7.524861	652.147995	0.341238	0.374769	2.447565
6.737000	2.404968	7.925503	656.053589	0.101568	0.055315	0.388260
6.738000	2.122344	7.685737	654.180298	0.341530	0.374769	2.922598
6.739000	2.203729	7.765954	654.335754	0.301439	0.294963	2.448476
6.740000	1.961595	7.564748	654.179489	0.341530	0.294963	1.972295
6.741000	1.881019	7.484531	653.712067	0.341530	0.374998	2.447657
6.742000	2.445054	7.966275	658.084991	0.101860	0.015986	1.180687
6.743000	2.122344	7.685295	655.587128	0.261640	0.295192	1.656378
6.744000	1.800442	7.444643	653.245605	-0.217700	-0.223662	-1.353651
6.745000	2.122344	7.564748	655.585449	0.501603	0.495052	3.717177
6.746000	2.444650	7.885616	659.021271	0.182043	0.096021	1.656868
6.747000	2.162430	7.765069	657.149582	0.381622	0.295422	3.399690
6.748000	2.243411	7.725625	656.837784	0.261933	0.375228	2.289943
6.749000	2.001277	7.444202	655.275421	0.222135	0.136039	1.972786
6.750000	1.960787	7.284211	655.430145	0.182043	0.295422	1.814582
6.751000	2.645485	7.885173	660.429886	0.022556	-0.023343	0.387677
6.752000	2.443841	7.765069	658.869186	0.341823	0.495281	2.606190
6.753000	1.960787	7.283768	655.588089	-0.136931	-0.063361	-1.037243
6.754000	2.121940	7.403872	656.993317	0.222135	0.375687	1.655138
6.755000	2.363669	7.403872	660.118073	0.182336	0.176287	1.656049
6.756000	2.282689	7.443759	659.026413	0.382208	0.375687	2.289943
6.757000	2.282689	7.484089	659.181961	0.342409	0.296340	3.082791
6.758000	2.162026	7.162335	657.463150	0.302024	0.216534	2.289943
6.759000	1.920296	6.882240	656.525330	0.382208	0.336128	2.447986
6.760000	2.524418	7.443316	661.838470	-0.136931	-0.222285	-0.561881
6.761000	2.202112	7.202665	660.120697	0.102739	0.336128	1.180197
6.762000	1.960787	6.881798	656.839615	-0.056749	-0.022884	-0.087921
6.763000	2.081045	7.001901	658.870239	0.422592	0.416164	2.925078
6.764000	2.201708	6.961572	660.588852	0.142830	0.136957	1.340131
6.765000	2.081045	7.041788	659.966858	0.422299	0.256781	2.289453
6.766000	2.121536	7.041788	659.498703	0.462683	0.336587	3.558644
6.767000	1.879402	6.560044	658.248932	0.143416	0.097169	0.863621
6.768000	1.678163	6.439940	656.216812	0.342702	0.336587	2.290272
6.769000	2.362861	7.041346	662.467194	-0.016657	-0.142019	0.070612
6.770000	2.121131	6.800252	660.436676	0.462683	0.536447	3.558644
6.771000	1.678163	6.399168	657.625397	-0.176437	-0.261843	-1.828102
6.772000	1.879402	6.399168	658.875092	0.462683	0.496659	3.558644
6.773000	1.878998	6.358839	659.655045	0.223306	0.137187	1.655558
6.774000	1.959574	6.398726	659.657532	0.462683	0.336817	3.399200
6.775000	2.040555	6.478942	660.752640	0.422884	0.377064	3.557733
6.776000	1.798421	6.077858	658.407837	0.183214	0.217223	2.130499
6.777000	1.517009	5.796435	656.063873	0.303196	0.336817	2.609160
6.778000	2.080641	6.357953	662.157959	-0.136346	-0.181808	-0.720997
6.779000	1.919488	6.116859	660.285370	0.343287	0.496659	3.083703
6.780000	1.557096	5.836765	657.943848	-0.136346	-0.141560	-1.195938
6.781000	1.838912	5.876209	659.505508	0.422884	0.456870	2.763903
6.782000	1.717845	5.635115	659.190353	0.223599	0.097858	1.813762
6.783000	1.798421	5.755219	659.350769	0.462976	0.417082	3.558644
6.784000	1.838507	5.835879	659.977676	0.183507	0.137646	1.655558
6.785000	1.677354	5.515011	658.256531	0.263397	0.177664	1.497936
6.786000	1.355048	5.153814	656.850403	0.422884	0.456870	3.084522
6.787000	1.999660	5.675002	661.849518	-0.175852	-0.340961	-1.352411
6.788000	1.878998	5.594785	660.446686	0.462976	0.457100	2.766054
6.789000	1.476519	5.153371	657.166290	0.023434	-0.061754	0.071523
6.790000	1.758335	5.193701	659.196167	0.502774	0.457100	4.032604
6.791000	1.597182	4.992938	658.257324	0.303488	0.257699	2.131249
6.792000	1.838507	5.153371	659.666718	0.263397	0.217911	2.449808
6.793000	1.959574	5.394022	660.761047	0.343287	0.377294	2.925078
6.794000	1.556692	4.832061	658.261490	0.143708	0.098088	1.023065
6.795000	1.274472	4.471306	655.604797	0.303488	0.377064	1.972624
6.796000	1.919488	5.032382	661.695648	-0.215943	-0.181349	-1.672539
6.797000	1.878998	4.992495	660.292877	0.463562	0.536906	3.714627
6.798000	1.557096	4.631741	657.795013	-0.096254	-0.101542	-0.246454
6.799000	1.717845	4.671185	659.512070	0.383379	0.377294	3.082791
6.800000	1.395539	4.270100	657.323410	0.223599	0.137876	1.656141
6.801000	1.798421	4.551081	659.511261	0.223599	0.137876	1.496114
6.802000	2.080641	4.791289	661.700623	0.303488	0.297717	2.766874
6.803000	1.637672	4.350317	659.045517	0.263690	0.098088	1.656141
6.804000	1.355453	4.109667	656.231766	0.583250	0.577153	4.508294
6.805000	2.040555	4.551081	662.013138	-0.295540	-0.340961	-2.148392
6.806000	1.878998	4.470864	660.451630	0.582957	0.537136	3.716196
6.807000	1.597586	4.309987	658.579758	-0.055577	-0.101313	-0.720085
6.808000	1.838912	4.309987	660.608765	0.463562	0.497118	2.924587
6.809000	1.517009	3.989563	657.795807	0.263690	0.217911	2.130920
6.810000	1.879402	4.349874	660.608765	0.463562	0.377753	4.033515
6.811000	2.362861	4.711071	663.423325	0.383379	0.297947	2.608341
6.812000	1.678163	4.069337	659.047897	0.024020	-0.021507	-0.087010
6.813000	1.477328	3.949233	656.704681	0.623341	0.616941	4.666498
6.814000	2.162026	4.309545	662.171051	-0.215650	-0.260695	-1.988948
6.815000	2.081450	4.269658	661.081726	0.623049	0.537136	4.349433
6.816000	1.840124	4.149554	658.738495	-0.055577	-0.061295	-0.561553
6.817000	2.000873	4.189441	660.611893	0.503653	0.497347	3.717177
6.818000	1.517818	3.627922	657.330780	0.184093	0.178123	1.338493
6.819000	2.000873	4.149554	660.456345	0.383964	0.298177	2.925498
6.820000	2.444650	4.430091	663.894577	0.263983	0.258159	2.450137
6.821000	1.840528	3.868573	659.206573	0.024020	-0.021277	0.070704
6.822000	1.477732	3.668252	657.176117	0.463854	0.417771	2.925078
6.823000	2.041767	3.868573	661.080826	-0.295247	-0.300484	-2.147152
6.824000	2.081854	4.029007	661.552261	0.503653	0.617401	3.874071
6.825000	1.961595	3.989563	660.304184	0.064111	-0.100854	0.071523
6.826000	2.203325	3.949233	661.864777	0.463854	0.337965	3.557663
6.827000	1.559521	3.267168	656.865829	0.303782	0.258159	3.083703
6.828000	2.042980	3.788356	661.241180	0.383964	0.377983	2.924259
6.829000	2.485949	4.229328	664.053329	0.223891	0.297947	1.815331
6.830000	1.921913	3.547706	659.212326	-0.015486	-0.021277	0.071523
6.831000	1.841337	3.347385	658.117935	0.663433	0.617401	4.825942
6.832000	2.284710	3.627922	662.178970	-0.255156	-0.220678	-1.830415
6.833000	2.204942	3.628365	661.868774	0.463854	0.617401	3.399130
6.834000	2.204942	3.628365	660.621567	-0.015486	-0.100854	0.230967
6.835000	2.245432	3.548148	661.244370	0.303782	0.298177	2.292094
6.836000	1.842954	3.106734	657.338791	0.423763	0.338194	2.924259
6.837000	2.406989	3.507819	661.399918	0.423763	0.338194	3.874071
6.838000	2.890852	3.748912	664.370819	0.423763	0.298177	2.763903
6.839000	2.286731	3.147064	659.372604	-0.095376	-0.100854	-1.036494
6.840000	2.166068	2.946744	657.653076	0.783414	0.697207	5.459837
6.841000	2.447884	3.147064	660.619873	-0.335339	-0.340272	-2.940000
6.842000	2.730103	3.267168	661.561874	0.543744	0.537365	4.191228
6.843000	2.891256	3.388158	661.875351	0.144001	0.098776	0.705417
6.844000	2.770594	3.227281	661.404724	0.383964	0.338194	3.082791
6.845000	2.126386	2.625876	656.562134	0.304367	0.098776	1.497936
6.846000	2.770594	3.026518	660.622360	0.224184	0.218600	2.608341
6.847000	3.294947	3.548148	664.372498	0.503653	0.498036	3.875640
6.848000	2.690826	2.906857	659.844116	-0.095376	-0.060606	-1.195027
6.849000	2.650336	2.706093	658.437988	0.623927	0.617860	5.301304
6.850000	2.892065	2.745980	660.308960	-0.294955	-0.220218	-2.146661
6.851000	2.932151	2.785867	660.937546	0.583836	0.617860	4.667409
6.852000	3.133794	3.106734	661.719971	-0.055285	-0.060606	-0.086681
6.853000	3.173880	2.906414	661.719086	0.384257	0.378212	2.608341
6.854000	2.650336	2.304566	657.032761	0.304367	0.258618	2.605371
6.855000	3.093304	2.625433	660.154236	0.384257	0.378671	3.400111
6.856000	3.536273	2.946744	663.281647	0.344458	0.338424	2.447986
6.857000	3.093304	2.505329	658.599319	-0.054992	-0.060377	-0.561623
6.858000	2.972237	2.384340	657.657333	0.744201	0.697896	5.935199
6.859000	3.133794	2.384340	659.376053	-0.294369	-0.260007	-2.147152
6.860000	3.294947	2.544774	660.628220	0.583836	0.578072	4.192959
6.861000	3.536273	2.785867	661.254242	0.064697	0.099235	0.705417
6.862000	3.294947	2.464114	660.003006	0.304660	0.218830	1.815002
6.863000	2.811084	1.782935	655.161133	0.264568	0.218830	1.972716
6.864000	3.294139	2.183576	658.596909	0.384257	0.258847	2.766966
6.865000	3.858579	2.624548	662.034348	0.464147	0.458477	3.242235
6.866000	3.334629	2.143246	657.349777	-0.214772	-0.179971	-1.828593
6.867000	3.093304	1.902153	656.253876	0.823799	0.737913	6.252264
6.868000	3.254457	1.861824	657.034683	-0.294369	-0.260007	-2.146661
6.869000	3.414802	1.982370	658.286942	0.464440	0.458477	3.874982
6.870000	3.818088	2.262908	659.381088	-0.054992	-0.020129	-0.086681
6.871000	3.616445	1.942040	659.068481	0.584128	0.498495	4.349761
6.872000	3.092496	1.420852	653.913208	0.424348	0.299325	2.925989
6.873000	3.455292	1.741277	656.724579	0.104788	0.139482	1.182019
6.874000	4.018923	2.101588	660.162811	0.544330	0.618319	4.668558
6.875000	3.494974	1.500626	655.791641	-0.214772	-0.179512	-1.674340
6.876000	3.454483	1.420409	654.852875	0.903981	0.778161	7.361192
6.877000	3.655722	1.339749	655.632889	-0.294369	-0.219530	-2.304865
6.878000	3.696213	1.419966	656.259064	0.744494	0.618319	5.142442
6.879000	4.018519	1.660174	657.666000	-0.054699	-0.059918	-0.404658
6.880000	3.776385	1.379636	656.415390	0.384550	0.418919	2.447166
6.881000	3.252436	0.818119	651.417191	0.344751	0.219518	1.973535
6.882000	3.655318	1.098656	654.697479	0.184971	0.099694	1.338493
6.883000	4.259440	1.539628	659.071304	0.464440	0.458707	3.401679
6.884000	3.735491	1.018439	654.231934	-0.254278	-0.219530	-2.305685
6.885000	3.494165	0.897892	652.825790	0.903981	0.778161	6.887070
6.886000	3.574338	0.776903	652.667053	-0.414351	-0.259318	-2.780135
6.887000	3.775981	1.017554	654.854889	0.584421	0.658337	4.984567
6.888000	4.138373	1.298091	656.887711	-0.054406	-0.019900	-0.086681
6.889000	3.936326	1.057884	655.323730	0.424641	0.379360	3.083703
6.890000	3.332204	0.416149	650.013000	0.225062	0.219748	1.814512
6.891000	3.654510	0.696243	653.137772	0.265154	0.179960	1.339732
6.892000	4.298718	1.137658	657.510773	0.664604	0.578760	4.349761
6.893000	3.815259	0.856678	653.452057	-0.134589	-0.099476	-1.512675
6.894000	3.694596	0.576139	652.042725	0.744494	0.698584	6.092912
6.895000	3.492953	0.415263	652.511673	-0.254278	-0.139494	-1.353323
6.896000	3.693788	0.535810	653.294922	0.504531	0.578531	4.507146
6.897000	4.016498	0.856235	655.169235	-0.014607	-0.019900	-0.245214
6.898000	3.814855	0.615584	653.764725	0.384842	0.339342	2.924259
6.899000	3.250819	0.134726	649.702072	0.504531	0.458936	3.084031
6.900000	3.492548	0.295159	652.043686	0.105374	0.059906	0.862312
6.901000	4.096266	0.776018	656.731628	0.504531	0.538743	4.350581
6.902000	3.532635	0.374933	652.360382	-0.254278	-0.179512	-1.670879
6.903000	3.371482	0.214499	651.265259	0.784293	0.658337	5.775755
6.904000	3.290905	0.134283	651.264450	-0.294076	-0.219300	-1.828593
6.905000	3.371482	0.214056	652.515106	0.624220	0.538743	4.508876
6.906000	3.733470	0.534924	654.859116	0.145465	0.059906	0.864371
6.907000	3.371078	0.294274	653.296646	0.265154	0.179730	1.974538
6.908000	2.766552	-0.226915	648.610962	0.384842	0.458936	3.399459
6.909000	3.008281	-0.146698	650.327271	-0.094498	-0.099476	-0.403909
6.910000	3.652489	0.494594	655.481918	0.664604	0.619008	4.667409
6.911000	3.290097	0.254386	652.204895	-0.254278	-0.179282	-2.780135
6.912000	3.048367	-0.026594	650.484497	0.903981	0.778390	6.887070
6.913000	2.886810	-0.066924	650.482895	-0.253985	-0.219300	-1.511527
6.914000	3.048367	-0.026594	651.421585	0.664604	0.578760	4.192139
6.915000	3.249202	0.294274	654.235413	-0.014607	-0.059459	0.071032
6.916000	3.007877	0.053180	652.204819	0.384842	0.299554	2.607522
6.917000	2.524418	-0.388234	648.455566	0.344751	0.339571	2.607850
6.918000	2.524418	-0.388234	649.235535	-0.014607	0.020118	0.071943
6.919000	3.168626	0.172842	655.327896	0.784585	0.738602	5.776666
6.920000	2.846320	-0.027480	652.050140	-0.333875	-0.179282	-2.623661
6.921000	2.483927	-0.187913	650.642426	0.744494	0.698584	5.617222
6.922000	2.362861	-0.348347	650.642349	-0.174095	-0.139265	-1.194698
6.923000	2.524014	-0.187913	652.048462	0.664604	0.619008	5.141952
6.924000	2.805830	0.052737	654.861420	0.105374	-0.059459	-0.721067
6.925000	2.564100	-0.067367	653.300568	0.344751	0.259766	1.971568
6.926000	1.879402	-0.548668	649.081573	0.305245	0.339571	2.607850
6.927000	1.959574	-0.428564	650.018646	-0.054406	-0.099476	-0.089231
6.928000	2.765339	0.052737	655.954041	0.624805	0.538972	4.826853
6.929000	2.362457	-0.147583	653.301437	-0.174095	-0.019900	-1.194698
6.930000	2.121131	-0.348347	651.893723	0.784585	0.659026	5.935199
6.931000	1.838912	-0.468894	650.955734	-0.253985	-0.219071	-1.828593
6.932000	1.919084	-0.428564	651.892914	0.504824	0.538972	3.874982
6.933000	2.281880	-0.027480	655.020142	0.105667	0.139942	0.388190
6.934000	2.200899	-0.067367	654.708252	0.225355	0.219977	1.338913
6.935000	1.556692	-0.669214	649.864777	0.384842	0.379590	3.084031
6.936000	1.677354	-0.548668	651.112869	-0.014607	-0.059459	0.070213
6.937000	2.241390	-0.067810	656.580841	0.624805	0.538972	4.825123
6.938000	1.838507	-0.268573	654.241714	-0.254278	-0.139494	-2.464217
6.939000	1.637672	-0.468894	652.521301	0.904567	0.858196	6.727718
6.940000	1.677354	-0.508781	652.520447	-0.094498	-0.099476	-1.194698
6.941000	1.556692	-0.509223	652.989456	0.584421	0.538972	3.874982
6.942000	1.959574	-0.228686	655.958847	-0.014607	0.100153	0.388680
6.943000	1.757931	-0.308903	654.711456	0.145465	0.140172	0.864042
6.944000	1.234386	-0.789319	650.336121	0.424934	0.419607	2.926318
6.945000	1.355048	-0.709544	651.740631	-0.214186	-0.139265	-1.670879
6.946000	1.999660	-0.308903	657.833008	0.864475	0.738832	6.093403
6.947000	1.717845	-0.468894	655.960434	-0.333875	-0.259089	-2.621931
6.948000	1.355048	-0.669657	653.305328	0.744494	0.698814	5.617222
6.949000	1.314558	-0.869978	653.305328	-0.253985	-0.219071	-2.146661
6.950000	1.274472	-0.950638	653.302933	0.624805	0.619008	4.507146
6.951000	1.798017	-0.469336	657.367249	-0.054406	-0.099476	-0.877050
6.952000	1.636864	-0.629770	656.118393	0.344751	0.299554	2.607522
6.953000	0.992656	-1.150958	651.900085	0.504824	0.379360	3.718088
6.954000	1.072829	-1.151401	652.523865	-0.174095	-0.099476	-1.039534
6.955000	1.676950	-0.710430	658.147278	0.744787	0.698814	5.459018
6.956000	1.395135	-0.830534	655.651016	-0.214186	-0.059459	-1.986797
6.957000	1.193491	-1.071184	654.244919	0.824677	0.738832	7.045765
6.958000	1.072829	-1.311835	654.086960	-0.134003	-0.139265	-1.194369
6.959000	0.991848	-1.312278	653.773483	0.504824	0.459395	3.716449
6.960000	1.354644	-0.911193	657.055450	-0.134003	-0.099247	-0.721067
6.961000	1.233577	-1.030855	655.963623	0.185264	0.060595	1.339732
6.962000	0.710032	-1.552485	652.528488	0.424934	0.419607	3.085762
6.963000	0.790609	-1.472712	653.151367	-0.094498	-0.059459	-0.561623
6.964000	1.273664	-1.192174	658.306808	0.784585	0.659026	6.092912
6.965000	0.991848	-1.312720	655.497147	-0.174095	-0.059459	-1.512346
6.966000	0.710437	-1.592815	653.467255	0.664897	0.619008	5.300814
6.967000	0.669542	-1.713362	653.466446	0.065575	0.060595	0.230223
6.968000	0.629456	-1.833909	653.310181	0.424934	0.379590	3.084614
6.969000	1.153001	-1.392937	657.372040	0.065575	0.100153	0.230476
6.970000	0.871185	-1.473154	655.966019	0.105667	0.140172	0.546394
6.971000	0.307150	-2.114446	651.436813	0.625098	0.459395	4.351163
6.972000	0.347640	-2.034672	651.902451	-0.294076	-0.219300	-2.465948
6.973000	0.951358	-1.594143	657.840195	0.864475	0.698814	6.250626
6.974000	0.750118	-1.794022	655.343918	-0.214186	-0.179282	-1.987125
6.975000	0.428216	-1.994343	653.625992	0.704695	0.538972	5.300814
6.976000	0.266659	-2.235436	652.841873	-0.254278	-0.179282	-1.512346
6.977000	0.226169	-2.435757	652.217377	0.464733	0.459395	3.398402
6.978000	0.790205	-1.794465	656.906174	0.145465	0.140172	0.706657
6.979000	0.548475	-1.874681	655.500977	-0.014607	0.020577	0.228746
6.980000	-0.015560	-2.436200	651.439117	0.664897	0.459395	4.826853
6.981000	0.065420	-2.476087	652.062790	-0.213893	-0.099247	-1.512675
6.982000	0.548475	-2.115775	657.062439	0.664897	0.659026	5.301304
6.983000	0.306746	-2.275765	654.564667	-0.174095	-0.179053	-1.670879
6.984000	0.145997	-2.396312	653.785446	0.984164	0.818637	7.203478
6.985000	0.105506	-2.597076	653.314896	-0.253985	-0.179053	-1.988948
6.986000	-0.015560	-2.757510	652.531647	0.504824	0.379590	3.874163
6.987000	0.588561	-2.195992	656.750626	0.105667	0.100153	0.704927
6.988000	0.226169	-2.436200	655.347031	0.025777	0.020577	0.230476
6.989000	-0.177118	-2.877171	651.442230	0.585007	0.459395	4.191719
6.990000	-0.056051	-2.717180	652.846664	-0.094498	-0.099247	-1.194698
6.991000	0.386918	-2.516859	657.376648	0.784585	0.698584	5.776666
6.992000	0.145592	-2.597076	655.035919	-0.334167	-0.219300	-2.939908
6.993000	-0.056051	-2.757510	653.943375	0.744787	0.738602	5.935199
6.994000	-0.137031	-2.997717	653.159271	-0.253985	-0.139494	-1.352411
6.995000	-0.136627	-2.997717	653.629807	0.464733	0.419378	3.239940
6.996000	0.507581	-2.516859	657.691742	0.145173	0.179960	1.179706
6.997000	0.104698	-2.717180	656.130951	0.065575	0.139942	0.705838
6.998000	-0.418847	-3.158151	652.069031	0.464733	0.419378	3.559555
6.999000	-0.177118	-3.118264	653.161652	-0.174095	-0.099476	-1.511435
7.000000	0.225765	-2.837284	658.003525	0.664897	0.619008	4.982837
7.001000	0.225765	-2.757510	656.757034	-0.014607	0.020118	-1.036494
7.002000	-0.056051	-2.957830	655.038391	0.744494	0.698584	5.617222
7.003000	-0.298589	-3.198481	654.258286	-0.094498	-0.099476	-1.193550
7.004000	-0.378761	-3.238811	654.258286	0.384550	0.299554	2.925170
7.005000	0.305937	-2.757510	659.099350	0.145173	0.139942	0.389009
7.006000	0.024122	-2.997717	657.227570	-0.014607	0.020118	-0.087501
7.007000	-0.297780	-3.318142	653.791031	0.544623	0.578760	4.824794
7.008000	-0.257290	-3.278255	654.727310	-0.254278	-0.179282	-2.147481
7.009000	0.104698	-2.997717	659.411148	0.744494	0.658796	6.092912
7.010000	-0.016369	-2.957388	657.384705	-0.254278	-0.139494	-1.989767
7.011000	-0.177522	-3.118264	656.290482	0.744494	0.698584	6.093403
7.012000	-0.217608	-3.358472	655.353394	-0.214186	-0.099476	-1.511527
7.013000	-0.298589	-3.358472	655.822250	0.344751	0.299554	2.449808
7.014000	0.305937	-2.796954	660.352325	0.265154	0.179730	1.657289
7.015000	-0.096945	-2.997717	658.166245	-0.054406	-0.099476	-0.562442
7.016000	-0.459742	-3.398359	655.355804	0.704695	0.658796	5.301304
7.017000	-0.217608	-3.318585	656.291168	-0.294076	-0.139494	-1.986797
7.018000	0.104294	-3.077491	659.884903	0.784585	0.738602	6.729448
7.019000	0.024122	-2.957388	658.638474	-0.254278	-0.179512	-2.463398
7.020000	-0.096945	-3.037162	658.011490	0.824384	0.698584	6.251116
7.021000	-0.339079	-3.358472	656.918869	-0.134589	-0.139494	-1.037076
7.022000	-0.459337	-3.478576	656.293503	0.384842	0.418919	2.923531
7.023000	0.064208	-2.917058	660.823578	0.145173	0.219518	0.863131
7.024000	-0.016369	-2.957388	659.888092	0.025191	0.059906	0.704927
7.025000	-0.459337	-3.277812	657.076813	0.704403	0.618548	5.617222
7.026000	-0.458933	-3.277812	658.168488	-0.254278	-0.139494	-1.670550
7.027000	-0.177522	-3.118264	660.511612	0.704403	0.618548	5.618041
7.028000	-0.217608	-2.997275	659.731674	-0.254278	-0.099936	-1.828264
7.029000	-0.378761	-3.037162	659.261108	0.784293	0.618548	6.251116
7.030000	-0.539914	-3.237926	658.481873	-0.054699	-0.099936	-0.879853
7.031000	-0.660577	-3.358029	657.699448	0.464440	0.458936	3.874982
7.032000	-0.096541	-2.796511	662.541321	0.184971	0.139482	0.704927
7.033000	-0.378761	-2.956945	660.825882	0.025191	0.019888	0.230147
7.034000	-0.740749	-3.197153	657.700409	0.504531	0.498724	4.191228
7.035000	-0.499424	-2.956945	659.416489	0.025191	0.059906	0.071032
7.036000	-0.378761	-2.997275	661.916763	0.784293	0.538513	5.142771
7.037000	-0.378761	-2.916615	661.293137	-0.094498	-0.019900	-0.879271
7.038000	-0.378761	-2.836398	660.357727	0.784293	0.658337	6.411471
7.039000	-0.620490	-3.156823	658.480194	-0.134589	-0.059918	-0.721649
7.040000	-0.701067	-3.237040	657.854019	0.304660	0.259536	1.816825
7.041000	0.144784	-2.555861	663.790115	0.344751	0.179730	1.815002
7.042000	-0.097350	-2.675522	661.762009	-0.054699	0.019888	-0.087501
7.043000	-0.580808	-3.116936	658.168304	0.544330	0.498724	4.666919
7.044000	-0.379569	-2.996832	659.572800	-0.294369	-0.179512	-2.147481
7.045000	-0.178330	-2.996832	660.820816	0.784293	0.658337	6.254087
7.046000	-0.178330	-2.796068	660.979568	-0.094790	-0.099936	-1.511435
7.047000	-0.057263	-2.756181	660.979568	0.624220	0.618548	5.142771
7.048000	-0.379569	-3.076606	658.479309	-0.054992	-0.059918	-0.404001
7.049000	-0.742366	-3.237040	656.758896	0.304660	0.299325	1.655650
7.050000	0.023313	-2.636520	662.070526	0.064990	0.139482	1.023723
7.051000	-0.178330	-2.756181	660.977966	-0.014900	0.019888	0.230476
7.052000	-0.540722	-2.996832	657.854752	0.903981	0.778161	6.254087
7.053000	-0.379569	-2.917058	658.791031	-0.294369	-0.139953	-2.464217
7.054000	-0.379569	-3.077491	660.039108	0.824384	0.778390	7.045765
7.055000	-0.258907	-2.796511	660.197922	-0.254278	-0.099936	-1.829412
7.056000	-0.258907	-2.796511	659.730499	0.704403	0.658337	5.617222
7.057000	-0.500232	-2.997275	658.323685	-0.094790	-0.099936	-0.880182
7.058000	-0.902710	-3.237040	656.134232	0.344751	0.299554	2.607522
7.059000	-0.057263	-2.676850	661.757645	0.304660	0.339342	2.130920
7.060000	-0.298993	-2.756624	659.728821	-0.014900	0.019888	-0.403090
7.061000	-0.661385	-2.956945	656.604874	0.704403	0.618548	5.142771
7.062000	-0.540318	-2.917058	658.635468	-0.174680	-0.059918	-1.194698
7.063000	-0.580808	-2.997275	658.474960	0.903981	0.698125	7.361682
7.064000	-0.339483	-2.756624	659.259857	-0.214772	-0.139953	-2.144510
7.065000	-0.339079	-2.636520	659.574066	0.704403	0.578531	5.618133
7.066000	-0.620895	-2.997275	657.227585	-0.134589	-0.020129	-1.353813
7.067000	-0.983691	-3.318142	654.413834	0.384550	0.378901	2.448660
7.068000	-0.177522	-2.636520	660.661652	0.145173	0.139482	1.339732
7.069000	-0.258502	-2.676850	659.727936	0.064990	0.099694	0.546394
7.070000	-0.661385	-2.997275	655.823151	0.544330	0.538743	4.666989
7.071000	-0.540318	-2.877171	657.696442	-0.174680	-0.059918	-1.352411
7.072000	-0.661385	-3.118264	657.068665	0.744494	0.578531	5.459929
7.073000	-0.459742	-2.836841	657.695633	-0.134589	-0.020129	-1.196919
7.074000	-0.178330	-2.515974	660.040451	0.704403	0.618548	5.459018
7.075000	-0.500232	-2.917058	656.445068	-0.054699	-0.059918	-0.086935
7.076000	-1.023777	-3.318142	653.945602	0.384550	0.299325	2.607522
7.077000	-0.178330	-2.636963	660.191727	0.185264	0.179730	1.338493
7.078000	-0.218416	-2.636520	658.319962	-0.054699	0.019888	-0.561623
7.079000	-0.500232	-2.876728	655.821381	0.704403	0.658337	6.093403
7.080000	-0.218416	-2.756624	658.006577	-0.134882	-0.060147	-1.036494
7.081000	-0.621299	-2.997275	655.504593	0.704403	0.658337	5.775755
7.082000	-0.258907	-2.636520	657.693970	-0.054699	-0.020129	-1.037475
7.083000	-0.016773	-2.395870	659.725189	0.704403	0.538743	4.984567
7.084000	-0.298993	-2.796511	656.910568	-0.094498	-0.059918	-1.195609
7.085000	-0.621299	-3.037162	654.567429	0.384842	0.339342	2.922949
7.086000	0.103485	-2.515974	660.346405	0.424641	0.339342	2.765726
7.087000	-0.097350	-2.475644	658.942688	-0.054699	-0.019900	-0.721067
7.088000	-0.540318	-2.796511	655.662384	0.824384	0.658337	5.935199
7.089000	-0.258502	-2.596633	657.535049	-0.254278	-0.179512	-1.987125
7.090000	-0.500232	-2.877171	655.347214	0.944073	0.778390	6.570004
7.091000	-0.339483	-2.475644	658.160095	-0.214186	-0.179512	-1.670879
7.092000	0.023717	-2.234993	660.349426	0.744494	0.698584	5.618133
7.093000	-0.459742	-2.636520	656.441437	-0.094498	-0.019900	-0.563024
7.094000	-0.821730	-2.916615	653.627518	0.344751	0.379360	3.240926
7.095000	-0.137031	-2.355540	659.874710	0.225355	0.259536	1.657289
7.096000	-0.137436	-2.274880	658.939957	0.025191	-0.019900	-0.088412
7.097000	-0.499828	-2.394984	656.442154	0.744494	0.618548	5.935199
7.098000	-0.459337	-2.435314	657.533035	-0.334167	-0.099936	-2.464217
7.099000	-0.902710	-2.836398	654.561417	0.744494	0.698584	5.935199
7.100000	-0.258502	-2.274880	658.001175	-0.294369	-0.139494	-2.463398
7.101000	0.104294	-1.793579	661.127518	0.744494	0.618548	5.618133
7.102000	-0.459742	-2.314767	656.906937	-0.054699	-0.059918	-1.353813
7.103000	-0.822538	-2.595305	653.937546	0.344751	0.259536	2.607522
7.104000	-0.258502	-2.154333	658.935699	0.105374	0.179730	0.864371
7.105000	-0.298589	-2.073674	657.999496	-0.054699	0.020118	-0.087501
7.106000	-0.540318	-2.073674	656.594971	0.704695	0.578760	5.301304
7.107000	-0.378761	-2.073674	658.623810	-0.134589	-0.019900	-1.352902
7.108000	-0.942796	-2.475201	654.560196	0.824384	0.698814	5.617222
7.109000	-0.459742	-2.073674	657.684952	-0.174095	-0.059918	-1.512346
7.110000	-0.056859	-1.592372	660.966919	0.744494	0.618548	5.774935
7.111000	-0.701067	-2.113561	656.279724	-0.094498	-0.099476	-1.194698
7.112000	-0.942796	-2.273552	654.247528	0.344751	0.339571	2.607522
7.113000	-0.419251	-1.833023	659.243164	0.344751	0.299325	2.450137
7.114000	-0.459337	-1.752364	658.153015	-0.094498	0.020118	-0.245214
7.115000	-0.620895	-1.832138	656.748505	0.664604	0.578760	5.459018
7.116000	-0.580000	-1.752364	658.151337	-0.134589	0.019888	-1.353231
7.117000	-1.144035	-2.233665	653.618866	0.704695	0.698584	6.410468
7.118000	-0.620086	-1.791808	657.524368	-0.294076	-0.219300	-1.987125
7.119000	-0.177118	-1.271062	660.964111	0.584421	0.578760	4.826034
7.120000	-0.982882	-1.791808	655.808762	-0.174095	-0.019900	-0.877632
7.121000	-1.144035	-1.952684	654.244797	0.145173	0.179730	1.339404
7.122000	-0.660577	-1.511713	658.461273	0.424641	0.418919	2.925989
7.123000	-0.660577	-1.430610	658.775558	-0.054699	-0.099476	-0.403909
7.124000	-0.821325	-1.390723	657.681961	0.744494	0.538972	5.618952
7.125000	-0.780835	-1.310506	658.616745	-0.294076	-0.179512	-2.465129
7.126000	-1.425447	-1.992571	653.772385	0.704695	0.698584	5.459508
7.127000	-0.780835	-1.190403	658.302368	-0.254278	-0.139494	-1.986306
7.128000	-0.337866	-0.788876	661.583481	0.784293	0.698584	5.776666
7.129000	-0.982882	-1.350393	656.114792	-0.094498	-0.059918	-0.878942
7.130000	-1.184122	-1.430168	655.176102	0.225062	0.299325	2.291604
7.131000	-0.821730	-1.069856	658.298279	0.265154	0.339342	1.975029
7.132000	-0.781239	-0.989639	658.456314	-0.094498	-0.059918	-1.037475
7.133000	-0.580000	-0.667886	658.457016	0.784293	0.698584	5.934870
7.134000	-0.580000	-0.828763	658.610962	-0.214186	-0.139494	-1.830743
7.135000	-1.224612	-1.349951	653.455521	0.744494	0.618548	5.143262
7.136000	-0.660981	-0.828320	657.829239	-0.214186	-0.139494	-1.670879
7.137000	-0.096945	-0.307132	661.891998	0.744494	0.698584	5.934870
7.138000	-0.701471	-0.828320	656.424026	-0.134589	-0.139494	-1.988619
7.139000	-0.983691	-0.868649	655.328201	0.184971	0.219748	1.179469
7.140000	-0.540318	-0.708216	657.982315	0.265154	0.299554	2.767785
7.141000	-0.420060	-0.507895	658.452942	-0.094498	-0.019900	-0.563353
7.142000	-0.459742	-0.387348	658.296600	0.504531	0.379360	4.508876
7.143000	-0.500232	-0.427235	658.763855	0.065575	0.059906	-0.244557
7.144000	-1.064672	-0.988754	653.451523	0.784585	0.658796	5.459508
7.145000	-0.460550	-0.587669	658.138504	-0.054699	-0.139494	-1.829083
7.146000	0.062995	0.013293	661.575302	0.624805	0.578760	5.142442
7.147000	-0.742770	-0.627999	655.796249	-0.094498	-0.099476	-0.720738
7.148000	-0.944009	-0.708216	654.700424	0.185264	0.179960	1.021756
7.149000	-0.540722	-0.468008	658.136078	0.464733	0.379360	2.926318
7.150000	-0.420464	-0.187027	659.075668	-0.014607	0.100153	-0.403090
7.151000	-0.339887	-0.106368	658.920120	0.704695	0.658796	5.617222
7.152000	-0.460550	-0.267245	658.605911	-0.174095	-0.099476	-0.721067
7.153000	-1.226229	-0.828763	652.826065	0.704695	0.578760	5.301304
7.154000	-0.501040	-0.267245	657.822601	-0.214186	-0.099476	-0.720156
7.155000	-0.058476	0.214056	661.573441	0.704695	0.538972	5.142442
7.156000	-0.783260	-0.347461	655.638214	-0.054406	-0.059459	-0.562534
7.157000	-0.903923	-0.387348	655.167587	0.185264	0.259766	1.497446
7.158000	-0.823346	-0.468451	656.259415	0.384842	0.419378	3.083703
7.159000	-0.582021	-0.107254	657.665451	-0.214186	-0.139265	-1.989767
7.160000	-0.219225	0.294274	658.916748	0.824677	0.778620	6.727880
7.161000	-0.501040	0.013293	658.133530	-0.094498	-0.139265	-1.194698
7.162000	-1.266315	-0.668329	653.135376	0.704695	0.619008	5.300975
7.163000	-0.823346	-0.227357	657.040009	-0.253985	-0.219300	-2.305685
7.164000	-0.259311	0.374491	660.944794	0.744494	0.698814	6.569185
7.165000	-0.984499	-0.107254	655.011169	-0.134003	-0.059459	-1.195609
7.166000	-1.024181	-0.226915	655.478500	0.225355	0.259766	1.181199
7.167000	-0.863432	0.013293	656.257736	0.424641	0.379590	3.084522
7.168000	-0.823750	0.053180	657.508163	-0.174095	-0.099247	-0.879600
7.169000	-0.662193	0.413935	658.914261	0.744787	0.619008	5.776337
7.170000	-0.863432	0.173727	657.662796	-0.253985	-0.139265	-1.986797
7.171000	-1.628707	-0.307574	651.884659	0.824677	0.738832	6.886413
7.172000	-0.944009	0.093067	657.036636	-0.294076	-0.179053	-2.464217
7.173000	-0.581213	0.574368	661.256500	0.664897	0.579449	5.300975
7.174000	-1.266315	0.013293	655.166534	-0.253985	-0.139265	-1.988619
7.175000	-1.346487	0.053180	655.007614	0.384842	0.299783	2.448660
7.176000	-1.306401	0.214056	656.255081	0.265154	0.299783	2.292423
7.177000	-1.145248	0.294274	657.976212	-0.054406	0.020577	-0.721067
7.178000	-0.903519	0.655471	659.069565	0.704695	0.538972	5.458689
7.179000	-1.145248	0.414820	658.287201	-0.253985	-0.139265	-1.828593
7.180000	-1.870436	-0.227357	652.351807	0.624805	0.538972	4.825123
7.181000	-1.306401	0.294274	656.879486	-0.174095	-0.059459	-1.512675
7.182000	-0.702279	0.936008	661.567337	0.664897	0.619008	5.618133
7.183000	-1.346891	0.334604	656.412949	-0.134003	-0.139035	-1.353813
7.184000	-1.508044	0.294716	655.786057	0.265154	0.259995	2.132742
7.185000	-1.467554	0.334604	656.722275	0.424934	0.299783	2.133890
7.186000	-1.306401	0.574811	658.443390	-0.174095	-0.179053	-1.037475
7.187000	-0.984499	0.896122	660.316849	0.704695	0.619467	5.299574
7.188000	-1.306805	0.695358	658.909836	-0.054406	-0.099247	-0.561623
7.189000	-1.789860	0.254386	654.380646	0.784585	0.619467	5.618952
7.190000	-1.467554	0.615584	658.128220	-0.173802	-0.059459	-1.197248
7.191000	-1.024181	1.056113	662.034607	0.624805	0.539431	4.824794
7.192000	-1.548535	0.655913	657.192825	-0.134003	-0.059459	-0.562205
7.193000	-1.668793	0.655471	657.504532	0.145465	0.180189	1.021756
7.194000	-1.628707	0.655471	657.815536	0.465025	0.379819	2.766874
7.195000	-1.508044	0.695358	659.380386	-0.213601	-0.059000	-0.879761
7.196000	-1.346891	1.056998	660.941895	0.704988	0.579679	5.458689
7.197000	-1.508044	0.856235	660.001495	-0.293491	-0.139035	-2.306504
7.198000	-2.192338	0.415263	655.160507	0.824677	0.699043	6.251116
7.199000	-1.749774	0.776460	658.751740	-0.174095	-0.179053	-1.511435
7.200000	-1.185334	1.337536	663.749878	0.704988	0.539431	4.984238
7.201000	-1.668793	1.017111	659.223984	-0.053821	-0.019211	-1.194369
7.202000	-1.951013	0.816790	657.814560	0.145465	0.140630	1.021756
7.203000	-2.031589	0.816790	658.751740	0.345630	0.300013	2.449808
7.204000	-1.790264	1.057441	660.938507	-0.134003	0.060595	-0.561294
7.205000	-1.467554	1.378308	662.813477	0.784878	0.619467	5.776666
7.206000	-1.870841	1.177988	660.781357	-0.333875	-0.218841	-1.828593
7.207000	-2.474962	0.776903	656.565582	0.824677	0.778849	5.776666
7.208000	-2.152251	1.098214	659.687042	-0.213893	-0.139035	-1.670879
7.209000	-1.508449	1.779393	664.841553	0.784878	0.659484	6.252939
7.210000	-2.031589	1.419081	660.938339	-0.213893	-0.059000	-1.512017
7.211000	-2.152251	1.178430	659.686188	0.185557	0.259995	1.974538
7.212000	-2.232828	1.218317	659.997162	0.305538	0.260225	2.130920
7.213000	-2.152251	1.338421	660.779602	-0.054406	0.020807	-0.561294
7.214000	-1.749774	1.860053	664.216248	0.704988	0.539431	5.142771
7.215000	-1.991503	1.700061	662.496643	-0.054406	-0.059000	-0.721067
7.216000	-2.596029	1.178873	657.967377	0.744787	0.579449	5.775755
7.217000	-2.394385	1.499741	660.309753	-0.213893	-0.179053	-2.781375
7.218000	-1.750178	2.060816	664.838806	0.664897	0.499643	4.984729
7.219000	-2.072079	1.821051	662.339508	-0.173802	-0.019211	-1.194369
7.220000	-2.112570	1.740391	661.089630	0.305245	0.259995	1.339404
7.221000	-2.234041	1.700504	661.089554	0.265447	0.259995	2.133890
7.222000	-2.193551	1.740391	662.181473	-0.134003	-0.059000	-0.403909
7.223000	-1.951821	2.222578	664.527008	0.664897	0.539431	4.824794
7.224000	-2.032398	2.061701	662.808441	-0.174095	-0.059000	-1.511435
7.225000	-2.515857	1.781164	659.213776	0.864768	0.739061	6.411800
7.226000	-2.354703	1.861381	660.618118	-0.054406	-0.019211	-1.037804
7.227000	-1.871649	2.342681	665.929840	0.625098	0.499643	5.300975
7.228000	-2.153869	2.182691	662.651138	-0.134003	-0.019211	-1.511527
7.229000	-2.395194	2.102031	661.401337	0.225355	0.220207	1.338913
7.230000	-2.354703	2.102031	662.337723	0.545208	0.379819	3.242235
7.231000	-2.274936	2.141918	662.335251	-0.173802	-0.019211	-1.353231
7.232000	-1.952225	2.543446	664.837921	0.704988	0.699043	6.411471
7.233000	-2.153869	2.383011	663.587341	-0.134003	-0.059000	-0.721886
7.234000	-2.717500	1.982370	659.056641	0.704988	0.579449	5.458689
7.235000	-2.596837	2.262908	660.930710	-0.093619	-0.139035	-1.037804
7.236000	-1.912139	2.663549	666.396225	0.784878	0.739061	5.934379
7.237000	-2.234445	2.503116	663.587341	-0.253692	-0.139035	-1.352573
7.238000	-2.556751	2.383011	661.243393	0.185557	0.220207	1.022084
7.239000	-2.597241	2.423341	662.179703	0.545208	0.379819	4.349761
7.240000	-2.516665	2.343124	661.709869	-0.173802	-0.059000	-1.669639
7.241000	-2.073696	2.824425	664.523636	0.744787	0.539661	5.459018
7.242000	-2.234445	2.824425	663.899139	-0.134003	-0.059000	-1.194698
7.243000	-2.758395	2.383454	659.992844	0.864768	0.699043	6.886413
7.244000	-2.677818	2.503559	660.460983	-0.253692	-0.139035	-2.147971
7.245000	-2.073696	3.065076	666.239075	0.664897	0.619467	5.459600
7.246000	-2.234850	2.984859	663.899231	-0.173802	-0.059000	-1.036165
7.247000	-2.476983	2.864755	661.398773	0.185557	0.140630	1.021756
7.248000	-2.436493	2.864755	663.115112	0.345337	0.340031	2.924587
7.249000	-2.476983	2.784538	661.551941	-0.053821	0.060595	-0.403909
7.250000	-2.073696	3.265398	664.833038	0.704988	0.659026	5.618133
7.251000	-2.154677	3.265840	664.365768	-0.173802	-0.139035	-1.669149
7.252000	-2.597645	2.824868	660.148315	0.784878	0.659484	5.935199
7.253000	-2.396407	3.025189	661.395676	0.025777	0.020807	-0.879271
7.254000	-1.792690	3.385943	665.924789	0.665190	0.579679	5.460419
7.255000	-2.034419	3.145736	663.269852	-0.253692	-0.139035	-1.353813
7.256000	-2.195168	3.265840	661.239410	0.265447	0.300013	2.290456
7.257000	-1.993929	3.305727	662.332672	0.385428	0.420066	2.609252
7.258000	-2.236062	3.025189	661.081467	-0.213893	-0.098788	-1.670879
7.259000	-1.550556	3.626594	665.456818	0.824677	0.739061	6.570004
7.260000	-1.671623	3.586707	663.583344	-0.173802	-0.059000	-0.563843
7.261000	-2.195168	3.265840	659.988846	0.585007	0.539661	4.666590
7.262000	-1.913352	3.385943	661.082275	0.025777	0.060595	0.071032
7.263000	-1.430297	3.586707	664.828232	0.665190	0.539661	5.459600
7.264000	-1.430297	3.586707	662.799484	-0.134003	0.060824	-1.036165
7.265000	-1.631132	3.546377	661.238708	0.025777	0.180189	0.547634
7.266000	-1.510874	3.466603	661.550507	0.545208	0.459855	3.717107
7.267000	-1.671623	3.265398	659.986511	-0.213601	-0.059000	-1.670879
7.268000	-0.987329	3.826915	664.046768	0.865061	0.659484	6.570004
7.269000	-0.906752	3.947461	664.205597	-0.134003	-0.059000	-1.512675
7.270000	-1.390211	3.385943	659.205872	0.824677	0.619696	7.044783
7.271000	-1.188568	3.466160	659.829559	-0.213601	-0.098788	-1.671208
7.272000	-0.705513	3.746255	663.419266	0.744787	0.539890	4.984238
7.273000	-0.826580	3.625709	661.078537	-0.253692	-0.098788	-1.670060
7.274000	-0.785686	3.787028	659.830460	0.225648	0.180648	1.021756
7.275000	-0.745599	3.545934	660.141449	0.305831	0.340031	3.083703
7.276000	-0.987329	3.265398	657.639481	-0.173802	-0.018981	-0.878942
7.277000	-0.343121	3.786142	662.014908	0.745080	0.619467	5.775846
7.278000	-0.262545	3.866802	662.171982	-0.293491	-0.098788	-1.670879
7.279000	-0.866666	3.305285	656.702499	0.824970	0.619696	6.092912
7.280000	-0.544764	3.425388	657.482361	-0.053821	-0.018981	-1.512675
7.281000	-0.222054	3.465275	660.450134	0.785171	0.579908	5.776337
7.282000	-0.222054	3.545050	658.891678	-0.173802	-0.098788	-1.669731
7.283000	-0.302631	3.585379	658.110229	0.145758	0.220207	1.179469
7.284000	-0.383207	3.385058	657.640396	0.305538	0.300242	2.450390
7.285000	-0.584042	3.063748	655.295670	-0.134003	0.021036	-0.719827
7.286000	0.140742	3.585379	660.138428	0.745080	0.539890	5.617222
7.287000	0.261405	3.665153	660.296356	0.065868	-0.018981	-0.563353
7.288000	-0.342717	3.143965	655.139404	0.704988	0.619467	6.411800
7.289000	-0.181564	3.143965	655.920227	-0.173802	-0.059000	-1.829083
7.290000	0.140742	3.263626	658.262497	0.704988	0.579679	5.775846
7.291000	0.140742	3.264069	657.172333	-0.013729	0.021036	0.230223
7.292000	0.181232	3.424060	656.546326	0.185557	0.220207	1.338002
7.293000	0.140742	3.183852	656.233643	0.225648	0.420066	2.767294
7.294000	-0.342313	2.742438	652.483658	-0.053821	-0.018981	-0.404658
7.295000	0.422962	3.383730	658.105423	0.665190	0.579679	4.984567
7.296000	0.584115	3.463947	658.731522	-0.093619	0.020807	-0.563353
7.297000	0.141146	2.942759	653.108154	0.784878	0.659484	5.776337
7.298000	0.222127	3.103635	654.199921	-0.213601	-0.058770	-0.719498
7.299000	0.302299	2.982646	654.823517	0.625098	0.539890	4.508876
7.300000	0.342789	3.103192	654.513474	-0.093619	0.021036	-0.562205
7.301000	0.665096	3.424060	655.608444	0.065868	0.140630	0.705019
7.302000	0.665096	3.143522	654.511810	0.545208	0.340031	3.400111
7.303000	0.181637	2.702108	650.764236	-0.213601	-0.098788	-1.194698
7.304000	0.947315	3.223296	655.760696	0.865061	0.659484	6.092583
7.305000	0.987806	3.263626	656.075073	-0.213893	0.021036	-0.879271
7.306000	0.342789	2.862099	651.076920	0.665190	0.619696	5.459929
7.307000	0.907229	3.223739	653.104980	0.025777	-0.018981	-0.720156
7.308000	0.867143	2.982646	652.947037	0.665190	0.539890	5.777485
7.309000	1.028296	3.143079	653.262131	0.065868	0.020807	-0.244557
7.310000	1.229939	3.343400	653.887497	0.145758	0.060824	0.863551
7.311000	1.108873	2.982203	652.792374	0.545208	0.420066	4.033515
7.312000	0.625414	2.702108	648.886780	-0.173802	-0.098788	-1.829412
7.313000	1.471669	3.262741	654.352371	0.745080	0.619696	5.776666
7.314000	1.592332	3.303070	654.197693	0.025777	0.021036	-0.562442
7.315000	1.068787	2.862542	650.139038	0.824970	0.659484	6.887070
7.316000	1.310920	2.982646	651.230072	-0.293783	-0.218612	-2.464217
7.317000	1.149363	2.821769	650.916595	0.745080	0.659484	5.776666
7.318000	1.511755	3.022533	651.854568	-0.093619	0.021036	-0.402761
7.319000	1.914637	3.423617	653.728836	0.185849	0.140630	0.705019
7.320000	1.592332	2.982203	651.541962	0.345630	0.380278	3.557663
7.321000	1.189449	2.621891	647.166641	-0.093619	0.060824	-0.561623
7.322000	1.833657	3.102307	652.008514	0.665190	0.539890	4.984567
7.323000	2.035300	3.183409	652.790237	-0.053821	-0.018981	-0.720317
7.324000	1.632418	2.942316	649.513138	0.824970	0.699502	6.570004
7.325000	2.035704	3.143079	650.602493	-0.173802	-0.018981	-1.352902
7.326000	1.632418	2.781882	648.883041	0.625098	0.499873	4.983327
7.327000	1.954724	2.901986	650.135147	-0.053821	0.060824	-0.404001
7.328000	2.518759	3.503834	652.945786	0.146051	0.220207	1.181199
7.329000	2.196453	3.062420	650.448639	0.465611	0.420066	3.557663
7.330000	1.753080	2.741552	646.697784	-0.133418	-0.018981	-1.196919
7.331000	2.276626	3.062420	650.445358	0.705281	0.619696	5.935199
7.332000	2.477865	3.262741	651.697693	-0.053821	0.020807	-0.721067
7.333000	2.155963	3.062420	648.574524	0.665190	0.619696	5.618462
7.334000	2.357202	3.182966	649.664764	0.025777	0.060824	-0.403090
7.335000	2.074982	2.821769	647.165131	0.665190	0.499873	5.142771
7.336000	2.397288	3.062420	649.196548	-0.133418	-0.018981	-1.035836
7.337000	2.881151	3.503391	652.007187	0.025777	0.060824	-0.404728
7.338000	2.437374	3.103192	648.728485	0.425812	0.460084	3.558574
7.339000	2.074982	2.781882	645.603638	-0.173802	-0.098788	-1.511764
7.340000	2.598123	3.143079	649.350464	0.745080	0.659484	6.412291
7.341000	2.880343	3.383287	650.603378	0.025777	0.021036	-0.721067
7.342000	2.557633	3.223296	647.793716	0.705281	0.619696	5.776666
7.343000	2.719594	3.343400	649.352982	-0.253399	-0.058770	-1.829083
7.344000	2.275817	2.862099	645.759247	0.704988	0.539890	5.142771
7.345000	2.598123	2.982203	647.790497	-0.053821	0.060824	-0.404001
7.346000	3.202245	3.664268	652.008789	0.065868	0.021266	-0.087501
7.347000	2.719190	3.223296	648.104797	0.465611	0.420296	3.399130
7.348000	2.356394	2.982646	645.604523	-0.093619	-0.058770	-1.194698
7.349000	2.678295	3.143079	648.100006	0.705281	0.579908	5.618133
7.350000	2.920429	3.343400	649.509308	-0.173802	-0.018752	-0.879271
7.351000	2.920429	3.463947	648.730179	0.864768	0.699502	7.361192
7.352000	2.920429	3.463947	649.353043	-0.173802	-0.018752	-1.512346
7.353000	2.436970	2.942316	644.978424	0.505702	0.460084	4.509788
7.354000	2.799362	3.343400	647.634232	-0.013729	0.100842	0.072509
7.355000	3.323311	3.904918	651.696976	0.065868	0.100842	0.387861
7.356000	2.839448	3.463947	647.480484	0.545208	0.460084	4.033515
7.357000	2.517142	3.183409	645.602905	-0.013729	0.100842	-0.245376
7.358000	2.839448	3.343400	647.477097	0.625391	0.500102	4.983327
7.359000	2.879938	3.584494	649.196701	-0.093619	-0.018981	-0.561623
7.360000	2.839448	3.665153	648.573029	0.705281	0.539890	5.458689
7.361000	3.040687	3.785257	649.509308	-0.173802	0.021036	-1.511435
7.362000	2.396480	3.223739	644.977554	0.625391	0.460084	5.459600
7.363000	2.717977	3.544607	647.475433	0.105959	0.100842	0.546631
7.364000	3.241927	4.146453	652.322357	-0.053821	0.061054	-0.562442
7.365000	2.718381	3.705040	647.635849	0.425812	0.380278	3.558574
7.366000	2.556824	3.545050	646.071869	-0.053821	-0.098788	-0.879271
7.367000	2.677891	3.625266	648.257843	0.625391	0.500102	4.508876
7.368000	3.080774	3.825587	649.821106	0.065868	0.021036	0.546394
7.369000	3.080774	4.106566	650.135406	0.625391	0.579679	4.984238
7.370000	2.959707	3.986464	650.289261	-0.093619	-0.018752	-1.352902
7.371000	2.475843	3.465275	645.913055	0.545208	0.420296	4.034426
7.372000	2.758063	3.826029	648.411789	0.105959	0.180648	1.182256
7.373000	3.402271	4.468650	653.102951	-0.013729	-0.018752	-0.880419
7.374000	2.878726	3.947018	648.100708	0.505702	0.420066	4.826853
7.375000	2.596506	3.907131	647.007996	-0.053528	-0.018981	-1.038715
7.376000	2.717573	3.947018	648.255371	0.704988	0.539890	4.984238
7.377000	2.958898	4.187226	650.443039	0.065868	0.021036	-0.245376
7.378000	3.120455	4.388433	651.538086	0.705281	0.619696	5.458689
7.379000	3.120455	4.308216	651.382538	-0.173802	-0.059000	-1.194698
7.380000	2.354373	3.787028	646.381912	0.505702	0.420066	4.190409
7.381000	2.636592	4.027678	648.723434	0.026362	0.060824	0.231953
7.382000	3.361781	4.589196	654.191483	0.025777	0.100613	0.071943
7.383000	2.757255	4.388876	650.289093	0.745080	0.460084	4.824794
7.384000	2.596506	4.107895	648.567886	-0.213601	0.060824	-1.352902
7.385000	2.394863	4.148668	649.036987	0.625098	0.499873	5.300485
7.386000	2.716765	4.268772	651.380127	0.145758	0.140630	0.389920
7.387000	2.918408	4.710186	652.630722	0.625098	0.499873	5.300975
7.388000	2.837427	4.549752	652.473572	-0.213893	0.020807	-1.513656
7.389000	2.233306	4.028121	647.940979	0.585007	0.539661	5.142771
7.390000	2.313882	4.189441	649.657242	-0.013729	0.060595	0.548361
7.391000	3.159329	4.871063	655.127686	-0.134003	0.060824	-1.513985
7.392000	2.596102	4.589639	651.536377	0.585007	0.539661	5.142771
7.393000	2.353968	4.390204	650.753159	0.065868	0.060595	-0.087501
7.394000	2.394054	4.389761	650.907806	0.625098	0.460084	5.141952
7.395000	2.554803	4.630412	653.095490	-0.134003	0.060824	-0.085932
7.396000	2.756446	4.871063	654.815872	0.704988	0.499873	5.300156
7.397000	2.716360	4.831176	654.346939	-0.253692	-0.018981	-1.986797
7.398000	2.031258	4.269658	649.659714	0.465611	0.420066	3.399130
7.399000	2.353160	4.551081	651.847397	0.225648	0.260225	1.655887
7.400000	2.998176	5.152042	657.316162	-0.173802	-0.059000	-1.197248
7.401000	2.514313	4.791289	653.879608	0.385428	0.380278	3.240597
7.402000	2.313074	4.510751	651.691132	-0.053821	0.060595	-0.086681
7.403000	2.313074	4.590525	652.471802	0.704988	0.539661	4.982998
7.404000	2.393650	4.750959	654.189789	-0.053821	-0.018981	-0.403090
7.405000	2.876705	4.992495	656.379150	0.585299	0.420066	4.350344
7.406000	2.634975	5.031497	655.127762	0.065868	0.060824	-0.562534
7.407000	1.949873	4.230213	650.595291	0.105959	0.180189	1.497117
7.408000	2.151516	4.630855	653.096344	0.305538	0.220207	2.132068
7.409000	2.956877	5.232260	658.719864	0.105667	0.140630	0.228746
7.410000	2.513909	4.751401	655.127762	0.505702	0.459855	5.461238
7.411000	2.151112	4.671185	653.564575	0.065868	0.060824	-0.879271
7.412000	2.111026	4.590525	652.469376	0.745080	0.579679	6.252939
7.413000	2.191602	4.551081	654.969009	-0.173802	-0.018981	-0.561294
7.414000	2.513504	5.152042	657.315369	0.704988	0.459855	4.666590
7.415000	2.513909	4.951723	655.908508	0.065868	0.100613	0.072601
7.416000	1.747826	4.270100	651.846680	0.185557	0.220207	2.608341
7.417000	1.909383	4.470864	652.001328	0.305538	0.260225	2.132068
7.418000	2.553995	5.112155	658.876205	-0.134003	-0.019211	-0.879761
7.419000	2.150708	4.791289	656.063263	0.465611	0.459855	4.509367
7.420000	1.949873	4.670742	654.657928	0.065868	0.020577	-0.563353
7.421000	1.787912	4.510751	654.344528	0.784878	0.619696	5.776337
7.422000	1.949469	4.551081	654.969818	-0.293783	-0.019211	-1.512346
7.423000	2.151112	5.112155	657.155807	0.585299	0.539661	4.984238
7.424000	2.150708	4.992495	657.158295	0.105667	0.100613	0.229565
7.425000	1.667653	4.551081	653.094772	0.105667	0.259995	2.291113
7.426000	1.587077	4.511194	653.092270	0.305538	0.339801	2.447166
7.427000	2.352351	5.313362	659.967087	0.145758	0.220207	0.546723
7.428000	2.110622	4.992495	656.531311	0.305245	0.260225	3.241578
7.429000	1.788316	4.791731	654.186600	0.105667	0.140172	0.071032
7.430000	1.909383	4.832061	655.434753	0.784585	0.659484	6.411471
7.431000	1.989959	4.911836	655.435562	0.065868	0.060824	-0.404491
7.432000	2.150708	5.153371	658.560349	0.345337	0.300013	3.083703
7.433000	2.311861	5.153371	657.466797	0.105667	0.259995	1.180525
7.434000	1.587077	4.672071	653.092377	0.185557	0.140630	1.339732
7.435000	1.707335	4.591854	653.246948	0.265447	0.180189	1.815331
7.436000	2.675062	5.554455	660.746231	0.105667	0.299783	0.388680
7.437000	2.070536	5.274361	657.935059	0.585299	0.339801	4.191228
7.438000	1.909383	4.993380	655.277557	0.065575	0.100613	0.071032
7.439000	1.909787	4.992938	655.119629	0.265447	0.300242	4.191228
7.440000	1.828402	4.952608	655.901962	0.185557	0.140172	0.229565
7.441000	2.473822	5.514126	659.496552	0.345337	0.300013	3.399130
7.442000	2.353160	5.594785	658.558670	0.185264	0.180189	0.864371
7.443000	1.627567	4.793059	654.341263	0.265447	0.299783	1.338002
7.444000	1.587885	4.912720	654.026978	0.225648	0.259995	2.608670
7.445000	2.554399	5.715332	660.430359	0.065575	0.020577	-0.879600
7.446000	2.192007	5.434794	658.246063	0.545208	0.499643	4.351492
7.447000	1.990363	5.274804	655.901169	0.145465	0.020577	0.388190
7.448000	2.031258	5.234474	655.901093	0.585007	0.379819	5.142442
7.449000	1.749442	5.034153	655.274994	-0.134003	0.140172	-0.880182
7.450000	2.353968	5.675445	659.025925	0.544623	0.259995	3.399130
7.451000	2.354373	5.635558	658.712463	0.025777	0.180189	1.024963
7.452000	1.789933	5.114813	654.181580	0.345337	0.179960	1.338002
7.453000	1.750251	5.154700	654.335327	0.225648	0.300013	2.927137
7.454000	2.556016	5.635558	660.427109	-0.094498	-0.019211	-0.561623
7.455000	2.274200	5.515454	657.460922	0.664897	0.539431	4.825285
7.456000	1.992789	5.435680	655.741562	-0.173802	0.180189	0.072601
7.457000	2.113451	5.476010	655.741379	0.864768	0.419607	5.931663
7.458000	1.952298	5.234917	655.116196	-0.174095	0.020807	-0.561294
7.459000	2.476248	5.836765	658.863831	0.305245	0.219977	2.765726
7.460000	2.636997	5.997198	659.178055	0.265447	0.299783	1.021756
7.461000	1.872530	5.355906	654.177429	0.145758	0.299783	2.767294
7.462000	2.033279	5.556670	654.019470	0.424934	0.259995	1.655558
7.463000	2.839448	6.197519	660.110077	0.025777	0.180189	0.548453
7.464000	2.517142	6.037971	657.456924	0.704988	0.459855	5.141623
7.465000	2.195240	5.917424	654.645493	0.065575	0.140172	-0.085932
7.466000	2.276221	5.877537	655.581787	0.345337	0.339801	4.191228
7.467000	2.236135	5.797319	654.016922	0.305245	0.259995	1.020753
7.468000	2.558845	6.318509	658.235931	0.145465	0.220207	2.449808
7.469000	2.880747	6.559601	659.487366	0.345337	0.339571	1.973045
7.470000	2.075791	5.958197	652.924301	0.185557	0.259995	1.339732
7.471000	2.035704	6.038857	653.391571	0.225648	0.259995	1.973864
7.472000	2.841065	6.599931	658.857040	0.225355	0.219977	0.705838
7.473000	2.398905	6.519714	656.672653	0.265447	0.300242	3.718088
7.474000	2.358819	6.520157	654.486618	0.265447	0.180189	0.862640
7.475000	2.359223	6.520157	655.265686	0.504824	0.340031	4.666590
7.476000	1.916658	6.279507	652.608246	-0.054406	0.259995	0.389009
7.477000	2.722019	6.920799	657.451813	0.305245	0.219977	1.180288
7.478000	2.722828	7.121562	658.545090	0.225355	0.300013	2.450137
7.479000	2.078216	6.640261	652.609787	0.305245	0.180189	0.863223
7.480000	2.119110	6.720921	653.232498	0.225355	0.340031	2.767693
7.481000	2.723232	7.201779	658.386246	0.105667	0.180189	0.228746
7.482000	2.481906	7.121562	655.732147	0.704988	0.420066	4.982998
7.483000	2.281072	7.081675	653.701523	-0.253692	0.020577	-0.719498
7.484000	2.442225	7.162335	654.950424	0.704695	0.459855	4.508548
7.485000	1.959170	6.801138	652.604889	0.065575	0.220207	1.023723
7.486000	2.764935	7.443316	657.137207	0.225648	0.180189	1.338002
7.487000	2.845916	7.562977	657.449905	0.265447	0.379819	1.815002
7.488000	2.040555	7.042231	651.669342	0.225355	0.299783	2.291604
7.489000	2.282689	7.122448	653.072891	0.424934	0.339801	2.766874
7.490000	2.806638	7.603307	657.602875	-0.174095	0.180189	-0.561294
7.491000	2.605399	7.443316	654.950363	0.744787	0.419607	5.299827
7.492000	2.404564	7.483646	653.230850	-0.053821	0.140172	-0.402761
7.493000	2.444650	7.443759	653.697296	0.465025	0.300013	4.033186
7.494000	2.283901	7.122448	651.508743	0.265154	0.259995	1.339641
7.495000	2.928917	7.723853	656.822754	0.305245	0.260225	2.766966
7.496000	3.049580	7.885173	657.134567	0.265447	0.219977	1.180288
7.497000	2.284710	7.323655	651.197678	0.145465	0.299783	2.291604
7.498000	2.486757	7.443759	652.134750	0.424934	0.299783	2.924587
7.499000	2.728487	7.644079	655.725967	-0.054406	0.180189	-0.245376
7.500000	2.728891	7.564305	654.633423	0.385428	0.220207	3.559555
7.501000	2.850362	7.885173	653.072662	0.265447	0.339801	1.497354
7.502000	2.608228	7.604635	653.225708	0.305245	0.220207	3.241578
7.503000	2.326817	7.283768	649.789001	0.265447	0.259995	0.704927
7.504000	3.012323	7.885173	655.100693	0.225355	0.299783	1.814512
7.505000	3.052409	7.965832	656.352798	0.305245	0.259995	1.496206
7.506000	2.569759	7.524418	650.884033	0.225355	0.339801	1.815002
7.507000	2.650739	7.645407	651.508453	0.345337	0.299783	2.766874
7.508000	3.013132	7.925946	654.630722	0.185264	0.259766	0.704107
7.509000	2.691230	7.805398	652.600983	0.265447	0.220207	3.401022
7.510000	2.771806	7.886058	652.601791	0.265447	0.259536	1.180525
7.511000	2.812701	7.886058	653.068344	0.424934	0.220207	2.765726
7.512000	2.410223	7.484973	650.098969	0.424934	0.379360	2.925498
7.513000	3.175497	8.127151	655.411392	0.225355	0.219977	1.339732
7.514000	3.095325	8.167038	655.411392	0.225355	0.259995	2.291933
7.515000	2.491204	7.686180	650.569611	0.424641	0.419378	2.766966
7.516000	2.693251	7.967603	651.348572	0.265447	0.219977	2.608670
7.517000	3.015153	8.127151	654.158249	-0.014607	0.139942	-0.087501
7.518000	3.015961	8.207368	653.379181	0.464733	0.339801	4.191719
7.519000	2.975875	8.248141	652.911041	-0.054406	0.179960	0.389666
7.520000	3.015961	8.208254	652.910156	0.384842	0.180189	1.495877
7.521000	2.573397	7.887386	649.471115	0.384842	0.498954	3.084031
7.522000	3.419248	8.529121	655.250000	0.265154	0.219977	1.971805
7.523000	3.460142	8.689112	655.723053	0.265154	0.299783	1.180288
7.524000	2.895703	8.248584	650.096329	0.225355	0.259766	2.291604
7.525000	3.056856	8.288471	651.657913	0.345337	0.259766	2.608341
7.526000	3.298989	8.448905	653.843903	-0.014607	0.179960	0.071032
7.527000	3.460142	8.649225	653.219421	0.624805	0.220207	4.032858
7.528000	3.541123	8.930649	654.158203	0.105374	0.179960	0.706075
7.529000	3.379970	8.569894	652.439468	0.305245	0.219977	2.290946
7.530000	2.856425	8.289357	649.001129	0.305245	0.259766	2.130429
7.531000	3.743171	9.010866	654.936462	0.145465	0.259766	1.658620
7.532000	3.743171	9.091083	655.094482	0.345337	0.299783	2.449318
7.533000	3.219625	8.810545	650.565216	0.464733	0.419378	3.717107
7.534000	3.461355	8.931092	652.281540	0.225355	0.179960	2.292423
7.535000	3.380779	8.850432	652.591644	0.344751	0.339571	1.339641
7.536000	3.582826	9.011309	652.751114	0.225355	0.180189	2.449571
7.537000	3.784469	9.411950	654.155624	-0.014607	0.219977	0.070870
7.538000	3.623316	9.211186	653.063004	0.305245	0.219977	2.766054
7.539000	3.139858	8.850875	649.155807	0.465025	0.339571	3.242235
7.540000	3.703893	9.412393	654.153946	0.225355	0.219977	2.450137
7.541000	3.784469	9.572827	654.312698	0.225355	0.259766	1.497354
7.542000	3.220838	9.252402	649.939850	0.424934	0.419378	2.924259
7.543000	3.745192	9.572827	652.749420	0.145758	0.020577	1.657617
7.544000	3.422886	9.412393	651.811462	0.225355	0.259766	1.022084
7.545000	3.462972	9.532497	652.279694	0.225355	0.100613	1.974538
7.546000	3.946835	10.094014	655.093445	0.225355	0.379590	1.497683
7.547000	3.463376	9.733260	651.967102	0.225355	0.219977	1.021756
7.548000	3.222051	9.572827	649.468338	0.424934	0.459395	3.557663
7.549000	3.866663	10.094014	654.151321	0.265447	0.219977	1.180288
7.550000	3.907153	10.174232	654.153793	0.265154	0.300013	2.291604
7.551000	3.343522	9.973911	650.250854	0.145465	0.259766	1.975686
7.552000	3.705914	10.214561	652.435165	0.305538	0.219977	2.290272
7.553000	3.545165	9.933581	650.871902	0.185557	0.220207	1.340390
7.554000	3.746000	10.295221	652.903305	0.345337	0.220207	2.449808
7.555000	4.269950	10.855853	655.559906	0.105667	0.220207	1.021993
7.556000	3.626146	10.214561	651.655212	0.225648	0.180189	1.655650
7.557000	3.423694	10.014241	648.683502	0.265447	0.259995	2.291604
7.558000	4.028624	10.534986	653.370651	0.105667	0.180189	0.864371
7.559000	4.149287	10.575315	653.528610	0.544623	0.459855	3.399459
7.560000	3.827385	10.455212	650.562668	0.424934	0.379819	3.557663
7.561000	4.069114	10.655532	652.902588	0.145758	0.020807	0.863131
7.562000	3.666232	10.134344	649.934097	0.105667	0.259995	0.070870
7.563000	4.068710	10.455212	652.122559	0.185557	0.060824	1.975029
7.564000	4.592660	11.056617	656.185287	0.265447	0.340031	1.655887
7.565000	4.109605	10.495099	651.498077	0.265447	0.140630	2.609252
7.566000	3.787299	10.214561	649.467636	0.545208	0.419607	3.399130
7.567000	4.150095	10.535428	652.745377	0.265447	0.100613	1.180288
7.568000	4.230671	10.575315	653.372269	0.145758	0.220207	1.497354
7.569000	4.029433	10.535428	650.406326	0.305538	0.379819	3.084031
7.570000	4.231076	10.735749	653.372360	0.225648	0.140630	2.131249
7.571000	3.909174	10.214561	650.092041	0.225355	0.300013	1.339150
7.572000	4.150904	10.455212	651.810760	0.145758	0.100613	2.293334
7.573000	4.553786	10.976843	655.561615	0.465025	0.379819	1.973535
7.574000	4.030645	10.495099	651.655945	0.145758	0.140630	1.180288
7.575000	3.748425	10.214561	649.312180	0.265447	0.300013	2.608341
7.576000	4.192202	10.495099	653.059662	0.465025	0.260225	1.971568
7.577000	4.474018	10.615645	653.217606	0.185557	0.260225	2.291604
7.578000	4.152116	10.575315	651.188766	0.424934	0.379819	3.081482
7.579000	4.273183	10.575315	653.061340	0.105959	0.020807	0.864279
7.580000	3.790128	10.094014	648.999405	0.185557	0.339801	1.180288
7.581000	4.313673	10.414882	651.967834	0.145758	-0.018981	0.230147
7.582000	4.676470	10.895741	656.031372	0.345337	0.379819	2.450137
7.583000	4.153329	10.414882	651.346725	0.185557	0.100842	1.179469
7.584000	3.912004	10.134344	648.845490	0.385428	0.459855	3.401679
7.585000	4.234309	10.374995	651.811493	0.065868	0.220207	0.864371
7.586000	4.355780	10.495099	653.062881	0.424934	0.300242	2.607850
7.587000	4.355780	10.575315	652.127396	0.305831	0.180648	2.925498
7.588000	4.517742	10.615645	653.220810	0.186142	-0.018981	1.181436
7.589000	3.751659	9.933581	648.375671	-0.013436	0.180878	0.229495
7.590000	4.316099	10.334223	651.343277	0.186142	0.141549	0.705509
7.591000	4.799557	10.815523	655.563156	0.386307	0.500331	2.450137
7.592000	4.316503	10.495099	651.188599	0.066453	0.101760	1.022084
7.593000	3.995005	10.134344	649.784973	0.466197	0.380967	3.240926
7.594000	4.357802	10.294336	651.967667	0.386307	0.261373	1.972716
7.595000	4.317311	10.415325	652.126495	0.146636	0.301390	2.449318
7.596000	4.518955	10.615645	652.910538	0.346215	0.341408	1.972716
7.597000	4.479273	10.575315	653.219940	0.147222	0.102220	2.133890
7.598000	3.915641	9.973468	649.158005	0.266911	0.301390	0.863880
7.599000	4.116881	10.174232	651.188446	-0.012851	-0.017375	0.389101
7.600000	4.721811	10.695420	655.408401	0.426691	0.421444	2.607850
7.601000	4.197861	10.334223	650.567261	0.187313	0.102449	1.181199
7.602000	3.956536	10.053684	649.473022	0.187313	0.262291	1.655650
7.603000	4.238756	10.173346	651.188446	0.347093	0.341867	2.768205
7.604000	4.278842	10.293893	652.753311	0.267204	0.262291	2.451048
7.605000	4.480889	10.534986	653.536453	0.347093	0.461921	3.240926
7.606000	4.400717	10.374110	653.379318	0.027826	-0.096492	0.546394
7.607000	3.836682	9.772705	648.691467	0.187606	0.381885	1.816334
7.608000	3.997835	10.053684	651.346405	0.027826	-0.096492	-0.086751
7.609000	4.683342	10.574873	655.723419	0.387185	0.461691	2.451377
7.610000	4.079220	10.133902	651.194061	0.227405	0.222503	2.290456
7.611000	3.837895	9.973468	650.099030	0.387185	0.421903	2.924189
7.612000	3.837895	10.013355	651.036911	0.267204	0.182255	2.132252
7.613000	4.281671	10.173346	652.910294	0.347093	0.302309	2.766966
7.614000	4.362653	10.374110	654.006302	0.387185	0.461691	3.240926
7.615000	4.281671	10.253563	653.536377	0.107424	-0.017145	0.705838
7.616000	3.597378	9.612271	648.225555	0.187021	0.301620	1.500416
7.617000	3.920088	9.812592	650.256012	-0.252228	-0.097181	-1.669968
7.618000	4.403547	10.373667	655.569412	0.626269	0.541038	4.191067
7.619000	4.081241	10.013355	651.820877	0.026948	-0.017375	0.230147
7.620000	3.839511	9.852479	650.414047	0.307002	0.541038	3.401679
7.621000	3.799830	9.772262	651.193176	0.346508	0.181796	2.132252
7.622000	3.920492	9.852479	651.819290	0.346508	0.261602	1.655650
7.623000	4.283692	10.173346	654.321213	0.226234	0.381196	2.607850
7.624000	4.162626	10.133016	653.852982	0.106838	0.022184	1.182019
7.625000	3.478332	9.451837	649.008636	0.306417	0.340949	1.974538
7.626000	3.760148	9.531611	650.882980	-0.133125	-0.097640	-1.196008
7.627000	4.365078	10.172903	656.039154	0.466197	0.420985	3.715376
7.628000	4.082454	9.771819	652.449280	0.346215	0.221355	1.655650
7.629000	3.760551	9.450951	651.039322	0.306417	0.301161	2.767294
7.630000	3.882023	9.450951	651.196396	0.306417	0.261143	1.814512
7.631000	3.882023	9.450951	652.604034	0.386307	0.221355	2.922949
7.632000	4.284906	9.812149	654.479080	0.346215	0.340949	2.288962
7.633000	3.963003	9.611385	653.856293	-0.053235	-0.097869	-0.245376
7.634000	3.519631	8.889433	649.167374	0.465904	0.540349	3.239686
7.635000	3.601016	9.130084	650.885300	-0.053235	-0.137658	-0.087501
7.636000	4.446463	9.691602	656.823807	0.386307	0.340949	2.291604
7.637000	3.842745	9.370734	652.764542	0.226819	0.261373	2.609252
7.638000	3.722083	9.089754	651.825745	0.346215	0.261602	2.766966
7.639000	3.641506	9.129641	651.982010	0.386599	0.341408	2.766966
7.640000	3.883236	9.089754	653.232513	0.106838	0.022414	1.181199
7.641000	4.205946	9.450066	655.732147	0.386599	0.541267	3.084942
7.642000	3.924131	9.209858	654.484680	-0.092741	-0.217005	0.071032
7.643000	3.360499	8.648340	649.483261	0.466782	0.541267	2.767294
7.644000	3.521652	8.768443	651.203583	-0.092448	-0.057163	-0.086751
7.645000	4.206350	9.450066	657.451569	0.387185	0.501479	3.084942
7.646000	4.005516	9.088868	654.798965	0.227112	0.142467	1.974538
7.647000	3.562547	8.888547	652.766754	0.387185	0.501479	3.240926
7.648000	3.522056	8.807889	652.140747	0.267204	0.262291	2.766966
7.649000	3.643528	8.807889	654.015732	0.227405	0.102449	1.021756
7.650000	4.086497	9.369406	657.296753	0.386599	0.461462	3.240926
7.651000	3.805085	9.088868	656.205734	-0.012558	-0.057163	-0.403909
7.652000	3.281135	8.567680	651.986008	0.586471	0.621074	4.034264
7.653000	3.322030	8.567237	652.142181	-0.172631	-0.177217	-1.829412
7.654000	4.167881	9.249302	659.015396	0.387185	0.501250	3.399459
7.655000	3.724913	8.928434	656.206696	0.266911	0.182255	2.290456
7.656000	3.563760	8.888547	654.641815	0.466489	0.421673	3.084942
7.657000	3.403011	8.647455	654.015656	0.386599	0.261602	2.923278
7.658000	3.443098	8.607567	654.329056	0.266911	0.261602	2.449318
7.659000	3.805894	9.128755	658.237122	0.346508	0.261602	1.814512
7.660000	3.765403	9.048981	657.143707	0.026948	-0.017604	-0.562113
7.661000	3.161281	8.487463	652.769958	0.466489	0.460773	3.400041
7.662000	3.241858	8.487463	653.861710	-0.092741	-0.137428	-1.196336
7.663000	3.967450	9.088868	659.797806	0.466489	0.420985	3.240926
7.664000	3.564568	8.768443	656.834213	0.026948	0.141549	1.500088
7.665000	3.322839	8.647455	655.894638	0.386307	0.381196	3.241837
7.666000	3.363329	8.567680	655.894638	0.346508	0.341178	2.450137
7.667000	3.363329	8.487020	655.582108	0.226819	0.221584	2.132742
7.668000	3.846788	9.008209	659.331268	0.466197	0.540809	3.399459
7.669000	3.564972	8.927991	658.238724	-0.013144	-0.097640	-0.087501
7.670000	2.960446	8.326586	653.552216	0.426105	0.620385	3.240926
7.671000	2.960850	8.366916	654.176788	-0.053235	-0.137658	-0.719827
7.672000	3.847192	9.008209	661.362595	0.546087	0.501020	3.715376
7.673000	3.444714	8.847775	657.772095	0.066746	0.101760	1.338913
7.674000	3.203389	8.567237	656.208908	0.506288	0.460773	3.558574
7.675000	3.163302	8.527350	656.364380	0.426105	0.341178	3.240926
7.676000	3.082322	8.366474	655.897751	0.226819	0.181567	1.497936
7.677000	3.526099	8.967879	659.492325	0.426105	0.420755	3.084031
7.678000	3.606271	8.927991	659.179733	-0.172924	-0.177676	-1.196008
7.679000	2.720333	8.326144	654.179993	0.785464	0.820015	5.937350
7.680000	2.720333	8.286257	654.022675	-0.212722	-0.177676	-2.306504
7.681000	3.446331	8.887662	660.269089	0.386307	0.420755	2.767294
7.682000	3.244283	8.767116	658.086288	0.346215	0.341178	2.766966
7.683000	2.801719	8.486578	655.742279	0.386307	0.341178	3.243147
7.684000	3.083534	8.526465	656.524551	0.346508	0.341178	3.084942
7.685000	2.560393	8.245485	655.116928	0.146636	0.141778	1.339732
7.686000	3.365754	8.886777	659.804932	0.505995	0.501020	3.875640
7.687000	3.285582	8.967437	659.807343	-0.213015	-0.257252	-2.303862
7.688000	2.560393	8.285372	654.182220	0.745665	0.780227	5.459929
7.689000	2.560393	8.366031	654.806793	-0.172924	-0.177446	-1.511435
7.690000	3.366158	8.766673	660.273788	0.506288	0.540809	3.874820
7.691000	2.923190	8.565909	658.245026	0.026948	0.022184	1.021756
7.692000	2.923190	8.526465	656.527023	0.505995	0.420985	3.399130
7.693000	2.722355	8.486135	657.306168	0.466197	0.301390	3.399459
7.694000	2.681865	8.164825	655.586563	0.226819	0.221584	1.497446
7.695000	3.125237	8.726343	659.651001	0.466197	0.341178	3.399459
7.696000	3.205813	8.686456	659.494659	-0.213015	-0.137658	-2.303862
7.697000	2.481030	8.164825	654.497314	0.625977	0.660403	4.984238
7.698000	2.561606	8.165268	654.965271	-0.172924	-0.137658	-1.511106
7.699000	3.206218	8.606239	661.525894	0.585885	0.460773	4.192139
7.700000	2.923999	8.446248	658.403519	0.066746	0.141549	0.863551
7.701000	2.602500	8.205155	656.528625	0.306417	0.261373	3.400041
7.702000	2.682673	8.245485	657.153030	0.306417	0.261143	2.292844
7.703000	2.360772	7.843957	656.214340	0.346508	0.301161	2.449318
7.704000	3.166536	8.686013	660.590408	0.465904	0.380737	2.609581
7.705000	2.965297	8.445805	661.373001	-0.173216	-0.257711	-1.670879
7.706000	2.361176	7.924617	655.592972	0.785171	0.779768	6.253267
7.707000	2.321090	7.924617	656.373810	-0.213015	-0.098329	-1.670060
7.708000	3.046278	8.324816	662.152664	0.465904	0.420755	2.608761
7.709000	2.845038	8.325259	660.435730	0.426105	0.300931	3.399130
7.710000	2.644204	8.124495	658.874969	0.386014	0.300931	3.240926
7.711000	2.442560	8.004834	658.561478	0.305831	0.300702	2.133400
7.712000	2.240917	7.643637	656.373001	0.225941	0.061284	1.816825
7.713000	2.845442	8.284929	662.781342	0.505702	0.579908	4.192048
7.714000	3.006596	8.565909	662.623306	-0.253399	-0.377765	-2.782194
7.715000	2.121063	7.603307	657.311768	0.704988	0.779079	5.934379
7.716000	2.442560	7.964947	658.248779	-0.173802	-0.258400	-1.352083
7.717000	2.684694	7.964504	662.466263	0.305538	0.379819	1.655160
7.718000	2.845442	8.124495	660.906372	0.105959	0.060824	0.547305
7.719000	2.564032	7.804070	660.126343	0.545208	0.459855	4.033515
7.720000	2.604522	7.884730	660.594467	0.424934	0.220207	3.239686
7.721000	2.241725	7.443759	657.314178	0.065868	0.180189	0.230147
7.722000	2.966510	7.964947	663.406631	0.464733	0.419607	4.349761
7.723000	3.007000	8.124938	663.408218	-0.333875	-0.259089	-3.414520
7.724000	2.402879	7.363099	658.410828	0.784585	0.698814	6.092912
7.725000	2.604117	7.603750	659.658997	-0.213893	-0.099247	-1.352902
7.726000	2.926424	7.643637	662.781342	0.704695	0.419378	4.191228
7.727000	2.886337	7.683524	662.314804	0.185557	0.219977	2.130920
7.728000	2.685098	7.563420	659.659882	0.265154	0.219748	2.292423
7.729000	2.564435	7.202222	660.754105	0.384842	0.339342	2.291113
7.730000	2.523945	7.122005	657.785599	0.145173	0.179730	1.340223
7.731000	3.087981	7.562977	663.878143	0.584421	0.738372	4.983656
7.732000	3.168558	7.643194	663.879761	-0.294369	-0.259318	-2.939579
7.733000	2.523945	6.961572	658.568130	0.943780	0.817949	7.044783
7.734000	2.604926	7.041346	659.659958	-0.374552	-0.299336	-2.622842
7.735000	2.725589	7.041346	662.158707	0.424348	0.498495	3.240015
7.736000	2.846655	7.081675	661.692963	0.344458	0.099465	1.496206
7.737000	2.886337	7.201779	661.223938	0.504238	0.458707	4.033515
7.738000	2.645012	6.680148	660.755875	0.344166	0.218830	2.130920
7.739000	2.363601	6.520157	657.474686	0.064697	0.099235	0.230476
7.740000	3.088385	6.880469	663.566345	0.544330	0.498266	4.982416
7.741000	3.047895	6.960686	664.036102	-0.255156	-0.100395	-2.306013
7.742000	2.564435	6.399168	658.257202	0.743616	0.617860	5.935199
7.743000	2.645417	6.519714	660.131287	-0.055285	0.059217	0.388917
7.744000	2.725589	6.439055	661.066864	0.424056	0.338194	2.766054
7.745000	2.685907	6.358839	661.070953	0.064111	0.138794	1.022246
7.746000	2.926827	6.639818	660.757462	0.424056	0.258388	2.449808
7.747000	2.685503	6.158518	660.601212	0.424056	0.378212	3.400768
7.748000	2.444177	6.037971	657.319321	-0.055577	-0.140872	-0.245214
7.749000	3.088385	6.398726	663.099075	0.623341	0.736995	4.826433
7.750000	2.927637	6.358839	662.943619	-0.375430	-0.380290	-2.147971
7.751000	2.524349	5.917424	658.259674	0.783121	0.816801	5.775755
7.752000	2.766483	6.037971	660.444870	-0.255449	-0.380749	-1.670388
7.753000	2.685907	5.957311	660.444778	0.663140	0.536906	3.558644
7.754000	2.847465	5.877537	660.604324	0.103910	-0.101313	0.864861
7.755000	2.887550	6.278179	661.228104	0.223599	0.417312	2.289124
7.756000	2.564839	5.676774	659.353912	0.303488	0.137876	2.608341
7.757000	2.364005	5.516783	656.852859	-0.096254	0.058070	0.070213
7.758000	3.049107	6.077858	662.163589	0.742737	0.536906	5.141860
7.759000	2.968935	5.836765	661.540787	-0.415814	-0.221596	-3.256737
7.760000	2.565649	5.636444	656.857742	0.822627	0.616712	6.250534
7.761000	2.807782	5.676331	659.667404	-0.296126	-0.221596	-2.146661
7.762000	2.606139	5.435680	657.947876	0.303196	0.297029	2.608341
7.763000	3.009425	5.636444	660.292694	0.223306	0.257241	1.971476
7.764000	3.331731	5.957311	662.010529	0.263104	0.217223	2.608341
7.765000	2.728014	5.355463	658.420029	0.223306	0.217223	1.497845
7.766000	2.566861	5.154700	655.919769	-0.176437	-0.181808	-0.720085
7.767000	3.251559	5.716218	661.542374	0.862426	0.775865	6.885410
7.768000	3.251963	5.476010	661.075043	-0.256620	-0.222055	-2.464638
7.769000	2.849081	5.355463	656.859344	0.742444	0.775865	6.410468
7.770000	3.131300	5.355463	659.828720	-0.296126	-0.301631	-1.672210
7.771000	2.728418	5.114813	656.232452	0.462683	0.456641	3.082791
7.772000	3.131300	5.195030	658.732712	-0.096547	-0.142249	-0.404658
7.773000	3.614759	5.756548	661.703629	0.382500	0.296799	2.608341
7.774000	3.050724	5.075369	657.797302	0.302610	0.216763	2.289453
7.775000	2.768504	4.914492	655.921448	-0.056749	-0.142249	-0.088412
7.776000	3.413924	5.315133	660.293579	0.662555	0.655812	5.458597
7.777000	3.252368	5.195030	659.046188	-0.256620	-0.302091	-2.465129
7.778000	3.011042	5.275246	657.018173	0.622170	0.496429	4.824702
7.779000	3.454010	5.275246	659.358002	-0.176730	-0.182267	-1.194790
7.780000	2.728822	4.713728	655.296967	0.382500	0.296570	3.399690
7.781000	3.252772	5.035039	658.420929	0.103031	0.136957	1.339641
7.782000	3.695740	5.435680	661.235550	0.302610	0.176746	1.338493
7.783000	2.970552	4.834275	656.861038	0.382500	0.296570	2.925078
7.784000	2.930870	4.874605	655.923050	-0.017243	-0.022884	0.545973
7.785000	3.414329	5.155143	659.672302	0.782243	0.855212	6.409557
7.786000	3.292858	5.035039	658.737518	-0.216821	-0.262302	-1.988948
7.787000	3.172195	5.155143	657.802216	0.742152	0.615794	5.300393
7.788000	3.292858	5.035482	659.204956	-0.057041	-0.062902	-1.195118
7.789000	2.849889	4.593624	655.142303	0.382500	0.296340	3.715538
7.790000	3.292858	4.874162	658.734314	0.102739	0.176746	1.497845
7.791000	3.735826	5.315576	661.864120	0.302610	0.176746	1.656141
7.792000	3.091214	4.713728	656.550812	0.422299	0.415705	2.925078
7.793000	3.011042	4.633511	655.301849	-0.136931	-0.182496	-1.988948
7.794000	3.292454	4.794388	658.893860	0.741566	0.735388	6.252755
7.795000	3.454010	4.874605	658.425873	-0.136931	-0.063361	-1.511855
7.796000	3.373030	4.874605	658.115692	0.741566	0.615335	6.251025
7.797000	3.614759	4.914492	659.362991	-0.136931	-0.063132	-1.513187
7.798000	2.768504	4.192540	653.895889	0.462097	0.336128	3.874071
7.799000	3.453202	4.714171	657.486374	0.102739	0.056463	-0.086681
7.800000	3.856489	5.075369	661.396866	0.262226	0.256322	2.131739
7.801000	3.211877	4.593624	656.243103	0.621877	0.535529	5.142350
7.802000	3.171387	4.393304	655.147354	-0.136931	-0.063132	-1.354142
7.803000	3.292454	4.433191	657.645142	0.861548	0.615335	6.409719
7.804000	3.251559	4.433191	657.178589	-0.336803	-0.182956	-2.622842
7.805000	3.453202	4.633511	657.492065	0.901639	0.775176	6.726877
7.806000	3.573461	4.673841	658.897400	-0.057041	-0.142938	-1.988128
7.807000	2.888762	3.831785	653.585709	0.462097	0.455723	3.876292
7.808000	3.251559	4.433191	657.177078	0.142244	0.056692	0.071523
7.809000	3.775508	4.834275	660.928802	0.142244	0.096710	0.545973
7.810000	3.009425	4.192097	654.838043	0.382208	0.415705	3.242235
7.811000	2.968935	4.152653	654.991806	-0.017243	-0.023114	-1.195938
7.812000	3.331731	4.192097	656.864288	0.741566	0.695600	6.569001
7.813000	3.170578	4.232427	656.400406	-0.217407	-0.103149	-1.988948
7.814000	3.411903	4.512965	657.492966	0.542280	0.575317	5.618041
7.815000	3.412307	4.433191	657.961990	-0.057041	-0.023343	-1.194790
7.816000	2.565649	3.590692	651.556839	0.462097	0.336128	3.400111
7.817000	3.250751	4.232427	656.398636	-0.097425	0.016675	-0.403020
7.818000	3.693316	4.633511	660.150436	0.262226	0.176287	1.496697
7.819000	2.887955	3.871672	653.901657	0.382208	0.415705	2.925897
7.820000	2.807378	3.911116	654.057190	-0.257206	-0.182956	-1.830743
7.821000	2.766483	3.951446	655.148132	0.741566	0.575317	5.618041
7.822000	3.008617	3.951004	655.620361	-0.177023	0.016445	-1.194790
7.823000	3.209856	4.352531	657.808914	0.861548	0.615335	6.091672
7.824000	3.249942	4.192097	657.495438	-0.097133	0.056463	-0.085954
7.825000	2.161957	3.429815	651.716476	0.501896	0.296110	4.349104
7.826000	3.007809	3.791013	654.837845	0.142244	0.136269	1.496934
7.827000	3.209452	4.231541	659.372101	-0.017243	-0.023343	0.389500
7.828000	2.685503	3.791013	653.750351	0.701475	0.575317	4.824702
7.829000	2.645417	3.710353	654.215912	-0.297004	-0.063132	-1.352083
7.830000	2.483859	3.469260	654.371460	0.861548	0.655123	5.458268
7.831000	2.685098	3.630136	654.530380	-0.257206	-0.143167	-2.146661
7.832000	2.765675	3.870345	657.030731	0.661969	0.694911	6.726877
7.833000	2.885933	3.790127	656.562592	0.022556	-0.103379	-1.511036
7.834000	2.080573	2.987958	651.094620	0.221842	0.296340	2.447657
7.835000	2.483051	3.389042	654.686722	0.182043	0.056463	0.230056
7.836000	2.966106	3.749797	658.594772	-0.017243	0.096481	-0.402109
7.837000	2.321494	3.188723	653.753723	0.541988	0.535299	4.984966
7.838000	2.442156	3.187837	653.437729	-0.097133	-0.143167	-2.148392
7.839000	2.361580	2.907742	653.908463	0.781365	0.774947	7.363413
7.840000	2.482242	3.147507	654.378922	-0.217407	-0.183414	-2.464638
7.841000	2.885125	3.308383	657.660172	0.741566	0.615105	5.935107
7.842000	2.683077	3.067733	656.254135	-0.097425	-0.223203	-1.830415
7.843000	1.877716	2.385668	650.318024	0.501896	0.535299	3.559226
7.844000	2.521924	2.666206	654.064804	-0.097425	0.016445	-0.087593
7.845000	2.843826	3.227724	657.972855	0.182336	0.056233	0.387769
7.846000	2.359962	2.465885	652.975616	0.462097	0.495281	4.190808
7.847000	2.239299	2.545659	652.817581	-0.297004	-0.183414	-2.464638
7.848000	2.199213	2.224792	652.659607	0.981236	0.654893	6.726877
7.849000	2.440135	2.385225	654.537003	-0.177608	-0.023573	-0.404001
7.850000	2.641778	2.665763	656.100266	0.621877	0.615105	5.777485
7.851000	2.440135	2.264679	655.632111	-0.097425	-0.063591	-1.829595
7.852000	1.795118	1.743048	650.163361	0.501603	0.415475	3.874982
7.853000	2.117020	1.943369	652.975586	0.022556	0.136039	1.022812
7.854000	2.721547	2.384340	657.350922	0.102153	-0.023573	-0.562534
7.855000	2.278173	2.024028	653.759613	0.741566	0.575087	5.460236
7.856000	2.036039	1.863595	653.446121	-0.057334	-0.103379	-0.879529
7.857000	1.875290	1.582171	652.038391	0.621877	0.535299	4.825193
7.858000	1.995549	1.502397	653.134323	-0.097425	-0.063591	-1.830743
7.859000	2.640161	2.183576	656.885223	0.741566	0.575087	5.459087
7.860000	2.277364	1.822379	655.949020	-0.097425	-0.023573	-0.243829
7.861000	1.672839	1.181087	650.010437	0.301732	0.136039	1.496697
7.862000	1.753416	1.381408	652.509918	0.222135	0.295651	2.132068
7.863000	2.437709	1.662388	656.885315	-0.097425	-0.103379	-0.880511
7.864000	2.155893	1.541842	653.918442	0.701475	0.575317	5.618041
7.865000	2.034827	1.341078	653.918503	-0.097425	0.056233	-0.562464
7.866000	1.873270	1.060540	652.199722	0.781365	0.654893	6.567433
7.867000	1.792693	1.020211	653.136078	-0.217407	-0.103379	-1.988948
7.868000	2.396410	1.581728	656.732162	0.741273	0.575087	5.459508
7.869000	1.993932	1.181087	654.387451	-0.177023	-0.023573	-1.352503
7.870000	1.550155	0.699343	650.481934	0.461805	0.375687	2.608012
7.871000	1.751799	0.819447	651.887070	0.222135	0.335440	1.656378
7.872000	2.275344	1.180201	656.888580	-0.217407	-0.103149	-1.830415
7.873000	2.072892	0.940436	653.919296	0.861548	0.654893	5.615982
7.874000	1.872461	0.899663	653.921783	-0.217407	-0.103379	-1.829924
7.875000	1.670009	0.499022	651.889664	0.741273	0.615105	6.093311
7.876000	1.710500	0.538909	652.983002	-0.017535	0.016215	-0.561553
7.877000	2.153469	1.060540	656.577576	0.701475	0.614876	5.776245
7.878000	1.992315	0.739230	654.858948	-0.377187	-0.223432	-2.621694
7.879000	1.347299	0.338146	650.171799	0.341823	0.335440	2.605532
7.880000	1.629519	0.378033	652.359482	0.261933	0.295651	1.656868
7.881000	1.991507	0.819004	657.046585	-0.097425	-0.143167	-1.355474
7.882000	1.789864	0.699343	655.327896	0.741273	0.615105	6.093311
7.883000	1.749778	0.538909	653.922562	-0.217407	0.016215	-0.720997
7.884000	1.185338	0.177712	652.046875	0.781365	0.615105	5.935597
7.885000	1.426663	0.257929	653.295685	-0.057627	0.015986	-0.720997
7.886000	2.030785	0.899221	657.983688	0.781365	0.655123	7.201327
7.887000	1.829141	0.618683	655.952454	0.022556	0.056233	-0.403273
7.888000	1.386173	0.217599	652.516693	0.222135	0.176057	2.130920
7.889000	1.264702	0.257486	652.357864	0.261933	0.255634	1.496934
7.890000	2.029572	0.738787	657.982956	-0.057334	-0.023573	-0.087593
7.891000	1.868015	0.738787	656.108871	0.621877	0.455493	4.824374
7.892000	1.867610	0.698900	655.952530	-0.017535	0.096251	-0.560733
7.893000	1.344066	0.217599	652.827789	0.741566	0.575087	5.618041
7.894000	1.504006	0.298259	653.453857	-0.137224	0.096021	-1.195938
7.895000	2.310175	0.939551	659.232117	0.541988	0.455493	4.984966
7.896000	2.107723	0.739230	657.360336	0.022556	0.096251	-0.086865
7.897000	1.583774	0.298259	653.140457	0.102153	0.136269	1.021335
7.898000	1.704032	0.298259	653.451614	0.422006	0.335440	3.083611
7.899000	2.307750	0.698900	657.357040	-0.217407	-0.063361	-1.988128
7.900000	2.146597	0.739230	657.047089	0.701475	0.535529	5.458597
7.901000	2.105702	0.579239	656.419312	-0.057334	-0.023573	-0.720997
7.902000	1.783801	0.257929	653.765182	0.701475	0.575317	5.300883
7.903000	1.621839	0.177712	653.452499	-0.097425	0.056233	-1.514497
7.904000	2.548267	0.899221	659.232330	0.701475	0.615105	5.617712
7.905000	2.104894	0.658570	657.984238	-0.136931	-0.023343	-1.038898
7.906000	1.822270	0.217599	653.297043	0.222135	0.096481	0.545973
7.907000	1.822674	0.257486	654.234116	0.422006	0.375687	3.400930
7.908000	2.143767	0.417920	657.513702	-0.137224	-0.143167	-1.988128
7.909000	2.103681	0.497694	657.048111	0.621877	0.615105	5.776245
7.910000	1.902442	0.417920	656.265686	-0.097425	-0.063361	-1.514006
7.911000	1.539241	0.016393	653.140869	0.701475	0.655123	5.776245
7.912000	1.579732	0.015950	653.609085	-0.177023	-0.063361	-2.464638
7.913000	2.264026	0.698457	659.391235	0.701475	0.535299	5.615982
7.914000	1.981806	0.497694	657.360794	-0.097133	0.016445	-0.560076
7.915000	1.457857	-0.103712	653.454407	0.222135	0.255634	1.020844
7.916000	1.619009	0.096167	654.235229	0.422299	0.415705	3.559463
7.917000	1.860335	0.256601	657.358398	-0.017535	0.016445	-0.087593
7.918000	1.900421	0.417034	657.517212	0.701475	0.535529	5.301466
7.919000	1.779354	0.336375	655.955566	-0.097133	-0.023573	-1.195938
7.920000	1.295491	-0.104597	653.454483	0.741566	0.655123	6.252097
7.921000	1.255001	-0.224701	653.142685	-0.097425	-0.063591	-1.511036
7.922000	2.100852	0.537138	659.547729	0.621877	0.495511	4.982907
7.923000	1.859122	0.336375	658.143387	-0.097425	-0.023573	-1.672210
7.924000	1.335173	-0.104597	653.924393	0.142244	0.176057	1.496114
7.925000	1.495922	-0.104597	654.392532	0.422006	0.295651	2.766545
7.926000	1.656671	0.015507	656.890427	-0.097133	-0.023343	-1.037405
7.927000	1.777737	0.175941	657.830856	0.741566	0.535529	5.617712
7.928000	1.737247	0.136054	657.206375	-0.057334	0.056233	-0.719428
7.929000	1.333556	-0.265031	653.924469	0.621877	0.495511	4.984637
7.930000	1.172403	-0.425907	653.300781	-0.097425	0.016215	-1.672210
7.931000	1.857101	0.255715	659.391632	0.621877	0.535529	5.142350
7.932000	1.695544	0.054952	658.143539	-0.097133	-0.023573	-0.086935
7.933000	1.212085	-0.386020	654.394302	0.022556	0.056463	0.069792
7.934000	1.332747	-0.185256	655.330582	0.501896	0.495281	3.717177
7.935000	1.413324	-0.266359	657.049225	-0.097425	-0.063361	-1.353651
7.936000	1.533583	-0.105040	657.364471	0.621877	0.535299	4.824702
7.937000	1.533583	-0.105483	657.364471	-0.017535	0.056233	-0.403020
7.938000	1.009634	-0.586783	654.082657	0.621877	0.575087	6.250367
7.939000	0.969143	-0.586341	653.457291	-0.257206	-0.103379	-2.146661
7.940000	1.734014	0.014622	660.174210	0.701475	0.535299	4.984146
7.941000	1.411707	-0.226029	658.300751	-0.097425	-0.063591	-1.513678
7.942000	0.847672	-0.707330	654.083435	0.102153	0.056233	-0.246454
7.943000	1.008825	-0.546454	655.645828	0.501896	0.495281	4.033585
7.944000	1.209660	-0.586783	656.581314	-0.017535	-0.063361	-0.562534
7.945000	1.330323	-0.386906	658.614410	0.901346	0.654893	6.883351
7.946000	1.249746	-0.386020	657.992401	-0.057334	-0.023573	-0.877961
7.947000	0.725797	-0.948424	654.084320	0.741273	0.614876	6.093311
7.948000	0.645220	-1.068085	653.615387	-0.097425	0.016215	-0.404001
7.949000	1.490667	-0.347019	661.114655	0.701182	0.575317	5.459508
7.950000	1.208447	-0.627556	658.929489	-0.017535	0.056233	-0.877724
7.951000	0.684498	-1.068528	655.023972	0.182043	0.136039	0.863131
7.952000	0.845651	-0.868207	656.742691	0.462097	0.335440	3.241486
7.953000	0.885737	-1.189074	656.584671	-0.297297	-0.183414	-2.148392
7.954000	1.046890	-0.827877	658.461395	0.821749	0.615105	6.251025
7.955000	1.046486	-0.748103	658.931229	0.102153	0.056233	0.230056
7.956000	0.603517	-1.349508	654.868530	0.701475	0.535299	5.776245
7.957000	0.482450	-1.549829	654.398849	-0.217407	-0.063591	-2.305286
7.958000	1.247321	-0.908536	660.960968	0.661383	0.495511	4.983818
7.959000	0.884929	-1.189074	658.930435	-0.057334	-0.023573	-1.038079
7.960000	0.642795	-1.549829	655.181992	0.141952	0.096251	0.863131
7.961000	0.803948	-1.389395	657.369019	0.541988	0.375687	3.875381
7.962000	0.722967	-1.710705	656.741867	-0.057334	-0.023573	-0.562534
7.963000	0.964697	-1.389838	658.306839	0.621292	0.455493	4.824374
7.964000	1.085359	-1.268848	659.089264	-0.057334	0.056233	-0.246125
7.965000	0.481238	-1.871139	654.869461	0.741273	0.575087	6.250367
7.966000	0.601901	-1.870697	654.244263	-0.137224	-0.023803	-1.355964
7.967000	1.286598	-1.349951	660.492981	0.501896	0.415475	4.034496
7.968000	1.004378	-1.630045	658.306915	-0.017535	0.056233	0.072579
7.969000	0.601901	-1.830810	654.557739	-0.017535	0.016215	0.069792
7.970000	0.843225	-1.911026	656.589874	0.461805	0.375687	2.925078
7.971000	0.763053	-1.991686	655.963776	0.062062	0.056233	-0.403020
7.972000	1.004378	-1.790480	658.621201	0.741566	0.575087	5.458597
7.973000	1.084551	-1.590158	658.933884	-0.057627	-0.023573	-1.037405
7.974000	0.480025	-2.231894	654.089584	0.581786	0.535299	4.983818
7.975000	0.399853	-2.352440	653.465118	-0.057627	0.016215	-1.037405
7.976000	1.124637	-1.790923	659.712936	0.541695	0.415475	4.666989
7.977000	0.802331	-1.991243	657.684174	0.102153	0.215616	1.022720
7.978000	0.399448	-2.271780	654.405472	-0.017535	0.096021	0.229565
7.979000	0.640774	-2.231894	655.966263	0.581786	0.455493	4.350252
7.980000	0.439535	-2.432214	654.714081	-0.217407	-0.063591	-1.514497
7.981000	0.801927	-1.950913	657.683380	0.701475	0.575087	6.091834
7.982000	0.922590	-1.870697	659.717194	0.101860	0.096021	0.071851
7.983000	0.237487	-2.432214	654.560303	0.781365	0.575087	6.250367
7.984000	0.196997	-2.592206	653.622330	-0.177608	-0.103838	-2.306105
7.985000	0.842013	-2.111347	659.870239	0.541695	0.415475	4.508127
7.986000	0.639965	-2.271780	656.747894	-0.017535	0.056004	-0.243829
7.987000	0.277574	-2.432214	655.655426	0.062062	0.056004	-0.087593
7.988000	0.478408	-2.271780	656.591629	0.501896	0.415475	3.876621
7.989000	0.075526	-2.712752	654.558701	0.021970	0.056004	-0.086935
7.990000	0.599071	-2.191121	657.839020	0.541695	0.495281	4.984146
7.991000	0.720137	-2.110904	658.934128	-0.097425	0.016215	-0.878872
7.992000	-0.005455	-2.672422	654.559586	0.741273	0.614876	6.250038
7.993000	0.115208	-2.672422	653.933502	-0.097425	-0.103838	-1.830415
7.994000	0.759415	-2.311667	659.869522	0.341823	0.255634	3.399200
7.995000	0.356129	-2.432214	657.214600	0.102153	0.175598	0.864187
7.996000	0.235466	-2.672422	655.185760	0.021970	0.096021	-0.088740
7.997000	0.356129	-2.471659	657.370941	0.341823	0.255634	2.925078
7.998000	0.073504	-2.913073	654.558075	0.062062	0.096021	0.229473
7.999000	0.597454	-2.391884	657.994644	0.661383	0.455263	5.300064
